device_id,device_name,avg_current_a,avg_voltage_v,avg_power_w,energy_wh,start_time,end_time
2002,Ecran,0.177,244.0,22.0,22.02,2026-01-29 14:00:00,2026-01-29 15:00:00
2005,Lampe Salle à manger,0.05,243.5,11.3,11.28,2026-01-29 14:00:00,2026-01-29 15:00:00
2006,PC Portable,0.234,244.4,28.9,28.86,2026-01-29 14:00:00,2026-01-29 15:00:00
2007,Lampe Cuisine,0.039,243.5,5.4,5.35,2026-01-29 14:00:00,2026-01-29 15:00:00
2008,Lampe Chambre,0.037,244.6,5.3,2.12,2026-01-29 14:00:00,2026-01-29 15:00:00
2002,Ecran,0.174,244.1,21.7,20.6,2026-01-29 15:00:00,2026-01-29 16:00:00
2005,Lampe Salle à manger,0.05,243.5,11.3,11.28,2026-01-29 15:00:00,2026-01-29 16:00:00
2006,PC Portable,0.123,244.4,13.2,12.5,2026-01-29 15:00:00,2026-01-29 16:00:00
2007,Lampe Cuisine,0.039,243.5,5.4,5.35,2026-01-29 15:00:00,2026-01-29 16:00:00
2005,Lampe Salle à manger,0.05,243.1,11.3,11.27,2026-01-29 16:00:00,2026-01-29 17:00:00
2007,Lampe Cuisine,0.039,242.8,5.3,1.6,2026-01-29 16:00:00,2026-01-29 17:00:00
2003,Telephone / Tablette,0.039,243.8,4.2,1.75,2026-01-29 17:00:00,2026-01-29 18:00:00
2005,Lampe Salle à manger,0.05,243.4,11.3,11.28,2026-01-29 17:00:00,2026-01-29 18:00:00
2007,Lampe Cuisine,0.039,243.4,5.4,5.0,2026-01-29 17:00:00,2026-01-29 18:00:00
2008,Lampe Chambre,0.037,244.8,5.3,4.0,2026-01-29 17:00:00,2026-01-29 18:00:00
2002,Ecran,0.174,244.5,22.0,2.2,2026-01-29 18:00:00,2026-01-29 19:00:00
2003,Telephone / Tablette,0.039,244.4,4.2,2.31,2026-01-29 18:00:00,2026-01-29 19:00:00
2005,Lampe Salle à manger,0.05,244.3,11.3,11.27,2026-01-29 18:00:00,2026-01-29 19:00:00
2008,Lampe Chambre,0.037,245.7,5.4,5.37,2026-01-29 18:00:00,2026-01-29 19:00:00
2002,Ecran,0.175,244.2,21.7,21.71,2026-01-29 19:00:00,2026-01-29 20:00:00
2004,Cafetiere,3.87,242.7,732.5,36.63,2026-01-29 19:00:00,2026-01-29 20:00:00
2005,Lampe Salle à manger,0.05,243.6,11.3,11.28,2026-01-29 19:00:00,2026-01-29 20:00:00
2007,Lampe Cuisine,0.038,243.8,5.4,3.32,2026-01-29 19:00:00,2026-01-29 20:00:00
2008,Lampe Chambre,0.037,245.8,5.4,2.6,2026-01-29 19:00:00,2026-01-29 20:00:00
2002,Ecran,0.177,242.4,21.7,21.66,2026-01-29 20:00:00,2026-01-29 21:00:00
2005,Lampe Salle à manger,0.05,241.8,11.3,11.27,2026-01-29 20:00:00,2026-01-29 21:00:00
2002,Ecran,0.175,242.5,21.7,21.66,2026-01-29 21:00:00,2026-01-29 22:00:00
2005,Lampe Salle à manger,0.05,242.0,11.3,11.27,2026-01-29 21:00:00,2026-01-29 22:00:00
2001,TV Salle à manger,0.036,245.0,1.1,0.04,2026-01-29 22:00:00,2026-01-29 23:00:00
2002,Ecran,0.173,244.4,21.6,21.65,2026-01-29 22:00:00,2026-01-29 23:00:00
2005,Lampe Salle à manger,0.05,243.8,11.3,11.28,2026-01-29 22:00:00,2026-01-29 23:00:00
2002,Ecran,0.172,244.6,21.7,4.7,2026-01-29 23:00:00,2026-01-30 00:00:00
2005,Lampe Salle à manger,0.05,243.9,11.3,2.63,2026-01-29 23:00:00,2026-01-30 00:00:00
2008,Lampe Chambre,0.037,244.6,5.3,4.08,2026-01-29 23:00:00,2026-01-30 00:00:00
2008,Lampe Chambre,0.037,243.7,5.3,0.09,2026-01-30 00:00:00,2026-01-30 01:00:00
2001,TV Salle à manger,0.045,244.7,1.3,0.02,2026-01-30 01:00:00,2026-01-30 02:00:00
2001,TV Salle à manger,0.053,244.0,1.5,0.03,2026-01-30 02:00:00,2026-01-30 03:00:00
2001,TV Salle à manger,0.034,242.7,1.0,0.02,2026-01-30 03:00:00,2026-01-30 04:00:00
2005,Lampe Salle à manger,0.051,245.9,11.8,0.4,2026-01-30 04:00:00,2026-01-30 05:00:00
2007,Lampe Cuisine,0.038,246.3,5.4,0.09,2026-01-30 04:00:00,2026-01-30 05:00:00
2005,Lampe Salle à manger,0.05,243.4,11.3,11.32,2026-01-30 05:00:00,2026-01-30 06:00:00
2007,Lampe Cuisine,0.039,243.5,5.4,5.37,2026-01-30 05:00:00,2026-01-30 06:00:00
2005,Lampe Salle à manger,0.05,242.2,11.3,0.38,2026-01-30 06:00:00,2026-01-30 07:00:00
2002,Ecran,0.159,243.6,19.8,3.31,2026-01-30 07:00:00,2026-01-30 08:00:00
2004,Cafetiere,4.046,242.4,864.8,28.83,2026-01-30 07:00:00,2026-01-30 08:00:00
2002,Ecran,0.175,242.6,21.7,21.69,2026-01-30 08:00:00,2026-01-30 09:00:00
2002,Ecran,0.174,242.9,21.7,21.66,2026-01-30 09:00:00,2026-01-30 10:00:00
2002,Ecran,0.173,243.1,21.7,20.6,2026-01-30 10:00:00,2026-01-30 11:00:00
2002,Ecran,0.173,243.8,21.7,21.68,2026-01-30 11:00:00,2026-01-30 12:00:00
2004,Cafetiere,6.643,242.4,1611.0,53.7,2026-01-30 11:00:00,2026-01-30 12:00:00
2001,TV Salle à manger,0.048,244.4,1.4,0.02,2026-01-30 12:00:00,2026-01-30 13:00:00
2002,Ecran,0.171,243.9,21.6,21.64,2026-01-30 12:00:00,2026-01-30 13:00:00
2002,Ecran,0.172,244.6,21.7,21.68,2026-01-30 13:00:00,2026-01-30 14:00:00
2007,Lampe Cuisine,0.038,244.4,5.4,1.17,2026-01-30 13:00:00,2026-01-30 14:00:00
2001,TV Salle à manger,0.051,244.0,1.4,0.02,2026-01-30 14:00:00,2026-01-30 15:00:00
2002,Ecran,0.163,245.1,20.4,5.09,2026-01-30 14:00:00,2026-01-30 15:00:00
2007,Lampe Cuisine,0.039,244.5,5.4,1.53,2026-01-30 14:00:00,2026-01-30 15:00:00
2001,TV Salle à manger,0.534,242.0,117.6,90.18,2026-01-30 16:00:00,2026-01-30 17:00:00
2002,Ecran,0.176,241.6,22.2,5.92,2026-01-30 16:00:00,2026-01-30 17:00:00
2001,TV Salle à manger,0.511,242.7,112.6,112.56,2026-01-30 17:00:00,2026-01-30 18:00:00
2002,Ecran,0.163,241.5,20.1,3.35,2026-01-30 17:00:00,2026-01-30 18:00:00
2005,Lampe Salle à manger,0.051,242.3,11.4,4.0,2026-01-30 17:00:00,2026-01-30 18:00:00
2007,Lampe Cuisine,0.038,242.4,5.3,1.77,2026-01-30 17:00:00,2026-01-30 18:00:00
2008,Lampe Chambre,0.037,243.8,5.3,1.5,2026-01-30 17:00:00,2026-01-30 18:00:00
2001,TV Salle à manger,0.52,244.0,115.2,115.22,2026-01-30 18:00:00,2026-01-30 19:00:00
2005,Lampe Salle à manger,0.05,243.0,11.3,11.28,2026-01-30 18:00:00,2026-01-30 19:00:00
2007,Lampe Cuisine,0.039,243.2,5.4,5.36,2026-01-30 18:00:00,2026-01-30 19:00:00
2008,Lampe Chambre,0.037,244.5,5.3,5.34,2026-01-30 18:00:00,2026-01-30 19:00:00
2001,TV Salle à manger,0.436,245.8,96.2,96.17,2026-01-30 19:00:00,2026-01-30 20:00:00
2005,Lampe Salle à manger,0.05,244.7,11.3,11.28,2026-01-30 19:00:00,2026-01-30 20:00:00
2007,Lampe Cuisine,0.038,244.5,5.4,0.9,2026-01-30 19:00:00,2026-01-30 20:00:00
2008,Lampe Chambre,0.037,246.2,5.4,5.37,2026-01-30 19:00:00,2026-01-30 20:00:00
2001,TV Salle à manger,0.401,245.4,87.5,46.69,2026-01-30 20:00:00,2026-01-30 21:00:00
2005,Lampe Salle à manger,0.05,244.3,11.3,6.77,2026-01-30 20:00:00,2026-01-30 21:00:00
2007,Lampe Cuisine,0.033,244.3,4.6,0.23,2026-01-30 20:00:00,2026-01-30 21:00:00
2008,Lampe Chambre,0.037,245.6,5.4,5.35,2026-01-30 20:00:00,2026-01-30 21:00:00
2001,TV Salle à manger,0.039,246.9,1.0,0.02,2026-01-30 21:00:00,2026-01-30 22:00:00
2008,Lampe Chambre,0.037,246.9,5.4,5.38,2026-01-30 21:00:00,2026-01-30 22:00:00
2001,TV Salle à manger,0.039,247.7,1.2,0.02,2026-01-30 22:00:00,2026-01-30 23:00:00
2008,Lampe Chambre,0.037,246.5,5.4,5.37,2026-01-30 22:00:00,2026-01-30 23:00:00
2008,Lampe Chambre,0.037,246.0,5.4,0.18,2026-01-30 23:00:00,2026-01-31 00:00:00
2001,TV Salle à manger,0.037,245.6,1.2,0.02,2026-01-31 00:00:00,2026-01-31 01:00:00
2001,TV Salle à manger,0.046,245.8,1.4,0.02,2026-01-31 02:00:00,2026-01-31 03:00:00
2005,Lampe Salle à manger,0.05,243.5,11.4,4.77,2026-01-31 04:00:00,2026-01-31 05:00:00
2007,Lampe Cuisine,0.039,243.5,5.4,2.23,2026-01-31 04:00:00,2026-01-31 05:00:00
2005,Lampe Salle à manger,0.05,242.9,11.3,3.57,2026-01-31 05:00:00,2026-01-31 06:00:00
2007,Lampe Cuisine,0.039,243.0,5.3,1.33,2026-01-31 05:00:00,2026-01-31 06:00:00
2001,TV Salle à manger,0.0,245.1,1.0,0.02,2026-01-31 08:00:00,2026-01-31 09:00:00
2002,Ecran,0.172,244.5,21.9,2.19,2026-01-31 08:00:00,2026-01-31 09:00:00
2004,Cafetiere,6.493,242.7,1576.7,26.28,2026-01-31 08:00:00,2026-01-31 09:00:00
2007,Lampe Cuisine,0.038,244.1,5.3,0.26,2026-01-31 08:00:00,2026-01-31 09:00:00
2002,Ecran,0.173,244.2,21.7,21.72,2026-01-31 09:00:00,2026-01-31 10:00:00
2002,Ecran,0.172,244.0,21.7,21.3,2026-01-31 10:00:00,2026-01-31 11:00:00
2004,Cafetiere,6.432,241.0,1550.6,25.84,2026-01-31 10:00:00,2026-01-31 11:00:00
2007,Lampe Cuisine,0.038,241.4,5.3,0.09,2026-01-31 10:00:00,2026-01-31 11:00:00
2001,TV Salle à manger,0.039,244.9,1.0,0.02,2026-01-31 11:00:00,2026-01-31 12:00:00
2004,Cafetiere,1.04,243.0,52.0,6.07,2026-01-31 11:00:00,2026-01-31 12:00:00
2007,Lampe Cuisine,0.038,243.0,5.4,2.94,2026-01-31 11:00:00,2026-01-31 12:00:00
2001,TV Salle à manger,0.682,243.8,153.9,76.97,2026-01-31 12:00:00,2026-01-31 13:00:00
2002,Ecran,0.105,242.2,12.2,0.41,2026-01-31 12:00:00,2026-01-31 13:00:00
2007,Lampe Cuisine,0.038,242.5,5.3,1.59,2026-01-31 12:00:00,2026-01-31 13:00:00
2001,TV Salle à manger,0.705,244.4,160.0,159.95,2026-01-31 13:00:00,2026-01-31 14:00:00
2004,Cafetiere,1.164,243.1,56.0,0.93,2026-01-31 13:00:00,2026-01-31 14:00:00
2007,Lampe Cuisine,0.039,243.6,5.4,3.38,2026-01-31 13:00:00,2026-01-31 14:00:00
2001,TV Salle à manger,0.714,244.7,162.3,132.53,2026-01-31 14:00:00,2026-01-31 15:00:00
2005,Lampe Salle à manger,0.05,243.0,11.4,10.79,2026-01-31 16:00:00,2026-01-31 17:00:00
2001,TV Salle à manger,0.463,244.1,102.0,49.29,2026-01-31 17:00:00,2026-01-31 18:00:00
2005,Lampe Salle à manger,0.05,243.0,11.3,11.29,2026-01-31 17:00:00,2026-01-31 18:00:00
2007,Lampe Cuisine,0.038,243.3,5.3,2.84,2026-01-31 17:00:00,2026-01-31 18:00:00
2001,TV Salle à manger,0.505,245.2,112.3,112.33,2026-01-31 18:00:00,2026-01-31 19:00:00
2002,Ecran,0.173,246.2,21.9,0.73,2026-01-31 18:00:00,2026-01-31 19:00:00
2004,Cafetiere,5.135,243.4,1055.8,35.19,2026-01-31 18:00:00,2026-01-31 19:00:00
2005,Lampe Salle à manger,0.05,244.2,11.3,11.29,2026-01-31 18:00:00,2026-01-31 19:00:00
2007,Lampe Cuisine,0.038,244.3,5.4,5.38,2026-01-31 18:00:00,2026-01-31 19:00:00
2001,TV Salle à manger,0.474,246.4,105.4,22.83,2026-01-31 19:00:00,2026-01-31 20:00:00
2002,Ecran,0.174,245.3,21.7,21.74,2026-01-31 19:00:00,2026-01-31 20:00:00
2005,Lampe Salle à manger,0.049,244.7,11.3,11.29,2026-01-31 19:00:00,2026-01-31 20:00:00
2007,Lampe Cuisine,0.038,245.6,5.4,1.09,2026-01-31 19:00:00,2026-01-31 20:00:00
2002,Ecran,0.175,242.2,21.7,21.68,2026-01-31 20:00:00,2026-01-31 21:00:00
2005,Lampe Salle à manger,0.05,241.7,11.3,11.27,2026-01-31 20:00:00,2026-01-31 21:00:00
2001,TV Salle à manger,0.706,244.0,159.8,21.31,2026-01-31 21:00:00,2026-01-31 22:00:00
2002,Ecran,0.175,242.5,21.7,1.81,2026-01-31 21:00:00,2026-01-31 22:00:00
2005,Lampe Salle à manger,0.05,242.5,11.3,11.28,2026-01-31 21:00:00,2026-01-31 22:00:00
2007,Lampe Cuisine,0.038,243.3,5.3,0.7,2026-01-31 21:00:00,2026-01-31 22:00:00
2008,Lampe Chambre,0.037,244.2,5.3,2.91,2026-01-31 21:00:00,2026-01-31 22:00:00
2001,TV Salle à manger,0.713,244.4,161.8,161.77,2026-01-31 22:00:00,2026-01-31 23:00:00
2002,Ecran,0.167,244.0,21.1,9.5,2026-01-31 22:00:00,2026-01-31 23:00:00
2003,Telephone / Tablette,0.038,243.7,4.2,2.53,2026-01-31 22:00:00,2026-01-31 23:00:00
2005,Lampe Salle à manger,0.05,243.3,11.3,11.28,2026-01-31 22:00:00,2026-01-31 23:00:00
2007,Lampe Cuisine,0.039,243.5,5.3,3.47,2026-01-31 22:00:00,2026-01-31 23:00:00
2008,Lampe Chambre,0.037,245.0,5.3,2.13,2026-01-31 22:00:00,2026-01-31 23:00:00
2001,TV Salle à manger,0.709,245.0,161.0,155.62,2026-01-31 23:00:00,2026-02-01 00:00:00
2002,Ecran,0.172,244.7,21.7,21.69,2026-01-31 23:00:00,2026-02-01 00:00:00
2003,Telephone / Tablette,0.038,244.4,4.2,2.96,2026-01-31 23:00:00,2026-02-01 00:00:00
2005,Lampe Salle à manger,0.05,243.9,11.3,11.28,2026-01-31 23:00:00,2026-02-01 00:00:00
2007,Lampe Cuisine,0.039,243.9,5.4,1.97,2026-01-31 23:00:00,2026-02-01 00:00:00
2008,Lampe Chambre,0.037,245.5,5.4,0.8,2026-01-31 23:00:00,2026-02-01 00:00:00
2002,Ecran,0.169,244.8,21.1,11.97,2026-02-01 00:00:00,2026-02-01 01:00:00
2005,Lampe Salle à manger,0.05,244.2,11.3,6.2,2026-02-01 00:00:00,2026-02-01 01:00:00
2008,Lampe Chambre,0.037,245.6,5.4,3.12,2026-02-01 00:00:00,2026-02-01 01:00:00
2001,TV Salle à manger,0.047,246.7,1.4,0.02,2026-02-01 02:00:00,2026-02-01 03:00:00
2001,TV Salle à manger,0.037,243.8,1.1,0.04,2026-02-01 09:00:00,2026-02-01 10:00:00
2001,TV Salle à manger,0.403,243.5,87.5,37.9,2026-02-01 11:00:00,2026-02-01 12:00:00
2003,Telephone / Tablette,0.108,242.6,13.3,6.66,2026-02-01 11:00:00,2026-02-01 12:00:00
2001,TV Salle à manger,0.43,244.5,94.1,94.11,2026-02-01 12:00:00,2026-02-01 13:00:00
2003,Telephone / Tablette,0.115,243.3,14.5,3.87,2026-02-01 12:00:00,2026-02-01 13:00:00
2001,TV Salle à manger,0.436,245.4,95.9,95.93,2026-02-01 13:00:00,2026-02-01 14:00:00
2003,Telephone / Tablette,0.039,245.0,4.3,2.0,2026-02-01 13:00:00,2026-02-01 14:00:00
2006,PC Portable,0.345,245.7,43.4,17.36,2026-02-01 13:00:00,2026-02-01 14:00:00
2007,Lampe Cuisine,0.038,245.5,5.3,0.09,2026-02-01 13:00:00,2026-02-01 14:00:00
2001,TV Salle à manger,0.466,244.9,102.9,102.9,2026-02-01 14:00:00,2026-02-01 15:00:00
2003,Telephone / Tablette,0.037,244.2,4.0,4.04,2026-02-01 14:00:00,2026-02-01 15:00:00
2006,PC Portable,0.306,244.9,37.3,37.33,2026-02-01 14:00:00,2026-02-01 15:00:00
2007,Lampe Cuisine,0.038,244.0,5.4,5.37,2026-02-01 14:00:00,2026-02-01 15:00:00
2001,TV Salle à manger,0.454,244.0,99.8,99.79,2026-02-01 15:00:00,2026-02-01 16:00:00
2003,Telephone / Tablette,0.022,243.0,2.2,1.12,2026-02-01 15:00:00,2026-02-01 16:00:00
2005,Lampe Salle à manger,0.05,243.4,11.4,6.26,2026-02-01 15:00:00,2026-02-01 16:00:00
2006,PC Portable,0.112,243.7,12.1,6.03,2026-02-01 15:00:00,2026-02-01 16:00:00
2007,Lampe Cuisine,0.038,243.0,5.3,3.64,2026-02-01 15:00:00,2026-02-01 16:00:00
2001,TV Salle à manger,0.432,244.6,94.6,94.62,2026-02-01 16:00:00,2026-02-01 17:00:00
2005,Lampe Salle à manger,0.05,243.5,11.3,11.3,2026-02-01 16:00:00,2026-02-01 17:00:00
2007,Lampe Cuisine,0.038,243.6,5.4,1.6,2026-02-01 16:00:00,2026-02-01 17:00:00
2001,TV Salle à manger,0.475,245.1,105.1,105.1,2026-02-01 17:00:00,2026-02-01 18:00:00
2005,Lampe Salle à manger,0.05,244.1,11.3,11.28,2026-02-01 17:00:00,2026-02-01 18:00:00
2007,Lampe Cuisine,0.038,244.5,5.4,1.07,2026-02-01 17:00:00,2026-02-01 18:00:00
2008,Lampe Chambre,0.037,245.5,5.4,4.81,2026-02-01 17:00:00,2026-02-01 18:00:00
2001,TV Salle à manger,0.434,246.1,95.7,68.61,2026-02-01 18:00:00,2026-02-01 19:00:00
2005,Lampe Salle à manger,0.05,245.1,11.3,9.04,2026-02-01 18:00:00,2026-02-01 19:00:00
2007,Lampe Cuisine,0.038,245.2,5.4,2.17,2026-02-01 18:00:00,2026-02-01 19:00:00
2008,Lampe Chambre,0.037,246.7,5.4,5.39,2026-02-01 18:00:00,2026-02-01 19:00:00
2001,TV Salle à manger,0.049,247.4,1.3,0.02,2026-02-01 19:00:00,2026-02-01 20:00:00
2008,Lampe Chambre,0.037,247.2,5.4,5.4,2026-02-01 19:00:00,2026-02-01 20:00:00
2008,Lampe Chambre,0.037,244.4,5.3,5.32,2026-02-01 20:00:00,2026-02-01 21:00:00
2001,TV Salle à manger,0.05,244.7,1.5,0.03,2026-02-01 21:00:00,2026-02-01 22:00:00
2008,Lampe Chambre,0.037,244.6,5.3,0.97,2026-02-01 21:00:00,2026-02-01 22:00:00
2001,TV Salle à manger,0.038,244.9,1.2,0.02,2026-02-01 22:00:00,2026-02-01 23:00:00
2001,TV Salle à manger,0.041,246.2,1.2,0.04,2026-02-02 00:00:00,2026-02-02 01:00:00
2001,TV Salle à manger,0.035,244.0,1.1,0.02,2026-02-02 02:00:00,2026-02-02 03:00:00
2005,Lampe Salle à manger,0.05,242.4,11.4,7.2,2026-02-02 04:00:00,2026-02-02 05:00:00
2007,Lampe Cuisine,0.039,242.5,5.3,3.38,2026-02-02 04:00:00,2026-02-02 05:00:00
2005,Lampe Salle à manger,0.05,242.9,11.3,1.69,2026-02-02 05:00:00,2026-02-02 06:00:00
2007,Lampe Cuisine,0.039,242.9,5.3,0.89,2026-02-02 05:00:00,2026-02-02 06:00:00
2001,TV Salle à manger,0.687,242.1,154.0,84.68,2026-02-02 15:00:00,2026-02-02 16:00:00
2005,Lampe Salle à manger,0.05,240.9,11.3,10.95,2026-02-02 15:00:00,2026-02-02 16:00:00
2007,Lampe Cuisine,0.038,241.1,5.3,5.16,2026-02-02 15:00:00,2026-02-02 16:00:00
2008,Lampe Chambre,0.037,242.4,5.3,5.1,2026-02-02 15:00:00,2026-02-02 16:00:00
2001,TV Salle à manger,0.655,244.3,147.6,147.59,2026-02-02 16:00:00,2026-02-02 17:00:00
2005,Lampe Salle à manger,0.05,243.3,11.3,11.27,2026-02-02 16:00:00,2026-02-02 17:00:00
2007,Lampe Cuisine,0.039,243.5,5.4,5.37,2026-02-02 16:00:00,2026-02-02 17:00:00
2008,Lampe Chambre,0.037,244.8,5.4,5.34,2026-02-02 16:00:00,2026-02-02 17:00:00
2001,TV Salle à manger,0.714,244.2,161.7,161.72,2026-02-02 17:00:00,2026-02-02 18:00:00
2002,Ecran,0.167,242.9,20.9,6.95,2026-02-02 17:00:00,2026-02-02 18:00:00
2005,Lampe Salle à manger,0.05,243.2,11.3,11.28,2026-02-02 17:00:00,2026-02-02 18:00:00
2007,Lampe Cuisine,0.038,243.4,5.4,5.4,2026-02-02 17:00:00,2026-02-02 18:00:00
2008,Lampe Chambre,0.037,244.6,5.4,5.37,2026-02-02 17:00:00,2026-02-02 18:00:00
2001,TV Salle à manger,0.715,243.5,161.4,161.4,2026-02-02 18:00:00,2026-02-02 19:00:00
2002,Ecran,0.175,243.2,21.7,21.67,2026-02-02 18:00:00,2026-02-02 19:00:00
2005,Lampe Salle à manger,0.05,242.4,11.3,11.27,2026-02-02 18:00:00,2026-02-02 19:00:00
2007,Lampe Cuisine,0.039,242.7,5.4,5.35,2026-02-02 18:00:00,2026-02-02 19:00:00
2008,Lampe Chambre,0.037,243.3,5.3,1.59,2026-02-02 18:00:00,2026-02-02 19:00:00
2001,TV Salle à manger,0.683,244.2,154.1,51.37,2026-02-02 19:00:00,2026-02-02 20:00:00
2002,Ecran,0.175,243.8,21.7,21.67,2026-02-02 19:00:00,2026-02-02 20:00:00
2005,Lampe Salle à manger,0.05,243.2,11.3,11.27,2026-02-02 19:00:00,2026-02-02 20:00:00
2007,Lampe Cuisine,0.038,243.4,5.4,1.7,2026-02-02 19:00:00,2026-02-02 20:00:00
2002,Ecran,0.178,244.0,21.7,21.68,2026-02-02 20:00:00,2026-02-02 21:00:00
2005,Lampe Salle à manger,0.05,243.4,11.3,11.28,2026-02-02 20:00:00,2026-02-02 21:00:00
2002,Ecran,0.176,244.6,21.7,21.69,2026-02-02 21:00:00,2026-02-02 22:00:00
2005,Lampe Salle à manger,0.05,244.0,11.3,11.28,2026-02-02 21:00:00,2026-02-02 22:00:00
2001,TV Salle à manger,0.05,245.2,1.4,0.02,2026-02-02 22:00:00,2026-02-02 23:00:00
2002,Ecran,0.166,245.4,20.3,4.74,2026-02-02 22:00:00,2026-02-02 23:00:00
2005,Lampe Salle à manger,0.049,244.9,11.3,2.63,2026-02-02 22:00:00,2026-02-02 23:00:00
2008,Lampe Chambre,0.038,246.0,5.4,3.77,2026-02-02 22:00:00,2026-02-02 23:00:00
2001,TV Salle à manger,0.047,245.8,1.3,0.02,2026-02-03 01:00:00,2026-02-03 02:00:00
2005,Lampe Salle à manger,0.051,243.5,11.5,2.68,2026-02-03 03:00:00,2026-02-03 04:00:00
2007,Lampe Cuisine,0.039,243.7,5.4,0.72,2026-02-03 03:00:00,2026-02-03 04:00:00
2005,Lampe Salle à manger,0.05,241.6,11.3,11.28,2026-02-03 04:00:00,2026-02-03 05:00:00
2007,Lampe Cuisine,0.039,241.8,5.3,4.62,2026-02-03 04:00:00,2026-02-03 05:00:00
2005,Lampe Salle à manger,0.05,240.1,11.3,0.94,2026-02-03 05:00:00,2026-02-03 06:00:00
2004,Cafetiere,5.302,241.4,1080.5,36.02,2026-02-03 08:00:00,2026-02-03 09:00:00
2007,Lampe Cuisine,0.038,242.4,5.3,0.7,2026-02-03 08:00:00,2026-02-03 09:00:00
2001,TV Salle à manger,0.037,243.5,1.2,0.02,2026-02-03 09:00:00,2026-02-03 10:00:00
2002,Ecran,0.173,243.3,21.8,6.9,2026-02-03 09:00:00,2026-02-03 10:00:00
2002,Ecran,0.175,243.4,21.7,21.7,2026-02-03 10:00:00,2026-02-03 11:00:00
2004,Cafetiere,5.23,242.2,1076.6,35.89,2026-02-03 10:00:00,2026-02-03 11:00:00
2002,Ecran,0.177,241.8,21.7,21.67,2026-02-03 11:00:00,2026-02-03 12:00:00
2002,Ecran,0.177,241.9,21.7,21.67,2026-02-03 12:00:00,2026-02-03 13:00:00
2004,Cafetiere,3.798,241.1,532.2,17.74,2026-02-03 12:00:00,2026-02-03 13:00:00
2002,Ecran,0.176,242.5,21.6,21.64,2026-02-03 13:00:00,2026-02-03 14:00:00
2006,PC Portable,0.352,242.9,44.7,25.35,2026-02-03 13:00:00,2026-02-03 14:00:00
2007,Lampe Cuisine,0.039,242.1,5.3,2.67,2026-02-03 13:00:00,2026-02-03 14:00:00
2002,Ecran,0.175,242.8,21.7,21.3,2026-02-03 14:00:00,2026-02-03 15:00:00
2001,TV Salle à manger,0.041,243.5,1.1,0.02,2026-02-03 15:00:00,2026-02-03 16:00:00
2002,Ecran,0.177,242.9,21.7,5.8,2026-02-03 15:00:00,2026-02-03 16:00:00
2005,Lampe Salle à manger,0.05,243.6,11.3,9.44,2026-02-03 15:00:00,2026-02-03 16:00:00
2007,Lampe Cuisine,0.039,244.8,5.4,2.43,2026-02-03 15:00:00,2026-02-03 16:00:00
2008,Lampe Chambre,0.037,243.7,5.3,3.2,2026-02-03 15:00:00,2026-02-03 16:00:00
2001,TV Salle à manger,0.703,243.5,158.7,87.29,2026-02-03 16:00:00,2026-02-03 17:00:00
2002,Ecran,0.103,243.8,11.9,0.4,2026-02-03 16:00:00,2026-02-03 17:00:00
2005,Lampe Salle à manger,0.05,243.9,11.3,11.28,2026-02-03 16:00:00,2026-02-03 17:00:00
2006,PC Portable,0.351,243.1,43.3,11.55,2026-02-03 16:00:00,2026-02-03 17:00:00
2007,Lampe Cuisine,0.039,244.0,5.4,5.41,2026-02-03 16:00:00,2026-02-03 17:00:00
2001,TV Salle à manger,0.715,242.0,160.7,93.72,2026-02-03 17:00:00,2026-02-03 18:00:00
2002,Ecran,0.141,241.7,17.1,1.14,2026-02-03 17:00:00,2026-02-03 18:00:00
2005,Lampe Salle à manger,0.05,241.2,11.3,8.26,2026-02-03 17:00:00,2026-02-03 18:00:00
2006,PC Portable,0.26,242.3,31.2,27.07,2026-02-03 17:00:00,2026-02-03 18:00:00
2007,Lampe Cuisine,0.039,241.3,5.3,3.73,2026-02-03 17:00:00,2026-02-03 18:00:00
2008,Lampe Chambre,0.037,243.6,5.3,0.62,2026-02-03 17:00:00,2026-02-03 18:00:00
2001,TV Salle à manger,0.037,243.8,1.0,0.02,2026-02-03 18:00:00,2026-02-03 19:00:00
2008,Lampe Chambre,0.038,243.6,5.3,2.49,2026-02-03 18:00:00,2026-02-03 19:00:00
2007,Lampe Cuisine,0.039,243.1,5.3,0.27,2026-02-03 19:00:00,2026-02-03 20:00:00
2005,Lampe Salle à manger,0.05,243.3,11.4,11.16,2026-02-03 20:00:00,2026-02-03 21:00:00
2007,Lampe Cuisine,0.039,243.3,5.4,5.37,2026-02-03 20:00:00,2026-02-03 21:00:00
2005,Lampe Salle à manger,0.05,244.4,11.3,1.88,2026-02-03 21:00:00,2026-02-03 22:00:00
2007,Lampe Cuisine,0.039,244.4,5.4,0.72,2026-02-03 21:00:00,2026-02-03 22:00:00
2008,Lampe Chambre,0.038,245.3,5.4,0.54,2026-02-03 21:00:00,2026-02-03 22:00:00
2005,Lampe Salle à manger,0.05,244.6,11.4,4.19,2026-02-03 22:00:00,2026-02-03 23:00:00
2001,TV Salle à manger,0.034,245.6,1.1,0.02,2026-02-03 23:00:00,2026-02-04 00:00:00
2005,Lampe Salle à manger,0.049,244.7,11.3,11.28,2026-02-03 23:00:00,2026-02-04 00:00:00
2005,Lampe Salle à manger,0.049,244.9,11.3,11.28,2026-02-04 00:00:00,2026-02-04 01:00:00
2005,Lampe Salle à manger,0.049,244.5,11.3,10.9,2026-02-04 01:00:00,2026-02-04 02:00:00
2002,Ecran,0.178,242.8,21.8,13.06,2026-02-04 05:00:00,2026-02-04 06:00:00
2004,Cafetiere,3.332,241.8,803.8,26.79,2026-02-04 05:00:00,2026-02-04 06:00:00
2002,Ecran,0.175,244.8,21.7,21.32,2026-02-04 06:00:00,2026-02-04 07:00:00
2002,Ecran,0.175,243.9,21.7,21.67,2026-02-04 07:00:00,2026-02-04 08:00:00
2004,Cafetiere,6.502,241.8,1572.9,26.21,2026-02-04 07:00:00,2026-02-04 08:00:00
2002,Ecran,0.176,243.8,21.7,21.68,2026-02-04 08:00:00,2026-02-04 09:00:00
2002,Ecran,0.173,244.5,21.3,21.36,2026-02-04 09:00:00,2026-02-04 10:00:00
2003,Telephone / Tablette,0.039,244.2,4.2,3.08,2026-02-04 09:00:00,2026-02-04 10:00:00
2004,Cafetiere,2.482,243.9,298.6,9.95,2026-02-04 09:00:00,2026-02-04 10:00:00
2007,Lampe Cuisine,0.039,243.9,5.4,2.51,2026-02-04 09:00:00,2026-02-04 10:00:00
2001,TV Salle à manger,0.034,245.5,1.1,0.02,2026-02-04 10:00:00,2026-02-04 11:00:00
2002,Ecran,0.174,244.6,21.7,21.67,2026-02-04 10:00:00,2026-02-04 11:00:00
2003,Telephone / Tablette,0.041,244.2,4.5,3.79,2026-02-04 10:00:00,2026-02-04 11:00:00
2007,Lampe Cuisine,0.039,243.4,5.4,1.88,2026-02-04 10:00:00,2026-02-04 11:00:00
2001,TV Salle à manger,0.042,245.2,1.2,0.04,2026-02-04 11:00:00,2026-02-04 12:00:00
2002,Ecran,0.174,245.2,21.7,21.74,2026-02-04 11:00:00,2026-02-04 12:00:00
2003,Telephone / Tablette,0.041,244.8,4.5,3.41,2026-02-04 11:00:00,2026-02-04 12:00:00
2007,Lampe Cuisine,0.039,244.7,5.4,4.61,2026-02-04 11:00:00,2026-02-04 12:00:00
2002,Ecran,0.174,245.5,21.8,13.06,2026-02-04 12:00:00,2026-02-04 13:00:00
2007,Lampe Cuisine,0.039,245.0,5.4,3.91,2026-02-04 12:00:00,2026-02-04 13:00:00
2001,TV Salle à manger,0.032,245.7,1.0,0.02,2026-02-04 13:00:00,2026-02-04 14:00:00
2002,Ecran,0.175,245.2,21.7,21.72,2026-02-04 13:00:00,2026-02-04 14:00:00
2002,Ecran,0.177,244.8,21.7,11.19,2026-02-04 14:00:00,2026-02-04 15:00:00
2004,Cafetiere,7.024,242.3,1700.1,28.34,2026-02-04 14:00:00,2026-02-04 15:00:00
2005,Lampe Salle à manger,0.05,244.1,11.5,4.58,2026-02-04 14:00:00,2026-02-04 15:00:00
2008,Lampe Chambre,0.038,245.4,5.4,2.33,2026-02-04 14:00:00,2026-02-04 15:00:00
2002,Ecran,0.038,243.6,2.8,0.05,2026-02-04 15:00:00,2026-02-04 16:00:00
2005,Lampe Salle à manger,0.05,244.4,11.3,8.27,2026-02-04 15:00:00,2026-02-04 16:00:00
2007,Lampe Cuisine,0.039,243.2,5.4,0.45,2026-02-04 16:00:00,2026-02-04 17:00:00
2001,TV Salle à manger,0.048,243.5,1.3,0.02,2026-02-04 17:00:00,2026-02-04 18:00:00
2002,Ecran,0.174,244.4,21.7,12.32,2026-02-04 17:00:00,2026-02-04 18:00:00
2005,Lampe Salle à manger,0.05,243.8,11.4,6.65,2026-02-04 17:00:00,2026-02-04 18:00:00
2007,Lampe Cuisine,0.039,243.3,5.4,1.43,2026-02-04 17:00:00,2026-02-04 18:00:00
2002,Ecran,0.175,243.7,21.7,21.66,2026-02-04 18:00:00,2026-02-04 19:00:00
2005,Lampe Salle à manger,0.05,243.2,11.3,11.27,2026-02-04 18:00:00,2026-02-04 19:00:00
2002,Ecran,0.173,244.1,21.7,16.97,2026-02-04 19:00:00,2026-02-04 20:00:00
2005,Lampe Salle à manger,0.05,243.6,11.3,9.78,2026-02-04 19:00:00,2026-02-04 20:00:00
2008,Lampe Chambre,0.038,245.8,5.4,0.72,2026-02-04 19:00:00,2026-02-04 20:00:00
2008,Lampe Chambre,0.038,246.1,5.4,4.94,2026-02-04 20:00:00,2026-02-04 21:00:00
2001,TV Salle à manger,0.038,246.2,1.0,0.02,2026-02-04 21:00:00,2026-02-04 22:00:00
2001,TV Salle à manger,0.031,246.4,1.0,0.02,2026-02-04 23:00:00,2026-02-05 00:00:00
2005,Lampe Salle à manger,0.052,241.8,11.7,0.2,2026-02-05 02:00:00,2026-02-05 03:00:00
2007,Lampe Cuisine,0.039,241.9,5.3,0.44,2026-02-05 02:00:00,2026-02-05 03:00:00
2001,TV Salle à manger,0.047,241.5,1.3,0.02,2026-02-05 03:00:00,2026-02-05 04:00:00
2005,Lampe Salle à manger,0.05,241.4,11.3,9.06,2026-02-05 03:00:00,2026-02-05 04:00:00
2007,Lampe Cuisine,0.039,241.2,5.3,2.3,2026-02-05 03:00:00,2026-02-05 04:00:00
2005,Lampe Salle à manger,0.05,242.7,11.4,3.05,2026-02-05 04:00:00,2026-02-05 05:00:00
2001,TV Salle à manger,0.037,243.3,1.1,0.02,2026-02-05 05:00:00,2026-02-05 06:00:00
2001,TV Salle à manger,0.494,243.7,109.0,36.33,2026-02-05 16:00:00,2026-02-05 17:00:00
2002,Ecran,0.177,243.6,21.5,12.54,2026-02-05 16:00:00,2026-02-05 17:00:00
2003,Telephone / Tablette,0.041,243.1,4.4,1.18,2026-02-05 16:00:00,2026-02-05 17:00:00
2005,Lampe Salle à manger,0.05,242.9,11.3,11.27,2026-02-05 16:00:00,2026-02-05 17:00:00
2007,Lampe Cuisine,0.039,243.1,5.4,5.37,2026-02-05 16:00:00,2026-02-05 17:00:00
2008,Lampe Chambre,0.038,244.2,5.3,4.88,2026-02-05 16:00:00,2026-02-05 17:00:00
2001,TV Salle à manger,0.473,244.3,104.1,104.1,2026-02-05 17:00:00,2026-02-05 18:00:00
2003,Telephone / Tablette,0.041,243.3,4.5,1.26,2026-02-05 17:00:00,2026-02-05 18:00:00
2005,Lampe Salle à manger,0.05,243.3,11.3,11.27,2026-02-05 17:00:00,2026-02-05 18:00:00
2007,Lampe Cuisine,0.039,243.5,5.4,5.4,2026-02-05 17:00:00,2026-02-05 18:00:00
2008,Lampe Chambre,0.038,244.4,5.4,1.87,2026-02-05 17:00:00,2026-02-05 18:00:00
2001,TV Salle à manger,0.486,244.9,107.5,107.46,2026-02-05 18:00:00,2026-02-05 19:00:00
2005,Lampe Salle à manger,0.05,243.8,11.3,11.27,2026-02-05 18:00:00,2026-02-05 19:00:00
2007,Lampe Cuisine,0.039,244.0,5.4,5.4,2026-02-05 18:00:00,2026-02-05 19:00:00
2001,TV Salle à manger,0.484,245.0,107.4,107.36,2026-02-05 19:00:00,2026-02-05 20:00:00
2005,Lampe Salle à manger,0.05,244.0,11.3,11.27,2026-02-05 19:00:00,2026-02-05 20:00:00
2007,Lampe Cuisine,0.039,245.1,5.4,3.26,2026-02-05 19:00:00,2026-02-05 20:00:00
2001,TV Salle à manger,0.467,243.9,102.8,6.85,2026-02-05 20:00:00,2026-02-05 21:00:00
2002,Ecran,0.176,243.7,21.7,19.93,2026-02-05 20:00:00,2026-02-05 21:00:00
2005,Lampe Salle à manger,0.05,243.1,11.3,11.27,2026-02-05 20:00:00,2026-02-05 21:00:00
2002,Ecran,0.176,243.2,21.7,13.72,2026-02-05 21:00:00,2026-02-05 22:00:00
2005,Lampe Salle à manger,0.05,242.6,11.3,7.13,2026-02-05 21:00:00,2026-02-05 22:00:00
2008,Lampe Chambre,0.037,244.2,5.3,1.86,2026-02-05 21:00:00,2026-02-05 22:00:00
2008,Lampe Chambre,0.037,244.8,5.3,0.8,2026-02-05 22:00:00,2026-02-05 23:00:00
2001,TV Salle à manger,0.053,245.3,1.6,0.06,2026-02-05 23:00:00,2026-02-06 00:00:00
2001,TV Salle à manger,0.043,245.5,1.3,0.02,2026-02-06 00:00:00,2026-02-06 01:00:00
2001,TV Salle à manger,0.039,245.9,1.0,0.02,2026-02-06 01:00:00,2026-02-06 02:00:00
2001,TV Salle à manger,0.041,243.2,1.9,0.03,2026-02-06 03:00:00,2026-02-06 04:00:00
2005,Lampe Salle à manger,0.05,242.6,11.4,8.51,2026-02-06 04:00:00,2026-02-06 05:00:00
2005,Lampe Salle à manger,0.05,242.8,11.3,9.01,2026-02-06 05:00:00,2026-02-06 06:00:00
2007,Lampe Cuisine,0.038,243.8,5.4,0.09,2026-02-06 05:00:00,2026-02-06 06:00:00
2001,TV Salle à manger,0.041,244.8,1.6,0.03,2026-02-06 06:00:00,2026-02-06 07:00:00
2001,TV Salle à manger,0.039,242.8,1.0,0.02,2026-02-06 07:00:00,2026-02-06 08:00:00
2002,Ecran,0.175,242.6,21.4,21.41,2026-02-06 07:00:00,2026-02-06 08:00:00
2001,TV Salle à manger,0.036,243.2,1.0,0.02,2026-02-06 08:00:00,2026-02-06 09:00:00
2002,Ecran,0.175,243.0,21.7,21.66,2026-02-06 08:00:00,2026-02-06 09:00:00
2004,Cafetiere,3.794,242.6,534.9,8.91,2026-02-06 08:00:00,2026-02-06 09:00:00
2001,TV Salle à manger,0.058,243.7,2.3,0.04,2026-02-06 09:00:00,2026-02-06 10:00:00
2002,Ecran,0.176,242.8,21.6,21.65,2026-02-06 09:00:00,2026-02-06 10:00:00
2002,Ecran,0.174,243.0,21.3,19.89,2026-02-06 10:00:00,2026-02-06 11:00:00
2004,Cafetiere,6.403,239.7,1535.2,25.59,2026-02-06 10:00:00,2026-02-06 11:00:00
2002,Ecran,0.177,243.9,21.7,21.66,2026-02-06 11:00:00,2026-02-06 12:00:00
2001,TV Salle à manger,0.04,244.9,1.2,0.04,2026-02-06 12:00:00,2026-02-06 13:00:00
2002,Ecran,0.176,244.6,21.7,21.68,2026-02-06 12:00:00,2026-02-06 13:00:00
2002,Ecran,0.176,245.3,21.7,21.68,2026-02-06 13:00:00,2026-02-06 14:00:00
2001,TV Salle à manger,0.684,245.1,155.1,72.39,2026-02-06 14:00:00,2026-02-06 15:00:00
2002,Ecran,0.167,245.0,20.9,5.92,2026-02-06 14:00:00,2026-02-06 15:00:00
2005,Lampe Salle à manger,0.05,244.0,11.4,5.32,2026-02-06 14:00:00,2026-02-06 15:00:00
2007,Lampe Cuisine,0.039,244.2,5.4,2.97,2026-02-06 14:00:00,2026-02-06 15:00:00
2001,TV Salle à manger,0.713,244.8,162.0,161.99,2026-02-06 15:00:00,2026-02-06 16:00:00
2005,Lampe Salle à manger,0.05,243.8,11.3,11.28,2026-02-06 15:00:00,2026-02-06 16:00:00
2007,Lampe Cuisine,0.038,244.0,5.4,5.39,2026-02-06 15:00:00,2026-02-06 16:00:00
2008,Lampe Chambre,0.037,245.1,5.4,2.67,2026-02-06 15:00:00,2026-02-06 16:00:00
2001,TV Salle à manger,0.711,244.7,161.4,161.35,2026-02-06 16:00:00,2026-02-06 17:00:00
2005,Lampe Salle à manger,0.05,243.6,11.3,11.27,2026-02-06 16:00:00,2026-02-06 17:00:00
2007,Lampe Cuisine,0.038,243.9,5.4,5.38,2026-02-06 16:00:00,2026-02-06 17:00:00
2008,Lampe Chambre,0.037,245.1,5.4,5.36,2026-02-06 16:00:00,2026-02-06 17:00:00
2001,TV Salle à manger,0.71,245.6,161.7,161.73,2026-02-06 17:00:00,2026-02-06 18:00:00
2003,Telephone / Tablette,0.038,245.8,4.2,0.21,2026-02-06 17:00:00,2026-02-06 18:00:00
2005,Lampe Salle à manger,0.05,244.6,11.3,11.28,2026-02-06 17:00:00,2026-02-06 18:00:00
2007,Lampe Cuisine,0.038,244.8,5.4,5.41,2026-02-06 17:00:00,2026-02-06 18:00:00
2008,Lampe Chambre,0.037,246.1,5.4,5.38,2026-02-06 17:00:00,2026-02-06 18:00:00
2001,TV Salle à manger,0.71,246.4,162.5,162.54,2026-02-06 18:00:00,2026-02-06 19:00:00
2003,Telephone / Tablette,0.038,245.7,4.2,2.53,2026-02-06 18:00:00,2026-02-06 19:00:00
2005,Lampe Salle à manger,0.049,245.4,11.3,11.28,2026-02-06 18:00:00,2026-02-06 19:00:00
2007,Lampe Cuisine,0.038,245.8,5.4,1.73,2026-02-06 18:00:00,2026-02-06 19:00:00
2008,Lampe Chambre,0.037,246.8,5.4,3.69,2026-02-06 18:00:00,2026-02-06 19:00:00
2001,TV Salle à manger,0.712,246.8,163.2,163.22,2026-02-06 19:00:00,2026-02-06 20:00:00
2005,Lampe Salle à manger,0.049,245.7,11.3,11.28,2026-02-06 19:00:00,2026-02-06 20:00:00
2001,TV Salle à manger,0.717,245.0,163.4,130.72,2026-02-06 20:00:00,2026-02-06 21:00:00
2005,Lampe Salle à manger,0.05,243.9,11.3,9.02,2026-02-06 20:00:00,2026-02-06 21:00:00
2001,TV Salle à manger,0.034,245.5,1.1,0.02,2026-02-06 23:00:00,2026-02-07 00:00:00
2005,Lampe Salle à manger,0.051,243.7,11.5,2.31,2026-02-07 03:00:00,2026-02-07 04:00:00
2007,Lampe Cuisine,0.039,243.7,5.3,0.62,2026-02-07 03:00:00,2026-02-07 04:00:00
2001,TV Salle à manger,0.067,246.1,2.8,0.05,2026-02-07 07:00:00,2026-02-07 08:00:00
2001,TV Salle à manger,0.517,246.1,115.6,78.96,2026-02-07 08:00:00,2026-02-07 09:00:00
2001,TV Salle à manger,0.583,246.1,131.6,131.57,2026-02-07 09:00:00,2026-02-07 10:00:00
2001,TV Salle à manger,0.423,246.3,93.2,93.23,2026-02-07 10:00:00,2026-02-07 11:00:00
2004,Cafetiere,5.325,244.8,1530.1,51.0,2026-02-07 10:00:00,2026-02-07 11:00:00
2001,TV Salle à manger,0.249,243.7,51.1,5.11,2026-02-07 11:00:00,2026-02-07 12:00:00
2002,Ecran,0.178,243.5,21.7,20.3,2026-02-07 11:00:00,2026-02-07 12:00:00
2001,TV Salle à manger,0.051,245.4,1.4,0.02,2026-02-07 12:00:00,2026-02-07 13:00:00
2002,Ecran,0.176,243.6,21.7,18.42,2026-02-07 12:00:00,2026-02-07 13:00:00
2004,Cafetiere,3.396,241.9,779.6,25.99,2026-02-07 12:00:00,2026-02-07 13:00:00
2007,Lampe Cuisine,0.038,242.8,5.3,0.26,2026-02-07 12:00:00,2026-02-07 13:00:00
2001,TV Salle à manger,0.05,244.5,2.0,0.03,2026-02-07 13:00:00,2026-02-07 14:00:00
2002,Ecran,0.177,243.8,21.7,10.11,2026-02-07 13:00:00,2026-02-07 14:00:00
2004,Cafetiere,3.825,242.4,538.5,8.97,2026-02-07 13:00:00,2026-02-07 14:00:00
2007,Lampe Cuisine,0.039,243.1,5.4,4.73,2026-02-07 13:00:00,2026-02-07 14:00:00
2005,Lampe Salle à manger,0.051,242.6,11.7,1.16,2026-02-07 14:00:00,2026-02-07 15:00:00
2007,Lampe Cuisine,0.038,242.2,5.3,1.15,2026-02-07 14:00:00,2026-02-07 15:00:00
2008,Lampe Chambre,0.037,243.9,5.3,0.53,2026-02-07 14:00:00,2026-02-07 15:00:00
2001,TV Salle à manger,0.722,243.4,163.5,65.4,2026-02-07 15:00:00,2026-02-07 16:00:00
2005,Lampe Salle à manger,0.05,242.3,11.3,11.31,2026-02-07 15:00:00,2026-02-07 16:00:00
2007,Lampe Cuisine,0.038,242.4,5.3,2.92,2026-02-07 15:00:00,2026-02-07 16:00:00
2008,Lampe Chambre,0.037,243.6,5.3,2.82,2026-02-07 15:00:00,2026-02-07 16:00:00
2001,TV Salle à manger,0.575,243.0,128.0,19.2,2026-02-07 16:00:00,2026-02-07 17:00:00
2002,Ecran,0.174,243.2,21.7,18.13,2026-02-07 16:00:00,2026-02-07 17:00:00
2005,Lampe Salle à manger,0.05,242.5,11.3,11.28,2026-02-07 16:00:00,2026-02-07 17:00:00
2007,Lampe Cuisine,0.038,242.3,5.2,0.09,2026-02-07 16:00:00,2026-02-07 17:00:00
2008,Lampe Chambre,0.037,243.8,5.3,4.96,2026-02-07 16:00:00,2026-02-07 17:00:00
2001,TV Salle à manger,0.047,243.5,1.8,0.03,2026-02-07 17:00:00,2026-02-07 18:00:00
2002,Ecran,0.176,243.1,21.7,21.68,2026-02-07 17:00:00,2026-02-07 18:00:00
2005,Lampe Salle à manger,0.05,242.5,11.3,11.29,2026-02-07 17:00:00,2026-02-07 18:00:00
2007,Lampe Cuisine,0.038,242.5,5.3,3.29,2026-02-07 17:00:00,2026-02-07 18:00:00
2008,Lampe Chambre,0.037,243.8,5.3,5.14,2026-02-07 17:00:00,2026-02-07 18:00:00
2001,TV Salle à manger,0.052,244.6,2.0,0.07,2026-02-07 18:00:00,2026-02-07 19:00:00
2002,Ecran,0.175,244.4,21.7,21.67,2026-02-07 18:00:00,2026-02-07 19:00:00
2005,Lampe Salle à manger,0.05,243.8,11.3,11.27,2026-02-07 18:00:00,2026-02-07 19:00:00
2002,Ecran,0.174,244.0,21.6,21.65,2026-02-07 19:00:00,2026-02-07 20:00:00
2005,Lampe Salle à manger,0.05,243.4,11.3,11.28,2026-02-07 19:00:00,2026-02-07 20:00:00
2001,TV Salle à manger,0.034,244.4,1.4,0.02,2026-02-07 20:00:00,2026-02-07 21:00:00
2002,Ecran,0.175,244.4,21.7,21.68,2026-02-07 20:00:00,2026-02-07 21:00:00
2005,Lampe Salle à manger,0.05,243.8,11.3,11.28,2026-02-07 20:00:00,2026-02-07 21:00:00
2002,Ecran,0.173,245.6,21.7,21.69,2026-02-07 21:00:00,2026-02-07 22:00:00
2005,Lampe Salle à manger,0.049,245.0,11.3,11.28,2026-02-07 21:00:00,2026-02-07 22:00:00
2002,Ecran,0.174,246.1,21.7,21.68,2026-02-07 22:00:00,2026-02-07 23:00:00
2005,Lampe Salle à manger,0.049,245.5,11.3,11.28,2026-02-07 22:00:00,2026-02-07 23:00:00
2001,TV Salle à manger,0.031,245.7,1.0,0.02,2026-02-07 23:00:00,2026-02-08 00:00:00
2002,Ecran,0.174,244.9,21.7,5.06,2026-02-07 23:00:00,2026-02-08 00:00:00
2005,Lampe Salle à manger,0.049,244.4,11.3,2.63,2026-02-07 23:00:00,2026-02-08 00:00:00
2008,Lampe Chambre,0.037,245.8,5.4,2.86,2026-02-07 23:00:00,2026-02-08 00:00:00
2001,TV Salle à manger,0.038,246.3,1.0,0.02,2026-02-08 00:00:00,2026-02-08 01:00:00
2001,TV Salle à manger,0.04,244.8,1.2,0.02,2026-02-08 02:00:00,2026-02-08 03:00:00
2001,TV Salle à manger,0.049,244.9,1.4,0.02,2026-02-08 03:00:00,2026-02-08 04:00:00
2005,Lampe Salle à manger,0.05,244.1,11.4,10.03,2026-02-08 03:00:00,2026-02-08 04:00:00
2001,TV Salle à manger,0.036,244.3,1.2,0.04,2026-02-08 04:00:00,2026-02-08 05:00:00
2005,Lampe Salle à manger,0.05,243.7,11.3,2.07,2026-02-08 04:00:00,2026-02-08 05:00:00
2001,TV Salle à manger,0.448,243.1,97.8,21.2,2026-02-08 08:00:00,2026-02-08 09:00:00
2007,Lampe Cuisine,0.039,241.1,5.3,1.24,2026-02-08 08:00:00,2026-02-08 09:00:00
2001,TV Salle à manger,0.453,243.2,99.1,99.08,2026-02-08 09:00:00,2026-02-08 10:00:00
2004,Cafetiere,6.463,241.1,1558.7,51.95,2026-02-08 09:00:00,2026-02-08 10:00:00
2001,TV Salle à manger,0.443,244.0,96.9,35.54,2026-02-08 10:00:00,2026-02-08 11:00:00
2002,Ecran,0.172,243.5,21.2,13.81,2026-02-08 10:00:00,2026-02-08 11:00:00
2001,TV Salle à manger,0.461,244.4,101.4,40.54,2026-02-08 11:00:00,2026-02-08 12:00:00
2002,Ecran,0.176,244.0,21.7,11.93,2026-02-08 11:00:00,2026-02-08 12:00:00
2001,TV Salle à manger,0.429,244.6,94.0,94.03,2026-02-08 12:00:00,2026-02-08 13:00:00
2003,Telephone / Tablette,0.039,244.2,4.2,1.47,2026-02-08 12:00:00,2026-02-08 13:00:00
2001,TV Salle à manger,0.184,244.1,34.8,1.74,2026-02-08 13:00:00,2026-02-08 14:00:00
2003,Telephone / Tablette,0.039,244.3,4.2,0.56,2026-02-08 13:00:00,2026-02-08 14:00:00
2005,Lampe Salle à manger,0.051,242.0,11.5,1.73,2026-02-08 15:00:00,2026-02-08 16:00:00
2001,TV Salle à manger,0.435,243.1,94.9,74.31,2026-02-08 16:00:00,2026-02-08 17:00:00
2005,Lampe Salle à manger,0.05,242.1,11.3,11.29,2026-02-08 16:00:00,2026-02-08 17:00:00
2001,TV Salle à manger,0.581,244.4,130.3,117.27,2026-02-08 17:00:00,2026-02-08 18:00:00
2002,Ecran,0.105,244.6,12.2,0.41,2026-02-08 17:00:00,2026-02-08 18:00:00
2003,Telephone / Tablette,0.039,244.3,4.2,1.62,2026-02-08 17:00:00,2026-02-08 18:00:00
2005,Lampe Salle à manger,0.05,243.5,11.3,11.27,2026-02-08 17:00:00,2026-02-08 18:00:00
2007,Lampe Cuisine,0.038,243.9,5.4,2.06,2026-02-08 17:00:00,2026-02-08 18:00:00
2003,Telephone / Tablette,0.038,243.7,4.2,4.21,2026-02-08 18:00:00,2026-02-08 19:00:00
2005,Lampe Salle à manger,0.05,243.8,11.3,8.46,2026-02-08 18:00:00,2026-02-08 19:00:00
2008,Lampe Chambre,0.037,243.9,5.3,1.14,2026-02-08 18:00:00,2026-02-08 19:00:00
2003,Telephone / Tablette,0.038,242.8,4.2,0.42,2026-02-08 19:00:00,2026-02-08 20:00:00
2008,Lampe Chambre,0.037,243.9,5.3,0.53,2026-02-08 19:00:00,2026-02-08 20:00:00
2005,Lampe Salle à manger,0.051,245.5,11.8,0.39,2026-02-08 22:00:00,2026-02-08 23:00:00
2001,TV Salle à manger,0.047,246.3,1.3,0.02,2026-02-08 23:00:00,2026-02-09 00:00:00
2005,Lampe Salle à manger,0.051,242.7,11.5,3.07,2026-02-09 01:00:00,2026-02-09 02:00:00
2005,Lampe Salle à manger,0.05,241.9,11.3,11.28,2026-02-09 02:00:00,2026-02-09 03:00:00
2005,Lampe Salle à manger,0.05,241.6,11.3,11.27,2026-02-09 03:00:00,2026-02-09 04:00:00
2002,Ecran,0.176,241.8,22.0,0.37,2026-02-09 04:00:00,2026-02-09 05:00:00
2005,Lampe Salle à manger,0.05,242.3,11.3,2.07,2026-02-09 04:00:00,2026-02-09 05:00:00
2001,TV Salle à manger,0.43,243.0,93.4,24.9,2026-02-09 07:00:00,2026-02-09 08:00:00
2003,Telephone / Tablette,0.038,241.6,4.2,1.55,2026-02-09 07:00:00,2026-02-09 08:00:00
2001,TV Salle à manger,0.417,243.1,90.5,10.55,2026-02-09 08:00:00,2026-02-09 09:00:00
2003,Telephone / Tablette,0.039,242.6,4.2,3.72,2026-02-09 08:00:00,2026-02-09 09:00:00
2003,Telephone / Tablette,0.039,242.3,4.2,0.14,2026-02-09 09:00:00,2026-02-09 10:00:00
2004,Cafetiere,1.577,242.8,137.3,22.88,2026-02-09 09:00:00,2026-02-09 10:00:00
2007,Lampe Cuisine,0.039,243.0,5.3,3.98,2026-02-09 09:00:00,2026-02-09 10:00:00
2003,Telephone / Tablette,0.038,243.4,4.2,0.56,2026-02-09 11:00:00,2026-02-09 12:00:00
2001,TV Salle à manger,0.692,243.5,156.2,65.09,2026-02-09 13:00:00,2026-02-09 14:00:00
2005,Lampe Salle à manger,0.05,243.0,11.4,8.9,2026-02-09 13:00:00,2026-02-09 14:00:00
2007,Lampe Cuisine,0.039,243.2,5.4,4.55,2026-02-09 13:00:00,2026-02-09 14:00:00
2001,TV Salle à manger,0.719,244.2,163.2,163.21,2026-02-09 14:00:00,2026-02-09 15:00:00
2005,Lampe Salle à manger,0.05,243.2,11.3,11.28,2026-02-09 14:00:00,2026-02-09 15:00:00
2007,Lampe Cuisine,0.039,243.4,5.4,5.35,2026-02-09 14:00:00,2026-02-09 15:00:00
2001,TV Salle à manger,0.719,244.5,163.2,65.27,2026-02-09 15:00:00,2026-02-09 16:00:00
2005,Lampe Salle à manger,0.05,244.0,11.3,11.28,2026-02-09 15:00:00,2026-02-09 16:00:00
2007,Lampe Cuisine,0.039,244.1,5.4,5.38,2026-02-09 15:00:00,2026-02-09 16:00:00
2002,Ecran,0.168,245.7,21.1,10.57,2026-02-09 16:00:00,2026-02-09 17:00:00
2004,Cafetiere,6.524,244.8,1597.8,26.63,2026-02-09 16:00:00,2026-02-09 17:00:00
2005,Lampe Salle à manger,0.05,245.1,11.3,11.28,2026-02-09 16:00:00,2026-02-09 17:00:00
2007,Lampe Cuisine,0.038,245.2,5.4,2.79,2026-02-09 16:00:00,2026-02-09 17:00:00
2002,Ecran,0.172,246.1,21.7,21.69,2026-02-09 17:00:00,2026-02-09 18:00:00
2005,Lampe Salle à manger,0.049,245.5,11.3,11.29,2026-02-09 17:00:00,2026-02-09 18:00:00
2002,Ecran,0.172,245.9,21.7,21.69,2026-02-09 18:00:00,2026-02-09 19:00:00
2005,Lampe Salle à manger,0.049,245.4,11.3,11.29,2026-02-09 18:00:00,2026-02-09 19:00:00
2002,Ecran,0.17,245.4,21.3,19.55,2026-02-09 19:00:00,2026-02-09 20:00:00
2005,Lampe Salle à manger,0.05,244.8,11.3,11.29,2026-02-09 19:00:00,2026-02-09 20:00:00
2002,Ecran,0.172,245.6,21.7,4.7,2026-02-09 20:00:00,2026-02-09 21:00:00
2005,Lampe Salle à manger,0.049,245.1,11.3,2.63,2026-02-09 20:00:00,2026-02-09 21:00:00
2008,Lampe Chambre,0.037,246.1,5.4,3.21,2026-02-09 20:00:00,2026-02-09 21:00:00
2001,TV Salle à manger,0.048,246.3,1.3,0.02,2026-02-09 21:00:00,2026-02-09 22:00:00
2002,Ecran,0.156,245.4,19.4,2.59,2026-02-09 21:00:00,2026-02-09 22:00:00
2001,TV Salle à manger,0.05,245.5,1.4,0.02,2026-02-09 23:00:00,2026-02-10 00:00:00
2001,TV Salle à manger,0.039,244.5,1.0,0.02,2026-02-10 00:00:00,2026-02-10 01:00:00
2003,Telephone / Tablette,0.063,243.2,7.4,2.83,2026-02-10 01:00:00,2026-02-10 02:00:00
2001,TV Salle à manger,0.031,242.9,1.0,0.02,2026-02-10 02:00:00,2026-02-10 03:00:00
2003,Telephone / Tablette,0.1,242.2,12.2,12.15,2026-02-10 02:00:00,2026-02-10 03:00:00
2003,Telephone / Tablette,0.039,244.3,4.3,1.37,2026-02-10 03:00:00,2026-02-10 04:00:00
2007,Lampe Cuisine,0.039,244.0,5.4,3.48,2026-02-10 03:00:00,2026-02-10 04:00:00
2001,TV Salle à manger,0.037,244.4,1.1,0.04,2026-02-10 04:00:00,2026-02-10 05:00:00
2002,Ecran,0.173,244.3,21.8,12.35,2026-02-10 04:00:00,2026-02-10 05:00:00
2003,Telephone / Tablette,0.029,244.1,3.0,2.48,2026-02-10 04:00:00,2026-02-10 05:00:00
2004,Cafetiere,6.526,242.5,1582.9,26.38,2026-02-10 04:00:00,2026-02-10 05:00:00
2007,Lampe Cuisine,0.04,243.8,5.4,0.09,2026-02-10 04:00:00,2026-02-10 05:00:00
2002,Ecran,0.172,244.3,21.7,21.67,2026-02-10 05:00:00,2026-02-10 06:00:00
2003,Telephone / Tablette,0.026,243.8,2.7,0.14,2026-02-10 05:00:00,2026-02-10 06:00:00
2002,Ecran,0.173,244.3,21.7,21.69,2026-02-10 06:00:00,2026-02-10 07:00:00
2002,Ecran,0.169,244.1,21.0,19.95,2026-02-10 07:00:00,2026-02-10 08:00:00
2002,Ecran,0.172,244.0,21.3,18.48,2026-02-10 08:00:00,2026-02-10 09:00:00
2004,Cafetiere,6.512,243.0,1582.9,26.38,2026-02-10 08:00:00,2026-02-10 09:00:00
2002,Ecran,0.173,244.9,21.7,21.69,2026-02-10 09:00:00,2026-02-10 10:00:00
2002,Ecran,0.172,244.7,21.6,21.65,2026-02-10 10:00:00,2026-02-10 11:00:00
2001,TV Salle à manger,0.035,243.9,1.1,0.02,2026-02-10 11:00:00,2026-02-10 12:00:00
2002,Ecran,0.173,244.7,21.7,18.43,2026-02-10 11:00:00,2026-02-10 12:00:00
2005,Lampe Salle à manger,0.051,244.0,11.5,2.3,2026-02-10 11:00:00,2026-02-10 12:00:00
2007,Lampe Cuisine,0.038,243.9,5.4,1.7,2026-02-10 11:00:00,2026-02-10 12:00:00
2001,TV Salle à manger,0.517,244.4,114.7,55.45,2026-02-10 12:00:00,2026-02-10 13:00:00
2005,Lampe Salle à manger,0.05,243.4,11.3,11.29,2026-02-10 12:00:00,2026-02-10 13:00:00
2007,Lampe Cuisine,0.039,243.6,5.4,5.37,2026-02-10 12:00:00,2026-02-10 13:00:00
2001,TV Salle à manger,0.475,244.6,104.9,104.9,2026-02-10 13:00:00,2026-02-10 14:00:00
2002,Ecran,0.176,243.5,22.0,0.37,2026-02-10 13:00:00,2026-02-10 14:00:00
2005,Lampe Salle à manger,0.05,243.6,11.3,11.28,2026-02-10 13:00:00,2026-02-10 14:00:00
2007,Lampe Cuisine,0.038,243.7,5.4,4.92,2026-02-10 13:00:00,2026-02-10 14:00:00
2001,TV Salle à manger,0.432,245.5,95.2,95.21,2026-02-10 14:00:00,2026-02-10 15:00:00
2002,Ecran,0.172,245.1,21.8,6.18,2026-02-10 14:00:00,2026-02-10 15:00:00
2004,Cafetiere,2.494,245.1,299.4,9.98,2026-02-10 14:00:00,2026-02-10 15:00:00
2005,Lampe Salle à manger,0.05,244.5,11.3,11.29,2026-02-10 14:00:00,2026-02-10 15:00:00
2007,Lampe Cuisine,0.038,244.8,5.4,0.36,2026-02-10 14:00:00,2026-02-10 15:00:00
2001,TV Salle à manger,0.471,245.7,104.5,104.48,2026-02-10 15:00:00,2026-02-10 16:00:00
2002,Ecran,0.172,245.4,21.6,21.64,2026-02-10 15:00:00,2026-02-10 16:00:00
2005,Lampe Salle à manger,0.05,244.6,11.3,11.28,2026-02-10 15:00:00,2026-02-10 16:00:00
2001,TV Salle à manger,0.408,246.8,90.0,3.0,2026-02-10 16:00:00,2026-02-10 17:00:00
2002,Ecran,0.174,245.7,21.7,21.67,2026-02-10 16:00:00,2026-02-10 17:00:00
2005,Lampe Salle à manger,0.049,245.1,11.3,11.28,2026-02-10 16:00:00,2026-02-10 17:00:00
2002,Ecran,0.171,245.8,21.7,21.66,2026-02-10 17:00:00,2026-02-10 18:00:00
2005,Lampe Salle à manger,0.049,245.2,11.3,11.29,2026-02-10 17:00:00,2026-02-10 18:00:00
2001,TV Salle à manger,0.047,246.5,1.3,0.02,2026-02-10 18:00:00,2026-02-10 19:00:00
2002,Ecran,0.173,246.5,21.7,18.43,2026-02-10 18:00:00,2026-02-10 19:00:00
2005,Lampe Salle à manger,0.049,245.9,11.3,9.59,2026-02-10 18:00:00,2026-02-10 19:00:00
2008,Lampe Chambre,0.036,246.7,5.4,0.81,2026-02-10 18:00:00,2026-02-10 19:00:00
2008,Lampe Chambre,0.037,245.8,5.4,4.63,2026-02-10 19:00:00,2026-02-10 20:00:00
2001,TV Salle à manger,0.044,244.2,1.2,0.02,2026-02-10 23:00:00,2026-02-11 00:00:00
2005,Lampe Salle à manger,0.051,242.0,11.5,2.87,2026-02-11 00:00:00,2026-02-11 01:00:00
2007,Lampe Cuisine,0.038,242.1,5.3,1.33,2026-02-11 00:00:00,2026-02-11 01:00:00
2002,Ecran,0.175,243.1,21.9,0.73,2026-02-11 01:00:00,2026-02-11 02:00:00
2005,Lampe Salle à manger,0.05,241.9,11.3,11.28,2026-02-11 01:00:00,2026-02-11 02:00:00
2007,Lampe Cuisine,0.039,241.7,5.3,3.01,2026-02-11 01:00:00,2026-02-11 02:00:00
2002,Ecran,0.03,242.8,1.7,0.03,2026-02-11 02:00:00,2026-02-11 03:00:00
2005,Lampe Salle à manger,0.05,242.5,11.3,7.89,2026-02-11 02:00:00,2026-02-11 03:00:00
2001,TV Salle à manger,0.046,242.9,1.3,0.02,2026-02-11 06:00:00,2026-02-11 07:00:00
2001,TV Salle à manger,0.039,242.6,1.2,0.02,2026-02-11 07:00:00,2026-02-11 08:00:00
2006,PC Portable,0.342,245.5,42.8,12.85,2026-02-11 08:00:00,2026-02-11 09:00:00
2001,TV Salle à manger,0.035,246.2,1.1,0.02,2026-02-11 09:00:00,2026-02-11 10:00:00
2006,PC Portable,0.307,245.4,38.5,38.48,2026-02-11 09:00:00,2026-02-11 10:00:00
2004,Cafetiere,5.16,243.7,1063.0,35.44,2026-02-11 10:00:00,2026-02-11 11:00:00
2006,PC Portable,0.192,244.9,22.4,17.9,2026-02-11 10:00:00,2026-02-11 11:00:00
2007,Lampe Cuisine,0.038,243.9,5.3,0.18,2026-02-11 10:00:00,2026-02-11 11:00:00
2001,TV Salle à manger,0.036,244.1,1.0,0.02,2026-02-11 11:00:00,2026-02-11 12:00:00
2005,Lampe Salle à manger,0.05,243.0,11.3,10.96,2026-02-11 11:00:00,2026-02-11 12:00:00
2006,PC Portable,0.247,244.3,28.9,0.96,2026-02-11 11:00:00,2026-02-11 12:00:00
2007,Lampe Cuisine,0.039,243.1,5.4,5.17,2026-02-11 11:00:00,2026-02-11 12:00:00
2002,Ecran,0.177,243.4,22.2,4.8,2026-02-11 12:00:00,2026-02-11 13:00:00
2005,Lampe Salle à manger,0.05,242.8,11.3,11.28,2026-02-11 12:00:00,2026-02-11 13:00:00
2007,Lampe Cuisine,0.038,242.8,5.3,5.33,2026-02-11 12:00:00,2026-02-11 13:00:00
2005,Lampe Salle à manger,0.05,242.9,11.3,11.28,2026-02-11 13:00:00,2026-02-11 14:00:00
2007,Lampe Cuisine,0.038,243.0,5.4,5.35,2026-02-11 13:00:00,2026-02-11 14:00:00
2005,Lampe Salle à manger,0.05,243.3,11.3,11.27,2026-02-11 14:00:00,2026-02-11 15:00:00
2007,Lampe Cuisine,0.038,243.4,5.4,5.37,2026-02-11 14:00:00,2026-02-11 15:00:00
2008,Lampe Chambre,0.037,244.8,5.3,1.24,2026-02-11 14:00:00,2026-02-11 15:00:00
2001,TV Salle à manger,0.709,243.8,160.3,77.49,2026-02-11 15:00:00,2026-02-11 16:00:00
2002,Ecran,0.031,242.8,1.7,0.03,2026-02-11 15:00:00,2026-02-11 16:00:00
2005,Lampe Salle à manger,0.05,243.7,11.3,11.27,2026-02-11 15:00:00,2026-02-11 16:00:00
2007,Lampe Cuisine,0.038,244.7,5.4,1.26,2026-02-11 15:00:00,2026-02-11 16:00:00
2008,Lampe Chambre,0.037,245.7,5.3,0.62,2026-02-11 15:00:00,2026-02-11 16:00:00
2001,TV Salle à manger,0.713,243.6,161.2,77.89,2026-02-11 16:00:00,2026-02-11 17:00:00
2005,Lampe Salle à manger,0.05,242.5,11.3,5.82,2026-02-11 16:00:00,2026-02-11 17:00:00
2008,Lampe Chambre,0.037,244.1,5.3,2.75,2026-02-11 16:00:00,2026-02-11 17:00:00
2008,Lampe Chambre,0.037,244.5,5.3,2.3,2026-02-11 17:00:00,2026-02-11 18:00:00
2001,TV Salle à manger,0.037,245.3,1.1,0.02,2026-02-11 18:00:00,2026-02-11 19:00:00
2001,TV Salle à manger,0.039,246.2,1.0,0.02,2026-02-11 19:00:00,2026-02-11 20:00:00
2001,TV Salle à manger,0.028,246.1,1.0,0.02,2026-02-11 21:00:00,2026-02-11 22:00:00
2005,Lampe Salle à manger,0.051,242.1,11.5,2.87,2026-02-12 00:00:00,2026-02-12 01:00:00
2007,Lampe Cuisine,0.038,242.7,5.3,0.71,2026-02-12 00:00:00,2026-02-12 01:00:00
2001,TV Salle à manger,0.049,246.0,1.4,0.02,2026-02-12 01:00:00,2026-02-12 02:00:00
2002,Ecran,0.174,244.1,21.8,18.5,2026-02-12 02:00:00,2026-02-12 03:00:00
2004,Cafetiere,4.972,242.6,977.8,16.3,2026-02-12 02:00:00,2026-02-12 03:00:00
2005,Lampe Salle à manger,0.05,243.6,11.4,8.89,2026-02-12 02:00:00,2026-02-12 03:00:00
2002,Ecran,0.173,244.1,21.6,21.64,2026-02-12 03:00:00,2026-02-12 04:00:00
2002,Ecran,0.176,243.7,21.6,21.65,2026-02-12 04:00:00,2026-02-12 05:00:00
2002,Ecran,0.177,243.7,21.6,21.64,2026-02-12 05:00:00,2026-02-12 06:00:00
2004,Cafetiere,3.766,243.6,533.3,8.89,2026-02-12 05:00:00,2026-02-12 06:00:00
2002,Ecran,0.175,244.5,21.7,21.68,2026-02-12 06:00:00,2026-02-12 07:00:00
2002,Ecran,0.176,244.7,21.7,21.71,2026-02-12 07:00:00,2026-02-12 08:00:00
2001,TV Salle à manger,0.033,245.0,1.1,0.02,2026-02-12 08:00:00,2026-02-12 09:00:00
2002,Ecran,0.175,244.6,21.7,21.7,2026-02-12 08:00:00,2026-02-12 09:00:00
2001,TV Salle à manger,0.04,246.1,1.1,0.04,2026-02-12 09:00:00,2026-02-12 10:00:00
2002,Ecran,0.173,244.7,21.3,20.29,2026-02-12 09:00:00,2026-02-12 10:00:00
2004,Cafetiere,3.875,244.5,550.4,9.17,2026-02-12 09:00:00,2026-02-12 10:00:00
2007,Lampe Cuisine,0.039,244.2,5.4,2.06,2026-02-12 09:00:00,2026-02-12 10:00:00
2001,TV Salle à manger,0.703,244.3,159.4,69.07,2026-02-12 10:00:00,2026-02-12 11:00:00
2002,Ecran,0.176,244.5,21.7,21.67,2026-02-12 10:00:00,2026-02-12 11:00:00
2001,TV Salle à manger,0.699,244.6,158.5,158.46,2026-02-12 11:00:00,2026-02-12 12:00:00
2002,Ecran,0.173,243.3,21.7,0.72,2026-02-12 11:00:00,2026-02-12 12:00:00
2005,Lampe Salle à manger,0.05,243.5,11.4,11.15,2026-02-12 11:00:00,2026-02-12 12:00:00
2008,Lampe Chambre,0.037,245.1,5.3,1.33,2026-02-12 11:00:00,2026-02-12 12:00:00
2001,TV Salle à manger,0.708,244.9,160.8,160.81,2026-02-12 12:00:00,2026-02-12 13:00:00
2005,Lampe Salle à manger,0.05,243.8,11.3,11.29,2026-02-12 12:00:00,2026-02-12 13:00:00
2008,Lampe Chambre,0.037,245.3,5.3,5.33,2026-02-12 12:00:00,2026-02-12 13:00:00
2001,TV Salle à manger,0.486,246.1,108.3,108.28,2026-02-12 13:00:00,2026-02-12 14:00:00
2005,Lampe Salle à manger,0.049,245.1,11.3,11.28,2026-02-12 13:00:00,2026-02-12 14:00:00
2008,Lampe Chambre,0.037,246.5,5.4,5.38,2026-02-12 13:00:00,2026-02-12 14:00:00
2001,TV Salle à manger,0.423,245.9,93.1,93.1,2026-02-12 14:00:00,2026-02-12 15:00:00
2005,Lampe Salle à manger,0.05,244.8,11.3,11.27,2026-02-12 14:00:00,2026-02-12 15:00:00
2008,Lampe Chambre,0.037,246.2,5.4,5.36,2026-02-12 14:00:00,2026-02-12 15:00:00
2001,TV Salle à manger,0.454,245.6,100.4,81.95,2026-02-12 15:00:00,2026-02-12 16:00:00
2005,Lampe Salle à manger,0.05,244.2,11.3,11.28,2026-02-12 15:00:00,2026-02-12 16:00:00
2007,Lampe Cuisine,0.038,244.2,5.4,4.83,2026-02-12 15:00:00,2026-02-12 16:00:00
2008,Lampe Chambre,0.037,248.0,5.4,0.09,2026-02-12 15:00:00,2026-02-12 16:00:00
2001,TV Salle à manger,0.691,244.1,156.3,67.74,2026-02-12 16:00:00,2026-02-12 17:00:00
2005,Lampe Salle à manger,0.05,243.0,11.3,7.51,2026-02-12 16:00:00,2026-02-12 17:00:00
2007,Lampe Cuisine,0.038,243.1,5.4,0.71,2026-02-12 16:00:00,2026-02-12 17:00:00
2001,TV Salle à manger,0.047,244.9,1.3,0.02,2026-02-12 18:00:00,2026-02-12 19:00:00
2005,Lampe Salle à manger,0.051,244.3,11.6,1.92,2026-02-12 18:00:00,2026-02-12 19:00:00
2001,TV Salle à manger,0.04,245.4,1.1,0.02,2026-02-12 19:00:00,2026-02-12 20:00:00
2005,Lampe Salle à manger,0.05,244.3,11.3,11.29,2026-02-12 19:00:00,2026-02-12 20:00:00
2005,Lampe Salle à manger,0.049,244.7,11.3,4.88,2026-02-12 20:00:00,2026-02-12 21:00:00
2001,TV Salle à manger,0.041,243.2,1.2,0.02,2026-02-12 22:00:00,2026-02-12 23:00:00
2005,Lampe Salle à manger,0.051,242.0,11.5,1.92,2026-02-13 00:00:00,2026-02-13 01:00:00
2005,Lampe Salle à manger,0.05,241.6,11.3,2.45,2026-02-13 01:00:00,2026-02-13 02:00:00
2001,TV Salle à manger,0.042,245.9,1.2,0.02,2026-02-13 05:00:00,2026-02-13 06:00:00
2001,TV Salle à manger,0.715,243.7,161.9,10.8,2026-02-13 06:00:00,2026-02-13 07:00:00
2007,Lampe Cuisine,0.038,243.0,5.3,0.53,2026-02-13 06:00:00,2026-02-13 07:00:00
2001,TV Salle à manger,0.716,244.0,162.1,162.15,2026-02-13 07:00:00,2026-02-13 08:00:00
2001,TV Salle à manger,0.717,244.7,162.9,162.88,2026-02-13 08:00:00,2026-02-13 09:00:00
2003,Telephone / Tablette,0.114,244.7,14.7,0.49,2026-02-13 08:00:00,2026-02-13 09:00:00
2001,TV Salle à manger,0.719,244.9,163.5,163.49,2026-02-13 09:00:00,2026-02-13 10:00:00
2003,Telephone / Tablette,0.109,244.2,13.9,13.94,2026-02-13 09:00:00,2026-02-13 10:00:00
2001,TV Salle à manger,0.717,244.1,162.5,162.54,2026-02-13 10:00:00,2026-02-13 11:00:00
2003,Telephone / Tablette,0.054,243.5,6.2,3.63,2026-02-13 10:00:00,2026-02-13 11:00:00
2004,Cafetiere,3.16,242.7,553.0,36.87,2026-02-13 10:00:00,2026-02-13 11:00:00
2005,Lampe Salle à manger,0.05,243.1,11.4,9.27,2026-02-13 10:00:00,2026-02-13 11:00:00
2007,Lampe Cuisine,0.038,243.2,5.4,2.67,2026-02-13 10:00:00,2026-02-13 11:00:00
2001,TV Salle à manger,0.721,244.2,163.6,163.59,2026-02-13 11:00:00,2026-02-13 12:00:00
2002,Ecran,0.174,243.9,21.9,12.4,2026-02-13 11:00:00,2026-02-13 12:00:00
2005,Lampe Salle à manger,0.05,243.1,11.3,11.28,2026-02-13 11:00:00,2026-02-13 12:00:00
2007,Lampe Cuisine,0.038,243.4,5.4,5.36,2026-02-13 11:00:00,2026-02-13 12:00:00
2001,TV Salle à manger,0.484,244.9,107.2,107.23,2026-02-13 12:00:00,2026-02-13 13:00:00
2002,Ecran,0.165,244.9,20.5,5.11,2026-02-13 12:00:00,2026-02-13 13:00:00
2005,Lampe Salle à manger,0.05,243.9,11.3,11.29,2026-02-13 12:00:00,2026-02-13 13:00:00
2007,Lampe Cuisine,0.038,244.5,5.4,0.63,2026-02-13 12:00:00,2026-02-13 13:00:00
2001,TV Salle à manger,0.44,245.8,97.1,97.07,2026-02-13 13:00:00,2026-02-13 14:00:00
2005,Lampe Salle à manger,0.05,244.8,11.3,11.29,2026-02-13 13:00:00,2026-02-13 14:00:00
2001,TV Salle à manger,0.418,244.6,91.5,91.49,2026-02-13 14:00:00,2026-02-13 15:00:00
2005,Lampe Salle à manger,0.05,243.6,11.3,11.28,2026-02-13 14:00:00,2026-02-13 15:00:00
2001,TV Salle à manger,0.629,244.1,141.5,141.54,2026-02-13 15:00:00,2026-02-13 16:00:00
2005,Lampe Salle à manger,0.05,243.0,11.3,11.28,2026-02-13 15:00:00,2026-02-13 16:00:00
2001,TV Salle à manger,0.711,245.3,161.7,88.94,2026-02-13 16:00:00,2026-02-13 17:00:00
2003,Telephone / Tablette,0.076,244.9,9.5,6.79,2026-02-13 16:00:00,2026-02-13 17:00:00
2005,Lampe Salle à manger,0.05,244.2,11.3,6.02,2026-02-13 16:00:00,2026-02-13 17:00:00
2007,Lampe Cuisine,0.038,244.6,5.4,2.42,2026-02-13 16:00:00,2026-02-13 17:00:00
2008,Lampe Chambre,0.037,246.1,5.4,1.07,2026-02-13 16:00:00,2026-02-13 17:00:00
2001,TV Salle à manger,0.039,245.5,1.0,0.02,2026-02-13 17:00:00,2026-02-13 18:00:00
2003,Telephone / Tablette,0.058,244.5,6.9,0.12,2026-02-13 17:00:00,2026-02-13 18:00:00
2001,TV Salle à manger,0.05,245.8,1.4,0.02,2026-02-13 20:00:00,2026-02-13 21:00:00
2001,TV Salle à manger,0.051,245.2,1.4,0.02,2026-02-13 21:00:00,2026-02-13 22:00:00
2001,TV Salle à manger,0.038,244.5,1.0,0.02,2026-02-13 23:00:00,2026-02-14 00:00:00
2001,TV Salle à manger,0.618,241.5,137.5,112.26,2026-02-14 03:00:00,2026-02-14 04:00:00
2003,Telephone / Tablette,0.117,240.6,14.7,11.25,2026-02-14 03:00:00,2026-02-14 04:00:00
2004,Cafetiere,3.521,240.4,630.7,10.51,2026-02-14 03:00:00,2026-02-14 04:00:00
2007,Lampe Cuisine,0.038,240.4,5.3,3.25,2026-02-14 03:00:00,2026-02-14 04:00:00
2001,TV Salle à manger,0.507,243.7,112.2,112.23,2026-02-14 04:00:00,2026-02-14 05:00:00
2003,Telephone / Tablette,0.038,242.6,4.2,1.12,2026-02-14 04:00:00,2026-02-14 05:00:00
2007,Lampe Cuisine,0.038,243.0,5.3,2.93,2026-02-14 04:00:00,2026-02-14 05:00:00
2001,TV Salle à manger,0.036,243.2,1.1,0.02,2026-02-14 05:00:00,2026-02-14 06:00:00
2002,Ecran,0.166,244.3,21.0,8.77,2026-02-14 05:00:00,2026-02-14 06:00:00
2003,Telephone / Tablette,0.038,243.9,4.2,2.52,2026-02-14 05:00:00,2026-02-14 06:00:00
2004,Cafetiere,2.196,242.6,219.4,3.66,2026-02-14 05:00:00,2026-02-14 06:00:00
2007,Lampe Cuisine,0.038,243.9,5.4,0.27,2026-02-14 05:00:00,2026-02-14 06:00:00
2001,TV Salle à manger,0.046,244.8,1.3,0.04,2026-02-14 06:00:00,2026-02-14 07:00:00
2002,Ecran,0.171,244.8,21.7,21.66,2026-02-14 06:00:00,2026-02-14 07:00:00
2003,Telephone / Tablette,0.038,244.5,4.2,4.21,2026-02-14 06:00:00,2026-02-14 07:00:00
2002,Ecran,0.172,245.0,21.6,21.64,2026-02-14 07:00:00,2026-02-14 08:00:00
2003,Telephone / Tablette,0.035,244.7,3.8,3.76,2026-02-14 07:00:00,2026-02-14 08:00:00
2001,TV Salle à manger,0.652,246.0,148.1,59.26,2026-02-14 08:00:00,2026-02-14 09:00:00
2002,Ecran,0.173,245.2,21.6,8.29,2026-02-14 08:00:00,2026-02-14 09:00:00
2003,Telephone / Tablette,0.024,244.7,2.4,0.2,2026-02-14 08:00:00,2026-02-14 09:00:00
2007,Lampe Cuisine,0.038,244.9,5.4,1.08,2026-02-14 08:00:00,2026-02-14 09:00:00
2001,TV Salle à manger,0.709,245.3,161.4,161.41,2026-02-14 09:00:00,2026-02-14 10:00:00
2002,Ecran,0.173,243.7,22.0,0.37,2026-02-14 09:00:00,2026-02-14 10:00:00
2004,Cafetiere,4.514,243.0,940.2,62.68,2026-02-14 09:00:00,2026-02-14 10:00:00
2007,Lampe Cuisine,0.038,244.0,5.4,2.14,2026-02-14 09:00:00,2026-02-14 10:00:00
2001,TV Salle à manger,0.719,244.5,163.4,163.37,2026-02-14 10:00:00,2026-02-14 11:00:00
2004,Cafetiere,1.207,243.3,58.6,2.93,2026-02-14 10:00:00,2026-02-14 11:00:00
2005,Lampe Salle à manger,0.05,243.5,11.4,9.28,2026-02-14 10:00:00,2026-02-14 11:00:00
2007,Lampe Cuisine,0.038,243.7,5.4,5.34,2026-02-14 10:00:00,2026-02-14 11:00:00
2001,TV Salle à manger,0.723,243.3,163.5,163.53,2026-02-14 11:00:00,2026-02-14 12:00:00
2005,Lampe Salle à manger,0.05,242.2,11.3,11.27,2026-02-14 11:00:00,2026-02-14 12:00:00
2007,Lampe Cuisine,0.038,242.4,5.3,4.17,2026-02-14 11:00:00,2026-02-14 12:00:00
2001,TV Salle à manger,0.436,244.5,95.7,95.68,2026-02-14 12:00:00,2026-02-14 13:00:00
2005,Lampe Salle à manger,0.05,243.5,11.3,11.27,2026-02-14 12:00:00,2026-02-14 13:00:00
2007,Lampe Cuisine,0.038,243.9,5.3,2.13,2026-02-14 12:00:00,2026-02-14 13:00:00
2008,Lampe Chambre,0.037,245.1,5.3,3.72,2026-02-14 12:00:00,2026-02-14 13:00:00
2001,TV Salle à manger,0.483,244.6,107.0,106.96,2026-02-14 13:00:00,2026-02-14 14:00:00
2005,Lampe Salle à manger,0.05,243.6,11.3,11.28,2026-02-14 13:00:00,2026-02-14 14:00:00
2007,Lampe Cuisine,0.038,243.9,5.3,0.18,2026-02-14 13:00:00,2026-02-14 14:00:00
2008,Lampe Chambre,0.037,244.7,5.3,1.77,2026-02-14 13:00:00,2026-02-14 14:00:00
2001,TV Salle à manger,0.497,244.7,110.1,110.12,2026-02-14 14:00:00,2026-02-14 15:00:00
2002,Ecran,0.168,244.2,21.7,15.22,2026-02-14 14:00:00,2026-02-14 15:00:00
2004,Cafetiere,3.867,243.7,547.6,9.13,2026-02-14 14:00:00,2026-02-14 15:00:00
2005,Lampe Salle à manger,0.05,243.6,11.3,11.28,2026-02-14 14:00:00,2026-02-14 15:00:00
2007,Lampe Cuisine,0.038,244.2,5.3,0.18,2026-02-14 14:00:00,2026-02-14 15:00:00
2001,TV Salle à manger,0.489,244.2,108.1,59.46,2026-02-14 15:00:00,2026-02-14 16:00:00
2002,Ecran,0.17,244.2,21.7,21.67,2026-02-14 15:00:00,2026-02-14 16:00:00
2005,Lampe Salle à manger,0.05,243.5,11.3,11.27,2026-02-14 15:00:00,2026-02-14 16:00:00
2001,TV Salle à manger,0.05,245.2,1.4,0.02,2026-02-14 16:00:00,2026-02-14 17:00:00
2002,Ecran,0.169,245.1,21.7,21.69,2026-02-14 16:00:00,2026-02-14 17:00:00
2005,Lampe Salle à manger,0.05,244.5,11.3,11.29,2026-02-14 16:00:00,2026-02-14 17:00:00
2001,TV Salle à manger,0.04,245.1,1.1,0.02,2026-02-14 17:00:00,2026-02-14 18:00:00
2002,Ecran,0.169,245.3,21.6,14.44,2026-02-14 17:00:00,2026-02-14 18:00:00
2005,Lampe Salle à manger,0.05,244.7,11.3,7.71,2026-02-14 17:00:00,2026-02-14 18:00:00
2008,Lampe Chambre,0.037,245.5,5.3,1.59,2026-02-14 17:00:00,2026-02-14 18:00:00
2008,Lampe Chambre,0.037,245.4,5.3,5.32,2026-02-14 18:00:00,2026-02-14 19:00:00
2008,Lampe Chambre,0.038,246.0,5.4,0.89,2026-02-14 19:00:00,2026-02-14 20:00:00
2001,TV Salle à manger,0.038,246.6,1.0,0.02,2026-02-14 20:00:00,2026-02-14 21:00:00
2001,TV Salle à manger,0.041,245.6,1.2,0.04,2026-02-14 22:00:00,2026-02-14 23:00:00
2007,Lampe Cuisine,0.038,244.4,5.4,0.54,2026-02-14 22:00:00,2026-02-14 23:00:00
2001,TV Salle à manger,0.035,244.8,1.1,0.02,2026-02-14 23:00:00,2026-02-15 00:00:00
2001,TV Salle à manger,0.037,244.1,1.0,0.02,2026-02-15 03:00:00,2026-02-15 04:00:00
2001,TV Salle à manger,0.045,243.2,1.3,0.02,2026-02-15 04:00:00,2026-02-15 05:00:00
2002,Ecran,0.168,243.0,21.2,13.1,2026-02-15 04:00:00,2026-02-15 05:00:00
2004,Cafetiere,4.855,241.9,1099.9,54.99,2026-02-15 04:00:00,2026-02-15 05:00:00
2001,TV Salle à manger,0.042,244.6,1.1,0.08,2026-02-15 05:00:00,2026-02-15 06:00:00
2002,Ecran,0.171,244.0,21.5,15.76,2026-02-15 05:00:00,2026-02-15 06:00:00
2004,Cafetiere,6.516,241.9,1576.7,52.55,2026-02-15 05:00:00,2026-02-15 06:00:00
2007,Lampe Cuisine,0.038,243.4,5.4,0.36,2026-02-15 05:00:00,2026-02-15 06:00:00
2002,Ecran,0.175,243.7,21.6,21.65,2026-02-15 06:00:00,2026-02-15 07:00:00
2004,Cafetiere,6.816,241.3,1644.5,27.41,2026-02-15 06:00:00,2026-02-15 07:00:00
2007,Lampe Cuisine,0.038,243.2,5.3,0.98,2026-02-15 06:00:00,2026-02-15 07:00:00
2001,TV Salle à manger,0.041,244.6,1.1,0.04,2026-02-15 07:00:00,2026-02-15 08:00:00
2002,Ecran,0.174,244.3,21.6,17.68,2026-02-15 07:00:00,2026-02-15 08:00:00
2007,Lampe Cuisine,0.038,244.0,5.4,4.66,2026-02-15 08:00:00,2026-02-15 09:00:00
2001,TV Salle à manger,0.031,245.0,1.1,0.02,2026-02-15 09:00:00,2026-02-15 10:00:00
2002,Ecran,0.175,244.7,21.9,0.36,2026-02-15 09:00:00,2026-02-15 10:00:00
2007,Lampe Cuisine,0.038,244.4,5.4,0.09,2026-02-15 09:00:00,2026-02-15 10:00:00
2001,TV Salle à manger,0.033,245.1,1.1,0.02,2026-02-15 10:00:00,2026-02-15 11:00:00
2001,TV Salle à manger,0.443,244.8,97.3,14.59,2026-02-15 11:00:00,2026-02-15 12:00:00
2005,Lampe Salle à manger,0.051,244.0,11.5,2.88,2026-02-15 11:00:00,2026-02-15 12:00:00
2007,Lampe Cuisine,0.038,244.1,5.4,1.61,2026-02-15 11:00:00,2026-02-15 12:00:00
2008,Lampe Chambre,0.037,245.3,5.4,2.94,2026-02-15 11:00:00,2026-02-15 12:00:00
2001,TV Salle à manger,0.465,244.6,102.4,102.41,2026-02-15 12:00:00,2026-02-15 13:00:00
2005,Lampe Salle à manger,0.05,243.5,11.3,11.28,2026-02-15 12:00:00,2026-02-15 13:00:00
2007,Lampe Cuisine,0.038,243.7,5.4,5.36,2026-02-15 12:00:00,2026-02-15 13:00:00
2008,Lampe Chambre,0.037,245.0,5.3,5.32,2026-02-15 12:00:00,2026-02-15 13:00:00
2001,TV Salle à manger,0.425,243.8,92.6,37.03,2026-02-15 13:00:00,2026-02-15 14:00:00
2002,Ecran,0.174,243.8,21.8,13.05,2026-02-15 13:00:00,2026-02-15 14:00:00
2004,Cafetiere,5.111,241.4,1042.5,34.75,2026-02-15 13:00:00,2026-02-15 14:00:00
2005,Lampe Salle à manger,0.05,243.1,11.3,11.28,2026-02-15 13:00:00,2026-02-15 14:00:00
2007,Lampe Cuisine,0.038,242.9,5.4,2.05,2026-02-15 13:00:00,2026-02-15 14:00:00
2008,Lampe Chambre,0.037,244.3,5.3,0.88,2026-02-15 13:00:00,2026-02-15 14:00:00
2002,Ecran,0.174,243.5,21.7,21.66,2026-02-15 14:00:00,2026-02-15 15:00:00
2005,Lampe Salle à manger,0.05,242.9,11.3,11.28,2026-02-15 14:00:00,2026-02-15 15:00:00
2002,Ecran,0.174,244.0,21.7,18.42,2026-02-15 15:00:00,2026-02-15 16:00:00
2005,Lampe Salle à manger,0.05,243.3,11.3,6.76,2026-02-15 15:00:00,2026-02-15 16:00:00
2008,Lampe Chambre,0.037,244.8,5.3,0.27,2026-02-15 16:00:00,2026-02-15 17:00:00
2001,TV Salle à manger,0.036,244.4,1.1,0.02,2026-02-15 17:00:00,2026-02-15 18:00:00
2001,TV Salle à manger,0.031,244.7,1.0,0.02,2026-02-15 18:00:00,2026-02-15 19:00:00
2005,Lampe Salle à manger,0.051,240.8,11.5,2.68,2026-02-15 22:00:00,2026-02-15 23:00:00
2007,Lampe Cuisine,0.038,241.0,5.3,1.49,2026-02-15 22:00:00,2026-02-15 23:00:00
2001,TV Salle à manger,0.039,242.6,1.0,0.02,2026-02-15 23:00:00,2026-02-16 00:00:00
2002,Ecran,0.172,242.8,21.8,7.99,2026-02-15 23:00:00,2026-02-16 00:00:00
2004,Cafetiere,6.584,241.0,1587.1,26.45,2026-02-15 23:00:00,2026-02-16 00:00:00
2005,Lampe Salle à manger,0.05,240.1,11.3,5.45,2026-02-15 23:00:00,2026-02-16 00:00:00
2007,Lampe Cuisine,0.038,240.7,5.3,3.35,2026-02-15 23:00:00,2026-02-16 00:00:00
2001,TV Salle à manger,0.03,246.0,1.0,0.02,2026-02-16 00:00:00,2026-02-16 01:00:00
2002,Ecran,0.173,243.5,21.7,21.7,2026-02-16 00:00:00,2026-02-16 01:00:00
2002,Ecran,0.172,244.4,21.6,21.63,2026-02-16 01:00:00,2026-02-16 02:00:00
2002,Ecran,0.173,244.1,21.7,21.67,2026-02-16 02:00:00,2026-02-16 03:00:00
2002,Ecran,0.174,243.1,21.7,21.67,2026-02-16 03:00:00,2026-02-16 04:00:00
2004,Cafetiere,3.808,241.2,533.9,8.9,2026-02-16 03:00:00,2026-02-16 04:00:00
2002,Ecran,0.173,244.0,21.6,21.65,2026-02-16 04:00:00,2026-02-16 05:00:00
2002,Ecran,0.171,243.7,21.3,19.16,2026-02-16 05:00:00,2026-02-16 06:00:00
2004,Cafetiere,6.553,241.9,1582.7,52.75,2026-02-16 05:00:00,2026-02-16 06:00:00
2001,TV Salle à manger,0.038,244.8,1.1,0.02,2026-02-16 06:00:00,2026-02-16 07:00:00
2002,Ecran,0.172,244.8,21.6,21.59,2026-02-16 06:00:00,2026-02-16 07:00:00
2002,Ecran,0.173,245.1,21.7,15.56,2026-02-16 07:00:00,2026-02-16 08:00:00
2007,Lampe Cuisine,0.038,245.0,5.4,0.72,2026-02-16 07:00:00,2026-02-16 08:00:00
2002,Ecran,0.173,244.4,21.7,21.7,2026-02-16 08:00:00,2026-02-16 09:00:00
2002,Ecran,0.173,243.8,21.7,9.04,2026-02-16 09:00:00,2026-02-16 10:00:00
2001,TV Salle à manger,0.481,244.6,106.5,31.94,2026-02-16 10:00:00,2026-02-16 11:00:00
2005,Lampe Salle à manger,0.05,242.9,11.4,10.41,2026-02-16 10:00:00,2026-02-16 11:00:00
2001,TV Salle à manger,0.455,244.8,100.1,100.13,2026-02-16 11:00:00,2026-02-16 12:00:00
2005,Lampe Salle à manger,0.05,243.7,11.3,11.28,2026-02-16 11:00:00,2026-02-16 12:00:00
2007,Lampe Cuisine,0.038,244.0,5.4,4.67,2026-02-16 11:00:00,2026-02-16 12:00:00
2001,TV Salle à manger,0.702,245.8,159.8,159.83,2026-02-16 12:00:00,2026-02-16 13:00:00
2005,Lampe Salle à manger,0.05,244.7,11.3,11.29,2026-02-16 12:00:00,2026-02-16 13:00:00
2007,Lampe Cuisine,0.038,244.6,5.4,2.8,2026-02-16 12:00:00,2026-02-16 13:00:00
2008,Lampe Chambre,0.036,247.3,5.4,0.27,2026-02-16 12:00:00,2026-02-16 13:00:00
2001,TV Salle à manger,0.713,246.0,162.8,8.14,2026-02-16 13:00:00,2026-02-16 14:00:00
2003,Telephone / Tablette,0.123,243.8,16.1,6.18,2026-02-16 13:00:00,2026-02-16 14:00:00
2005,Lampe Salle à manger,0.05,244.9,11.3,0.75,2026-02-16 13:00:00,2026-02-16 14:00:00
2008,Lampe Chambre,0.036,245.2,5.4,2.59,2026-02-16 13:00:00,2026-02-16 14:00:00
2001,TV Salle à manger,0.039,244.2,1.1,0.02,2026-02-16 15:00:00,2026-02-16 16:00:00
2001,TV Salle à manger,0.709,244.6,161.0,29.51,2026-02-16 19:00:00,2026-02-16 20:00:00
2001,TV Salle à manger,0.714,243.6,161.5,161.51,2026-02-16 20:00:00,2026-02-16 21:00:00
2001,TV Salle à manger,0.719,242.6,162.1,162.05,2026-02-16 21:00:00,2026-02-16 22:00:00
2001,TV Salle à manger,0.717,243.2,161.7,161.73,2026-02-16 22:00:00,2026-02-16 23:00:00
2001,TV Salle à manger,0.717,243.0,161.7,161.69,2026-02-16 23:00:00,2026-02-17 00:00:00
2004,Cafetiere,5.26,241.4,1072.8,35.76,2026-02-16 23:00:00,2026-02-17 00:00:00
2005,Lampe Salle à manger,0.05,241.8,11.4,7.96,2026-02-16 23:00:00,2026-02-17 00:00:00
2007,Lampe Cuisine,0.038,242.5,5.3,1.06,2026-02-16 23:00:00,2026-02-17 00:00:00
2001,TV Salle à manger,0.712,244.8,161.7,161.74,2026-02-17 00:00:00,2026-02-17 01:00:00
2005,Lampe Salle à manger,0.05,243.5,11.3,1.32,2026-02-17 00:00:00,2026-02-17 01:00:00
2001,TV Salle à manger,0.365,245.9,79.1,2.64,2026-02-17 01:00:00,2026-02-17 02:00:00
2002,Ecran,0.172,245.6,22.0,0.73,2026-02-17 01:00:00,2026-02-17 02:00:00
2003,Telephone / Tablette,0.111,245.0,14.0,13.81,2026-02-17 01:00:00,2026-02-17 02:00:00
2002,Ecran,0.172,244.2,21.7,15.56,2026-02-17 02:00:00,2026-02-17 03:00:00
2003,Telephone / Tablette,0.045,244.0,5.2,5.22,2026-02-17 02:00:00,2026-02-17 03:00:00
2004,Cafetiere,6.345,242.3,1423.5,23.73,2026-02-17 02:00:00,2026-02-17 03:00:00
2002,Ecran,0.173,244.7,21.6,21.64,2026-02-17 03:00:00,2026-02-17 04:00:00
2003,Telephone / Tablette,0.02,244.5,2.0,0.27,2026-02-17 03:00:00,2026-02-17 04:00:00
2002,Ecran,0.171,245.3,21.6,21.62,2026-02-17 04:00:00,2026-02-17 05:00:00
2004,Cafetiere,6.48,243.1,1575.6,26.26,2026-02-17 04:00:00,2026-02-17 05:00:00
2002,Ecran,0.171,245.3,21.6,21.65,2026-02-17 05:00:00,2026-02-17 06:00:00
2002,Ecran,0.172,244.7,21.6,21.65,2026-02-17 06:00:00,2026-02-17 07:00:00
2004,Cafetiere,4.156,243.6,664.1,22.14,2026-02-17 06:00:00,2026-02-17 07:00:00
2002,Ecran,0.173,244.2,21.7,21.67,2026-02-17 07:00:00,2026-02-17 08:00:00
2001,TV Salle à manger,0.048,244.4,1.3,0.02,2026-02-17 08:00:00,2026-02-17 09:00:00
2002,Ecran,0.17,244.0,21.7,12.64,2026-02-17 08:00:00,2026-02-17 09:00:00
2007,Lampe Cuisine,0.038,242.2,5.3,1.59,2026-02-17 08:00:00,2026-02-17 09:00:00
2001,TV Salle à manger,0.719,243.6,162.6,116.55,2026-02-17 09:00:00,2026-02-17 10:00:00
2004,Cafetiere,6.404,240.4,1539.8,25.66,2026-02-17 09:00:00,2026-02-17 10:00:00
2005,Lampe Salle à manger,0.05,242.7,11.4,8.71,2026-02-17 09:00:00,2026-02-17 10:00:00
2007,Lampe Cuisine,0.039,242.8,5.3,5.33,2026-02-17 09:00:00,2026-02-17 10:00:00
2001,TV Salle à manger,0.719,243.4,162.5,162.51,2026-02-17 10:00:00,2026-02-17 11:00:00
2005,Lampe Salle à manger,0.05,242.3,11.3,11.28,2026-02-17 10:00:00,2026-02-17 11:00:00
2007,Lampe Cuisine,0.038,242.6,5.3,5.34,2026-02-17 10:00:00,2026-02-17 11:00:00
2001,TV Salle à manger,0.714,244.5,162.0,162.04,2026-02-17 11:00:00,2026-02-17 12:00:00
2005,Lampe Salle à manger,0.05,243.4,11.3,11.28,2026-02-17 11:00:00,2026-02-17 12:00:00
2007,Lampe Cuisine,0.038,243.7,5.4,5.36,2026-02-17 11:00:00,2026-02-17 12:00:00
2001,TV Salle à manger,0.69,245.7,156.9,156.93,2026-02-17 12:00:00,2026-02-17 13:00:00
2002,Ecran,0.154,246.2,19.4,2.59,2026-02-17 12:00:00,2026-02-17 13:00:00
2005,Lampe Salle à manger,0.05,244.7,11.3,11.29,2026-02-17 12:00:00,2026-02-17 13:00:00
2007,Lampe Cuisine,0.038,244.9,5.4,5.4,2026-02-17 12:00:00,2026-02-17 13:00:00
2008,Lampe Chambre,0.037,246.2,5.4,1.34,2026-02-17 12:00:00,2026-02-17 13:00:00
2001,TV Salle à manger,0.71,244.8,161.2,161.23,2026-02-17 13:00:00,2026-02-17 14:00:00
2005,Lampe Salle à manger,0.05,243.8,11.3,11.29,2026-02-17 13:00:00,2026-02-17 14:00:00
2007,Lampe Cuisine,0.038,244.1,5.4,5.37,2026-02-17 13:00:00,2026-02-17 14:00:00
2001,TV Salle à manger,0.715,243.4,161.6,86.2,2026-02-17 14:00:00,2026-02-17 15:00:00
2005,Lampe Salle à manger,0.05,242.4,11.3,6.2,2026-02-17 14:00:00,2026-02-17 15:00:00
2007,Lampe Cuisine,0.038,242.7,5.3,1.51,2026-02-17 14:00:00,2026-02-17 15:00:00
2008,Lampe Chambre,0.037,244.2,5.3,2.11,2026-02-17 14:00:00,2026-02-17 15:00:00
2001,TV Salle à manger,0.038,244.3,1.1,0.02,2026-02-17 15:00:00,2026-02-17 16:00:00
2008,Lampe Chambre,0.037,244.3,5.3,0.53,2026-02-17 15:00:00,2026-02-17 16:00:00
2001,TV Salle à manger,0.031,242.3,1.1,0.02,2026-02-17 16:00:00,2026-02-17 17:00:00
2001,TV Salle à manger,0.039,243.8,1.0,0.02,2026-02-17 20:00:00,2026-02-17 21:00:00
2001,TV Salle à manger,0.038,245.2,1.0,0.02,2026-02-17 21:00:00,2026-02-17 22:00:00
2001,TV Salle à manger,0.039,246.2,1.2,0.02,2026-02-17 22:00:00,2026-02-17 23:00:00
2005,Lampe Salle à manger,0.05,243.9,11.4,9.68,2026-02-17 22:00:00,2026-02-17 23:00:00
2007,Lampe Cuisine,0.039,244.0,5.4,4.47,2026-02-17 22:00:00,2026-02-17 23:00:00
2005,Lampe Salle à manger,0.05,242.4,11.3,4.33,2026-02-17 23:00:00,2026-02-18 00:00:00
2007,Lampe Cuisine,0.039,242.5,5.3,2.04,2026-02-17 23:00:00,2026-02-18 00:00:00
2004,Cafetiere,6.438,240.3,1547.2,25.79,2026-02-18 00:00:00,2026-02-18 01:00:00
2001,TV Salle à manger,0.04,243.8,1.2,0.02,2026-02-18 06:00:00,2026-02-18 07:00:00
2001,TV Salle à manger,0.04,243.2,1.2,0.02,2026-02-18 07:00:00,2026-02-18 08:00:00
2003,Telephone / Tablette,0.098,242.0,12.3,6.74,2026-02-18 08:00:00,2026-02-18 09:00:00
2005,Lampe Salle à manger,0.05,241.3,11.4,7.21,2026-02-18 08:00:00,2026-02-18 09:00:00
2007,Lampe Cuisine,0.038,241.6,5.3,4.07,2026-02-18 08:00:00,2026-02-18 09:00:00
2005,Lampe Salle à manger,0.05,240.4,11.3,11.27,2026-02-18 09:00:00,2026-02-18 10:00:00
2007,Lampe Cuisine,0.038,240.6,5.3,5.29,2026-02-18 09:00:00,2026-02-18 10:00:00
2001,TV Salle à manger,0.716,243.2,161.7,161.72,2026-02-18 10:00:00,2026-02-18 11:00:00
2005,Lampe Salle à manger,0.05,242.2,11.3,11.28,2026-02-18 10:00:00,2026-02-18 11:00:00
2007,Lampe Cuisine,0.038,242.5,5.3,5.33,2026-02-18 10:00:00,2026-02-18 11:00:00
2008,Lampe Chambre,0.037,244.3,5.3,1.15,2026-02-18 10:00:00,2026-02-18 11:00:00
2001,TV Salle à manger,0.711,244.6,161.3,161.28,2026-02-18 11:00:00,2026-02-18 12:00:00
2005,Lampe Salle à manger,0.05,243.6,11.3,11.28,2026-02-18 11:00:00,2026-02-18 12:00:00
2007,Lampe Cuisine,0.038,243.8,5.4,5.39,2026-02-18 11:00:00,2026-02-18 12:00:00
2008,Lampe Chambre,0.037,245.1,5.4,5.36,2026-02-18 11:00:00,2026-02-18 12:00:00
2001,TV Salle à manger,0.453,245.3,100.1,100.11,2026-02-18 12:00:00,2026-02-18 13:00:00
2005,Lampe Salle à manger,0.05,244.2,11.3,11.27,2026-02-18 12:00:00,2026-02-18 13:00:00
2007,Lampe Cuisine,0.038,244.5,5.4,3.96,2026-02-18 12:00:00,2026-02-18 13:00:00
2008,Lampe Chambre,0.037,245.7,5.4,3.76,2026-02-18 12:00:00,2026-02-18 13:00:00
2001,TV Salle à manger,0.466,243.7,102.3,100.64,2026-02-18 13:00:00,2026-02-18 14:00:00
2005,Lampe Salle à manger,0.05,242.7,11.3,11.27,2026-02-18 13:00:00,2026-02-18 14:00:00
2001,TV Salle à manger,0.046,245.0,1.3,0.02,2026-02-18 14:00:00,2026-02-18 15:00:00
2002,Ecran,0.175,243.5,21.7,21.72,2026-02-18 14:00:00,2026-02-18 15:00:00
2004,Cafetiere,2.894,242.4,559.6,27.98,2026-02-18 14:00:00,2026-02-18 15:00:00
2005,Lampe Salle à manger,0.05,242.9,11.3,11.27,2026-02-18 14:00:00,2026-02-18 15:00:00
2002,Ecran,0.173,244.7,21.6,21.63,2026-02-18 15:00:00,2026-02-18 16:00:00
2005,Lampe Salle à manger,0.05,244.1,11.3,11.27,2026-02-18 15:00:00,2026-02-18 16:00:00
2002,Ecran,0.173,244.2,21.7,21.68,2026-02-18 16:00:00,2026-02-18 17:00:00
2005,Lampe Salle à manger,0.05,243.6,11.3,11.26,2026-02-18 16:00:00,2026-02-18 17:00:00
2002,Ecran,0.173,244.0,21.7,9.76,2026-02-18 17:00:00,2026-02-18 18:00:00
2005,Lampe Salle à manger,0.05,243.5,11.3,5.07,2026-02-18 17:00:00,2026-02-18 18:00:00
2008,Lampe Chambre,0.037,245.4,5.4,3.04,2026-02-18 17:00:00,2026-02-18 18:00:00
2008,Lampe Chambre,0.037,245.6,5.4,5.35,2026-02-18 18:00:00,2026-02-18 19:00:00
2008,Lampe Chambre,0.037,245.8,5.4,4.56,2026-02-18 19:00:00,2026-02-18 20:00:00
2001,TV Salle à manger,0.04,242.6,1.1,0.06,2026-02-18 21:00:00,2026-02-18 22:00:00
2005,Lampe Salle à manger,0.05,245.7,11.5,2.88,2026-02-18 21:00:00,2026-02-18 22:00:00
2001,TV Salle à manger,0.038,246.1,1.0,0.02,2026-02-18 22:00:00,2026-02-18 23:00:00
2005,Lampe Salle à manger,0.05,244.4,11.3,10.71,2026-02-18 22:00:00,2026-02-18 23:00:00
2001,TV Salle à manger,0.048,243.7,1.3,0.02,2026-02-18 23:00:00,2026-02-19 00:00:00
2002,Ecran,0.172,242.3,21.8,5.81,2026-02-19 00:00:00,2026-02-19 01:00:00
2004,Cafetiere,1.848,241.9,176.9,11.79,2026-02-19 00:00:00,2026-02-19 01:00:00
2002,Ecran,0.172,244.4,21.8,5.45,2026-02-19 01:00:00,2026-02-19 02:00:00
2002,Ecran,0.168,243.9,21.0,9.1,2026-02-19 02:00:00,2026-02-19 03:00:00
2001,TV Salle à manger,0.03,245.8,1.0,0.02,2026-02-19 03:00:00,2026-02-19 04:00:00
2002,Ecran,0.174,244.0,21.7,21.69,2026-02-19 03:00:00,2026-02-19 04:00:00
2001,TV Salle à manger,0.036,243.4,1.1,0.02,2026-02-19 04:00:00,2026-02-19 05:00:00
2002,Ecran,0.175,243.4,21.7,18.07,2026-02-19 04:00:00,2026-02-19 05:00:00
2002,Ecran,0.173,244.0,21.7,21.7,2026-02-19 05:00:00,2026-02-19 06:00:00
2002,Ecran,0.173,244.9,21.6,21.65,2026-02-19 06:00:00,2026-02-19 07:00:00
2002,Ecran,0.171,244.8,21.4,21.0,2026-02-19 07:00:00,2026-02-19 08:00:00
2002,Ecran,0.174,243.0,21.7,14.84,2026-02-19 08:00:00,2026-02-19 09:00:00
2002,Ecran,0.176,242.2,21.7,15.58,2026-02-19 09:00:00,2026-02-19 10:00:00
2005,Lampe Salle à manger,0.05,242.9,11.4,5.13,2026-02-19 09:00:00,2026-02-19 10:00:00
2001,TV Salle à manger,0.716,244.2,162.5,121.88,2026-02-19 10:00:00,2026-02-19 11:00:00
2005,Lampe Salle à manger,0.05,243.1,11.3,11.27,2026-02-19 10:00:00,2026-02-19 11:00:00
2007,Lampe Cuisine,0.038,241.1,5.3,0.88,2026-02-19 10:00:00,2026-02-19 11:00:00
2001,TV Salle à manger,0.482,243.1,106.1,106.08,2026-02-19 11:00:00,2026-02-19 12:00:00
2005,Lampe Salle à manger,0.05,242.0,11.3,11.28,2026-02-19 11:00:00,2026-02-19 12:00:00
2007,Lampe Cuisine,0.038,242.2,5.3,5.32,2026-02-19 11:00:00,2026-02-19 12:00:00
2001,TV Salle à manger,0.411,243.5,89.4,58.1,2026-02-19 12:00:00,2026-02-19 13:00:00
2002,Ecran,0.174,244.4,21.8,7.27,2026-02-19 12:00:00,2026-02-19 13:00:00
2004,Cafetiere,6.483,242.1,1569.8,26.16,2026-02-19 12:00:00,2026-02-19 13:00:00
2005,Lampe Salle à manger,0.05,243.0,11.3,11.28,2026-02-19 12:00:00,2026-02-19 13:00:00
2007,Lampe Cuisine,0.038,243.3,5.4,0.27,2026-02-19 12:00:00,2026-02-19 13:00:00
2001,TV Salle à manger,0.032,244.3,1.3,0.02,2026-02-19 13:00:00,2026-02-19 14:00:00
2002,Ecran,0.174,243.7,21.7,21.68,2026-02-19 13:00:00,2026-02-19 14:00:00
2005,Lampe Salle à manger,0.05,243.1,11.3,11.28,2026-02-19 13:00:00,2026-02-19 14:00:00
2002,Ecran,0.174,243.6,21.7,18.08,2026-02-19 14:00:00,2026-02-19 15:00:00
2005,Lampe Salle à manger,0.05,243.1,11.3,10.9,2026-02-19 14:00:00,2026-02-19 15:00:00
2008,Lampe Chambre,0.037,244.9,5.3,0.71,2026-02-19 14:00:00,2026-02-19 15:00:00
2008,Lampe Chambre,0.037,245.4,5.3,5.32,2026-02-19 15:00:00,2026-02-19 16:00:00
2008,Lampe Chambre,0.037,244.9,5.3,5.33,2026-02-19 16:00:00,2026-02-19 17:00:00
2008,Lampe Chambre,0.037,245.0,5.3,0.18,2026-02-19 17:00:00,2026-02-19 18:00:00
2001,TV Salle à manger,0.036,244.6,1.2,0.02,2026-02-19 18:00:00,2026-02-19 19:00:00
2001,TV Salle à manger,0.034,242.3,1.1,0.02,2026-02-19 20:00:00,2026-02-19 21:00:00
2001,TV Salle à manger,0.036,243.8,1.1,0.04,2026-02-19 21:00:00,2026-02-19 22:00:00
2001,TV Salle à manger,0.038,244.2,1.1,0.02,2026-02-19 23:00:00,2026-02-20 00:00:00
2002,Ecran,0.169,244.0,21.8,6.9,2026-02-20 00:00:00,2026-02-20 01:00:00
2004,Cafetiere,3.934,241.6,837.6,27.92,2026-02-20 00:00:00,2026-02-20 01:00:00
2007,Lampe Cuisine,0.038,243.3,5.4,1.78,2026-02-20 00:00:00,2026-02-20 01:00:00
2001,TV Salle à manger,0.036,244.6,1.1,0.02,2026-02-20 01:00:00,2026-02-20 02:00:00
2002,Ecran,0.172,243.6,21.7,21.69,2026-02-20 01:00:00,2026-02-20 02:00:00
2007,Lampe Cuisine,0.038,243.6,5.4,0.8,2026-02-20 01:00:00,2026-02-20 02:00:00
2002,Ecran,0.173,243.7,21.7,21.68,2026-02-20 02:00:00,2026-02-20 03:00:00
2002,Ecran,0.173,244.1,21.7,21.66,2026-02-20 03:00:00,2026-02-20 04:00:00
2002,Ecran,0.174,245.0,21.7,21.67,2026-02-20 04:00:00,2026-02-20 05:00:00
2002,Ecran,0.17,244.8,21.3,19.91,2026-02-20 05:00:00,2026-02-20 06:00:00
2002,Ecran,0.176,242.5,21.7,21.66,2026-02-20 06:00:00,2026-02-20 07:00:00
2002,Ecran,0.174,242.3,21.6,13.34,2026-02-20 07:00:00,2026-02-20 08:00:00
2004,Cafetiere,3.809,241.2,533.8,8.9,2026-02-20 07:00:00,2026-02-20 08:00:00
2002,Ecran,0.148,241.2,18.3,3.35,2026-02-20 08:00:00,2026-02-20 09:00:00
2002,Ecran,0.174,240.9,21.7,18.45,2026-02-20 09:00:00,2026-02-20 10:00:00
2005,Lampe Salle à manger,0.05,241.1,11.4,5.12,2026-02-20 09:00:00,2026-02-20 10:00:00
2001,TV Salle à manger,0.037,242.2,1.1,0.02,2026-02-20 10:00:00,2026-02-20 11:00:00
2002,Ecran,0.17,241.9,21.3,17.71,2026-02-20 10:00:00,2026-02-20 11:00:00
2005,Lampe Salle à manger,0.05,241.4,11.3,11.27,2026-02-20 10:00:00,2026-02-20 11:00:00
2001,TV Salle à manger,0.032,244.2,1.2,0.02,2026-02-20 11:00:00,2026-02-20 12:00:00
2005,Lampe Salle à manger,0.05,242.6,11.3,11.27,2026-02-20 11:00:00,2026-02-20 12:00:00
2001,TV Salle à manger,0.037,245.2,1.1,0.04,2026-02-20 12:00:00,2026-02-20 13:00:00
2005,Lampe Salle à manger,0.05,243.3,11.3,11.27,2026-02-20 12:00:00,2026-02-20 13:00:00
2007,Lampe Cuisine,0.038,243.6,5.4,3.67,2026-02-20 12:00:00,2026-02-20 13:00:00
2008,Lampe Chambre,0.037,244.3,5.3,1.16,2026-02-20 12:00:00,2026-02-20 13:00:00
2002,Ecran,0.172,243.7,21.8,6.54,2026-02-20 13:00:00,2026-02-20 14:00:00
2005,Lampe Salle à manger,0.05,243.1,11.3,11.27,2026-02-20 13:00:00,2026-02-20 14:00:00
2007,Lampe Cuisine,0.038,243.4,5.4,2.6,2026-02-20 13:00:00,2026-02-20 14:00:00
2001,TV Salle à manger,0.033,244.8,1.1,0.02,2026-02-20 14:00:00,2026-02-20 15:00:00
2002,Ecran,0.172,244.5,21.7,16.28,2026-02-20 14:00:00,2026-02-20 15:00:00
2005,Lampe Salle à manger,0.05,243.5,11.3,3.57,2026-02-20 14:00:00,2026-02-20 15:00:00
2002,Ecran,0.174,244.3,21.7,21.67,2026-02-20 15:00:00,2026-02-20 16:00:00
2002,Ecran,0.171,244.6,21.7,21.32,2026-02-20 16:00:00,2026-02-20 17:00:00
2002,Ecran,0.173,243.9,21.7,13.0,2026-02-20 17:00:00,2026-02-20 18:00:00
2008,Lampe Chambre,0.037,245.8,5.4,1.88,2026-02-20 17:00:00,2026-02-20 18:00:00
2001,TV Salle à manger,0.039,246.2,1.1,0.02,2026-02-20 18:00:00,2026-02-20 19:00:00
2008,Lampe Chambre,0.037,246.2,5.4,4.38,2026-02-20 18:00:00,2026-02-20 19:00:00
2001,TV Salle à manger,0.036,245.5,1.1,0.02,2026-02-20 20:00:00,2026-02-20 21:00:00
2007,Lampe Cuisine,0.039,244.1,5.4,1.07,2026-02-20 21:00:00,2026-02-20 22:00:00
2001,TV Salle à manger,0.039,244.0,1.2,0.02,2026-02-21 00:00:00,2026-02-21 01:00:00
2001,TV Salle à manger,0.039,244.2,1.0,0.02,2026-02-21 01:00:00,2026-02-21 02:00:00
2001,TV Salle à manger,0.043,243.6,1.3,0.02,2026-02-21 02:00:00,2026-02-21 03:00:00
2004,Cafetiere,3.317,240.9,796.6,26.55,2026-02-21 05:00:00,2026-02-21 06:00:00
2007,Lampe Cuisine,0.038,242.2,5.3,1.06,2026-02-21 05:00:00,2026-02-21 06:00:00
2001,TV Salle à manger,0.709,242.9,159.8,146.49,2026-02-21 06:00:00,2026-02-21 07:00:00
2007,Lampe Cuisine,0.039,242.1,5.3,3.8,2026-02-21 06:00:00,2026-02-21 07:00:00
2001,TV Salle à manger,0.72,242.8,162.3,162.33,2026-02-21 07:00:00,2026-02-21 08:00:00
2007,Lampe Cuisine,0.039,242.0,5.3,5.31,2026-02-21 07:00:00,2026-02-21 08:00:00
2001,TV Salle à manger,0.72,242.3,162.0,162.01,2026-02-21 08:00:00,2026-02-21 09:00:00
2005,Lampe Salle à manger,0.05,240.8,11.4,5.31,2026-02-21 08:00:00,2026-02-21 09:00:00
2007,Lampe Cuisine,0.039,241.5,5.3,5.3,2026-02-21 08:00:00,2026-02-21 09:00:00
2001,TV Salle à manger,0.712,244.6,161.6,161.58,2026-02-21 09:00:00,2026-02-21 10:00:00
2005,Lampe Salle à manger,0.05,243.6,11.3,11.28,2026-02-21 09:00:00,2026-02-21 10:00:00
2007,Lampe Cuisine,0.038,243.8,5.4,5.36,2026-02-21 09:00:00,2026-02-21 10:00:00
2001,TV Salle à manger,0.71,246.1,162.1,162.1,2026-02-21 10:00:00,2026-02-21 11:00:00
2005,Lampe Salle à manger,0.049,245.1,11.3,11.28,2026-02-21 10:00:00,2026-02-21 11:00:00
2007,Lampe Cuisine,0.038,245.3,5.4,5.43,2026-02-21 10:00:00,2026-02-21 11:00:00
2001,TV Salle à manger,0.709,244.6,161.3,161.25,2026-02-21 11:00:00,2026-02-21 12:00:00
2005,Lampe Salle à manger,0.05,243.6,11.3,11.27,2026-02-21 11:00:00,2026-02-21 12:00:00
2007,Lampe Cuisine,0.038,243.8,5.4,5.4,2026-02-21 11:00:00,2026-02-21 12:00:00
2001,TV Salle à manger,0.714,244.0,162.0,161.98,2026-02-21 12:00:00,2026-02-21 13:00:00
2005,Lampe Salle à manger,0.05,242.9,11.3,11.28,2026-02-21 12:00:00,2026-02-21 13:00:00
2007,Lampe Cuisine,0.038,243.2,5.4,5.36,2026-02-21 12:00:00,2026-02-21 13:00:00
2001,TV Salle à manger,0.715,243.7,161.8,161.78,2026-02-21 13:00:00,2026-02-21 14:00:00
2005,Lampe Salle à manger,0.05,242.7,11.3,11.27,2026-02-21 13:00:00,2026-02-21 14:00:00
2007,Lampe Cuisine,0.038,243.0,5.4,4.74,2026-02-21 13:00:00,2026-02-21 14:00:00
2001,TV Salle à manger,0.709,244.5,160.9,160.91,2026-02-21 14:00:00,2026-02-21 15:00:00
2005,Lampe Salle à manger,0.05,243.5,11.3,11.26,2026-02-21 14:00:00,2026-02-21 15:00:00
2008,Lampe Chambre,0.037,245.2,5.3,4.71,2026-02-21 14:00:00,2026-02-21 15:00:00
2001,TV Salle à manger,0.71,245.6,161.6,161.57,2026-02-21 15:00:00,2026-02-21 16:00:00
2005,Lampe Salle à manger,0.049,244.5,11.3,11.28,2026-02-21 15:00:00,2026-02-21 16:00:00
2008,Lampe Chambre,0.037,246.1,5.4,5.36,2026-02-21 15:00:00,2026-02-21 16:00:00
2001,TV Salle à manger,0.712,246.1,162.4,162.44,2026-02-21 16:00:00,2026-02-21 17:00:00
2005,Lampe Salle à manger,0.049,245.0,11.3,11.26,2026-02-21 16:00:00,2026-02-21 17:00:00
2008,Lampe Chambre,0.037,246.5,5.4,5.37,2026-02-21 16:00:00,2026-02-21 17:00:00
2001,TV Salle à manger,0.708,246.6,161.7,161.69,2026-02-21 17:00:00,2026-02-21 18:00:00
2005,Lampe Salle à manger,0.049,245.5,11.3,11.27,2026-02-21 17:00:00,2026-02-21 18:00:00
2008,Lampe Chambre,0.038,247.0,5.4,5.39,2026-02-21 17:00:00,2026-02-21 18:00:00
2001,TV Salle à manger,0.709,247.0,162.3,21.65,2026-02-21 18:00:00,2026-02-21 19:00:00
2005,Lampe Salle à manger,0.049,245.9,11.3,1.5,2026-02-21 18:00:00,2026-02-21 19:00:00
2008,Lampe Chambre,0.038,247.6,5.4,1.62,2026-02-21 18:00:00,2026-02-21 19:00:00
2001,TV Salle à manger,0.038,247.5,1.0,0.02,2026-02-21 19:00:00,2026-02-21 20:00:00
2005,Lampe Salle à manger,0.051,246.5,11.6,0.97,2026-02-21 19:00:00,2026-02-21 20:00:00
2007,Lampe Cuisine,0.038,246.6,5.4,0.45,2026-02-21 19:00:00,2026-02-21 20:00:00
2001,TV Salle à manger,0.691,246.0,157.6,78.79,2026-02-21 20:00:00,2026-02-21 21:00:00
2005,Lampe Salle à manger,0.049,245.3,11.3,11.31,2026-02-21 20:00:00,2026-02-21 21:00:00
2007,Lampe Cuisine,0.039,245.6,5.4,4.5,2026-02-21 20:00:00,2026-02-21 21:00:00
2001,TV Salle à manger,0.709,245.9,161.5,161.52,2026-02-21 21:00:00,2026-02-21 22:00:00
2005,Lampe Salle à manger,0.049,244.9,11.3,11.28,2026-02-21 21:00:00,2026-02-21 22:00:00
2001,TV Salle à manger,0.715,245.8,162.9,162.88,2026-02-21 22:00:00,2026-02-21 23:00:00
2005,Lampe Salle à manger,0.049,244.7,11.3,11.28,2026-02-21 22:00:00,2026-02-21 23:00:00
2001,TV Salle à manger,0.701,245.6,159.3,63.71,2026-02-21 23:00:00,2026-02-22 00:00:00
2005,Lampe Salle à manger,0.05,244.5,11.3,4.7,2026-02-21 23:00:00,2026-02-22 00:00:00
2001,TV Salle à manger,0.038,245.5,1.0,0.02,2026-02-22 00:00:00,2026-02-22 01:00:00
2001,TV Salle à manger,0.036,244.1,1.1,0.02,2026-02-22 04:00:00,2026-02-22 05:00:00
2001,TV Salle à manger,0.042,244.4,1.2,0.04,2026-02-22 06:00:00,2026-02-22 07:00:00
2001,TV Salle à manger,0.039,243.9,1.2,0.02,2026-02-22 07:00:00,2026-02-22 08:00:00
2001,TV Salle à manger,0.714,242.6,161.0,5.37,2026-02-22 08:00:00,2026-02-22 09:00:00
2005,Lampe Salle à manger,0.051,241.7,11.7,0.58,2026-02-22 08:00:00,2026-02-22 09:00:00
2007,Lampe Cuisine,0.037,242.0,5.3,0.35,2026-02-22 08:00:00,2026-02-22 09:00:00
2001,TV Salle à manger,0.577,242.5,128.3,128.33,2026-02-22 09:00:00,2026-02-22 10:00:00
2005,Lampe Salle à manger,0.05,241.5,11.3,11.31,2026-02-22 09:00:00,2026-02-22 10:00:00
2007,Lampe Cuisine,0.038,241.6,5.3,5.29,2026-02-22 09:00:00,2026-02-22 10:00:00
2001,TV Salle à manger,0.447,243.7,97.9,97.87,2026-02-22 10:00:00,2026-02-22 11:00:00
2005,Lampe Salle à manger,0.05,242.6,11.3,11.28,2026-02-22 10:00:00,2026-02-22 11:00:00
2007,Lampe Cuisine,0.038,242.8,5.3,4.35,2026-02-22 10:00:00,2026-02-22 11:00:00
2001,TV Salle à manger,0.429,244.2,94.0,93.99,2026-02-22 11:00:00,2026-02-22 12:00:00
2005,Lampe Salle à manger,0.05,243.1,11.3,11.28,2026-02-22 11:00:00,2026-02-22 12:00:00
2001,TV Salle à manger,0.432,244.9,94.8,94.84,2026-02-22 12:00:00,2026-02-22 13:00:00
2005,Lampe Salle à manger,0.05,243.8,11.3,11.29,2026-02-22 12:00:00,2026-02-22 13:00:00
2007,Lampe Cuisine,0.038,244.0,5.4,4.57,2026-02-22 12:00:00,2026-02-22 13:00:00
2001,TV Salle à manger,0.441,244.7,96.8,88.72,2026-02-22 13:00:00,2026-02-22 14:00:00
2005,Lampe Salle à manger,0.05,243.7,11.3,10.34,2026-02-22 13:00:00,2026-02-22 14:00:00
2007,Lampe Cuisine,0.038,244.1,5.4,2.34,2026-02-22 13:00:00,2026-02-22 14:00:00
2008,Lampe Chambre,0.036,245.3,5.3,0.18,2026-02-22 13:00:00,2026-02-22 14:00:00
2008,Lampe Chambre,0.037,245.7,5.4,5.37,2026-02-22 14:00:00,2026-02-22 15:00:00
2008,Lampe Chambre,0.037,246.0,5.3,2.49,2026-02-22 15:00:00,2026-02-22 16:00:00
2001,TV Salle à manger,0.051,246.6,1.4,0.02,2026-02-22 16:00:00,2026-02-22 17:00:00
2005,Lampe Salle à manger,0.05,244.1,11.4,5.32,2026-02-22 20:00:00,2026-02-22 21:00:00
2007,Lampe Cuisine,0.039,244.3,5.4,0.89,2026-02-22 20:00:00,2026-02-22 21:00:00
2008,Lampe Chambre,0.037,244.3,5.3,0.53,2026-02-22 20:00:00,2026-02-22 21:00:00
2001,TV Salle à manger,0.051,244.8,1.4,0.02,2026-02-22 21:00:00,2026-02-22 22:00:00
2008,Lampe Chambre,0.037,244.9,5.3,0.53,2026-02-22 21:00:00,2026-02-22 22:00:00
2001,TV Salle à manger,0.028,242.6,1.2,0.02,2026-02-22 22:00:00,2026-02-22 23:00:00
2001,TV Salle à manger,0.048,246.2,1.4,0.02,2026-02-22 23:00:00,2026-02-23 00:00:00
2001,TV Salle à manger,0.038,246.4,1.0,0.02,2026-02-23 00:00:00,2026-02-23 01:00:00
2001,TV Salle à manger,0.044,245.5,1.2,0.04,2026-02-23 03:00:00,2026-02-23 04:00:00
2001,TV Salle à manger,0.038,246.2,1.0,0.02,2026-02-23 04:00:00,2026-02-23 05:00:00
2001,TV Salle à manger,0.039,245.7,1.0,0.02,2026-02-23 05:00:00,2026-02-23 06:00:00
2001,TV Salle à manger,0.038,245.7,1.2,0.02,2026-02-23 09:00:00,2026-02-23 10:00:00
2005,Lampe Salle à manger,0.05,245.2,11.4,8.71,2026-02-23 09:00:00,2026-02-23 10:00:00
2005,Lampe Salle à manger,0.05,244.7,11.3,11.29,2026-02-23 10:00:00,2026-02-23 11:00:00
2007,Lampe Cuisine,0.038,243.4,5.3,0.88,2026-02-23 10:00:00,2026-02-23 11:00:00
2001,TV Salle à manger,0.644,245.2,145.6,14.56,2026-02-23 11:00:00,2026-02-23 12:00:00
2005,Lampe Salle à manger,0.05,243.9,11.3,11.27,2026-02-23 11:00:00,2026-02-23 12:00:00
2007,Lampe Cuisine,0.039,244.0,5.4,5.37,2026-02-23 11:00:00,2026-02-23 12:00:00
2001,TV Salle à manger,0.707,245.2,160.7,160.75,2026-02-23 12:00:00,2026-02-23 13:00:00
2005,Lampe Salle à manger,0.05,244.2,11.3,11.28,2026-02-23 12:00:00,2026-02-23 13:00:00
2007,Lampe Cuisine,0.038,244.5,5.4,4.85,2026-02-23 12:00:00,2026-02-23 13:00:00
2008,Lampe Chambre,0.037,246.2,5.3,0.18,2026-02-23 12:00:00,2026-02-23 13:00:00
2001,TV Salle à manger,0.707,245.0,160.7,160.72,2026-02-23 13:00:00,2026-02-23 14:00:00
2005,Lampe Salle à manger,0.05,244.0,11.3,11.28,2026-02-23 13:00:00,2026-02-23 14:00:00
2001,TV Salle à manger,0.583,245.6,130.4,13.04,2026-02-23 14:00:00,2026-02-23 15:00:00
2005,Lampe Salle à manger,0.049,244.4,11.3,0.94,2026-02-23 14:00:00,2026-02-23 15:00:00
2008,Lampe Chambre,0.037,246.8,5.4,3.58,2026-02-23 14:00:00,2026-02-23 15:00:00
2001,TV Salle à manger,0.036,247.9,1.5,0.03,2026-02-23 18:00:00,2026-02-23 19:00:00
2005,Lampe Salle à manger,0.05,244.2,11.4,5.14,2026-02-23 20:00:00,2026-02-23 21:00:00
2008,Lampe Chambre,0.037,245.0,5.3,1.68,2026-02-23 20:00:00,2026-02-23 21:00:00
2008,Lampe Chambre,0.027,245.6,3.8,0.12,2026-02-23 21:00:00,2026-02-23 22:00:00
2001,TV Salle à manger,0.039,243.6,1.2,0.02,2026-02-23 22:00:00,2026-02-23 23:00:00
2002,Ecran,0.174,243.6,21.8,7.99,2026-02-23 23:00:00,2026-02-24 00:00:00
2002,Ecran,0.175,242.6,21.7,21.68,2026-02-24 00:00:00,2026-02-24 01:00:00
2002,Ecran,0.174,242.6,21.6,19.82,2026-02-24 01:00:00,2026-02-24 02:00:00
2002,Ecran,0.172,243.4,21.2,19.43,2026-02-24 02:00:00,2026-02-24 03:00:00
2002,Ecran,0.177,241.6,21.8,11.97,2026-02-24 04:00:00,2026-02-24 05:00:00
2002,Ecran,0.175,242.7,21.6,21.66,2026-02-24 05:00:00,2026-02-24 06:00:00
2001,TV Salle à manger,0.044,243.6,1.3,0.02,2026-02-24 06:00:00,2026-02-24 07:00:00
2002,Ecran,0.175,242.6,21.7,19.51,2026-02-24 06:00:00,2026-02-24 07:00:00
2001,TV Salle à manger,0.039,242.4,1.1,0.02,2026-02-24 07:00:00,2026-02-24 08:00:00
2002,Ecran,0.167,242.5,20.7,8.63,2026-02-24 07:00:00,2026-02-24 08:00:00
2007,Lampe Cuisine,0.039,241.9,5.3,2.11,2026-02-24 07:00:00,2026-02-24 08:00:00
2002,Ecran,0.17,242.0,21.0,10.16,2026-02-24 08:00:00,2026-02-24 09:00:00
2005,Lampe Salle à manger,0.051,241.1,11.6,1.55,2026-02-24 08:00:00,2026-02-24 09:00:00
2007,Lampe Cuisine,0.039,241.0,5.3,5.28,2026-02-24 08:00:00,2026-02-24 09:00:00
2001,TV Salle à manger,0.554,245.3,124.2,113.88,2026-02-24 09:00:00,2026-02-24 10:00:00
2002,Ecran,0.104,242.3,11.8,0.39,2026-02-24 09:00:00,2026-02-24 10:00:00
2005,Lampe Salle à manger,0.05,244.1,11.3,11.33,2026-02-24 09:00:00,2026-02-24 10:00:00
2007,Lampe Cuisine,0.039,244.0,5.4,4.65,2026-02-24 09:00:00,2026-02-24 10:00:00
2001,TV Salle à manger,0.47,244.0,103.7,103.71,2026-02-24 10:00:00,2026-02-24 11:00:00
2004,Cafetiere,6.503,241.6,1571.6,52.39,2026-02-24 10:00:00,2026-02-24 11:00:00
2005,Lampe Salle à manger,0.05,243.0,11.3,11.29,2026-02-24 10:00:00,2026-02-24 11:00:00
2001,TV Salle à manger,0.421,244.1,91.8,91.82,2026-02-24 11:00:00,2026-02-24 12:00:00
2002,Ecran,0.172,243.8,21.7,21.33,2026-02-24 11:00:00,2026-02-24 12:00:00
2005,Lampe Salle à manger,0.05,243.1,11.3,11.29,2026-02-24 11:00:00,2026-02-24 12:00:00
2007,Lampe Cuisine,0.038,243.3,5.4,3.12,2026-02-24 11:00:00,2026-02-24 12:00:00
2008,Lampe Chambre,0.037,244.0,5.3,0.44,2026-02-24 11:00:00,2026-02-24 12:00:00
2001,TV Salle à manger,0.413,244.4,90.1,3.0,2026-02-24 12:00:00,2026-02-24 13:00:00
2002,Ecran,0.172,244.3,21.6,21.64,2026-02-24 12:00:00,2026-02-24 13:00:00
2005,Lampe Salle à manger,0.05,243.6,11.3,11.28,2026-02-24 12:00:00,2026-02-24 13:00:00
2002,Ecran,0.173,244.4,21.6,21.65,2026-02-24 13:00:00,2026-02-24 14:00:00
2004,Cafetiere,6.494,242.2,1573.4,26.22,2026-02-24 13:00:00,2026-02-24 14:00:00
2005,Lampe Salle à manger,0.05,243.8,11.3,11.29,2026-02-24 13:00:00,2026-02-24 14:00:00
2007,Lampe Cuisine,0.037,243.0,5.3,0.27,2026-02-24 13:00:00,2026-02-24 14:00:00
2002,Ecran,0.172,245.7,21.7,21.67,2026-02-24 14:00:00,2026-02-24 15:00:00
2005,Lampe Salle à manger,0.049,245.1,11.3,11.31,2026-02-24 14:00:00,2026-02-24 15:00:00
2001,TV Salle à manger,0.033,246.0,1.0,0.02,2026-02-24 15:00:00,2026-02-24 16:00:00
2002,Ecran,0.173,245.5,21.7,21.68,2026-02-24 15:00:00,2026-02-24 16:00:00
2005,Lampe Salle à manger,0.049,245.0,11.3,11.28,2026-02-24 15:00:00,2026-02-24 16:00:00
2002,Ecran,0.168,245.7,21.1,11.61,2026-02-24 16:00:00,2026-02-24 17:00:00
2005,Lampe Salle à manger,0.049,245.1,11.3,6.21,2026-02-24 16:00:00,2026-02-24 17:00:00
2008,Lampe Chambre,0.038,246.4,5.4,2.41,2026-02-24 16:00:00,2026-02-24 17:00:00
2001,TV Salle à manger,0.036,246.7,1.1,0.02,2026-02-24 17:00:00,2026-02-24 18:00:00
2008,Lampe Chambre,0.038,246.6,5.4,3.04,2026-02-24 17:00:00,2026-02-24 18:00:00
2008,Lampe Chambre,0.037,244.0,5.3,0.53,2026-02-24 20:00:00,2026-02-24 21:00:00
2002,Ecran,0.162,242.4,20.4,4.42,2026-02-24 23:00:00,2026-02-25 00:00:00
2002,Ecran,0.173,243.4,21.6,21.66,2026-02-25 00:00:00,2026-02-25 01:00:00
2002,Ecran,0.172,244.8,21.6,21.66,2026-02-25 01:00:00,2026-02-25 02:00:00
2002,Ecran,0.173,245.0,21.6,12.62,2026-02-25 02:00:00,2026-02-25 03:00:00
2002,Ecran,0.17,245.9,21.8,8.71,2026-02-25 03:00:00,2026-02-25 04:00:00
2002,Ecran,0.172,244.5,21.7,21.68,2026-02-25 04:00:00,2026-02-25 05:00:00
2002,Ecran,0.173,244.9,21.6,21.65,2026-02-25 05:00:00,2026-02-25 06:00:00
2002,Ecran,0.174,245.2,21.7,21.67,2026-02-25 06:00:00,2026-02-25 07:00:00
2003,Telephone / Tablette,0.105,245.0,13.5,1.58,2026-02-25 06:00:00,2026-02-25 07:00:00
2002,Ecran,0.173,244.4,21.6,21.65,2026-02-25 07:00:00,2026-02-25 08:00:00
2003,Telephone / Tablette,0.095,244.2,12.1,12.11,2026-02-25 07:00:00,2026-02-25 08:00:00
2002,Ecran,0.176,243.2,21.6,10.1,2026-02-25 08:00:00,2026-02-25 09:00:00
2003,Telephone / Tablette,0.039,242.8,4.4,2.55,2026-02-25 08:00:00,2026-02-25 09:00:00
2005,Lampe Salle à manger,0.051,242.6,11.5,2.69,2026-02-25 08:00:00,2026-02-25 09:00:00
2001,TV Salle à manger,0.72,244.5,163.7,106.38,2026-02-25 09:00:00,2026-02-25 10:00:00
2005,Lampe Salle à manger,0.05,243.8,11.3,11.28,2026-02-25 09:00:00,2026-02-25 10:00:00
2007,Lampe Cuisine,0.038,244.4,5.4,3.5,2026-02-25 09:00:00,2026-02-25 10:00:00
2001,TV Salle à manger,0.639,243.9,143.8,143.8,2026-02-25 10:00:00,2026-02-25 11:00:00
2002,Ecran,0.105,243.4,12.3,0.41,2026-02-25 10:00:00,2026-02-25 11:00:00
2005,Lampe Salle à manger,0.05,242.9,11.3,11.27,2026-02-25 10:00:00,2026-02-25 11:00:00
2008,Lampe Chambre,0.037,244.5,5.3,2.57,2026-02-25 10:00:00,2026-02-25 11:00:00
2001,TV Salle à manger,0.422,245.6,92.7,92.65,2026-02-25 11:00:00,2026-02-25 12:00:00
2005,Lampe Salle à manger,0.049,244.5,11.3,11.27,2026-02-25 11:00:00,2026-02-25 12:00:00
2007,Lampe Cuisine,0.038,244.8,5.4,4.05,2026-02-25 11:00:00,2026-02-25 12:00:00
2008,Lampe Chambre,0.037,246.0,5.4,3.67,2026-02-25 11:00:00,2026-02-25 12:00:00
2001,TV Salle à manger,0.417,244.9,91.2,16.72,2026-02-25 12:00:00,2026-02-25 13:00:00
2005,Lampe Salle à manger,0.05,243.8,11.3,2.44,2026-02-25 12:00:00,2026-02-25 13:00:00
2008,Lampe Chambre,0.037,245.5,5.4,4.2,2026-02-25 12:00:00,2026-02-25 13:00:00
2001,TV Salle à manger,0.037,245.4,1.1,0.04,2026-02-25 13:00:00,2026-02-25 14:00:00
2008,Lampe Chambre,0.037,245.7,5.4,5.36,2026-02-25 13:00:00,2026-02-25 14:00:00
2008,Lampe Chambre,0.037,246.7,5.4,1.44,2026-02-25 14:00:00,2026-02-25 15:00:00
2004,Cafetiere,6.617,243.6,1586.7,52.89,2026-02-25 20:00:00,2026-02-25 21:00:00
2007,Lampe Cuisine,0.039,244.0,5.4,0.71,2026-02-25 20:00:00,2026-02-25 21:00:00
2002,Ecran,0.031,244.2,1.7,0.03,2026-02-25 21:00:00,2026-02-25 22:00:00
2007,Lampe Cuisine,0.039,243.6,5.4,3.65,2026-02-25 21:00:00,2026-02-25 22:00:00
2001,TV Salle à manger,0.035,243.4,1.0,0.02,2026-02-26 00:00:00,2026-02-26 01:00:00
2001,TV Salle à manger,0.037,242.8,1.0,0.02,2026-02-26 01:00:00,2026-02-26 02:00:00
2006,PC Portable,0.343,242.3,42.9,18.57,2026-02-26 07:00:00,2026-02-26 08:00:00
2005,Lampe Salle à manger,0.05,243.5,11.4,8.33,2026-02-26 08:00:00,2026-02-26 09:00:00
2006,PC Portable,0.26,243.9,31.9,31.88,2026-02-26 08:00:00,2026-02-26 09:00:00
2007,Lampe Cuisine,0.039,243.1,5.3,5.07,2026-02-26 08:00:00,2026-02-26 09:00:00
2001,TV Salle à manger,0.704,245.2,160.1,122.71,2026-02-26 09:00:00,2026-02-26 10:00:00
2005,Lampe Salle à manger,0.05,244.4,11.3,11.28,2026-02-26 09:00:00,2026-02-26 10:00:00
2006,PC Portable,0.072,246.0,6.8,4.79,2026-02-26 09:00:00,2026-02-26 10:00:00
2007,Lampe Cuisine,0.039,244.6,5.4,5.39,2026-02-26 09:00:00,2026-02-26 10:00:00
2001,TV Salle à manger,0.601,243.8,134.7,134.69,2026-02-26 10:00:00,2026-02-26 11:00:00
2005,Lampe Salle à manger,0.05,242.8,11.3,11.28,2026-02-26 10:00:00,2026-02-26 11:00:00
2007,Lampe Cuisine,0.038,243.0,5.4,5.34,2026-02-26 10:00:00,2026-02-26 11:00:00
2008,Lampe Chambre,0.037,244.2,5.3,1.77,2026-02-26 10:00:00,2026-02-26 11:00:00
2001,TV Salle à manger,0.426,244.3,93.2,93.17,2026-02-26 11:00:00,2026-02-26 12:00:00
2005,Lampe Salle à manger,0.05,243.3,11.3,11.28,2026-02-26 11:00:00,2026-02-26 12:00:00
2007,Lampe Cuisine,0.038,243.3,5.4,4.3,2026-02-26 11:00:00,2026-02-26 12:00:00
2008,Lampe Chambre,0.037,244.5,5.3,3.28,2026-02-26 11:00:00,2026-02-26 12:00:00
2001,TV Salle à manger,0.427,245.3,94.0,31.33,2026-02-26 12:00:00,2026-02-26 13:00:00
2005,Lampe Salle à manger,0.05,244.2,11.3,3.57,2026-02-26 12:00:00,2026-02-26 13:00:00
2001,TV Salle à manger,0.043,246.1,1.3,0.02,2026-02-26 16:00:00,2026-02-26 17:00:00
2001,TV Salle à manger,0.032,246.3,1.0,0.02,2026-02-26 17:00:00,2026-02-26 18:00:00
2001,TV Salle à manger,0.712,244.4,161.3,48.41,2026-02-26 19:00:00,2026-02-26 20:00:00
2001,TV Salle à manger,0.707,243.9,159.9,109.27,2026-02-26 20:00:00,2026-02-26 21:00:00
2004,Cafetiere,3.752,242.2,797.6,26.59,2026-02-26 20:00:00,2026-02-26 21:00:00
2008,Lampe Chambre,0.038,243.7,5.3,4.67,2026-02-26 21:00:00,2026-02-26 22:00:00
2001,TV Salle à manger,0.047,243.0,1.3,0.02,2026-02-26 22:00:00,2026-02-26 23:00:00
2002,Ecran,0.173,243.0,21.9,4.0,2026-02-26 22:00:00,2026-02-26 23:00:00
2008,Lampe Chambre,0.037,243.6,5.3,1.15,2026-02-26 22:00:00,2026-02-26 23:00:00
2002,Ecran,0.173,243.3,21.6,21.66,2026-02-26 23:00:00,2026-02-27 00:00:00
2002,Ecran,0.173,243.8,21.7,21.67,2026-02-27 00:00:00,2026-02-27 01:00:00
2001,TV Salle à manger,0.033,244.5,1.1,0.02,2026-02-27 01:00:00,2026-02-27 02:00:00
2002,Ecran,0.173,244.1,21.7,21.67,2026-02-27 01:00:00,2026-02-27 02:00:00
2001,TV Salle à manger,0.0,244.5,1.0,0.02,2026-02-27 02:00:00,2026-02-27 03:00:00
2002,Ecran,0.174,243.5,21.7,21.67,2026-02-27 02:00:00,2026-02-27 03:00:00
2001,TV Salle à manger,0.037,244.8,1.0,0.02,2026-02-27 03:00:00,2026-02-27 04:00:00
2002,Ecran,0.173,243.4,21.7,21.66,2026-02-27 03:00:00,2026-02-27 04:00:00
2002,Ecran,0.173,243.9,21.6,21.65,2026-02-27 04:00:00,2026-02-27 05:00:00
2002,Ecran,0.173,243.6,21.6,9.38,2026-02-27 05:00:00,2026-02-27 06:00:00
2003,Telephone / Tablette,0.038,243.0,4.2,1.47,2026-02-27 05:00:00,2026-02-27 06:00:00
2002,Ecran,0.031,244.4,1.7,0.03,2026-02-27 06:00:00,2026-02-27 07:00:00
2001,TV Salle à manger,0.039,242.9,1.2,0.02,2026-02-27 07:00:00,2026-02-27 08:00:00
2001,TV Salle à manger,0.684,245.0,155.5,49.24,2026-02-27 08:00:00,2026-02-27 09:00:00
2004,Cafetiere,2.823,240.1,541.4,27.07,2026-02-27 08:00:00,2026-02-27 09:00:00
2005,Lampe Salle à manger,0.05,243.0,11.4,6.82,2026-02-27 08:00:00,2026-02-27 09:00:00
2007,Lampe Cuisine,0.038,241.9,5.3,4.96,2026-02-27 08:00:00,2026-02-27 09:00:00
2001,TV Salle à manger,0.562,244.0,125.6,125.64,2026-02-27 09:00:00,2026-02-27 10:00:00
2005,Lampe Salle à manger,0.05,243.0,11.3,11.27,2026-02-27 09:00:00,2026-02-27 10:00:00
2007,Lampe Cuisine,0.038,243.2,5.4,5.34,2026-02-27 09:00:00,2026-02-27 10:00:00
2001,TV Salle à manger,0.435,244.3,95.4,95.35,2026-02-27 10:00:00,2026-02-27 11:00:00
2005,Lampe Salle à manger,0.05,243.3,11.3,11.27,2026-02-27 10:00:00,2026-02-27 11:00:00
2007,Lampe Cuisine,0.038,243.0,5.3,1.87,2026-02-27 10:00:00,2026-02-27 11:00:00
2001,TV Salle à manger,0.428,245.0,94.0,93.95,2026-02-27 11:00:00,2026-02-27 12:00:00
2003,Telephone / Tablette,0.039,244.6,4.2,2.25,2026-02-27 11:00:00,2026-02-27 12:00:00
2005,Lampe Salle à manger,0.05,243.9,11.3,11.27,2026-02-27 11:00:00,2026-02-27 12:00:00
2007,Lampe Cuisine,0.038,244.4,5.4,2.7,2026-02-27 11:00:00,2026-02-27 12:00:00
2001,TV Salle à manger,0.452,244.8,99.6,99.55,2026-02-27 12:00:00,2026-02-27 13:00:00
2003,Telephone / Tablette,0.039,244.1,4.2,4.21,2026-02-27 12:00:00,2026-02-27 13:00:00
2005,Lampe Salle à manger,0.05,243.8,11.3,11.27,2026-02-27 12:00:00,2026-02-27 13:00:00
2007,Lampe Cuisine,0.038,243.8,5.4,0.8,2026-02-27 12:00:00,2026-02-27 13:00:00
2008,Lampe Chambre,0.037,245.2,5.4,5.34,2026-02-27 12:00:00,2026-02-27 13:00:00
2001,TV Salle à manger,0.361,245.2,78.7,51.15,2026-02-27 13:00:00,2026-02-27 14:00:00
2003,Telephone / Tablette,0.039,243.8,4.2,0.7,2026-02-27 13:00:00,2026-02-27 14:00:00
2005,Lampe Salle à manger,0.049,244.4,11.3,11.27,2026-02-27 13:00:00,2026-02-27 14:00:00
2007,Lampe Cuisine,0.038,243.8,5.4,0.27,2026-02-27 13:00:00,2026-02-27 14:00:00
2008,Lampe Chambre,0.037,245.8,5.4,5.36,2026-02-27 13:00:00,2026-02-27 14:00:00
2001,TV Salle à manger,0.028,246.0,1.1,0.02,2026-02-27 14:00:00,2026-02-27 15:00:00
2005,Lampe Salle à manger,0.049,245.2,11.3,0.19,2026-02-27 14:00:00,2026-02-27 15:00:00
2008,Lampe Chambre,0.037,245.4,5.4,5.35,2026-02-27 14:00:00,2026-02-27 15:00:00
2008,Lampe Chambre,0.038,245.0,5.3,0.18,2026-02-27 15:00:00,2026-02-27 16:00:00
2001,TV Salle à manger,0.715,244.9,162.6,70.45,2026-02-27 19:00:00,2026-02-27 20:00:00
2005,Lampe Salle à manger,0.051,243.4,11.7,0.58,2026-02-27 19:00:00,2026-02-27 20:00:00
2001,TV Salle à manger,0.708,245.0,160.8,160.85,2026-02-27 20:00:00,2026-02-27 21:00:00
2005,Lampe Salle à manger,0.05,244.0,11.3,11.3,2026-02-27 20:00:00,2026-02-27 21:00:00
2007,Lampe Cuisine,0.039,244.4,5.4,1.26,2026-02-27 20:00:00,2026-02-27 21:00:00
2001,TV Salle à manger,0.708,244.9,160.6,10.71,2026-02-27 21:00:00,2026-02-27 22:00:00
2005,Lampe Salle à manger,0.049,243.6,11.2,1.87,2026-02-27 21:00:00,2026-02-27 22:00:00
2007,Lampe Cuisine,0.034,243.9,4.6,0.39,2026-02-27 21:00:00,2026-02-27 22:00:00
2008,Lampe Chambre,0.038,245.0,5.3,0.71,2026-02-27 21:00:00,2026-02-27 22:00:00
2001,TV Salle à manger,0.035,244.6,1.1,0.02,2026-02-28 00:00:00,2026-02-28 01:00:00
2001,TV Salle à manger,0.044,243.8,1.2,0.04,2026-02-28 01:00:00,2026-02-28 02:00:00
2001,TV Salle à manger,0.039,243.8,1.0,0.02,2026-02-28 03:00:00,2026-02-28 04:00:00
2001,TV Salle à manger,0.046,243.6,1.3,0.02,2026-02-28 04:00:00,2026-02-28 05:00:00
2006,PC Portable,0.346,244.1,43.6,39.95,2026-02-28 04:00:00,2026-02-28 05:00:00
2001,TV Salle à manger,0.04,242.9,1.2,0.02,2026-02-28 05:00:00,2026-02-28 06:00:00
2003,Telephone / Tablette,0.083,243.6,10.1,0.67,2026-02-28 05:00:00,2026-02-28 06:00:00
2006,PC Portable,0.258,243.6,31.9,25.49,2026-02-28 05:00:00,2026-02-28 06:00:00
2007,Lampe Cuisine,0.038,244.4,5.3,0.62,2026-02-28 08:00:00,2026-02-28 09:00:00
2001,TV Salle à manger,0.718,246.2,164.1,98.49,2026-02-28 09:00:00,2026-02-28 10:00:00
2007,Lampe Cuisine,0.039,245.5,5.4,2.88,2026-02-28 09:00:00,2026-02-28 10:00:00
2001,TV Salle à manger,0.719,244.6,163.4,163.4,2026-02-28 10:00:00,2026-02-28 11:00:00
2005,Lampe Salle à manger,0.051,243.8,11.5,2.69,2026-02-28 10:00:00,2026-02-28 11:00:00
2001,TV Salle à manger,0.616,245.5,139.1,139.14,2026-02-28 11:00:00,2026-02-28 12:00:00
2004,Cafetiere,3.308,243.3,800.3,26.68,2026-02-28 11:00:00,2026-02-28 12:00:00
2005,Lampe Salle à manger,0.05,244.4,11.3,11.29,2026-02-28 11:00:00,2026-02-28 12:00:00
2001,TV Salle à manger,0.544,245.0,121.6,121.58,2026-02-28 12:00:00,2026-02-28 13:00:00
2005,Lampe Salle à manger,0.05,243.9,11.3,11.29,2026-02-28 12:00:00,2026-02-28 13:00:00
2001,TV Salle à manger,0.704,242.9,158.5,153.22,2026-03-04 15:00:00,2026-03-04 16:00:00
2002,Ecran,0.18,242.7,22.0,22.03,2026-03-04 15:00:00,2026-03-04 16:00:00
2004,Cafetiere,1.507,242.6,111.8,16.77,2026-03-04 15:00:00,2026-03-04 16:00:00
2005,Lampe Salle à manger,0.05,241.9,11.3,11.3,2026-03-04 15:00:00,2026-03-04 16:00:00
2007,Lampe Cuisine,0.039,242.2,5.3,5.32,2026-03-04 15:00:00,2026-03-04 16:00:00
2008,Lampe Chambre,0.038,243.4,5.3,5.1,2026-03-04 15:00:00,2026-03-04 16:00:00
2001,TV Salle à manger,0.706,241.5,158.3,158.32,2026-03-04 16:00:00,2026-03-04 17:00:00
2002,Ecran,0.183,241.6,22.0,11.74,2026-03-04 16:00:00,2026-03-04 17:00:00
2005,Lampe Salle à manger,0.05,240.5,11.2,11.25,2026-03-04 16:00:00,2026-03-04 17:00:00
2007,Lampe Cuisine,0.039,240.7,5.3,5.26,2026-03-04 16:00:00,2026-03-04 17:00:00
2008,Lampe Chambre,0.038,242.2,5.3,3.24,2026-03-04 16:00:00,2026-03-04 17:00:00
2001,TV Salle à manger,0.7,244.4,158.7,158.74,2026-03-04 17:00:00,2026-03-04 18:00:00
2005,Lampe Salle à manger,0.05,243.4,11.3,11.27,2026-03-04 17:00:00,2026-03-04 18:00:00
2007,Lampe Cuisine,0.038,243.6,5.4,5.35,2026-03-04 17:00:00,2026-03-04 18:00:00
2001,TV Salle à manger,0.55,245.4,123.5,123.47,2026-03-04 18:00:00,2026-03-04 19:00:00
2005,Lampe Salle à manger,0.049,244.3,11.3,11.27,2026-03-04 18:00:00,2026-03-04 19:00:00
2007,Lampe Cuisine,0.038,244.5,5.4,5.39,2026-03-04 18:00:00,2026-03-04 19:00:00
2001,TV Salle à manger,0.424,244.1,92.7,92.66,2026-03-04 19:00:00,2026-03-04 20:00:00
2005,Lampe Salle à manger,0.05,243.1,11.3,11.26,2026-03-04 19:00:00,2026-03-04 20:00:00
2007,Lampe Cuisine,0.038,243.3,5.4,5.36,2026-03-04 19:00:00,2026-03-04 20:00:00
2001,TV Salle à manger,0.413,245.4,90.4,58.78,2026-03-04 20:00:00,2026-03-04 21:00:00
2005,Lampe Salle à manger,0.049,244.1,11.3,11.27,2026-03-04 20:00:00,2026-03-04 21:00:00
2007,Lampe Cuisine,0.038,244.4,5.4,1.43,2026-03-04 20:00:00,2026-03-04 21:00:00
2008,Lampe Chambre,0.037,245.4,5.3,0.18,2026-03-04 20:00:00,2026-03-04 21:00:00
2005,Lampe Salle à manger,0.05,243.8,11.3,0.57,2026-03-04 21:00:00,2026-03-04 22:00:00
2008,Lampe Chambre,0.037,245.7,5.4,5.35,2026-03-04 21:00:00,2026-03-04 22:00:00
2001,TV Salle à manger,0.037,246.3,1.1,0.02,2026-03-04 22:00:00,2026-03-04 23:00:00
2008,Lampe Chambre,0.037,246.5,5.4,1.61,2026-03-04 22:00:00,2026-03-04 23:00:00
2001,TV Salle à manger,0.05,247.1,1.4,0.02,2026-03-05 00:00:00,2026-03-05 01:00:00
2001,TV Salle à manger,0.033,246.9,1.1,0.02,2026-03-05 01:00:00,2026-03-05 02:00:00
2001,TV Salle à manger,0.04,246.0,1.1,0.02,2026-03-05 03:00:00,2026-03-05 04:00:00
2004,Cafetiere,6.507,241.9,1574.7,26.25,2026-03-05 03:00:00,2026-03-05 04:00:00
2001,TV Salle à manger,0.032,244.6,1.1,0.02,2026-03-05 04:00:00,2026-03-05 05:00:00
2005,Lampe Salle à manger,0.052,242.5,12.0,0.2,2026-03-05 04:00:00,2026-03-05 05:00:00
2008,Lampe Chambre,0.037,244.5,5.3,1.5,2026-03-05 04:00:00,2026-03-05 05:00:00
2008,Lampe Chambre,0.038,245.2,5.3,0.53,2026-03-05 05:00:00,2026-03-05 06:00:00
2001,TV Salle à manger,0.039,243.8,1.1,0.04,2026-03-05 06:00:00,2026-03-05 07:00:00
2001,TV Salle à manger,0.035,243.1,1.1,0.02,2026-03-05 07:00:00,2026-03-05 08:00:00
2001,TV Salle à manger,0.044,243.4,1.2,0.04,2026-03-05 10:00:00,2026-03-05 11:00:00
2007,Lampe Cuisine,0.039,241.2,5.3,2.12,2026-03-05 15:00:00,2026-03-05 16:00:00
2001,TV Salle à manger,0.706,245.1,160.5,5.35,2026-03-05 16:00:00,2026-03-05 17:00:00
2005,Lampe Salle à manger,0.05,244.0,11.4,5.33,2026-03-05 16:00:00,2026-03-05 17:00:00
2007,Lampe Cuisine,0.039,243.1,5.3,4.08,2026-03-05 16:00:00,2026-03-05 17:00:00
2001,TV Salle à manger,0.705,244.8,160.3,160.3,2026-03-05 17:00:00,2026-03-05 18:00:00
2005,Lampe Salle à manger,0.05,243.8,11.3,11.28,2026-03-05 17:00:00,2026-03-05 18:00:00
2006,PC Portable,0.366,245.7,45.8,0.76,2026-03-05 17:00:00,2026-03-05 18:00:00
2007,Lampe Cuisine,0.039,244.0,5.4,4.98,2026-03-05 17:00:00,2026-03-05 18:00:00
2008,Lampe Chambre,0.037,245.7,5.3,0.36,2026-03-05 17:00:00,2026-03-05 18:00:00
2001,TV Salle à manger,0.698,244.8,158.4,158.37,2026-03-05 18:00:00,2026-03-05 19:00:00
2003,Telephone / Tablette,0.04,244.3,4.5,0.74,2026-03-05 18:00:00,2026-03-05 19:00:00
2005,Lampe Salle à manger,0.05,243.7,11.3,11.28,2026-03-05 18:00:00,2026-03-05 19:00:00
2006,PC Portable,0.166,244.8,19.1,19.14,2026-03-05 18:00:00,2026-03-05 19:00:00
2008,Lampe Chambre,0.037,245.3,5.3,5.33,2026-03-05 18:00:00,2026-03-05 19:00:00
2001,TV Salle à manger,0.698,244.8,158.4,158.37,2026-03-05 19:00:00,2026-03-05 20:00:00
2002,Ecran,0.03,245.3,1.7,0.03,2026-03-05 19:00:00,2026-03-05 20:00:00
2005,Lampe Salle à manger,0.05,243.7,11.3,11.28,2026-03-05 19:00:00,2026-03-05 20:00:00
2006,PC Portable,0.039,244.9,3.0,2.98,2026-03-05 19:00:00,2026-03-05 20:00:00
2007,Lampe Cuisine,0.038,244.2,5.3,0.35,2026-03-05 19:00:00,2026-03-05 20:00:00
2008,Lampe Chambre,0.037,245.2,5.4,5.34,2026-03-05 19:00:00,2026-03-05 20:00:00
2001,TV Salle à manger,0.7,244.1,158.4,158.36,2026-03-05 20:00:00,2026-03-05 21:00:00
2005,Lampe Salle à manger,0.05,243.0,11.3,11.29,2026-03-05 20:00:00,2026-03-05 21:00:00
2006,PC Portable,0.038,244.2,2.9,2.85,2026-03-05 20:00:00,2026-03-05 21:00:00
2007,Lampe Cuisine,0.039,243.2,5.3,5.32,2026-03-05 20:00:00,2026-03-05 21:00:00
2008,Lampe Chambre,0.038,244.6,5.3,5.3,2026-03-05 20:00:00,2026-03-05 21:00:00
2001,TV Salle à manger,0.698,244.4,158.2,76.48,2026-03-05 21:00:00,2026-03-05 22:00:00
2005,Lampe Salle à manger,0.05,243.6,11.3,11.28,2026-03-05 21:00:00,2026-03-05 22:00:00
2006,PC Portable,0.038,244.7,2.9,2.85,2026-03-05 21:00:00,2026-03-05 22:00:00
2007,Lampe Cuisine,0.039,243.7,5.3,4.8,2026-03-05 21:00:00,2026-03-05 22:00:00
2008,Lampe Chambre,0.038,245.1,5.3,5.3,2026-03-05 21:00:00,2026-03-05 22:00:00
2003,Telephone / Tablette,0.059,244.5,6.9,3.56,2026-03-05 22:00:00,2026-03-05 23:00:00
2005,Lampe Salle à manger,0.05,244.2,11.3,5.26,2026-03-05 22:00:00,2026-03-05 23:00:00
2006,PC Portable,0.038,245.2,2.9,2.85,2026-03-05 22:00:00,2026-03-05 23:00:00
2008,Lampe Chambre,0.038,245.6,5.3,5.32,2026-03-05 22:00:00,2026-03-05 23:00:00
2003,Telephone / Tablette,0.055,245.0,6.3,6.31,2026-03-05 23:00:00,2026-03-06 00:00:00
2006,PC Portable,0.038,245.7,2.9,2.86,2026-03-05 23:00:00,2026-03-06 00:00:00
2008,Lampe Chambre,0.038,246.1,5.3,5.34,2026-03-05 23:00:00,2026-03-06 00:00:00
2003,Telephone / Tablette,0.055,245.2,6.3,0.94,2026-03-06 00:00:00,2026-03-06 01:00:00
2006,PC Portable,0.038,246.0,2.8,2.84,2026-03-06 00:00:00,2026-03-06 01:00:00
2008,Lampe Chambre,0.038,246.3,5.4,0.8,2026-03-06 00:00:00,2026-03-06 01:00:00
2006,PC Portable,0.038,246.1,2.8,2.84,2026-03-06 01:00:00,2026-03-06 02:00:00
2001,TV Salle à manger,0.706,245.1,160.6,112.42,2026-03-06 02:00:00,2026-03-06 03:00:00
2006,PC Portable,0.038,245.4,2.8,2.84,2026-03-06 02:00:00,2026-03-06 03:00:00
2001,TV Salle à manger,0.699,244.2,158.3,105.53,2026-03-06 03:00:00,2026-03-06 04:00:00
2006,PC Portable,0.038,244.2,2.8,2.85,2026-03-06 03:00:00,2026-03-06 04:00:00
2006,PC Portable,0.038,244.1,2.9,2.85,2026-03-06 04:00:00,2026-03-06 05:00:00
2006,PC Portable,0.038,243.0,2.8,2.84,2026-03-06 05:00:00,2026-03-06 06:00:00
2006,PC Portable,0.038,243.8,2.8,2.85,2026-03-06 06:00:00,2026-03-06 07:00:00
2006,PC Portable,0.038,246.1,2.8,2.85,2026-03-06 07:00:00,2026-03-06 08:00:00
2006,PC Portable,0.038,246.2,2.8,2.84,2026-03-06 08:00:00,2026-03-06 09:00:00
2001,TV Salle à manger,0.05,247.7,1.4,0.02,2026-03-06 09:00:00,2026-03-06 10:00:00
2006,PC Portable,0.038,243.8,2.8,2.84,2026-03-06 09:00:00,2026-03-06 10:00:00
2001,TV Salle à manger,0.038,242.7,1.0,0.02,2026-03-06 10:00:00,2026-03-06 11:00:00
2006,PC Portable,0.038,243.0,2.8,2.85,2026-03-06 10:00:00,2026-03-06 11:00:00
2006,PC Portable,0.038,243.1,2.8,2.84,2026-03-06 11:00:00,2026-03-06 12:00:00
2006,PC Portable,0.038,243.1,2.8,2.84,2026-03-06 12:00:00,2026-03-06 13:00:00
2003,Telephone / Tablette,0.07,242.7,8.3,6.26,2026-03-06 13:00:00,2026-03-06 14:00:00
2006,PC Portable,0.038,243.3,2.8,2.85,2026-03-06 13:00:00,2026-03-06 14:00:00
2003,Telephone / Tablette,0.087,242.7,10.5,8.38,2026-03-06 14:00:00,2026-03-06 15:00:00
2006,PC Portable,0.038,243.4,2.8,2.84,2026-03-06 14:00:00,2026-03-06 15:00:00
2007,Lampe Cuisine,0.039,242.3,5.3,3.18,2026-03-06 14:00:00,2026-03-06 15:00:00
2006,PC Portable,0.038,243.1,2.8,2.84,2026-03-06 15:00:00,2026-03-06 16:00:00
2007,Lampe Cuisine,0.039,242.1,5.3,5.29,2026-03-06 15:00:00,2026-03-06 16:00:00
2001,TV Salle à manger,0.69,243.7,156.1,96.24,2026-03-06 16:00:00,2026-03-06 17:00:00
2005,Lampe Salle à manger,0.05,242.5,11.4,9.66,2026-03-06 16:00:00,2026-03-06 17:00:00
2006,PC Portable,0.038,243.4,2.8,2.84,2026-03-06 16:00:00,2026-03-06 17:00:00
2007,Lampe Cuisine,0.039,242.5,5.3,5.29,2026-03-06 16:00:00,2026-03-06 17:00:00
2001,TV Salle à manger,0.702,243.7,158.7,158.67,2026-03-06 17:00:00,2026-03-06 18:00:00
2005,Lampe Salle à manger,0.05,242.7,11.3,11.28,2026-03-06 17:00:00,2026-03-06 18:00:00
2006,PC Portable,0.038,243.8,2.8,2.84,2026-03-06 17:00:00,2026-03-06 18:00:00
2007,Lampe Cuisine,0.039,242.8,5.3,1.07,2026-03-06 17:00:00,2026-03-06 18:00:00
2008,Lampe Chambre,0.037,244.2,5.3,2.99,2026-03-06 17:00:00,2026-03-06 18:00:00
2001,TV Salle à manger,0.696,244.1,157.5,133.9,2026-03-06 18:00:00,2026-03-06 19:00:00
2005,Lampe Salle à manger,0.05,243.2,11.3,10.34,2026-03-06 18:00:00,2026-03-06 19:00:00
2006,PC Portable,0.038,244.4,2.8,2.84,2026-03-06 18:00:00,2026-03-06 19:00:00
2007,Lampe Cuisine,0.038,243.4,5.3,2.93,2026-03-06 18:00:00,2026-03-06 19:00:00
2008,Lampe Chambre,0.037,244.7,5.3,4.78,2026-03-06 18:00:00,2026-03-06 19:00:00
2006,PC Portable,0.038,244.6,2.8,2.84,2026-03-06 19:00:00,2026-03-06 20:00:00
2001,TV Salle à manger,0.054,245.8,1.8,0.06,2026-03-06 20:00:00,2026-03-06 21:00:00
2005,Lampe Salle à manger,0.05,244.6,11.5,3.45,2026-03-06 20:00:00,2026-03-06 21:00:00
2006,PC Portable,0.038,245.4,2.8,2.84,2026-03-06 20:00:00,2026-03-06 21:00:00
2005,Lampe Salle à manger,0.05,244.9,11.3,7.54,2026-03-06 21:00:00,2026-03-06 22:00:00
2006,PC Portable,0.038,245.8,2.8,2.84,2026-03-06 21:00:00,2026-03-06 22:00:00
2008,Lampe Chambre,0.037,246.2,5.4,1.69,2026-03-06 21:00:00,2026-03-06 22:00:00
2006,PC Portable,0.038,246.1,2.8,2.83,2026-03-06 22:00:00,2026-03-06 23:00:00
2008,Lampe Chambre,0.038,246.3,5.4,2.87,2026-03-06 22:00:00,2026-03-06 23:00:00
2001,TV Salle à manger,0.049,246.6,1.4,0.02,2026-03-06 23:00:00,2026-03-07 00:00:00
2006,PC Portable,0.038,246.2,2.8,2.84,2026-03-06 23:00:00,2026-03-07 00:00:00
2006,PC Portable,0.038,246.4,2.8,2.84,2026-03-07 00:00:00,2026-03-07 01:00:00
2006,PC Portable,0.038,246.5,2.8,2.84,2026-03-07 01:00:00,2026-03-07 02:00:00
2006,PC Portable,0.038,246.0,2.8,2.84,2026-03-07 02:00:00,2026-03-07 03:00:00
2006,PC Portable,0.038,245.2,2.8,2.83,2026-03-07 03:00:00,2026-03-07 04:00:00
2006,PC Portable,0.038,245.1,2.8,2.84,2026-03-07 04:00:00,2026-03-07 05:00:00
2006,PC Portable,0.038,244.4,2.8,2.84,2026-03-07 05:00:00,2026-03-07 06:00:00
2006,PC Portable,0.038,244.8,2.8,2.83,2026-03-07 06:00:00,2026-03-07 07:00:00
2006,PC Portable,0.038,243.6,2.8,2.83,2026-03-07 07:00:00,2026-03-07 08:00:00
2006,PC Portable,0.038,243.7,2.8,2.85,2026-03-07 08:00:00,2026-03-07 09:00:00
2006,PC Portable,0.038,244.3,2.8,2.84,2026-03-07 09:00:00,2026-03-07 10:00:00
2001,TV Salle à manger,0.038,244.5,1.0,0.02,2026-03-07 10:00:00,2026-03-07 11:00:00
2006,PC Portable,0.038,244.6,2.8,2.84,2026-03-07 10:00:00,2026-03-07 11:00:00
2001,TV Salle à manger,0.036,244.5,1.1,0.02,2026-03-07 11:00:00,2026-03-07 12:00:00
2006,PC Portable,0.038,243.6,2.8,2.84,2026-03-07 11:00:00,2026-03-07 12:00:00
2001,TV Salle à manger,0.033,243.8,1.0,0.02,2026-03-07 12:00:00,2026-03-07 13:00:00
2006,PC Portable,0.038,243.6,2.8,2.84,2026-03-07 12:00:00,2026-03-07 13:00:00
2001,TV Salle à manger,0.044,244.1,1.5,0.03,2026-03-07 13:00:00,2026-03-07 14:00:00
2006,PC Portable,0.038,244.1,2.8,2.84,2026-03-07 13:00:00,2026-03-07 14:00:00
2006,PC Portable,0.038,243.9,2.8,2.84,2026-03-07 14:00:00,2026-03-07 15:00:00
2005,Lampe Salle à manger,0.051,241.4,11.5,3.07,2026-03-07 15:00:00,2026-03-07 16:00:00
2006,PC Portable,0.038,242.8,2.8,2.84,2026-03-07 15:00:00,2026-03-07 16:00:00
2001,TV Salle à manger,0.717,243.9,162.6,103.0,2026-03-07 16:00:00,2026-03-07 17:00:00
2005,Lampe Salle à manger,0.05,242.4,11.3,11.29,2026-03-07 16:00:00,2026-03-07 17:00:00
2006,PC Portable,0.038,243.5,2.8,2.84,2026-03-07 16:00:00,2026-03-07 17:00:00
2001,TV Salle à manger,0.58,244.1,130.0,129.98,2026-03-07 17:00:00,2026-03-07 18:00:00
2005,Lampe Salle à manger,0.05,243.1,11.3,11.29,2026-03-07 17:00:00,2026-03-07 18:00:00
2006,PC Portable,0.038,244.2,2.8,2.84,2026-03-07 17:00:00,2026-03-07 18:00:00
2001,TV Salle à manger,0.425,244.4,93.1,93.07,2026-03-07 18:00:00,2026-03-07 19:00:00
2004,Cafetiere,5.155,243.1,1057.3,35.25,2026-03-07 18:00:00,2026-03-07 19:00:00
2005,Lampe Salle à manger,0.05,242.8,11.3,1.5,2026-03-07 18:00:00,2026-03-07 19:00:00
2006,PC Portable,0.038,244.5,2.8,2.84,2026-03-07 18:00:00,2026-03-07 19:00:00
2007,Lampe Cuisine,0.039,243.4,5.3,3.56,2026-03-07 18:00:00,2026-03-07 19:00:00
2008,Lampe Chambre,0.037,245.0,5.3,0.44,2026-03-07 18:00:00,2026-03-07 19:00:00
2001,TV Salle à manger,0.422,245.1,92.7,92.66,2026-03-07 19:00:00,2026-03-07 20:00:00
2006,PC Portable,0.038,245.1,2.8,2.84,2026-03-07 19:00:00,2026-03-07 20:00:00
2001,TV Salle à manger,0.443,244.8,97.2,16.2,2026-03-07 20:00:00,2026-03-07 21:00:00
2006,PC Portable,0.06,244.6,5.6,5.57,2026-03-07 20:00:00,2026-03-07 21:00:00
2006,PC Portable,0.05,244.3,4.3,4.32,2026-03-07 21:00:00,2026-03-07 22:00:00
2006,PC Portable,0.038,244.7,2.8,1.0,2026-03-07 22:00:00,2026-03-07 23:00:00
2008,Lampe Chambre,0.037,244.3,5.3,3.35,2026-03-07 22:00:00,2026-03-07 23:00:00
2008,Lampe Chambre,0.037,245.2,5.3,5.33,2026-03-07 23:00:00,2026-03-08 00:00:00
2008,Lampe Chambre,0.038,245.6,5.4,0.27,2026-03-08 00:00:00,2026-03-08 01:00:00
2001,TV Salle à manger,0.048,244.5,1.4,0.02,2026-03-08 03:00:00,2026-03-08 04:00:00
2001,TV Salle à manger,0.05,244.1,1.4,0.02,2026-03-08 06:00:00,2026-03-08 07:00:00
2004,Cafetiere,6.461,241.9,1563.2,26.05,2026-03-08 13:00:00,2026-03-08 14:00:00
2007,Lampe Cuisine,0.038,243.2,5.3,1.06,2026-03-08 13:00:00,2026-03-08 14:00:00
2001,TV Salle à manger,0.049,245.1,1.4,0.02,2026-03-08 14:00:00,2026-03-08 15:00:00
2004,Cafetiere,4.128,241.8,596.9,9.95,2026-03-08 14:00:00,2026-03-08 15:00:00
2007,Lampe Cuisine,0.103,242.6,19.1,16.22,2026-03-08 14:00:00,2026-03-08 15:00:00
2007,Lampe Cuisine,0.103,240.9,19.4,11.29,2026-03-08 15:00:00,2026-03-08 16:00:00
2001,TV Salle à manger,0.7,244.7,159.0,58.28,2026-03-08 16:00:00,2026-03-08 17:00:00
2005,Lampe Salle à manger,0.05,242.5,11.4,11.16,2026-03-08 16:00:00,2026-03-08 17:00:00
2007,Lampe Cuisine,0.038,240.3,5.2,1.57,2026-03-08 16:00:00,2026-03-08 17:00:00
2001,TV Salle à manger,0.484,245.2,107.4,107.37,2026-03-08 17:00:00,2026-03-08 18:00:00
2005,Lampe Salle à manger,0.05,244.1,11.3,11.29,2026-03-08 17:00:00,2026-03-08 18:00:00
2007,Lampe Cuisine,0.038,244.1,5.3,0.26,2026-03-08 17:00:00,2026-03-08 18:00:00
2008,Lampe Chambre,0.037,245.5,5.3,0.27,2026-03-08 17:00:00,2026-03-08 18:00:00
2001,TV Salle à manger,0.422,245.0,92.6,92.57,2026-03-08 18:00:00,2026-03-08 19:00:00
2005,Lampe Salle à manger,0.05,244.0,11.3,11.29,2026-03-08 18:00:00,2026-03-08 19:00:00
2007,Lampe Cuisine,0.038,244.1,5.4,2.05,2026-03-08 18:00:00,2026-03-08 19:00:00
2008,Lampe Chambre,0.037,245.6,5.3,3.2,2026-03-08 18:00:00,2026-03-08 19:00:00
2001,TV Salle à manger,0.345,245.3,74.2,6.18,2026-03-08 19:00:00,2026-03-08 20:00:00
2005,Lampe Salle à manger,0.05,244.1,11.3,0.75,2026-03-08 19:00:00,2026-03-08 20:00:00
2008,Lampe Chambre,0.037,245.4,5.3,5.05,2026-03-08 19:00:00,2026-03-08 20:00:00
2008,Lampe Chambre,0.037,245.4,5.3,5.32,2026-03-08 20:00:00,2026-03-08 21:00:00
2001,TV Salle à manger,0.037,245.3,1.0,0.02,2026-03-08 21:00:00,2026-03-08 22:00:00
2003,Telephone / Tablette,0.199,244.4,23.9,9.96,2026-03-08 21:00:00,2026-03-08 22:00:00
2008,Lampe Chambre,0.037,245.2,5.3,0.88,2026-03-08 21:00:00,2026-03-08 22:00:00
2003,Telephone / Tablette,0.167,244.6,19.5,15.29,2026-03-08 22:00:00,2026-03-08 23:00:00
2001,TV Salle à manger,0.034,245.0,1.1,0.02,2026-03-08 23:00:00,2026-03-09 00:00:00
2003,Telephone / Tablette,0.135,244.3,15.3,8.16,2026-03-08 23:00:00,2026-03-09 00:00:00
2001,TV Salle à manger,0.039,245.9,1.0,0.02,2026-03-09 00:00:00,2026-03-09 01:00:00
2003,Telephone / Tablette,0.069,244.6,6.7,4.94,2026-03-09 00:00:00,2026-03-09 01:00:00
2001,TV Salle à manger,0.039,245.4,1.0,0.02,2026-03-09 01:00:00,2026-03-09 02:00:00
2004,Cafetiere,5.123,242.6,1047.8,34.93,2026-03-09 02:00:00,2026-03-09 03:00:00
2001,TV Salle à manger,0.035,243.0,1.1,0.02,2026-03-09 03:00:00,2026-03-09 04:00:00
2004,Cafetiere,3.436,241.8,826.8,27.56,2026-03-09 03:00:00,2026-03-09 04:00:00
2008,Lampe Chambre,0.037,244.3,5.3,3.7,2026-03-09 04:00:00,2026-03-09 05:00:00
2001,TV Salle à manger,0.04,243.6,1.1,0.04,2026-03-09 05:00:00,2026-03-09 06:00:00
2001,TV Salle à manger,0.037,245.0,1.1,0.04,2026-03-09 09:00:00,2026-03-09 10:00:00
2006,PC Portable,0.353,244.7,44.4,23.69,2026-03-09 12:00:00,2026-03-09 13:00:00
2001,TV Salle à manger,0.044,245.1,1.3,0.02,2026-03-09 13:00:00,2026-03-09 14:00:00
2006,PC Portable,0.247,245.1,30.2,30.17,2026-03-09 13:00:00,2026-03-09 14:00:00
2001,TV Salle à manger,0.035,245.5,1.1,0.04,2026-03-09 14:00:00,2026-03-09 15:00:00
2006,PC Portable,0.133,245.3,14.7,8.3,2026-03-09 14:00:00,2026-03-09 15:00:00
2001,TV Salle à manger,0.425,243.8,92.4,12.32,2026-03-09 15:00:00,2026-03-09 16:00:00
2002,Ecran,0.03,244.2,1.8,0.03,2026-03-09 15:00:00,2026-03-09 16:00:00
2005,Lampe Salle à manger,0.051,242.8,11.5,2.3,2026-03-09 15:00:00,2026-03-09 16:00:00
2006,PC Portable,0.038,244.1,2.8,1.19,2026-03-09 15:00:00,2026-03-09 16:00:00
2007,Lampe Cuisine,0.039,243.1,5.3,2.21,2026-03-09 15:00:00,2026-03-09 16:00:00
2001,TV Salle à manger,0.446,245.7,98.2,98.21,2026-03-09 16:00:00,2026-03-09 17:00:00
2005,Lampe Salle à manger,0.049,244.6,11.3,11.3,2026-03-09 16:00:00,2026-03-09 17:00:00
2006,PC Portable,0.038,245.8,2.8,2.84,2026-03-09 16:00:00,2026-03-09 17:00:00
2007,Lampe Cuisine,0.039,244.8,5.4,5.37,2026-03-09 16:00:00,2026-03-09 17:00:00
2001,TV Salle à manger,0.536,246.3,120.2,120.18,2026-03-09 17:00:00,2026-03-09 18:00:00
2002,Ecran,0.172,246.0,21.8,8.37,2026-03-09 17:00:00,2026-03-09 18:00:00
2004,Cafetiere,2.579,245.1,309.4,10.31,2026-03-09 17:00:00,2026-03-09 18:00:00
2005,Lampe Salle à manger,0.049,245.3,11.3,11.28,2026-03-09 17:00:00,2026-03-09 18:00:00
2006,PC Portable,0.121,246.4,17.0,16.98,2026-03-09 17:00:00,2026-03-09 18:00:00
2007,Lampe Cuisine,0.039,245.4,5.4,1.53,2026-03-09 17:00:00,2026-03-09 18:00:00
2001,TV Salle à manger,0.714,245.9,162.9,162.92,2026-03-09 18:00:00,2026-03-09 19:00:00
2002,Ecran,0.174,245.7,21.7,21.69,2026-03-09 18:00:00,2026-03-09 19:00:00
2005,Lampe Salle à manger,0.049,244.9,11.3,11.29,2026-03-09 18:00:00,2026-03-09 19:00:00
2006,PC Portable,0.225,246.0,39.2,39.17,2026-03-09 18:00:00,2026-03-09 19:00:00
2001,TV Salle à manger,0.719,244.2,163.0,162.98,2026-03-09 19:00:00,2026-03-09 20:00:00
2002,Ecran,0.168,243.6,20.8,7.27,2026-03-09 19:00:00,2026-03-09 20:00:00
2005,Lampe Salle à manger,0.05,243.2,11.3,11.3,2026-03-09 19:00:00,2026-03-09 20:00:00
2006,PC Portable,0.086,244.3,9.9,9.86,2026-03-09 19:00:00,2026-03-09 20:00:00
2008,Lampe Chambre,0.037,244.7,5.3,3.98,2026-03-09 19:00:00,2026-03-09 20:00:00
2001,TV Salle à manger,0.714,244.5,162.1,140.48,2026-03-09 20:00:00,2026-03-09 21:00:00
2005,Lampe Salle à manger,0.05,243.6,11.3,11.28,2026-03-09 20:00:00,2026-03-09 21:00:00
2006,PC Portable,0.038,244.8,2.9,2.88,2026-03-09 20:00:00,2026-03-09 21:00:00
2007,Lampe Cuisine,0.039,243.7,5.3,1.14,2026-03-09 20:00:00,2026-03-09 21:00:00
2008,Lampe Chambre,0.038,245.0,5.3,4.59,2026-03-09 20:00:00,2026-03-09 21:00:00
2001,TV Salle à manger,0.048,245.1,1.4,0.04,2026-03-09 21:00:00,2026-03-09 22:00:00
2005,Lampe Salle à manger,0.049,244.7,11.3,11.28,2026-03-09 21:00:00,2026-03-09 22:00:00
2006,PC Portable,0.038,245.7,2.9,2.87,2026-03-09 21:00:00,2026-03-09 22:00:00
2001,TV Salle à manger,0.04,245.3,1.2,0.02,2026-03-09 22:00:00,2026-03-09 23:00:00
2005,Lampe Salle à manger,0.049,244.5,11.3,11.28,2026-03-09 22:00:00,2026-03-09 23:00:00
2006,PC Portable,0.038,245.5,2.9,2.86,2026-03-09 22:00:00,2026-03-09 23:00:00
2001,TV Salle à manger,0.034,246.2,1.3,0.02,2026-03-09 23:00:00,2026-03-10 00:00:00
2005,Lampe Salle à manger,0.049,244.7,11.3,6.77,2026-03-09 23:00:00,2026-03-10 00:00:00
2006,PC Portable,0.038,246.0,2.9,2.87,2026-03-09 23:00:00,2026-03-10 00:00:00
2001,TV Salle à manger,0.035,246.1,1.1,0.04,2026-03-10 00:00:00,2026-03-10 01:00:00
2006,PC Portable,0.038,246.3,2.9,2.86,2026-03-10 00:00:00,2026-03-10 01:00:00
2001,TV Salle à manger,0.037,246.8,1.0,0.02,2026-03-10 01:00:00,2026-03-10 02:00:00
2006,PC Portable,0.038,246.8,2.9,2.86,2026-03-10 01:00:00,2026-03-10 02:00:00
2004,Cafetiere,5.169,244.2,1066.7,35.56,2026-03-10 02:00:00,2026-03-10 03:00:00
2005,Lampe Salle à manger,0.051,244.6,11.7,1.36,2026-03-10 02:00:00,2026-03-10 03:00:00
2006,PC Portable,0.038,245.9,2.9,2.86,2026-03-10 02:00:00,2026-03-10 03:00:00
2002,Ecran,0.169,245.5,21.8,9.81,2026-03-10 03:00:00,2026-03-10 04:00:00
2005,Lampe Salle à manger,0.05,244.9,11.3,11.33,2026-03-10 03:00:00,2026-03-10 04:00:00
2006,PC Portable,0.12,245.9,17.6,17.61,2026-03-10 03:00:00,2026-03-10 04:00:00
2002,Ecran,0.172,243.9,21.6,16.95,2026-03-10 04:00:00,2026-03-10 05:00:00
2005,Lampe Salle à manger,0.05,243.1,11.3,10.72,2026-03-10 04:00:00,2026-03-10 05:00:00
2006,PC Portable,0.146,244.0,17.3,17.27,2026-03-10 04:00:00,2026-03-10 05:00:00
2001,TV Salle à manger,0.04,244.0,1.0,0.02,2026-03-10 05:00:00,2026-03-10 06:00:00
2002,Ecran,0.174,243.5,21.7,21.68,2026-03-10 05:00:00,2026-03-10 06:00:00
2006,PC Portable,0.151,244.0,20.8,20.77,2026-03-10 05:00:00,2026-03-10 06:00:00
2001,TV Salle à manger,0.039,242.9,1.0,0.02,2026-03-10 06:00:00,2026-03-10 07:00:00
2002,Ecran,0.175,243.5,21.6,21.65,2026-03-10 06:00:00,2026-03-10 07:00:00
2006,PC Portable,0.154,243.9,19.4,19.42,2026-03-10 06:00:00,2026-03-10 07:00:00
2002,Ecran,0.174,243.9,21.7,21.66,2026-03-10 07:00:00,2026-03-10 08:00:00
2006,PC Portable,0.197,244.3,35.8,35.83,2026-03-10 07:00:00,2026-03-10 08:00:00
2001,TV Salle à manger,0.035,244.6,1.1,0.02,2026-03-10 08:00:00,2026-03-10 09:00:00
2002,Ecran,0.175,243.9,21.6,8.3,2026-03-10 08:00:00,2026-03-10 09:00:00
2006,PC Portable,0.094,244.2,12.2,12.23,2026-03-10 08:00:00,2026-03-10 09:00:00
2001,TV Salle à manger,0.041,244.5,1.2,0.04,2026-03-10 09:00:00,2026-03-10 10:00:00
2002,Ecran,0.173,244.1,21.7,20.98,2026-03-10 09:00:00,2026-03-10 10:00:00
2003,Telephone / Tablette,0.11,243.7,13.9,5.1,2026-03-10 09:00:00,2026-03-10 10:00:00
2006,PC Portable,0.163,244.5,20.3,20.26,2026-03-10 09:00:00,2026-03-10 10:00:00
2002,Ecran,0.173,243.9,21.7,11.92,2026-03-10 10:00:00,2026-03-10 11:00:00
2003,Telephone / Tablette,0.091,244.2,11.3,1.89,2026-03-10 10:00:00,2026-03-10 11:00:00
2006,PC Portable,0.125,244.1,14.1,14.07,2026-03-10 10:00:00,2026-03-10 11:00:00
2001,TV Salle à manger,0.04,244.4,1.2,0.02,2026-03-10 11:00:00,2026-03-10 12:00:00
2002,Ecran,0.174,243.9,21.7,21.69,2026-03-10 11:00:00,2026-03-10 12:00:00
2006,PC Portable,0.169,244.3,32.0,32.05,2026-03-10 11:00:00,2026-03-10 12:00:00
2002,Ecran,0.174,244.1,21.6,21.66,2026-03-10 12:00:00,2026-03-10 13:00:00
2006,PC Portable,0.182,244.5,32.4,32.36,2026-03-10 12:00:00,2026-03-10 13:00:00
2001,TV Salle à manger,0.038,243.3,1.1,0.02,2026-03-10 13:00:00,2026-03-10 14:00:00
2002,Ecran,0.173,243.6,21.6,21.64,2026-03-10 13:00:00,2026-03-10 14:00:00
2003,Telephone / Tablette,0.078,243.1,9.7,3.23,2026-03-10 13:00:00,2026-03-10 14:00:00
2006,PC Portable,0.157,244.0,21.9,21.87,2026-03-10 13:00:00,2026-03-10 14:00:00
2002,Ecran,0.173,243.0,21.6,16.23,2026-03-10 14:00:00,2026-03-10 15:00:00
2003,Telephone / Tablette,0.039,242.6,4.2,3.1,2026-03-10 14:00:00,2026-03-10 15:00:00
2006,PC Portable,0.153,243.2,19.0,19.0,2026-03-10 14:00:00,2026-03-10 15:00:00
2001,TV Salle à manger,0.039,242.8,1.1,0.06,2026-03-10 15:00:00,2026-03-10 16:00:00
2002,Ecran,0.174,243.0,21.9,0.36,2026-03-10 15:00:00,2026-03-10 16:00:00
2005,Lampe Salle à manger,0.051,241.8,11.5,2.87,2026-03-10 15:00:00,2026-03-10 16:00:00
2006,PC Portable,0.143,242.9,15.7,15.68,2026-03-10 15:00:00,2026-03-10 16:00:00
2007,Lampe Cuisine,0.038,241.6,5.3,2.29,2026-03-10 15:00:00,2026-03-10 16:00:00
2005,Lampe Salle à manger,0.049,244.8,11.3,11.28,2026-03-10 16:00:00,2026-03-10 17:00:00
2006,PC Portable,0.043,245.9,3.5,3.5,2026-03-10 16:00:00,2026-03-10 17:00:00
2007,Lampe Cuisine,0.038,242.7,5.3,0.18,2026-03-10 16:00:00,2026-03-10 17:00:00
2002,Ecran,0.171,245.9,21.8,9.46,2026-03-10 17:00:00,2026-03-10 18:00:00
2004,Cafetiere,3.611,244.6,746.2,37.31,2026-03-10 17:00:00,2026-03-10 18:00:00
2005,Lampe Salle à manger,0.049,245.2,11.3,11.27,2026-03-10 17:00:00,2026-03-10 18:00:00
2006,PC Portable,0.102,246.2,12.2,12.16,2026-03-10 17:00:00,2026-03-10 18:00:00
2007,Lampe Cuisine,0.038,245.3,5.4,4.04,2026-03-10 17:00:00,2026-03-10 18:00:00
2002,Ecran,0.172,245.5,21.7,21.71,2026-03-10 18:00:00,2026-03-10 19:00:00
2005,Lampe Salle à manger,0.049,245.5,11.3,8.46,2026-03-10 18:00:00,2026-03-10 19:00:00
2006,PC Portable,0.169,245.9,20.9,20.95,2026-03-10 18:00:00,2026-03-10 19:00:00
2007,Lampe Cuisine,0.038,244.9,5.4,5.4,2026-03-10 18:00:00,2026-03-10 19:00:00
2001,TV Salle à manger,0.036,243.4,1.1,0.06,2026-03-10 19:00:00,2026-03-10 20:00:00
2002,Ecran,0.174,243.1,21.7,21.7,2026-03-10 19:00:00,2026-03-10 20:00:00
2006,PC Portable,0.193,243.5,25.0,25.04,2026-03-10 19:00:00,2026-03-10 20:00:00
2007,Lampe Cuisine,0.038,242.6,5.3,5.31,2026-03-10 19:00:00,2026-03-10 20:00:00
2002,Ecran,0.175,242.9,21.7,10.84,2026-03-10 20:00:00,2026-03-10 21:00:00
2006,PC Portable,0.125,243.6,16.7,16.68,2026-03-10 20:00:00,2026-03-10 21:00:00
2007,Lampe Cuisine,0.038,242.4,5.3,2.65,2026-03-10 20:00:00,2026-03-10 21:00:00
2008,Lampe Chambre,0.037,244.4,5.3,2.73,2026-03-10 20:00:00,2026-03-10 21:00:00
2006,PC Portable,0.038,244.3,2.9,2.87,2026-03-10 21:00:00,2026-03-10 22:00:00
2008,Lampe Chambre,0.037,244.4,5.3,2.91,2026-03-10 21:00:00,2026-03-10 22:00:00
2006,PC Portable,0.038,244.7,2.9,2.86,2026-03-10 22:00:00,2026-03-10 23:00:00
2006,PC Portable,0.038,245.5,2.9,2.87,2026-03-10 23:00:00,2026-03-11 00:00:00
2006,PC Portable,0.038,245.8,2.9,2.86,2026-03-11 00:00:00,2026-03-11 01:00:00
2006,PC Portable,0.038,245.6,2.9,2.86,2026-03-11 01:00:00,2026-03-11 02:00:00
2006,PC Portable,0.038,244.5,2.9,2.86,2026-03-11 02:00:00,2026-03-11 03:00:00
2006,PC Portable,0.038,244.4,2.9,2.86,2026-03-11 03:00:00,2026-03-11 04:00:00
2006,PC Portable,0.038,243.6,2.9,2.87,2026-03-11 04:00:00,2026-03-11 05:00:00
2001,TV Salle à manger,0.049,245.3,1.4,0.02,2026-03-11 05:00:00,2026-03-11 06:00:00
2006,PC Portable,0.038,245.3,2.9,2.87,2026-03-11 05:00:00,2026-03-11 06:00:00
2001,TV Salle à manger,0.7,244.4,158.7,158.69,2026-03-30 18:00:00,2026-03-30 19:00:00
2002,Ecran,0.178,243.8,22.1,6.25,2026-03-30 18:00:00,2026-03-30 19:00:00
2003,Telephone / Tablette,0.037,243.8,4.0,4.05,2026-03-30 18:00:00,2026-03-30 19:00:00
2004,Cafetiere,0.038,243.6,5.3,5.33,2026-03-30 18:00:00,2026-03-30 19:00:00
2005,Lampe Salle à manger,0.05,243.4,11.3,11.28,2026-03-30 18:00:00,2026-03-30 19:00:00
2006,PC Portable,0.214,244.5,36.4,36.44,2026-03-30 18:00:00,2026-03-30 19:00:00
2007,Lampe Cuisine,2.088,243.4,220.4,11.02,2026-03-30 18:00:00,2026-03-30 19:00:00
2008,Lampe Chambre,0.037,245.1,5.3,1.51,2026-03-30 18:00:00,2026-03-30 19:00:00
2001,TV Salle à manger,0.693,244.9,157.0,41.87,2026-03-30 19:00:00,2026-03-30 20:00:00
2003,Telephone / Tablette,0.038,244.6,4.2,4.22,2026-03-30 19:00:00,2026-03-30 20:00:00
2004,Cafetiere,0.038,244.2,5.4,2.68,2026-03-30 19:00:00,2026-03-30 20:00:00
2005,Lampe Salle à manger,0.05,244.2,11.3,11.28,2026-03-30 19:00:00,2026-03-30 20:00:00
2006,PC Portable,0.107,245.2,11.5,11.48,2026-03-30 19:00:00,2026-03-30 20:00:00
2008,Lampe Chambre,0.037,245.6,5.3,5.33,2026-03-30 19:00:00,2026-03-30 20:00:00
2001,TV Salle à manger,0.038,246.2,1.2,0.02,2026-03-30 20:00:00,2026-03-30 21:00:00
2003,Telephone / Tablette,0.038,245.4,4.2,1.47,2026-03-30 20:00:00,2026-03-30 21:00:00
2004,Cafetiere,0.038,245.1,5.4,1.61,2026-03-30 20:00:00,2026-03-30 21:00:00
2005,Lampe Salle à manger,0.049,244.9,11.3,8.28,2026-03-30 20:00:00,2026-03-30 21:00:00
2006,PC Portable,0.089,245.6,9.4,9.4,2026-03-30 20:00:00,2026-03-30 21:00:00
2008,Lampe Chambre,0.037,246.0,5.3,4.89,2026-03-30 20:00:00,2026-03-30 21:00:00
2001,TV Salle à manger,0.038,246.3,1.0,0.02,2026-03-30 21:00:00,2026-03-30 22:00:00
2006,PC Portable,0.092,245.6,9.7,9.69,2026-03-30 21:00:00,2026-03-30 22:00:00
2006,PC Portable,0.103,244.8,11.2,11.22,2026-03-30 22:00:00,2026-03-30 23:00:00
2006,PC Portable,0.075,245.1,7.8,7.82,2026-03-30 23:00:00,2026-03-31 00:00:00
2001,TV Salle à manger,0.039,245.1,1.1,0.02,2026-03-31 00:00:00,2026-03-31 01:00:00
2006,PC Portable,0.114,244.7,12.6,12.56,2026-03-31 00:00:00,2026-03-31 01:00:00
2006,PC Portable,0.067,244.7,6.8,6.8,2026-03-31 01:00:00,2026-03-31 02:00:00
2006,PC Portable,0.111,244.7,12.2,12.19,2026-03-31 02:00:00,2026-03-31 03:00:00
2006,PC Portable,0.081,243.5,8.5,8.47,2026-03-31 03:00:00,2026-03-31 04:00:00
2004,Cafetiere,0.039,240.9,5.3,4.3,2026-03-31 04:00:00,2026-03-31 05:00:00
2005,Lampe Salle à manger,0.05,240.8,11.3,9.26,2026-03-31 04:00:00,2026-03-31 05:00:00
2006,PC Portable,0.153,242.0,17.1,17.15,2026-03-31 04:00:00,2026-03-31 05:00:00
2007,Lampe Cuisine,3.816,240.6,712.4,35.62,2026-03-31 04:00:00,2026-03-31 05:00:00
2008,Lampe Chambre,0.037,242.1,5.3,3.33,2026-03-31 04:00:00,2026-03-31 05:00:00
2004,Cafetiere,0.039,242.5,5.3,0.71,2026-03-31 05:00:00,2026-03-31 06:00:00
2005,Lampe Salle à manger,0.05,242.4,11.3,1.69,2026-03-31 05:00:00,2026-03-31 06:00:00
2006,PC Portable,0.06,243.5,5.7,5.69,2026-03-31 05:00:00,2026-03-31 06:00:00
2008,Lampe Chambre,0.037,243.8,5.2,0.78,2026-03-31 05:00:00,2026-03-31 06:00:00
2001,TV Salle à manger,0.036,242.7,1.1,0.02,2026-03-31 06:00:00,2026-03-31 07:00:00
2006,PC Portable,0.037,242.7,2.8,2.84,2026-03-31 06:00:00,2026-03-31 07:00:00
2006,PC Portable,0.038,243.8,2.8,2.84,2026-03-31 07:00:00,2026-03-31 08:00:00
2001,TV Salle à manger,0.038,241.3,1.0,0.02,2026-03-31 08:00:00,2026-03-31 09:00:00
2006,PC Portable,0.038,243.7,2.8,2.85,2026-03-31 08:00:00,2026-03-31 09:00:00
2003,Telephone / Tablette,0.108,243.8,14.0,8.42,2026-03-31 09:00:00,2026-03-31 10:00:00
2006,PC Portable,0.038,244.4,2.9,2.85,2026-03-31 09:00:00,2026-03-31 10:00:00
2001,TV Salle à manger,0.207,245.0,41.8,2.78,2026-03-31 10:00:00,2026-03-31 11:00:00
2006,PC Portable,0.038,245.1,2.8,2.84,2026-03-31 10:00:00,2026-03-31 11:00:00
2001,TV Salle à manger,0.453,244.9,99.7,99.67,2026-03-31 11:00:00,2026-03-31 12:00:00
2004,Cafetiere,0.038,243.7,5.3,2.04,2026-03-31 11:00:00,2026-03-31 12:00:00
2006,PC Portable,0.038,244.9,2.8,2.84,2026-03-31 11:00:00,2026-03-31 12:00:00
2001,TV Salle à manger,0.497,245.3,110.2,66.11,2026-03-31 12:00:00,2026-03-31 13:00:00
2006,PC Portable,0.038,245.6,2.8,2.85,2026-03-31 12:00:00,2026-03-31 13:00:00
2001,TV Salle à manger,0.05,243.7,1.4,0.02,2026-03-31 13:00:00,2026-03-31 14:00:00
2006,PC Portable,0.038,244.3,2.8,2.84,2026-03-31 13:00:00,2026-03-31 14:00:00
2001,TV Salle à manger,0.037,243.9,1.1,0.04,2026-03-31 14:00:00,2026-03-31 15:00:00
2006,PC Portable,0.038,243.7,2.8,2.84,2026-03-31 14:00:00,2026-03-31 15:00:00
2001,TV Salle à manger,0.026,243.5,1.3,0.06,2026-03-31 15:00:00,2026-03-31 16:00:00
2004,Cafetiere,0.038,242.5,5.3,0.26,2026-03-31 15:00:00,2026-03-31 16:00:00
2006,PC Portable,0.038,243.6,2.8,2.84,2026-03-31 15:00:00,2026-03-31 16:00:00
2007,Lampe Cuisine,6.419,241.3,1549.1,25.82,2026-03-31 15:00:00,2026-03-31 16:00:00
2001,TV Salle à manger,0.712,243.2,160.7,158.05,2026-03-31 16:00:00,2026-03-31 17:00:00
2004,Cafetiere,0.038,242.4,5.3,5.31,2026-03-31 16:00:00,2026-03-31 17:00:00
2006,PC Portable,0.038,243.3,2.8,2.84,2026-03-31 16:00:00,2026-03-31 17:00:00
2001,TV Salle à manger,0.709,244.9,160.9,160.9,2026-03-31 17:00:00,2026-03-31 18:00:00
2004,Cafetiere,0.039,244.2,5.4,5.35,2026-03-31 17:00:00,2026-03-31 18:00:00
2006,PC Portable,0.037,245.0,2.8,2.85,2026-03-31 17:00:00,2026-03-31 18:00:00
2001,TV Salle à manger,0.637,245.3,144.0,144.01,2026-03-31 18:00:00,2026-03-31 19:00:00
2004,Cafetiere,0.039,244.5,5.4,5.37,2026-03-31 18:00:00,2026-03-31 19:00:00
2005,Lampe Salle à manger,0.05,245.0,11.5,2.49,2026-03-31 18:00:00,2026-03-31 19:00:00
2006,PC Portable,0.046,245.4,3.9,3.87,2026-03-31 18:00:00,2026-03-31 19:00:00
2001,TV Salle à manger,0.426,245.9,93.7,93.66,2026-03-31 19:00:00,2026-03-31 20:00:00
2004,Cafetiere,0.038,245.1,5.4,5.39,2026-03-31 19:00:00,2026-03-31 20:00:00
2005,Lampe Salle à manger,0.049,244.9,11.3,11.27,2026-03-31 19:00:00,2026-03-31 20:00:00
2006,PC Portable,0.175,245.9,20.4,20.35,2026-03-31 19:00:00,2026-03-31 20:00:00
2001,TV Salle à manger,0.443,243.9,97.0,97.01,2026-03-31 20:00:00,2026-03-31 21:00:00
2002,Ecran,0.171,243.5,21.9,5.46,2026-03-31 20:00:00,2026-03-31 21:00:00
2004,Cafetiere,0.038,242.9,5.3,1.86,2026-03-31 20:00:00,2026-03-31 21:00:00
2005,Lampe Salle à manger,0.05,242.8,11.3,11.25,2026-03-31 20:00:00,2026-03-31 21:00:00
2006,PC Portable,0.157,243.9,24.1,24.13,2026-03-31 20:00:00,2026-03-31 21:00:00
2007,Lampe Cuisine,3.978,242.6,852.6,28.42,2026-03-31 20:00:00,2026-03-31 21:00:00
2001,TV Salle à manger,0.451,244.6,99.0,99.05,2026-03-31 21:00:00,2026-03-31 22:00:00
2002,Ecran,0.17,244.2,21.7,21.68,2026-03-31 21:00:00,2026-03-31 22:00:00
2004,Cafetiere,0.038,243.2,5.3,0.09,2026-03-31 21:00:00,2026-03-31 22:00:00
2005,Lampe Salle à manger,0.05,243.5,11.3,11.26,2026-03-31 21:00:00,2026-03-31 22:00:00
2006,PC Portable,0.227,244.5,38.3,38.27,2026-03-31 21:00:00,2026-03-31 22:00:00
2001,TV Salle à manger,0.409,244.9,89.3,66.95,2026-03-31 22:00:00,2026-03-31 23:00:00
2002,Ecran,0.17,244.3,21.7,21.66,2026-03-31 22:00:00,2026-03-31 23:00:00
2005,Lampe Salle à manger,0.049,243.7,11.3,11.26,2026-03-31 22:00:00,2026-03-31 23:00:00
2006,PC Portable,0.165,244.6,22.1,22.13,2026-03-31 22:00:00,2026-03-31 23:00:00
2001,TV Salle à manger,0.043,244.6,1.3,0.02,2026-03-31 23:00:00,2026-04-01 00:00:00
2002,Ecran,0.17,243.5,21.7,21.66,2026-03-31 23:00:00,2026-04-01 00:00:00
2004,Cafetiere,0.038,243.0,5.3,5.13,2026-03-31 23:00:00,2026-04-01 00:00:00
2005,Lampe Salle à manger,0.05,242.9,11.3,11.26,2026-03-31 23:00:00,2026-04-01 00:00:00
2006,PC Portable,0.171,243.9,24.1,24.14,2026-03-31 23:00:00,2026-04-01 00:00:00
2002,Ecran,0.17,243.1,21.6,7.94,2026-04-01 00:00:00,2026-04-01 01:00:00
2004,Cafetiere,0.038,242.6,5.3,1.85,2026-04-01 00:00:00,2026-04-01 01:00:00
2005,Lampe Salle à manger,0.05,242.6,11.3,4.7,2026-04-01 00:00:00,2026-04-01 01:00:00
2006,PC Portable,0.105,244.0,12.6,12.58,2026-04-01 00:00:00,2026-04-01 01:00:00
2008,Lampe Chambre,0.037,244.5,5.3,1.05,2026-04-01 00:00:00,2026-04-01 01:00:00
2006,PC Portable,0.107,244.5,11.8,11.77,2026-04-01 01:00:00,2026-04-01 02:00:00
2006,PC Portable,0.069,244.6,7.0,6.99,2026-04-01 02:00:00,2026-04-01 03:00:00
2006,PC Portable,0.114,243.2,12.5,12.45,2026-04-01 03:00:00,2026-04-01 04:00:00
2006,PC Portable,0.089,245.3,9.6,9.59,2026-04-01 04:00:00,2026-04-01 05:00:00
2001,TV Salle à manger,0.032,244.6,1.1,0.02,2026-04-01 05:00:00,2026-04-01 06:00:00
2006,PC Portable,0.09,244.6,9.5,9.5,2026-04-01 05:00:00,2026-04-01 06:00:00
2006,PC Portable,0.11,243.0,12.0,11.96,2026-04-01 06:00:00,2026-04-01 07:00:00
2001,TV Salle à manger,0.038,242.9,1.0,0.02,2026-04-01 07:00:00,2026-04-01 08:00:00
2002,Ecran,0.17,242.8,21.7,16.3,2026-04-01 07:00:00,2026-04-01 08:00:00
2004,Cafetiere,0.038,241.9,5.3,0.53,2026-04-01 07:00:00,2026-04-01 08:00:00
2006,PC Portable,0.172,243.2,26.6,26.61,2026-04-01 07:00:00,2026-04-01 08:00:00
2007,Lampe Cuisine,5.271,241.3,1072.8,35.76,2026-04-01 07:00:00,2026-04-01 08:00:00
2001,TV Salle à manger,0.042,244.1,1.3,0.02,2026-04-01 08:00:00,2026-04-01 09:00:00
2002,Ecran,0.172,242.6,21.7,21.67,2026-04-01 08:00:00,2026-04-01 09:00:00
2004,Cafetiere,0.039,242.1,5.3,0.35,2026-04-01 08:00:00,2026-04-01 09:00:00
2006,PC Portable,0.208,242.9,39.1,39.14,2026-04-01 08:00:00,2026-04-01 09:00:00
2001,TV Salle à manger,0.052,242.1,1.6,0.06,2026-04-01 09:00:00,2026-04-01 10:00:00
2002,Ecran,0.175,241.8,21.6,21.63,2026-04-01 09:00:00,2026-04-01 10:00:00
2003,Telephone / Tablette,0.039,242.1,4.2,1.19,2026-04-01 09:00:00,2026-04-01 10:00:00
2004,Cafetiere,0.038,240.5,5.2,0.35,2026-04-01 09:00:00,2026-04-01 10:00:00
2006,PC Portable,0.193,242.2,32.5,32.5,2026-04-01 09:00:00,2026-04-01 10:00:00
2007,Lampe Cuisine,5.798,240.4,1295.0,86.33,2026-04-01 09:00:00,2026-04-01 10:00:00
2002,Ecran,0.172,242.2,21.6,21.62,2026-04-01 10:00:00,2026-04-01 11:00:00
2003,Telephone / Tablette,0.038,241.9,4.2,4.2,2026-04-01 10:00:00,2026-04-01 11:00:00
2006,PC Portable,0.177,242.5,27.2,27.2,2026-04-01 10:00:00,2026-04-01 11:00:00
2002,Ecran,0.17,242.1,21.7,21.66,2026-04-01 11:00:00,2026-04-01 12:00:00
2003,Telephone / Tablette,0.038,241.8,4.2,4.21,2026-04-01 11:00:00,2026-04-01 12:00:00
2006,PC Portable,0.177,242.4,27.8,27.84,2026-04-01 11:00:00,2026-04-01 12:00:00
2002,Ecran,0.171,241.5,21.6,16.95,2026-04-01 12:00:00,2026-04-01 13:00:00
2003,Telephone / Tablette,0.038,241.2,4.2,4.23,2026-04-01 12:00:00,2026-04-01 13:00:00
2006,PC Portable,0.142,241.8,19.0,18.96,2026-04-01 12:00:00,2026-04-01 13:00:00
2006,PC Portable,0.076,242.4,7.7,7.67,2026-04-01 13:00:00,2026-04-01 14:00:00
2007,Lampe Cuisine,6.419,240.9,1546.5,25.77,2026-04-01 13:00:00,2026-04-01 14:00:00
2002,Ecran,0.171,242.4,21.7,19.9,2026-04-01 14:00:00,2026-04-01 15:00:00
2006,PC Portable,0.152,242.7,19.4,19.38,2026-04-01 14:00:00,2026-04-01 15:00:00
2002,Ecran,0.145,242.7,17.9,1.49,2026-04-01 15:00:00,2026-04-01 16:00:00
2006,PC Portable,0.115,243.2,12.5,12.51,2026-04-01 15:00:00,2026-04-01 16:00:00
2001,TV Salle à manger,0.039,243.4,1.1,0.02,2026-04-01 16:00:00,2026-04-01 17:00:00
2006,PC Portable,0.082,242.7,8.5,8.51,2026-04-01 16:00:00,2026-04-01 17:00:00
2001,TV Salle à manger,0.047,241.0,1.3,0.02,2026-04-01 17:00:00,2026-04-01 18:00:00
2003,Telephone / Tablette,0.078,242.0,9.5,5.72,2026-04-01 17:00:00,2026-04-01 18:00:00
2006,PC Portable,0.098,242.8,10.3,10.28,2026-04-01 17:00:00,2026-04-01 18:00:00
2002,Ecran,0.117,244.6,14.2,1.18,2026-04-01 18:00:00,2026-04-01 19:00:00
2003,Telephone / Tablette,0.08,242.9,9.8,8.83,2026-04-01 18:00:00,2026-04-01 19:00:00
2004,Cafetiere,0.038,244.8,5.3,0.27,2026-04-01 18:00:00,2026-04-01 19:00:00
2005,Lampe Salle à manger,0.051,244.7,11.7,0.58,2026-04-01 18:00:00,2026-04-01 19:00:00
2006,PC Portable,0.104,243.8,11.2,11.24,2026-04-01 18:00:00,2026-04-01 19:00:00
2001,TV Salle à manger,0.037,245.4,1.2,0.02,2026-04-01 19:00:00,2026-04-01 20:00:00
2002,Ecran,0.171,245.1,21.7,16.66,2026-04-01 19:00:00,2026-04-01 20:00:00
2004,Cafetiere,0.038,244.5,5.4,0.45,2026-04-01 19:00:00,2026-04-01 20:00:00
2005,Lampe Salle à manger,0.049,244.4,11.3,11.3,2026-04-01 19:00:00,2026-04-01 20:00:00
2006,PC Portable,0.131,245.3,15.7,15.73,2026-04-01 19:00:00,2026-04-01 20:00:00
2007,Lampe Cuisine,5.137,242.4,1053.5,35.12,2026-04-01 19:00:00,2026-04-01 20:00:00
2001,TV Salle à manger,0.032,246.1,1.1,0.02,2026-04-01 20:00:00,2026-04-01 21:00:00
2002,Ecran,0.17,245.0,21.6,21.65,2026-04-01 20:00:00,2026-04-01 21:00:00
2005,Lampe Salle à manger,0.049,244.5,11.3,11.27,2026-04-01 20:00:00,2026-04-01 21:00:00
2006,PC Portable,0.156,245.4,19.4,19.45,2026-04-01 20:00:00,2026-04-01 21:00:00
2002,Ecran,0.17,245.1,21.6,21.64,2026-04-01 21:00:00,2026-04-01 22:00:00
2005,Lampe Salle à manger,0.049,244.6,11.3,11.26,2026-04-01 21:00:00,2026-04-01 22:00:00
2006,PC Portable,0.171,245.5,25.1,25.09,2026-04-01 21:00:00,2026-04-01 22:00:00
2007,Lampe Cuisine,3.861,244.9,824.5,27.48,2026-04-01 21:00:00,2026-04-01 22:00:00
2001,TV Salle à manger,0.037,245.1,1.1,0.04,2026-04-01 22:00:00,2026-04-01 23:00:00
2002,Ecran,0.168,244.3,21.4,15.35,2026-04-01 22:00:00,2026-04-01 23:00:00
2005,Lampe Salle à manger,0.05,243.8,11.3,8.26,2026-04-01 22:00:00,2026-04-01 23:00:00
2006,PC Portable,0.092,244.8,9.9,9.95,2026-04-01 22:00:00,2026-04-01 23:00:00
2008,Lampe Chambre,0.037,245.3,5.4,0.8,2026-04-01 22:00:00,2026-04-01 23:00:00
2001,TV Salle à manger,0.05,244.2,1.4,0.02,2026-04-01 23:00:00,2026-04-02 00:00:00
2006,PC Portable,0.037,244.5,2.9,2.86,2026-04-01 23:00:00,2026-04-02 00:00:00
2006,PC Portable,0.037,244.6,2.8,2.85,2026-04-02 00:00:00,2026-04-02 01:00:00
2006,PC Portable,0.037,244.8,2.8,2.84,2026-04-02 01:00:00,2026-04-02 02:00:00
2006,PC Portable,0.037,244.9,2.8,2.84,2026-04-02 02:00:00,2026-04-02 03:00:00
2001,TV Salle à manger,0.032,243.6,1.0,0.02,2026-04-02 03:00:00,2026-04-02 04:00:00
2006,PC Portable,0.037,243.6,2.8,2.84,2026-04-02 03:00:00,2026-04-02 04:00:00
2001,TV Salle à manger,0.04,244.8,1.2,0.04,2026-04-02 04:00:00,2026-04-02 05:00:00
2004,Cafetiere,0.038,243.2,5.3,0.09,2026-04-02 04:00:00,2026-04-02 05:00:00
2005,Lampe Salle à manger,0.05,242.8,11.4,5.31,2026-04-02 04:00:00,2026-04-02 05:00:00
2006,PC Portable,0.037,243.6,2.8,2.84,2026-04-02 04:00:00,2026-04-02 05:00:00
2001,TV Salle à manger,0.04,243.8,1.1,0.05,2026-04-02 05:00:00,2026-04-02 06:00:00
2005,Lampe Salle à manger,0.05,243.4,11.3,0.57,2026-04-02 05:00:00,2026-04-02 06:00:00
2006,PC Portable,0.037,244.1,2.8,2.84,2026-04-02 05:00:00,2026-04-02 06:00:00
2001,TV Salle à manger,0.036,244.3,1.1,0.04,2026-04-02 06:00:00,2026-04-02 07:00:00
2002,Ecran,0.172,242.4,21.9,4.74,2026-04-02 06:00:00,2026-04-02 07:00:00
2006,PC Portable,0.1,243.4,17.9,17.88,2026-04-02 06:00:00,2026-04-02 07:00:00
2007,Lampe Cuisine,6.507,241.0,1568.6,26.14,2026-04-02 06:00:00,2026-04-02 07:00:00
2001,TV Salle à manger,0.039,242.4,1.0,0.02,2026-04-02 07:00:00,2026-04-02 08:00:00
2002,Ecran,0.173,242.4,21.7,21.68,2026-04-02 07:00:00,2026-04-02 08:00:00
2006,PC Portable,0.26,242.7,52.8,52.81,2026-04-02 07:00:00,2026-04-02 08:00:00
2002,Ecran,0.17,241.6,21.6,21.62,2026-04-02 08:00:00,2026-04-02 09:00:00
2006,PC Portable,0.164,242.0,21.6,21.62,2026-04-02 08:00:00,2026-04-02 09:00:00
2007,Lampe Cuisine,2.355,240.8,304.4,10.15,2026-04-02 08:00:00,2026-04-02 09:00:00
2002,Ecran,0.172,241.7,21.6,21.64,2026-04-02 09:00:00,2026-04-02 10:00:00
2006,PC Portable,0.152,242.0,21.7,21.75,2026-04-02 09:00:00,2026-04-02 10:00:00
2001,TV Salle à manger,0.709,243.4,160.2,2.67,2026-04-02 10:00:00,2026-04-02 11:00:00
2002,Ecran,0.172,241.9,21.6,21.66,2026-04-02 10:00:00,2026-04-02 11:00:00
2006,PC Portable,0.145,242.3,18.7,18.71,2026-04-02 10:00:00,2026-04-02 11:00:00
2001,TV Salle à manger,0.707,243.3,159.5,159.52,2026-04-02 11:00:00,2026-04-02 12:00:00
2002,Ecran,0.15,242.7,18.4,1.84,2026-04-02 11:00:00,2026-04-02 12:00:00
2006,PC Portable,0.118,243.3,12.7,12.74,2026-04-02 11:00:00,2026-04-02 12:00:00
2001,TV Salle à manger,0.679,244.0,153.2,61.29,2026-04-02 12:00:00,2026-04-02 13:00:00
2002,Ecran,0.167,243.7,21.2,12.38,2026-04-02 12:00:00,2026-04-02 13:00:00
2006,PC Portable,0.13,244.0,18.7,18.75,2026-04-02 12:00:00,2026-04-02 13:00:00
2001,TV Salle à manger,0.035,244.2,1.1,0.02,2026-04-02 13:00:00,2026-04-02 14:00:00
2002,Ecran,0.17,244.1,21.6,21.66,2026-04-02 13:00:00,2026-04-02 14:00:00
2006,PC Portable,0.152,244.5,20.4,20.38,2026-04-02 13:00:00,2026-04-02 14:00:00
2007,Lampe Cuisine,2.568,243.5,400.9,40.09,2026-04-02 13:00:00,2026-04-02 14:00:00
2001,TV Salle à manger,0.033,245.1,1.1,0.02,2026-04-02 14:00:00,2026-04-02 15:00:00
2002,Ecran,0.17,244.5,21.7,21.68,2026-04-02 14:00:00,2026-04-02 15:00:00
2006,PC Portable,0.157,244.9,21.4,21.38,2026-04-02 14:00:00,2026-04-02 15:00:00
2002,Ecran,0.17,245.0,21.7,21.67,2026-04-02 15:00:00,2026-04-02 16:00:00
2006,PC Portable,0.152,245.3,22.0,21.95,2026-04-02 15:00:00,2026-04-02 16:00:00
2001,TV Salle à manger,0.703,245.6,160.1,40.02,2026-04-02 16:00:00,2026-04-02 17:00:00
2002,Ecran,0.169,244.5,21.6,16.24,2026-04-02 16:00:00,2026-04-02 17:00:00
2004,Cafetiere,0.038,244.2,5.4,2.41,2026-04-02 16:00:00,2026-04-02 17:00:00
2005,Lampe Salle à manger,0.05,244.5,11.5,3.06,2026-04-02 16:00:00,2026-04-02 17:00:00
2006,PC Portable,0.142,245.0,17.8,17.76,2026-04-02 16:00:00,2026-04-02 17:00:00
2001,TV Salle à manger,0.708,245.1,161.0,161.0,2026-04-02 17:00:00,2026-04-02 18:00:00
2004,Cafetiere,0.038,244.4,5.4,3.31,2026-04-02 17:00:00,2026-04-02 18:00:00
2005,Lampe Salle à manger,0.049,244.1,11.3,11.27,2026-04-02 17:00:00,2026-04-02 18:00:00
2006,PC Portable,0.089,245.2,9.4,9.43,2026-04-02 17:00:00,2026-04-02 18:00:00
2001,TV Salle à manger,0.716,244.5,162.6,162.59,2026-04-02 18:00:00,2026-04-02 19:00:00
2004,Cafetiere,0.038,243.8,5.3,2.04,2026-04-02 18:00:00,2026-04-02 19:00:00
2005,Lampe Salle à manger,0.05,243.5,11.3,11.27,2026-04-02 18:00:00,2026-04-02 19:00:00
2006,PC Portable,0.098,244.6,10.5,10.46,2026-04-02 18:00:00,2026-04-02 19:00:00
2007,Lampe Cuisine,6.455,241.7,1560.9,26.02,2026-04-02 18:00:00,2026-04-02 19:00:00
2001,TV Salle à manger,0.638,245.9,144.5,96.35,2026-04-02 19:00:00,2026-04-02 20:00:00
2002,Ecran,0.167,246.3,21.9,3.66,2026-04-02 19:00:00,2026-04-02 20:00:00
2005,Lampe Salle à manger,0.049,245.0,11.3,11.27,2026-04-02 19:00:00,2026-04-02 20:00:00
2006,PC Portable,0.119,246.0,13.3,13.3,2026-04-02 19:00:00,2026-04-02 20:00:00
2002,Ecran,0.171,242.4,21.7,17.4,2026-04-02 20:00:00,2026-04-02 21:00:00
2005,Lampe Salle à manger,0.05,242.0,11.3,11.26,2026-04-02 20:00:00,2026-04-02 21:00:00
2006,PC Portable,0.145,242.9,17.7,17.74,2026-04-02 20:00:00,2026-04-02 21:00:00
2008,Lampe Chambre,0.037,243.7,5.3,0.26,2026-04-02 20:00:00,2026-04-02 21:00:00
2002,Ecran,0.174,242.9,21.6,0.36,2026-04-02 21:00:00,2026-04-02 22:00:00
2005,Lampe Salle à manger,0.05,242.3,11.3,0.19,2026-04-02 21:00:00,2026-04-02 22:00:00
2006,PC Portable,0.039,243.9,3.0,2.96,2026-04-02 21:00:00,2026-04-02 22:00:00
2008,Lampe Chambre,0.037,244.3,5.3,5.28,2026-04-02 21:00:00,2026-04-02 22:00:00
2001,TV Salle à manger,0.047,244.9,1.4,0.02,2026-04-02 22:00:00,2026-04-02 23:00:00
2006,PC Portable,0.038,244.7,2.9,2.87,2026-04-02 22:00:00,2026-04-02 23:00:00
2008,Lampe Chambre,0.037,244.8,5.3,1.15,2026-04-02 22:00:00,2026-04-02 23:00:00
2006,PC Portable,0.038,245.2,2.9,2.86,2026-04-02 23:00:00,2026-04-03 00:00:00
2001,TV Salle à manger,0.041,245.0,1.2,0.02,2026-04-10 17:00:00,2026-04-10 18:00:00
2002,Ecran,0.174,244.6,22.1,3.68,2026-04-10 17:00:00,2026-04-10 18:00:00
2004,Cafetiere,0.038,244.2,5.4,2.58,2026-04-10 17:00:00,2026-04-10 18:00:00
2005,Lampe Salle à manger,0.051,244.1,11.5,2.68,2026-04-10 17:00:00,2026-04-10 18:00:00
2006,PC Portable,0.038,245.2,2.9,2.87,2026-04-10 17:00:00,2026-04-10 18:00:00
2004,Cafetiere,0.039,245.1,5.4,2.59,2026-04-10 18:00:00,2026-04-10 19:00:00
2006,PC Portable,0.037,246.1,2.9,2.85,2026-04-10 18:00:00,2026-04-10 19:00:00
2007,Lampe Cuisine,6.503,243.7,1585.5,52.85,2026-04-10 18:00:00,2026-04-10 19:00:00
2001,TV Salle à manger,0.065,247.0,2.5,0.04,2026-04-10 19:00:00,2026-04-10 20:00:00
2004,Cafetiere,0.039,245.9,5.4,5.4,2026-04-10 19:00:00,2026-04-10 20:00:00
2005,Lampe Salle à manger,0.05,245.9,11.4,7.01,2026-04-10 19:00:00,2026-04-10 20:00:00
2006,PC Portable,0.037,246.9,2.9,2.86,2026-04-10 19:00:00,2026-04-10 20:00:00
2008,Lampe Chambre,0.037,247.5,5.4,0.63,2026-04-10 19:00:00,2026-04-10 20:00:00
2002,Ecran,0.169,244.0,21.8,12.33,2026-04-10 20:00:00,2026-04-10 21:00:00
2004,Cafetiere,0.039,245.8,5.4,0.36,2026-04-10 20:00:00,2026-04-10 21:00:00
2005,Lampe Salle à manger,0.05,243.6,11.3,11.28,2026-04-10 20:00:00,2026-04-10 21:00:00
2006,PC Portable,0.101,244.5,13.2,13.16,2026-04-10 20:00:00,2026-04-10 21:00:00
2008,Lampe Chambre,0.037,245.1,5.3,2.22,2026-04-10 20:00:00,2026-04-10 21:00:00
2001,TV Salle à manger,0.04,245.5,1.1,0.02,2026-04-10 21:00:00,2026-04-10 22:00:00
2002,Ecran,0.168,244.5,21.3,21.35,2026-04-10 21:00:00,2026-04-10 22:00:00
2005,Lampe Salle à manger,0.05,243.9,11.3,11.28,2026-04-10 21:00:00,2026-04-10 22:00:00
2006,PC Portable,0.172,244.8,23.0,22.96,2026-04-10 21:00:00,2026-04-10 22:00:00
2002,Ecran,0.17,245.5,21.6,21.64,2026-04-10 22:00:00,2026-04-10 23:00:00
2005,Lampe Salle à manger,0.049,244.9,11.3,11.28,2026-04-10 22:00:00,2026-04-10 23:00:00
2006,PC Portable,0.193,245.9,27.9,27.85,2026-04-10 22:00:00,2026-04-10 23:00:00
2002,Ecran,0.167,245.2,21.3,18.45,2026-04-10 23:00:00,2026-04-11 00:00:00
2005,Lampe Salle à manger,0.049,244.6,11.3,10.53,2026-04-10 23:00:00,2026-04-11 00:00:00
2006,PC Portable,0.182,245.6,27.2,27.23,2026-04-10 23:00:00,2026-04-11 00:00:00
2008,Lampe Chambre,0.037,246.2,5.3,0.71,2026-04-10 23:00:00,2026-04-11 00:00:00
2006,PC Portable,0.037,245.6,2.9,2.86,2026-04-11 00:00:00,2026-04-11 01:00:00
2008,Lampe Chambre,0.037,246.1,5.3,3.19,2026-04-11 00:00:00,2026-04-11 01:00:00
2001,TV Salle à manger,0.04,246.4,1.0,0.02,2026-04-11 01:00:00,2026-04-11 02:00:00
2006,PC Portable,0.037,246.1,2.8,2.85,2026-04-11 01:00:00,2026-04-11 02:00:00
2001,TV Salle à manger,0.045,246.8,1.3,0.02,2026-04-11 02:00:00,2026-04-11 03:00:00
2006,PC Portable,0.037,246.5,2.8,2.85,2026-04-11 02:00:00,2026-04-11 03:00:00
2001,TV Salle à manger,0.043,247.3,1.2,0.04,2026-04-11 03:00:00,2026-04-11 04:00:00
2006,PC Portable,0.037,246.7,2.8,2.85,2026-04-11 03:00:00,2026-04-11 04:00:00
2006,PC Portable,0.037,245.9,2.8,2.85,2026-04-11 04:00:00,2026-04-11 05:00:00
2001,TV Salle à manger,0.041,245.2,1.2,0.04,2026-04-11 05:00:00,2026-04-11 06:00:00
2006,PC Portable,0.037,245.1,2.9,2.85,2026-04-11 05:00:00,2026-04-11 06:00:00
2001,TV Salle à manger,0.055,245.3,2.2,0.07,2026-04-11 06:00:00,2026-04-11 07:00:00
2006,PC Portable,0.037,244.7,2.8,2.84,2026-04-11 06:00:00,2026-04-11 07:00:00
2001,TV Salle à manger,0.037,244.7,1.2,0.04,2026-04-11 07:00:00,2026-04-11 08:00:00
2006,PC Portable,0.037,244.5,2.8,2.85,2026-04-11 07:00:00,2026-04-11 08:00:00
2006,PC Portable,0.037,244.2,2.8,2.84,2026-04-11 08:00:00,2026-04-11 09:00:00
2006,PC Portable,0.037,243.1,2.8,2.85,2026-04-11 09:00:00,2026-04-11 10:00:00
2002,Ecran,0.169,243.5,21.7,19.18,2026-04-11 10:00:00,2026-04-11 11:00:00
2004,Cafetiere,0.038,243.0,5.3,0.7,2026-04-11 10:00:00,2026-04-11 11:00:00
2006,PC Portable,0.163,243.9,20.7,20.67,2026-04-11 10:00:00,2026-04-11 11:00:00
2002,Ecran,0.171,244.0,21.6,2.88,2026-04-11 11:00:00,2026-04-11 12:00:00
2004,Cafetiere,0.038,243.4,5.3,0.88,2026-04-11 11:00:00,2026-04-11 12:00:00
2006,PC Portable,0.072,244.8,7.3,7.32,2026-04-11 11:00:00,2026-04-11 12:00:00
2004,Cafetiere,0.038,243.8,5.3,0.35,2026-04-11 12:00:00,2026-04-11 13:00:00
2006,PC Portable,0.098,245.4,10.5,10.46,2026-04-11 12:00:00,2026-04-11 13:00:00
2007,Lampe Cuisine,2.331,243.8,342.5,39.96,2026-04-11 12:00:00,2026-04-11 13:00:00
2001,TV Salle à manger,0.042,245.7,2.0,0.03,2026-04-11 13:00:00,2026-04-11 14:00:00
2006,PC Portable,0.068,245.5,6.8,6.77,2026-04-11 13:00:00,2026-04-11 14:00:00
2001,TV Salle à manger,0.035,245.4,1.1,0.04,2026-04-11 14:00:00,2026-04-11 15:00:00
2006,PC Portable,0.173,245.6,20.3,20.32,2026-04-11 14:00:00,2026-04-11 15:00:00
2002,Ecran,0.169,244.8,21.9,0.73,2026-04-11 15:00:00,2026-04-11 16:00:00
2006,PC Portable,0.091,245.7,10.5,10.32,2026-04-11 15:00:00,2026-04-11 16:00:00
2001,TV Salle à manger,0.039,243.9,1.1,0.06,2026-04-11 16:00:00,2026-04-11 17:00:00
2002,Ecran,0.168,244.2,21.7,12.67,2026-04-11 16:00:00,2026-04-11 17:00:00
2004,Cafetiere,0.038,243.8,5.3,3.9,2026-04-11 16:00:00,2026-04-11 17:00:00
2006,PC Portable,0.163,244.7,20.4,20.43,2026-04-11 16:00:00,2026-04-11 17:00:00
2001,TV Salle à manger,0.047,243.9,1.4,0.02,2026-04-11 17:00:00,2026-04-11 18:00:00
2004,Cafetiere,0.038,243.6,5.3,5.33,2026-04-11 17:00:00,2026-04-11 18:00:00
2006,PC Portable,0.07,244.5,7.0,7.02,2026-04-11 17:00:00,2026-04-11 18:00:00
2001,TV Salle à manger,0.042,245.3,1.5,0.05,2026-04-11 18:00:00,2026-04-11 19:00:00
2004,Cafetiere,0.038,244.3,5.4,5.35,2026-04-11 18:00:00,2026-04-11 19:00:00
2006,PC Portable,0.113,245.2,12.4,12.39,2026-04-11 18:00:00,2026-04-11 19:00:00
2007,Lampe Cuisine,6.494,243.4,1580.8,26.35,2026-04-11 18:00:00,2026-04-11 19:00:00
2002,Ecran,0.169,244.9,22.0,0.37,2026-04-11 19:00:00,2026-04-11 20:00:00
2004,Cafetiere,0.038,244.6,5.4,5.35,2026-04-11 19:00:00,2026-04-11 20:00:00
2005,Lampe Salle à manger,0.05,244.8,11.4,7.57,2026-04-11 19:00:00,2026-04-11 20:00:00
2006,PC Portable,0.067,245.5,6.7,6.72,2026-04-11 19:00:00,2026-04-11 20:00:00
2008,Lampe Chambre,0.038,246.6,5.3,1.06,2026-04-11 19:00:00,2026-04-11 20:00:00
2001,TV Salle à manger,0.04,247.1,1.1,0.02,2026-04-11 20:00:00,2026-04-11 21:00:00
2004,Cafetiere,0.038,245.0,5.4,0.45,2026-04-11 20:00:00,2026-04-11 21:00:00
2005,Lampe Salle à manger,0.049,245.3,11.3,11.27,2026-04-11 20:00:00,2026-04-11 21:00:00
2006,PC Portable,0.109,246.3,12.0,11.99,2026-04-11 20:00:00,2026-04-11 21:00:00
2005,Lampe Salle à manger,0.049,245.7,11.3,4.52,2026-04-11 21:00:00,2026-04-11 22:00:00
2006,PC Portable,0.066,246.5,6.7,6.72,2026-04-11 21:00:00,2026-04-11 22:00:00
2008,Lampe Chambre,0.037,246.7,5.4,3.3,2026-04-11 21:00:00,2026-04-11 22:00:00
2006,PC Portable,0.11,245.5,12.1,12.08,2026-04-11 22:00:00,2026-04-11 23:00:00
2008,Lampe Chambre,0.037,245.9,5.3,5.33,2026-04-11 22:00:00,2026-04-11 23:00:00
2006,PC Portable,0.067,245.4,6.7,6.71,2026-04-11 23:00:00,2026-04-12 00:00:00
2008,Lampe Chambre,0.037,245.8,5.3,5.32,2026-04-11 23:00:00,2026-04-12 00:00:00
2006,PC Portable,0.112,246.1,12.3,12.3,2026-04-12 00:00:00,2026-04-12 01:00:00
2008,Lampe Chambre,0.037,246.5,5.4,5.35,2026-04-12 00:00:00,2026-04-12 01:00:00
2006,PC Portable,0.068,246.1,7.0,6.98,2026-04-12 01:00:00,2026-04-12 02:00:00
2008,Lampe Chambre,0.037,246.5,5.4,5.35,2026-04-12 01:00:00,2026-04-12 02:00:00
2001,TV Salle à manger,0.032,246.8,1.0,0.02,2026-04-12 02:00:00,2026-04-12 03:00:00
2006,PC Portable,0.105,246.6,11.7,11.74,2026-04-12 02:00:00,2026-04-12 03:00:00
2008,Lampe Chambre,0.037,247.1,5.4,2.06,2026-04-12 02:00:00,2026-04-12 03:00:00
2006,PC Portable,0.072,246.4,7.6,7.59,2026-04-12 03:00:00,2026-04-12 04:00:00
2006,PC Portable,0.101,245.7,11.2,11.19,2026-04-12 04:00:00,2026-04-12 05:00:00
2001,TV Salle à manger,0.042,245.7,1.1,0.06,2026-04-12 05:00:00,2026-04-12 06:00:00
2005,Lampe Salle à manger,0.05,244.7,11.4,6.83,2026-04-12 05:00:00,2026-04-12 06:00:00
2006,PC Portable,0.077,245.4,8.1,8.14,2026-04-12 05:00:00,2026-04-12 06:00:00
2003,Telephone / Tablette,0.039,243.6,4.5,3.51,2026-04-12 06:00:00,2026-04-12 07:00:00
2005,Lampe Salle à manger,0.049,243.8,11.3,1.13,2026-04-12 06:00:00,2026-04-12 07:00:00
2006,PC Portable,0.097,244.4,10.5,10.54,2026-04-12 06:00:00,2026-04-12 07:00:00
2001,TV Salle à manger,0.044,243.9,1.3,0.02,2026-04-12 07:00:00,2026-04-12 08:00:00
2003,Telephone / Tablette,0.038,243.4,4.4,4.42,2026-04-12 07:00:00,2026-04-12 08:00:00
2006,PC Portable,0.082,244.1,8.7,8.67,2026-04-12 07:00:00,2026-04-12 08:00:00
2003,Telephone / Tablette,0.039,242.5,4.5,4.0,2026-04-12 08:00:00,2026-04-12 09:00:00
2006,PC Portable,0.094,243.2,10.0,9.99,2026-04-12 08:00:00,2026-04-12 09:00:00
2001,TV Salle à manger,0.049,242.5,1.4,0.02,2026-04-12 09:00:00,2026-04-12 10:00:00
2003,Telephone / Tablette,0.038,241.7,4.3,4.28,2026-04-12 09:00:00,2026-04-12 10:00:00
2006,PC Portable,0.086,242.4,9.0,9.02,2026-04-12 09:00:00,2026-04-12 10:00:00
2003,Telephone / Tablette,0.023,242.9,2.4,1.33,2026-04-12 10:00:00,2026-04-12 11:00:00
2006,PC Portable,0.09,244.2,9.6,9.58,2026-04-12 10:00:00,2026-04-12 11:00:00
2002,Ecran,0.031,245.0,1.8,0.03,2026-04-12 11:00:00,2026-04-12 12:00:00
2003,Telephone / Tablette,0.016,244.2,1.6,0.21,2026-04-12 11:00:00,2026-04-12 12:00:00
2006,PC Portable,0.096,245.1,10.3,10.36,2026-04-12 11:00:00,2026-04-12 12:00:00
2001,TV Salle à manger,0.696,245.6,158.4,95.07,2026-04-12 12:00:00,2026-04-12 13:00:00
2003,Telephone / Tablette,0.025,244.5,2.6,0.04,2026-04-12 12:00:00,2026-04-12 13:00:00
2006,PC Portable,0.16,245.4,18.3,18.27,2026-04-12 12:00:00,2026-04-12 13:00:00
2001,TV Salle à manger,0.719,245.1,163.5,163.5,2026-04-12 13:00:00,2026-04-12 14:00:00
2006,PC Portable,0.038,245.2,2.9,2.86,2026-04-12 13:00:00,2026-04-12 14:00:00
2007,Lampe Cuisine,2.786,244.0,457.2,38.1,2026-04-12 13:00:00,2026-04-12 14:00:00
2001,TV Salle à manger,0.72,244.7,163.4,49.03,2026-04-12 14:00:00,2026-04-12 15:00:00
2006,PC Portable,0.038,244.9,2.9,2.85,2026-04-12 14:00:00,2026-04-12 15:00:00
2006,PC Portable,0.038,245.5,2.8,2.85,2026-04-12 15:00:00,2026-04-12 16:00:00
2001,TV Salle à manger,0.036,245.5,1.3,0.02,2026-04-12 16:00:00,2026-04-12 17:00:00
2006,PC Portable,0.038,245.2,2.8,2.85,2026-04-12 16:00:00,2026-04-12 17:00:00
2006,PC Portable,0.037,245.0,2.9,2.85,2026-04-12 17:00:00,2026-04-12 18:00:00
2001,TV Salle à manger,0.036,245.9,1.3,0.04,2026-04-12 18:00:00,2026-04-12 19:00:00
2006,PC Portable,0.037,245.3,2.8,2.84,2026-04-12 18:00:00,2026-04-12 19:00:00
2001,TV Salle à manger,0.706,244.8,160.4,136.35,2026-04-12 19:00:00,2026-04-12 20:00:00
2004,Cafetiere,0.038,244.3,5.3,1.68,2026-04-12 19:00:00,2026-04-12 20:00:00
2005,Lampe Salle à manger,0.05,243.8,11.4,10.02,2026-04-12 19:00:00,2026-04-12 20:00:00
2006,PC Portable,0.037,244.8,2.8,2.84,2026-04-12 19:00:00,2026-04-12 20:00:00
2001,TV Salle à manger,0.686,245.9,156.3,59.91,2026-04-12 20:00:00,2026-04-12 21:00:00
2005,Lampe Salle à manger,0.049,245.2,11.3,11.28,2026-04-12 20:00:00,2026-04-12 21:00:00
2006,PC Portable,0.037,246.2,2.9,2.85,2026-04-12 20:00:00,2026-04-12 21:00:00
2001,TV Salle à manger,0.038,245.7,1.0,0.02,2026-04-12 21:00:00,2026-04-12 22:00:00
2005,Lampe Salle à manger,0.049,245.1,11.3,5.08,2026-04-12 21:00:00,2026-04-12 22:00:00
2006,PC Portable,0.037,246.2,2.8,2.85,2026-04-12 21:00:00,2026-04-12 22:00:00
2008,Lampe Chambre,0.037,246.7,5.3,3.38,2026-04-12 21:00:00,2026-04-12 22:00:00
2006,PC Portable,0.037,244.9,2.9,2.85,2026-04-12 22:00:00,2026-04-12 23:00:00
2008,Lampe Chambre,0.037,244.2,5.2,0.17,2026-04-12 22:00:00,2026-04-12 23:00:00
2006,PC Portable,0.037,245.6,2.8,2.85,2026-04-12 23:00:00,2026-04-13 00:00:00
2006,PC Portable,0.037,245.4,2.9,2.85,2026-04-13 00:00:00,2026-04-13 01:00:00
2006,PC Portable,0.037,245.0,2.9,2.85,2026-04-13 01:00:00,2026-04-13 02:00:00
2001,TV Salle à manger,0.032,245.0,1.1,0.02,2026-04-13 02:00:00,2026-04-13 03:00:00
2006,PC Portable,0.037,245.1,2.8,2.84,2026-04-13 02:00:00,2026-04-13 03:00:00
2001,TV Salle à manger,0.038,244.8,1.0,0.02,2026-04-13 03:00:00,2026-04-13 04:00:00
2006,PC Portable,0.037,244.4,2.8,2.85,2026-04-13 03:00:00,2026-04-13 04:00:00
2001,TV Salle à manger,0.05,243.5,1.4,0.02,2026-04-13 04:00:00,2026-04-13 05:00:00
2006,PC Portable,0.037,243.4,2.8,2.85,2026-04-13 04:00:00,2026-04-13 05:00:00
2006,PC Portable,0.037,242.8,2.8,2.84,2026-04-13 05:00:00,2026-04-13 06:00:00
2005,Lampe Salle à manger,0.05,242.4,11.4,4.56,2026-04-13 06:00:00,2026-04-13 07:00:00
2006,PC Portable,0.178,243.1,20.8,8.32,2026-04-13 06:00:00,2026-04-13 07:00:00
2001,TV Salle à manger,0.03,244.0,1.2,0.02,2026-04-13 11:00:00,2026-04-13 12:00:00
2001,TV Salle à manger,0.041,245.4,1.2,0.02,2026-04-13 15:00:00,2026-04-13 16:00:00
2001,TV Salle à manger,0.147,244.3,28.2,0.47,2026-04-13 17:00:00,2026-04-13 18:00:00
2004,Cafetiere,0.038,244.0,5.4,4.81,2026-04-13 17:00:00,2026-04-13 18:00:00
2005,Lampe Salle à manger,0.05,243.9,11.3,9.07,2026-04-13 17:00:00,2026-04-13 18:00:00
2006,PC Portable,0.165,245.1,19.1,6.68,2026-04-13 17:00:00,2026-04-13 18:00:00
2001,TV Salle à manger,0.712,244.9,161.7,161.67,2026-04-13 18:00:00,2026-04-13 19:00:00
2004,Cafetiere,0.038,244.1,5.4,5.36,2026-04-13 18:00:00,2026-04-13 19:00:00
2005,Lampe Salle à manger,0.05,243.8,11.3,11.27,2026-04-13 18:00:00,2026-04-13 19:00:00
2006,PC Portable,0.14,244.9,15.7,15.7,2026-04-13 18:00:00,2026-04-13 19:00:00
2001,TV Salle à manger,0.711,244.8,161.5,161.53,2026-04-13 19:00:00,2026-04-13 20:00:00
2004,Cafetiere,0.038,244.0,5.4,5.34,2026-04-13 19:00:00,2026-04-13 20:00:00
2005,Lampe Salle à manger,0.05,243.7,11.3,11.28,2026-04-13 19:00:00,2026-04-13 20:00:00
2006,PC Portable,0.071,244.9,7.1,7.13,2026-04-13 19:00:00,2026-04-13 20:00:00
2001,TV Salle à manger,0.709,245.6,161.5,161.53,2026-04-13 20:00:00,2026-04-13 21:00:00
2004,Cafetiere,0.038,244.8,5.4,5.37,2026-04-13 20:00:00,2026-04-13 21:00:00
2005,Lampe Salle à manger,0.049,244.6,11.3,11.28,2026-04-13 20:00:00,2026-04-13 21:00:00
2006,PC Portable,0.042,245.7,3.4,3.44,2026-04-13 20:00:00,2026-04-13 21:00:00
2001,TV Salle à manger,0.711,245.4,161.9,148.44,2026-04-13 21:00:00,2026-04-13 22:00:00
2004,Cafetiere,0.038,243.9,5.3,1.42,2026-04-13 21:00:00,2026-04-13 22:00:00
2005,Lampe Salle à manger,0.05,244.3,11.3,10.34,2026-04-13 21:00:00,2026-04-13 22:00:00
2006,PC Portable,0.038,245.5,2.9,2.85,2026-04-13 21:00:00,2026-04-13 22:00:00
2006,PC Portable,0.037,246.0,2.9,2.85,2026-04-13 22:00:00,2026-04-13 23:00:00
2006,PC Portable,0.037,246.1,2.9,2.86,2026-04-13 23:00:00,2026-04-14 00:00:00
2006,PC Portable,0.037,245.8,2.9,2.85,2026-04-14 00:00:00,2026-04-14 01:00:00
2006,PC Portable,0.037,246.3,2.9,2.86,2026-04-14 01:00:00,2026-04-14 02:00:00
2006,PC Portable,0.037,246.6,2.9,2.85,2026-04-14 02:00:00,2026-04-14 03:00:00
2006,PC Portable,0.037,246.1,2.8,2.84,2026-04-14 03:00:00,2026-04-14 04:00:00
2006,PC Portable,0.037,244.7,2.9,2.85,2026-04-14 04:00:00,2026-04-14 05:00:00
2001,TV Salle à manger,0.041,243.0,1.1,0.02,2026-04-14 05:00:00,2026-04-14 06:00:00
2006,PC Portable,0.037,243.6,2.9,2.86,2026-04-14 05:00:00,2026-04-14 06:00:00
2002,Ecran,0.168,242.3,21.9,3.29,2026-04-14 06:00:00,2026-04-14 07:00:00
2006,PC Portable,0.087,242.4,10.0,9.96,2026-04-14 06:00:00,2026-04-14 07:00:00
2007,Lampe Cuisine,6.642,240.9,1599.5,53.32,2026-04-14 06:00:00,2026-04-14 07:00:00
2002,Ecran,0.169,243.2,21.7,21.68,2026-04-14 07:00:00,2026-04-14 08:00:00
2006,PC Portable,0.168,243.6,27.6,27.59,2026-04-14 07:00:00,2026-04-14 08:00:00
2007,Lampe Cuisine,1.133,242.5,53.9,1.8,2026-04-14 07:00:00,2026-04-14 08:00:00
2001,TV Salle à manger,0.722,243.6,163.3,38.11,2026-04-14 08:00:00,2026-04-14 09:00:00
2002,Ecran,0.168,243.5,21.6,21.63,2026-04-14 08:00:00,2026-04-14 09:00:00
2006,PC Portable,0.145,243.8,21.0,21.01,2026-04-14 08:00:00,2026-04-14 09:00:00
2001,TV Salle à manger,0.718,243.8,162.3,40.58,2026-04-14 09:00:00,2026-04-14 10:00:00
2002,Ecran,0.167,243.6,21.6,5.77,2026-04-14 09:00:00,2026-04-14 10:00:00
2006,PC Portable,0.099,243.7,10.7,10.69,2026-04-14 09:00:00,2026-04-14 10:00:00
2001,TV Salle à manger,0.034,244.0,1.1,0.02,2026-04-14 10:00:00,2026-04-14 11:00:00
2006,PC Portable,0.107,243.9,11.5,11.51,2026-04-14 10:00:00,2026-04-14 11:00:00
2001,TV Salle à manger,0.038,244.0,1.0,0.02,2026-04-14 11:00:00,2026-04-14 12:00:00
2002,Ecran,0.103,243.7,12.3,0.41,2026-04-14 11:00:00,2026-04-14 12:00:00
2006,PC Portable,0.104,244.4,11.6,11.61,2026-04-14 11:00:00,2026-04-14 12:00:00
2001,TV Salle à manger,0.042,244.1,1.2,0.02,2026-04-14 12:00:00,2026-04-14 13:00:00
2002,Ecran,0.168,244.3,21.6,10.43,2026-04-14 12:00:00,2026-04-14 13:00:00
2006,PC Portable,0.141,244.4,17.5,17.48,2026-04-14 12:00:00,2026-04-14 13:00:00
2007,Lampe Cuisine,2.538,243.9,370.7,49.42,2026-04-14 12:00:00,2026-04-14 13:00:00
2002,Ecran,0.168,244.9,21.7,21.68,2026-04-14 13:00:00,2026-04-14 14:00:00
2006,PC Portable,0.198,245.2,28.1,28.07,2026-04-14 13:00:00,2026-04-14 14:00:00
2007,Lampe Cuisine,1.188,244.0,56.9,0.95,2026-04-14 13:00:00,2026-04-14 14:00:00
2001,TV Salle à manger,0.044,243.4,1.6,0.03,2026-04-14 14:00:00,2026-04-14 15:00:00
2002,Ecran,0.172,243.6,21.7,21.67,2026-04-14 14:00:00,2026-04-14 15:00:00
2006,PC Portable,0.192,243.9,29.0,28.98,2026-04-14 14:00:00,2026-04-14 15:00:00
2007,Lampe Cuisine,3.861,242.0,542.8,9.05,2026-04-14 14:00:00,2026-04-14 15:00:00
2002,Ecran,0.173,242.1,21.6,21.65,2026-04-14 15:00:00,2026-04-14 16:00:00
2006,PC Portable,0.168,242.5,25.3,25.34,2026-04-14 15:00:00,2026-04-14 16:00:00
2001,TV Salle à manger,0.721,242.0,162.1,62.14,2026-04-14 16:00:00,2026-04-14 17:00:00
2002,Ecran,0.173,242.0,21.7,17.37,2026-04-14 16:00:00,2026-04-14 17:00:00
2006,PC Portable,0.161,242.3,21.0,21.02,2026-04-14 16:00:00,2026-04-14 17:00:00
2001,TV Salle à manger,0.723,242.2,162.7,162.74,2026-04-14 17:00:00,2026-04-14 18:00:00
2002,Ecran,0.172,242.1,21.7,18.45,2026-04-14 17:00:00,2026-04-14 18:00:00
2006,PC Portable,0.145,242.3,18.1,18.15,2026-04-14 17:00:00,2026-04-14 18:00:00
2001,TV Salle à manger,0.72,243.0,162.5,162.49,2026-04-14 18:00:00,2026-04-14 19:00:00
2002,Ecran,0.168,242.8,21.3,20.98,2026-04-14 18:00:00,2026-04-14 19:00:00
2006,PC Portable,0.151,243.1,18.9,18.93,2026-04-14 18:00:00,2026-04-14 19:00:00
2001,TV Salle à manger,0.718,243.7,162.4,162.36,2026-04-14 19:00:00,2026-04-14 20:00:00
2002,Ecran,0.168,243.5,21.3,16.34,2026-04-14 19:00:00,2026-04-14 20:00:00
2005,Lampe Salle à manger,0.051,242.8,11.7,0.58,2026-04-14 19:00:00,2026-04-14 20:00:00
2006,PC Portable,0.135,243.8,18.8,18.82,2026-04-14 19:00:00,2026-04-14 20:00:00
2007,Lampe Cuisine,6.482,240.5,1559.2,25.99,2026-04-14 19:00:00,2026-04-14 20:00:00
2001,TV Salle à manger,0.715,244.7,162.4,162.43,2026-04-14 20:00:00,2026-04-14 21:00:00
2002,Ecran,0.169,244.5,21.7,21.74,2026-04-14 20:00:00,2026-04-14 21:00:00
2005,Lampe Salle à manger,0.05,243.7,11.3,11.3,2026-04-14 20:00:00,2026-04-14 21:00:00
2006,PC Portable,0.146,244.8,19.9,19.94,2026-04-14 20:00:00,2026-04-14 21:00:00
2001,TV Salle à manger,0.712,244.3,161.3,161.32,2026-04-14 21:00:00,2026-04-14 22:00:00
2002,Ecran,0.168,244.0,21.7,8.67,2026-04-14 21:00:00,2026-04-14 22:00:00
2005,Lampe Salle à manger,0.05,243.3,11.3,11.27,2026-04-14 21:00:00,2026-04-14 22:00:00
2006,PC Portable,0.098,244.4,11.1,11.07,2026-04-14 21:00:00,2026-04-14 22:00:00
2001,TV Salle à manger,0.715,244.9,162.5,70.4,2026-04-14 22:00:00,2026-04-14 23:00:00
2005,Lampe Salle à manger,0.05,243.9,11.3,5.08,2026-04-14 22:00:00,2026-04-14 23:00:00
2006,PC Portable,0.071,245.4,7.1,7.11,2026-04-14 22:00:00,2026-04-14 23:00:00
2008,Lampe Chambre,0.037,246.0,5.3,3.2,2026-04-14 22:00:00,2026-04-14 23:00:00
2006,PC Portable,0.037,246.0,2.9,2.85,2026-04-14 23:00:00,2026-04-15 00:00:00
2008,Lampe Chambre,0.037,246.2,5.4,0.62,2026-04-14 23:00:00,2026-04-15 00:00:00
2001,TV Salle à manger,0.038,246.4,1.0,0.02,2026-04-15 00:00:00,2026-04-15 01:00:00
2006,PC Portable,0.037,246.2,2.8,2.85,2026-04-15 00:00:00,2026-04-15 01:00:00
2006,PC Portable,0.037,246.6,2.8,2.84,2026-04-15 01:00:00,2026-04-15 02:00:00
2001,TV Salle à manger,0.035,246.8,1.1,0.02,2026-04-15 02:00:00,2026-04-15 03:00:00
2006,PC Portable,0.037,246.5,2.9,2.85,2026-04-15 02:00:00,2026-04-15 03:00:00
2006,PC Portable,0.037,245.6,2.8,2.85,2026-04-15 03:00:00,2026-04-15 04:00:00
2006,PC Portable,0.037,244.1,2.8,2.84,2026-04-15 04:00:00,2026-04-15 05:00:00
2001,TV Salle à manger,0.72,242.1,161.8,21.58,2026-04-15 05:00:00,2026-04-15 06:00:00
2002,Ecran,0.137,241.6,17.1,1.14,2026-04-15 05:00:00,2026-04-15 06:00:00
2006,PC Portable,0.093,242.7,9.9,9.93,2026-04-15 05:00:00,2026-04-15 06:00:00
2001,TV Salle à manger,0.716,242.3,161.1,161.09,2026-04-15 06:00:00,2026-04-15 07:00:00
2002,Ecran,0.17,243.5,21.9,6.19,2026-04-15 06:00:00,2026-04-15 07:00:00
2006,PC Portable,0.164,242.4,29.1,29.12,2026-04-15 06:00:00,2026-04-15 07:00:00
2007,Lampe Cuisine,6.384,239.3,1527.9,25.46,2026-04-15 06:00:00,2026-04-15 07:00:00
2001,TV Salle à manger,0.714,244.2,161.7,161.74,2026-04-15 07:00:00,2026-04-15 08:00:00
2002,Ecran,0.169,243.9,21.7,21.68,2026-04-15 07:00:00,2026-04-15 08:00:00
2006,PC Portable,0.23,244.2,40.8,40.75,2026-04-15 07:00:00,2026-04-15 08:00:00
2007,Lampe Cuisine,1.784,243.4,173.2,23.09,2026-04-15 07:00:00,2026-04-15 08:00:00
2001,TV Salle à manger,0.71,244.3,161.1,161.13,2026-04-15 08:00:00,2026-04-15 09:00:00
2002,Ecran,0.166,244.0,21.4,19.6,2026-04-15 08:00:00,2026-04-15 09:00:00
2006,PC Portable,0.141,244.3,18.0,18.0,2026-04-15 08:00:00,2026-04-15 09:00:00
2007,Lampe Cuisine,1.256,243.7,62.4,1.04,2026-04-15 08:00:00,2026-04-15 09:00:00
2001,TV Salle à manger,0.711,244.3,161.1,161.06,2026-04-15 09:00:00,2026-04-15 10:00:00
2002,Ecran,0.167,244.1,21.4,18.53,2026-04-15 09:00:00,2026-04-15 10:00:00
2006,PC Portable,0.137,244.3,16.8,16.55,2026-04-15 09:00:00,2026-04-15 10:00:00
2007,Lampe Cuisine,3.126,242.9,551.4,27.57,2026-04-15 09:00:00,2026-04-15 10:00:00
2001,TV Salle à manger,0.695,244.6,157.4,120.71,2026-04-15 10:00:00,2026-04-15 11:00:00
2002,Ecran,0.169,244.3,21.7,21.7,2026-04-15 10:00:00,2026-04-15 11:00:00
2006,PC Portable,0.207,244.7,31.4,31.37,2026-04-15 10:00:00,2026-04-15 11:00:00
2001,TV Salle à manger,0.451,244.9,99.1,69.37,2026-04-15 11:00:00,2026-04-15 12:00:00
2002,Ecran,0.168,244.6,21.8,7.98,2026-04-15 11:00:00,2026-04-15 12:00:00
2006,PC Portable,0.181,244.9,22.3,22.33,2026-04-15 11:00:00,2026-04-15 12:00:00
2001,TV Salle à manger,0.049,245.2,1.4,0.02,2026-04-15 12:00:00,2026-04-15 13:00:00
2002,Ecran,0.169,245.0,21.7,21.7,2026-04-15 12:00:00,2026-04-15 13:00:00
2006,PC Portable,0.189,245.3,30.5,30.51,2026-04-15 12:00:00,2026-04-15 13:00:00
2007,Lampe Cuisine,6.474,242.6,1570.9,26.18,2026-04-15 12:00:00,2026-04-15 13:00:00
2002,Ecran,0.167,245.7,21.7,21.67,2026-04-15 13:00:00,2026-04-15 14:00:00
2006,PC Portable,0.18,246.0,26.1,26.1,2026-04-15 13:00:00,2026-04-15 14:00:00
2002,Ecran,0.167,245.2,21.7,19.86,2026-04-15 14:00:00,2026-04-15 15:00:00
2006,PC Portable,0.162,245.3,20.8,20.82,2026-04-15 14:00:00,2026-04-15 15:00:00
2002,Ecran,0.171,243.2,21.7,18.44,2026-04-15 15:00:00,2026-04-15 16:00:00
2006,PC Portable,0.138,243.5,16.3,16.28,2026-04-15 15:00:00,2026-04-15 16:00:00
2007,Lampe Cuisine,5.274,242.1,1079.7,35.99,2026-04-15 15:00:00,2026-04-15 16:00:00
2006,PC Portable,0.084,243.0,8.7,8.68,2026-04-15 16:00:00,2026-04-15 17:00:00
2001,TV Salle à manger,0.062,243.3,2.3,0.04,2026-04-15 17:00:00,2026-04-15 18:00:00
2002,Ecran,0.168,242.3,22.0,0.37,2026-04-15 17:00:00,2026-04-15 18:00:00
2006,PC Portable,0.116,242.7,12.7,12.73,2026-04-15 17:00:00,2026-04-15 18:00:00
2001,TV Salle à manger,0.047,245.0,1.4,0.02,2026-04-15 18:00:00,2026-04-15 19:00:00
2002,Ecran,0.169,244.4,21.8,9.46,2026-04-15 18:00:00,2026-04-15 19:00:00
2006,PC Portable,0.113,244.4,14.2,14.2,2026-04-15 18:00:00,2026-04-15 19:00:00
2002,Ecran,0.171,244.2,21.7,21.74,2026-04-15 19:00:00,2026-04-15 20:00:00
2006,PC Portable,0.153,244.6,21.7,21.67,2026-04-15 19:00:00,2026-04-15 20:00:00
2002,Ecran,0.17,244.5,21.7,10.5,2026-04-15 20:00:00,2026-04-15 21:00:00
2006,PC Portable,0.116,244.8,13.5,13.47,2026-04-15 20:00:00,2026-04-15 21:00:00
2008,Lampe Chambre,0.036,245.3,5.3,2.83,2026-04-15 20:00:00,2026-04-15 21:00:00
