device_id,device_name,avg_current_a,avg_voltage_v,avg_power_w,energy_wh,start_time,end_time
2001,TV Salle à manger,0.674,243.6,152.3,152.32,2026-01-13 17:00:00,2026-01-13 18:59:31
2002,Ecran,0.0,243.2,0.0,0.0,2026-01-13 17:00:00,2026-01-13 18:59:31
2003,Telephone / Tablette,0.03,242.8,3.4,3.42,2026-01-13 17:00:00,2026-01-13 18:59:31
2004,Cafetiere,0.0,243.1,0.0,0.0,2026-01-13 17:00:00,2026-01-13 18:59:31
2005,Lampe Salle à manger,0.05,242.5,11.3,11.28,2026-01-13 17:00:00,2026-01-13 18:59:31
2006,PC Portable,0.0,243.5,0.0,0.0,2026-01-13 17:00:00,2026-01-13 18:59:31
2007,Lampe Cuisine,0.038,242.7,5.3,5.33,2026-01-13 17:00:00,2026-01-13 18:59:31
2008,Lampe Chambre,0.005,243.9,0.7,0.71,2026-01-13 17:00:00,2026-01-13 18:59:31
2001,TV Salle à manger,0.062,244.5,13.3,13.27,2026-01-13 18:00:00,2026-01-13 19:59:48
2002,Ecran,0.0,244.0,0.0,0.0,2026-01-13 18:00:00,2026-01-13 19:59:48
2003,Telephone / Tablette,0.0,243.6,0.0,0.0,2026-01-13 18:00:00,2026-01-13 19:59:48
2004,Cafetiere,0.0,243.7,0.0,0.0,2026-01-13 18:00:00,2026-01-13 19:59:48
2005,Lampe Salle à manger,0.004,243.4,0.9,0.94,2026-01-13 18:00:00,2026-01-13 19:59:48
2006,PC Portable,0.0,244.4,0.0,0.0,2026-01-13 18:00:00,2026-01-13 19:59:48
2007,Lampe Cuisine,0.004,243.5,0.5,0.53,2026-01-13 18:00:00,2026-01-13 19:59:48
2008,Lampe Chambre,0.002,244.7,0.3,0.27,2026-01-13 18:00:00,2026-01-13 19:59:48
2001,TV Salle à manger,0.005,246.2,0.0,0.04,2026-01-13 19:00:00,2026-01-13 21:00:02
2002,Ecran,0.0,245.7,0.0,0.0,2026-01-13 19:00:00,2026-01-13 21:00:02
2003,Telephone / Tablette,0.0,245.3,0.0,0.0,2026-01-13 19:00:00,2026-01-13 21:00:02
2004,Cafetiere,0.0,245.4,0.0,0.0,2026-01-13 19:00:00,2026-01-13 21:00:02
2005,Lampe Salle à manger,0.0,245.1,0.0,0.0,2026-01-13 19:00:00,2026-01-13 21:00:02
2006,PC Portable,0.0,246.1,0.0,0.0,2026-01-13 19:00:00,2026-01-13 21:00:02
2007,Lampe Cuisine,0.0,245.2,0.0,0.0,2026-01-13 19:00:00,2026-01-13 21:00:02
2008,Lampe Chambre,0.0,246.4,0.0,0.0,2026-01-13 19:00:00,2026-01-13 21:00:02
2001,TV Salle à manger,0.029,245.8,5.4,5.43,2026-01-13 20:00:00,2026-01-13 22:00:18
2002,Ecran,0.0,245.3,0.0,0.0,2026-01-13 20:00:00,2026-01-13 22:00:18
2003,Telephone / Tablette,0.0,244.9,0.0,0.0,2026-01-13 20:00:00,2026-01-13 22:00:18
2004,Cafetiere,0.0,245.0,0.0,0.0,2026-01-13 20:00:00,2026-01-13 22:00:18
2005,Lampe Salle à manger,0.029,244.8,6.5,6.45,2026-01-13 20:00:00,2026-01-13 22:00:18
2006,PC Portable,0.0,245.7,0.0,0.0,2026-01-13 20:00:00,2026-01-13 22:00:18
2007,Lampe Cuisine,0.02,244.9,2.8,2.8,2026-01-13 20:00:00,2026-01-13 22:00:18
2008,Lampe Chambre,0.001,246.1,0.2,0.18,2026-01-13 20:00:00,2026-01-13 22:00:18
2001,TV Salle à manger,0.711,243.5,160.7,160.7,2026-01-13 21:00:00,2026-01-13 23:00:33
2002,Ecran,0.0,243.1,0.0,0.0,2026-01-13 21:00:00,2026-01-13 23:00:33
2003,Telephone / Tablette,0.0,242.7,0.0,0.0,2026-01-13 21:00:00,2026-01-13 23:00:33
2004,Cafetiere,0.0,243.0,0.0,0.0,2026-01-13 21:00:00,2026-01-13 23:00:33
2005,Lampe Salle à manger,0.05,242.5,11.3,11.27,2026-01-13 21:00:00,2026-01-13 23:00:33
2006,PC Portable,0.0,243.5,0.0,0.0,2026-01-13 21:00:00,2026-01-13 23:00:33
2007,Lampe Cuisine,0.024,242.6,3.4,3.35,2026-01-13 21:00:00,2026-01-13 23:00:33
2008,Lampe Chambre,0.014,243.8,2.0,2.03,2026-01-13 21:00:00,2026-01-13 23:00:33
2001,TV Salle à manger,0.052,245.1,10.0,10.03,2026-01-13 22:00:00,2026-01-14 00:00:49
2002,Ecran,0.0,244.6,0.0,0.0,2026-01-13 22:00:00,2026-01-14 00:00:49
2003,Telephone / Tablette,0.042,244.3,5.4,5.4,2026-01-13 22:00:00,2026-01-14 00:00:49
2004,Cafetiere,0.0,244.3,0.0,0.0,2026-01-13 22:00:00,2026-01-14 00:00:49
2005,Lampe Salle à manger,0.039,244.0,8.8,8.83,2026-01-13 22:00:00,2026-01-14 00:00:49
2006,PC Portable,0.0,245.0,0.0,0.0,2026-01-13 22:00:00,2026-01-14 00:00:49
2007,Lampe Cuisine,0.006,244.2,0.8,0.8,2026-01-13 22:00:00,2026-01-14 00:00:49
2008,Lampe Chambre,0.007,245.4,1.1,1.06,2026-01-13 22:00:00,2026-01-14 00:00:49
2001,TV Salle à manger,0.005,245.1,0.0,0.0,2026-01-13 23:00:00,2026-01-14 01:01:05
2002,Ecran,0.0,244.7,0.0,0.0,2026-01-13 23:00:00,2026-01-14 01:01:05
2003,Telephone / Tablette,0.122,244.3,16.1,16.05,2026-01-13 23:00:00,2026-01-14 01:01:05
2004,Cafetiere,0.0,244.4,0.0,0.0,2026-01-13 23:00:00,2026-01-14 01:01:05
2005,Lampe Salle à manger,0.0,244.1,0.0,0.0,2026-01-13 23:00:00,2026-01-14 01:01:05
2006,PC Portable,0.0,245.0,0.0,0.0,2026-01-13 23:00:00,2026-01-14 01:01:05
2007,Lampe Cuisine,0.0,244.2,0.0,0.0,2026-01-13 23:00:00,2026-01-14 01:01:05
2008,Lampe Chambre,0.0,245.4,0.0,0.0,2026-01-13 23:00:00,2026-01-14 01:01:05
2001,TV Salle à manger,0.006,245.7,0.0,0.0,2026-01-14 00:00:00,2026-01-14 02:01:23
2002,Ecran,0.0,245.2,0.0,0.0,2026-01-14 00:00:00,2026-01-14 02:01:23
2003,Telephone / Tablette,0.051,244.8,6.3,6.33,2026-01-14 00:00:00,2026-01-14 02:01:23
2004,Cafetiere,0.0,244.9,0.0,0.0,2026-01-14 00:00:00,2026-01-14 02:01:23
2005,Lampe Salle à manger,0.0,244.6,0.0,0.0,2026-01-14 00:00:00,2026-01-14 02:01:23
2006,PC Portable,0.0,245.6,0.0,0.0,2026-01-14 00:00:00,2026-01-14 02:01:23
2007,Lampe Cuisine,0.0,244.7,0.0,0.0,2026-01-14 00:00:00,2026-01-14 02:01:23
2008,Lampe Chambre,0.0,245.9,0.0,0.0,2026-01-14 00:00:00,2026-01-14 02:01:23
2001,TV Salle à manger,0.005,245.4,0.0,0.0,2026-01-14 01:00:00,2026-01-14 03:01:40
2002,Ecran,0.0,245.0,0.0,0.0,2026-01-14 01:00:00,2026-01-14 03:01:40
2003,Telephone / Tablette,0.001,244.6,0.0,0.05,2026-01-14 01:00:00,2026-01-14 03:01:40
2004,Cafetiere,0.0,244.6,0.0,0.0,2026-01-14 01:00:00,2026-01-14 03:01:40
2005,Lampe Salle à manger,0.0,244.4,0.0,0.0,2026-01-14 01:00:00,2026-01-14 03:01:40
2006,PC Portable,0.0,245.3,0.0,0.0,2026-01-14 01:00:00,2026-01-14 03:01:40
2007,Lampe Cuisine,0.0,244.5,0.0,0.0,2026-01-14 01:00:00,2026-01-14 03:01:40
2008,Lampe Chambre,0.0,245.7,0.0,0.0,2026-01-14 01:00:00,2026-01-14 03:01:40
2001,TV Salle à manger,0.006,245.9,0.0,0.0,2026-01-14 02:00:00,2026-01-14 04:01:57
2002,Ecran,0.0,245.4,0.0,0.0,2026-01-14 02:00:00,2026-01-14 04:01:57
2003,Telephone / Tablette,0.001,245.0,0.1,0.09,2026-01-14 02:00:00,2026-01-14 04:01:57
2004,Cafetiere,0.0,245.1,0.0,0.0,2026-01-14 02:00:00,2026-01-14 04:01:57
2005,Lampe Salle à manger,0.0,244.8,0.0,0.0,2026-01-14 02:00:00,2026-01-14 04:01:57
2006,PC Portable,0.0,245.8,0.0,0.0,2026-01-14 02:00:00,2026-01-14 04:01:57
2007,Lampe Cuisine,0.0,245.0,0.0,0.0,2026-01-14 02:00:00,2026-01-14 04:01:57
2008,Lampe Chambre,0.0,246.2,0.0,0.0,2026-01-14 02:00:00,2026-01-14 04:01:57
2001,TV Salle à manger,0.008,245.8,0.0,0.0,2026-01-14 03:00:00,2026-01-14 05:02:15
2002,Ecran,0.0,245.3,0.0,0.0,2026-01-14 03:00:00,2026-01-14 05:02:15
2003,Telephone / Tablette,0.0,244.9,0.0,0.02,2026-01-14 03:00:00,2026-01-14 05:02:15
2004,Cafetiere,0.0,245.0,0.0,0.0,2026-01-14 03:00:00,2026-01-14 05:02:15
2005,Lampe Salle à manger,0.0,244.7,0.0,0.0,2026-01-14 03:00:00,2026-01-14 05:02:15
2006,PC Portable,0.0,245.7,0.0,0.0,2026-01-14 03:00:00,2026-01-14 05:02:15
2007,Lampe Cuisine,0.0,244.8,0.0,0.0,2026-01-14 03:00:00,2026-01-14 05:02:15
2008,Lampe Chambre,0.0,246.1,0.0,0.0,2026-01-14 03:00:00,2026-01-14 05:02:15
2001,TV Salle à manger,0.009,244.3,0.0,0.0,2026-01-14 04:00:00,2026-01-14 06:02:32
2002,Ecran,0.0,243.9,0.0,0.0,2026-01-14 04:00:00,2026-01-14 06:02:32
2003,Telephone / Tablette,0.002,243.5,0.1,0.13,2026-01-14 04:00:00,2026-01-14 06:02:32
2004,Cafetiere,0.0,243.5,0.0,0.0,2026-01-14 04:00:00,2026-01-14 06:02:32
2005,Lampe Salle à manger,0.0,243.3,0.0,0.0,2026-01-14 04:00:00,2026-01-14 06:02:32
2006,PC Portable,0.0,244.2,0.0,0.0,2026-01-14 04:00:00,2026-01-14 06:02:32
2007,Lampe Cuisine,0.0,243.4,0.0,0.0,2026-01-14 04:00:00,2026-01-14 06:02:32
2008,Lampe Chambre,0.0,244.6,0.0,0.0,2026-01-14 04:00:00,2026-01-14 06:02:32
2001,TV Salle à manger,0.006,243.6,0.0,0.0,2026-01-14 05:00:00,2026-01-14 07:02:48
2002,Ecran,0.0,243.2,0.0,0.0,2026-01-14 05:00:00,2026-01-14 07:02:48
2003,Telephone / Tablette,0.0,242.8,0.0,0.0,2026-01-14 05:00:00,2026-01-14 07:02:48
2004,Cafetiere,0.0,242.8,0.0,0.0,2026-01-14 05:00:00,2026-01-14 07:02:48
2005,Lampe Salle à manger,0.038,242.6,8.7,8.7,2026-01-14 05:00:00,2026-01-14 07:02:48
2006,PC Portable,0.0,243.5,0.0,0.0,2026-01-14 05:00:00,2026-01-14 07:02:48
2007,Lampe Cuisine,0.026,242.7,3.7,3.65,2026-01-14 05:00:00,2026-01-14 07:02:48
2008,Lampe Chambre,0.0,243.9,0.0,0.0,2026-01-14 05:00:00,2026-01-14 07:02:48
2001,TV Salle à manger,0.003,242.7,0.0,0.0,2026-01-14 06:00:00,2026-01-14 08:03:04
2002,Ecran,0.0,242.3,0.0,0.0,2026-01-14 06:00:00,2026-01-14 08:03:04
2003,Telephone / Tablette,0.0,241.9,0.0,0.0,2026-01-14 06:00:00,2026-01-14 08:03:04
2004,Cafetiere,0.0,242.0,0.0,0.0,2026-01-14 06:00:00,2026-01-14 08:03:04
2005,Lampe Salle à manger,0.05,241.7,11.3,11.27,2026-01-14 06:00:00,2026-01-14 08:03:04
2006,PC Portable,0.0,242.6,0.0,0.0,2026-01-14 06:00:00,2026-01-14 08:03:04
2007,Lampe Cuisine,0.001,241.8,0.2,0.18,2026-01-14 06:00:00,2026-01-14 08:03:04
2008,Lampe Chambre,0.0,243.0,0.0,0.0,2026-01-14 06:00:00,2026-01-14 08:03:04
2001,TV Salle à manger,0.005,243.8,0.0,0.0,2026-01-14 07:00:00,2026-01-14 09:03:20
2002,Ecran,0.0,243.4,0.0,0.0,2026-01-14 07:00:00,2026-01-14 09:03:20
2003,Telephone / Tablette,0.0,243.0,0.0,0.0,2026-01-14 07:00:00,2026-01-14 09:03:20
2004,Cafetiere,0.107,243.0,26.0,25.99,2026-01-14 07:00:00,2026-01-14 09:03:20
2005,Lampe Salle à manger,0.05,242.8,11.3,11.27,2026-01-14 07:00:00,2026-01-14 09:03:20
2006,PC Portable,0.0,243.7,0.0,0.0,2026-01-14 07:00:00,2026-01-14 09:03:20
2007,Lampe Cuisine,0.025,242.9,3.6,3.56,2026-01-14 07:00:00,2026-01-14 09:03:20
2008,Lampe Chambre,0.006,244.1,0.9,0.88,2026-01-14 07:00:00,2026-01-14 09:03:20
2001,TV Salle à manger,0.004,243.5,0.0,0.0,2026-01-14 08:00:00,2026-01-14 10:03:37
2002,Ecran,0.145,243.0,18.2,18.19,2026-01-14 08:00:00,2026-01-14 10:03:37
2003,Telephone / Tablette,0.0,242.7,0.0,0.0,2026-01-14 08:00:00,2026-01-14 10:03:37
2004,Cafetiere,0.0,242.8,0.0,0.0,2026-01-14 08:00:00,2026-01-14 10:03:37
2005,Lampe Salle à manger,0.05,242.5,11.3,11.27,2026-01-14 08:00:00,2026-01-14 10:03:37
2006,PC Portable,0.0,243.4,0.0,0.0,2026-01-14 08:00:00,2026-01-14 10:03:37
2007,Lampe Cuisine,0.036,242.6,5.0,4.99,2026-01-14 08:00:00,2026-01-14 10:03:37
2008,Lampe Chambre,0.0,243.8,0.0,0.0,2026-01-14 08:00:00,2026-01-14 10:03:37
2001,TV Salle à manger,0.006,243.2,0.0,0.0,2026-01-14 09:00:00,2026-01-14 11:03:55
2002,Ecran,0.17,242.7,21.3,21.34,2026-01-14 09:00:00,2026-01-14 11:03:55
2003,Telephone / Tablette,0.0,242.3,0.0,0.0,2026-01-14 09:00:00,2026-01-14 11:03:55
2004,Cafetiere,0.0,242.4,0.0,0.0,2026-01-14 09:00:00,2026-01-14 11:03:55
2005,Lampe Salle à manger,0.005,242.1,1.1,1.13,2026-01-14 09:00:00,2026-01-14 11:03:55
2006,PC Portable,0.0,243.0,0.0,0.0,2026-01-14 09:00:00,2026-01-14 11:03:55
2007,Lampe Cuisine,0.0,242.2,0.0,0.0,2026-01-14 09:00:00,2026-01-14 11:03:55
2008,Lampe Chambre,0.0,243.4,0.0,0.0,2026-01-14 09:00:00,2026-01-14 11:03:55
2001,TV Salle à manger,0.006,243.2,0.0,0.0,2026-01-14 10:00:00,2026-01-14 12:04:10
2002,Ecran,0.17,242.7,21.3,21.32,2026-01-14 10:00:00,2026-01-14 12:04:10
2003,Telephone / Tablette,0.022,242.4,2.5,2.5,2026-01-14 10:00:00,2026-01-14 12:04:10
2004,Cafetiere,0.171,242.4,34.8,34.78,2026-01-14 10:00:00,2026-01-14 12:04:10
2005,Lampe Salle à manger,0.0,242.2,0.0,0.0,2026-01-14 10:00:00,2026-01-14 12:04:10
2006,PC Portable,0.0,243.1,0.0,0.0,2026-01-14 10:00:00,2026-01-14 12:04:10
2007,Lampe Cuisine,0.0,242.3,0.0,0.0,2026-01-14 10:00:00,2026-01-14 12:04:10
2008,Lampe Chambre,0.0,243.5,0.0,0.0,2026-01-14 10:00:00,2026-01-14 12:04:10
2001,TV Salle à manger,0.017,243.3,2.7,2.7,2026-01-14 11:00:00,2026-01-14 13:04:26
2002,Ecran,0.17,242.8,21.3,21.34,2026-01-14 11:00:00,2026-01-14 13:04:26
2003,Telephone / Tablette,0.039,242.5,4.4,4.41,2026-01-14 11:00:00,2026-01-14 13:04:26
2004,Cafetiere,0.0,242.6,0.0,0.0,2026-01-14 11:00:00,2026-01-14 13:04:26
2005,Lampe Salle à manger,0.0,242.3,0.0,0.0,2026-01-14 11:00:00,2026-01-14 13:04:26
2006,PC Portable,0.0,243.2,0.0,0.0,2026-01-14 11:00:00,2026-01-14 13:04:26
2007,Lampe Cuisine,0.008,242.4,1.1,1.06,2026-01-14 11:00:00,2026-01-14 13:04:26
2008,Lampe Chambre,0.0,243.6,0.0,0.0,2026-01-14 11:00:00,2026-01-14 13:04:26
2001,TV Salle à manger,0.176,243.4,37.4,37.39,2026-01-14 12:00:00,2026-01-14 14:04:43
2002,Ecran,0.171,242.9,21.3,21.34,2026-01-14 12:00:00,2026-01-14 14:04:43
2003,Telephone / Tablette,0.033,242.6,3.7,3.68,2026-01-14 12:00:00,2026-01-14 14:04:43
2004,Cafetiere,0.0,242.7,0.0,0.0,2026-01-14 12:00:00,2026-01-14 14:04:43
2005,Lampe Salle à manger,0.0,242.3,0.0,0.0,2026-01-14 12:00:00,2026-01-14 14:04:43
2006,PC Portable,0.0,243.3,0.0,0.0,2026-01-14 12:00:00,2026-01-14 14:04:43
2007,Lampe Cuisine,0.0,242.5,0.0,0.0,2026-01-14 12:00:00,2026-01-14 14:04:43
2008,Lampe Chambre,0.0,243.6,0.0,0.0,2026-01-14 12:00:00,2026-01-14 14:04:43
2001,TV Salle à manger,0.005,244.6,0.0,0.0,2026-01-14 13:00:00,2026-01-14 15:04:59
2002,Ecran,0.167,244.1,21.4,21.37,2026-01-14 13:00:00,2026-01-14 15:04:59
2003,Telephone / Tablette,0.037,243.8,4.2,4.16,2026-01-14 13:00:00,2026-01-14 15:04:59
2004,Cafetiere,0.0,243.8,0.0,0.0,2026-01-14 13:00:00,2026-01-14 15:04:59
2005,Lampe Salle à manger,0.0,243.5,0.0,0.0,2026-01-14 13:00:00,2026-01-14 15:04:59
2006,PC Portable,0.0,244.4,0.0,0.0,2026-01-14 13:00:00,2026-01-14 15:04:59
2007,Lampe Cuisine,0.0,243.6,0.0,0.0,2026-01-14 13:00:00,2026-01-14 15:04:59
2008,Lampe Chambre,0.0,244.8,0.0,0.0,2026-01-14 13:00:00,2026-01-14 15:04:59
2001,TV Salle à manger,0.008,245.1,0.0,0.0,2026-01-14 14:00:00,2026-01-14 16:05:15
2002,Ecran,0.167,244.6,21.3,21.34,2026-01-14 14:00:00,2026-01-14 16:05:15
2003,Telephone / Tablette,0.036,244.3,4.1,4.06,2026-01-14 14:00:00,2026-01-14 16:05:15
2004,Cafetiere,0.0,244.3,0.0,0.0,2026-01-14 14:00:00,2026-01-14 16:05:15
2005,Lampe Salle à manger,0.0,244.1,0.0,0.0,2026-01-14 14:00:00,2026-01-14 16:05:15
2006,PC Portable,0.0,245.0,0.0,0.0,2026-01-14 14:00:00,2026-01-14 16:05:15
2007,Lampe Cuisine,0.0,244.2,0.0,0.0,2026-01-14 14:00:00,2026-01-14 16:05:15
2008,Lampe Chambre,0.0,245.4,0.0,0.0,2026-01-14 14:00:00,2026-01-14 16:05:15
2001,TV Salle à manger,0.008,245.1,0.0,0.0,2026-01-14 15:00:00,2026-01-14 17:08:55
2002,Ecran,0.15,244.6,19.2,18.86,2026-01-14 15:00:00,2026-01-14 17:08:55
2003,Telephone / Tablette,0.005,244.3,0.6,0.54,2026-01-14 15:00:00,2026-01-14 17:08:55
2004,Cafetiere,0.0,244.3,0.0,0.0,2026-01-14 15:00:00,2026-01-14 17:08:55
2005,Lampe Salle à manger,0.0,244.1,0.0,0.0,2026-01-14 15:00:00,2026-01-14 17:08:55
2006,PC Portable,0.0,245.0,0.0,0.0,2026-01-14 15:00:00,2026-01-14 17:08:55
2007,Lampe Cuisine,0.001,244.2,0.1,0.09,2026-01-14 15:00:00,2026-01-14 17:08:55
2008,Lampe Chambre,0.027,245.4,3.9,3.65,2026-01-14 15:00:00,2026-01-14 17:08:55
2001,TV Salle à manger,0.018,244.1,2.7,2.66,2026-01-14 16:00:00,2026-01-14 18:09:11
2002,Ecran,0.168,243.6,21.3,21.35,2026-01-14 16:00:00,2026-01-14 18:09:11
2003,Telephone / Tablette,0.0,243.4,0.0,0.0,2026-01-14 16:00:00,2026-01-14 18:09:11
2004,Cafetiere,0.0,243.3,0.0,0.0,2026-01-14 16:00:00,2026-01-14 18:09:11
2005,Lampe Salle à manger,0.028,243.1,6.3,6.26,2026-01-14 16:00:00,2026-01-14 18:09:11
2006,PC Portable,0.0,244.0,0.0,0.0,2026-01-14 16:00:00,2026-01-14 18:09:11
2007,Lampe Cuisine,0.017,243.2,2.4,2.41,2026-01-14 16:00:00,2026-01-14 18:09:11
2008,Lampe Chambre,0.037,244.4,5.3,5.32,2026-01-14 16:00:00,2026-01-14 18:09:11
2001,TV Salle à manger,0.703,243.8,159.1,159.12,2026-01-14 17:00:00,2026-01-14 19:09:27
2002,Ecran,0.128,243.5,16.1,16.13,2026-01-14 17:00:00,2026-01-14 19:09:27
2003,Telephone / Tablette,0.0,243.5,0.0,0.0,2026-01-14 17:00:00,2026-01-14 19:09:27
2004,Cafetiere,0.0,243.3,0.0,0.0,2026-01-14 17:00:00,2026-01-14 19:09:27
2005,Lampe Salle à manger,0.05,242.8,11.3,11.27,2026-01-14 17:00:00,2026-01-14 19:09:27
2006,PC Portable,0.0,243.8,0.0,0.0,2026-01-14 17:00:00,2026-01-14 19:09:27
2007,Lampe Cuisine,0.002,243.0,0.3,0.26,2026-01-14 17:00:00,2026-01-14 19:09:27
2008,Lampe Chambre,0.037,244.5,5.3,5.32,2026-01-14 17:00:00,2026-01-14 19:09:27
2001,TV Salle à manger,0.699,245.0,158.7,158.71,2026-01-14 18:00:00,2026-01-14 20:09:42
2002,Ecran,0.144,244.6,18.2,18.19,2026-01-14 18:00:00,2026-01-14 20:09:42
2003,Telephone / Tablette,0.0,244.6,0.0,0.0,2026-01-14 18:00:00,2026-01-14 20:09:42
2004,Cafetiere,0.0,244.6,0.0,0.0,2026-01-14 18:00:00,2026-01-14 20:09:42
2005,Lampe Salle à manger,0.05,244.0,11.3,11.28,2026-01-14 18:00:00,2026-01-14 20:09:42
2006,PC Portable,0.0,245.0,0.0,0.0,2026-01-14 18:00:00,2026-01-14 20:09:42
2007,Lampe Cuisine,0.029,244.1,4.1,4.12,2026-01-14 18:00:00,2026-01-14 20:09:42
2008,Lampe Chambre,0.0,245.7,0.0,0.0,2026-01-14 18:00:00,2026-01-14 20:09:42
2001,TV Salle à manger,0.697,245.4,158.6,158.56,2026-01-14 19:00:00,2026-01-14 21:10:57
2002,Ecran,0.172,245.0,21.3,21.36,2026-01-14 19:00:00,2026-01-14 21:10:57
2003,Telephone / Tablette,0.0,245.0,0.0,0.0,2026-01-14 19:00:00,2026-01-14 21:10:57
2004,Cafetiere,0.0,244.9,0.0,0.0,2026-01-14 19:00:00,2026-01-14 21:10:57
2005,Lampe Salle à manger,0.05,244.3,11.3,11.28,2026-01-14 19:00:00,2026-01-14 21:10:57
2006,PC Portable,0.0,245.3,0.0,0.0,2026-01-14 19:00:00,2026-01-14 21:10:57
2007,Lampe Cuisine,0.028,244.5,4.0,3.97,2026-01-14 19:00:00,2026-01-14 21:10:57
2008,Lampe Chambre,0.0,246.1,0.0,0.0,2026-01-14 19:00:00,2026-01-14 21:10:57
2001,TV Salle à manger,0.697,245.5,158.6,158.6,2026-01-14 20:00:00,2026-01-14 22:11:12
2002,Ecran,0.17,245.1,21.3,21.36,2026-01-14 20:00:00,2026-01-14 22:11:12
2003,Telephone / Tablette,0.0,245.0,0.0,0.0,2026-01-14 20:00:00,2026-01-14 22:11:12
2004,Cafetiere,0.0,245.0,0.0,0.0,2026-01-14 20:00:00,2026-01-14 22:11:12
2005,Lampe Salle à manger,0.05,244.4,11.3,11.28,2026-01-14 20:00:00,2026-01-14 22:11:12
2006,PC Portable,0.0,245.4,0.0,0.0,2026-01-14 20:00:00,2026-01-14 22:11:12
2007,Lampe Cuisine,0.0,244.6,0.0,0.0,2026-01-14 20:00:00,2026-01-14 22:11:12
2008,Lampe Chambre,0.0,246.1,0.0,0.0,2026-01-14 20:00:00,2026-01-14 22:11:12
2001,TV Salle à manger,0.699,244.4,158.3,158.34,2026-01-14 21:00:00,2026-01-14 23:11:27
2002,Ecran,0.009,244.0,1.1,1.07,2026-01-14 21:00:00,2026-01-14 23:11:27
2003,Telephone / Tablette,0.0,243.9,0.0,0.0,2026-01-14 21:00:00,2026-01-14 23:11:27
2004,Cafetiere,0.0,243.9,0.0,0.0,2026-01-14 21:00:00,2026-01-14 23:11:27
2005,Lampe Salle à manger,0.05,243.3,11.3,11.28,2026-01-14 21:00:00,2026-01-14 23:11:27
2006,PC Portable,0.0,244.3,0.0,0.0,2026-01-14 21:00:00,2026-01-14 23:11:27
2007,Lampe Cuisine,0.0,243.5,0.0,0.0,2026-01-14 21:00:00,2026-01-14 23:11:27
2008,Lampe Chambre,0.0,245.0,0.0,0.0,2026-01-14 21:00:00,2026-01-14 23:11:27
2001,TV Salle à manger,0.692,244.8,156.8,156.81,2026-01-14 22:00:00,2026-01-15 00:11:42
2002,Ecran,0.0,244.4,0.0,0.0,2026-01-14 22:00:00,2026-01-15 00:11:42
2003,Telephone / Tablette,0.0,244.3,0.0,0.0,2026-01-14 22:00:00,2026-01-15 00:11:42
2004,Cafetiere,0.0,244.3,0.0,0.0,2026-01-14 22:00:00,2026-01-15 00:11:42
2005,Lampe Salle à manger,0.05,243.7,11.3,11.28,2026-01-14 22:00:00,2026-01-15 00:11:42
2006,PC Portable,0.0,244.8,0.0,0.0,2026-01-14 22:00:00,2026-01-15 00:11:42
2007,Lampe Cuisine,0.0,243.9,0.0,0.0,2026-01-14 22:00:00,2026-01-15 00:11:42
2008,Lampe Chambre,0.0,245.4,0.0,0.0,2026-01-14 22:00:00,2026-01-15 00:11:42
2001,TV Salle à manger,0.004,245.6,0.0,0.0,2026-01-14 23:00:00,2026-01-15 01:11:57
2002,Ecran,0.003,245.1,0.4,0.36,2026-01-14 23:00:00,2026-01-15 01:11:57
2003,Telephone / Tablette,0.0,244.8,0.0,0.0,2026-01-14 23:00:00,2026-01-15 01:11:57
2004,Cafetiere,0.0,244.7,0.0,0.0,2026-01-14 23:00:00,2026-01-15 01:11:57
2005,Lampe Salle à manger,0.003,244.5,0.8,0.75,2026-01-14 23:00:00,2026-01-15 01:11:57
2006,PC Portable,0.0,245.5,0.0,0.0,2026-01-14 23:00:00,2026-01-15 01:11:57
2007,Lampe Cuisine,0.0,244.7,0.0,0.0,2026-01-14 23:00:00,2026-01-15 01:11:57
2008,Lampe Chambre,0.0,245.9,0.0,0.0,2026-01-14 23:00:00,2026-01-15 01:11:57
2001,TV Salle à manger,0.005,244.6,0.0,0.0,2026-01-15 00:00:00,2026-01-15 02:12:11
2002,Ecran,0.02,244.2,2.5,2.51,2026-01-15 00:00:00,2026-01-15 02:12:11
2003,Telephone / Tablette,0.0,243.8,0.0,0.0,2026-01-15 00:00:00,2026-01-15 02:12:11
2004,Cafetiere,0.0,243.8,0.0,0.0,2026-01-15 00:00:00,2026-01-15 02:12:11
2005,Lampe Salle à manger,0.0,243.6,0.0,0.0,2026-01-15 00:00:00,2026-01-15 02:12:11
2006,PC Portable,0.0,244.5,0.0,0.0,2026-01-15 00:00:00,2026-01-15 02:12:11
2007,Lampe Cuisine,0.0,243.7,0.0,0.0,2026-01-15 00:00:00,2026-01-15 02:12:11
2008,Lampe Chambre,0.0,244.9,0.0,0.0,2026-01-15 00:00:00,2026-01-15 02:12:11
2001,TV Salle à manger,0.006,245.4,0.0,0.02,2026-01-15 01:00:00,2026-01-15 03:12:27
2002,Ecran,0.0,245.0,0.0,0.0,2026-01-15 01:00:00,2026-01-15 03:12:27
2003,Telephone / Tablette,0.0,244.6,0.0,0.0,2026-01-15 01:00:00,2026-01-15 03:12:27
2004,Cafetiere,0.0,244.6,0.0,0.0,2026-01-15 01:00:00,2026-01-15 03:12:27
2005,Lampe Salle à manger,0.0,244.3,0.0,0.0,2026-01-15 01:00:00,2026-01-15 03:12:27
2006,PC Portable,0.0,245.3,0.0,0.0,2026-01-15 01:00:00,2026-01-15 03:12:27
2007,Lampe Cuisine,0.0,244.5,0.0,0.0,2026-01-15 01:00:00,2026-01-15 03:12:27
2008,Lampe Chambre,0.0,245.7,0.0,0.0,2026-01-15 01:00:00,2026-01-15 03:12:27
2001,TV Salle à manger,0.005,244.9,0.0,0.0,2026-01-15 02:00:00,2026-01-15 04:12:42
2002,Ecran,0.0,244.5,0.0,0.0,2026-01-15 02:00:00,2026-01-15 04:12:42
2003,Telephone / Tablette,0.0,244.3,0.0,0.0,2026-01-15 02:00:00,2026-01-15 04:12:42
2004,Cafetiere,0.0,244.2,0.0,0.0,2026-01-15 02:00:00,2026-01-15 04:12:42
2005,Lampe Salle à manger,0.0,243.9,0.0,0.0,2026-01-15 02:00:00,2026-01-15 04:12:42
2006,PC Portable,0.0,244.9,0.0,0.0,2026-01-15 02:00:00,2026-01-15 04:12:42
2007,Lampe Cuisine,0.0,244.0,0.0,0.0,2026-01-15 02:00:00,2026-01-15 04:12:42
2008,Lampe Chambre,0.0,245.4,0.0,0.0,2026-01-15 02:00:00,2026-01-15 04:12:42
2001,TV Salle à manger,0.005,244.6,0.0,0.02,2026-01-15 03:00:00,2026-01-15 05:12:57
2002,Ecran,0.0,244.2,0.0,0.0,2026-01-15 03:00:00,2026-01-15 05:12:57
2003,Telephone / Tablette,0.0,243.9,0.0,0.0,2026-01-15 03:00:00,2026-01-15 05:12:57
2004,Cafetiere,0.0,243.8,0.0,0.0,2026-01-15 03:00:00,2026-01-15 05:12:57
2005,Lampe Salle à manger,0.0,243.6,0.0,0.0,2026-01-15 03:00:00,2026-01-15 05:12:57
2006,PC Portable,0.0,244.6,0.0,0.0,2026-01-15 03:00:00,2026-01-15 05:12:57
2007,Lampe Cuisine,0.0,243.7,0.0,0.0,2026-01-15 03:00:00,2026-01-15 05:12:57
2008,Lampe Chambre,0.0,244.9,0.0,0.0,2026-01-15 03:00:00,2026-01-15 05:12:57
2001,TV Salle à manger,0.007,243.2,0.1,0.06,2026-01-15 04:00:00,2026-01-15 06:13:12
2002,Ecran,0.0,242.7,0.0,0.0,2026-01-15 04:00:00,2026-01-15 06:13:12
2003,Telephone / Tablette,0.0,242.4,0.0,0.0,2026-01-15 04:00:00,2026-01-15 06:13:12
2004,Cafetiere,0.0,242.4,0.0,0.0,2026-01-15 04:00:00,2026-01-15 06:13:12
2005,Lampe Salle à manger,0.0,242.2,0.0,0.0,2026-01-15 04:00:00,2026-01-15 06:13:12
2006,PC Portable,0.0,243.1,0.0,0.0,2026-01-15 04:00:00,2026-01-15 06:13:12
2007,Lampe Cuisine,0.0,242.3,0.0,0.0,2026-01-15 04:00:00,2026-01-15 06:13:12
2008,Lampe Chambre,0.0,243.5,0.0,0.0,2026-01-15 04:00:00,2026-01-15 06:13:12
2001,TV Salle à manger,0.009,246.3,0.0,0.02,2026-01-15 05:00:00,2026-01-15 07:13:27
2002,Ecran,0.0,245.9,0.0,0.0,2026-01-15 05:00:00,2026-01-15 07:13:27
2003,Telephone / Tablette,0.0,245.6,0.0,0.0,2026-01-15 05:00:00,2026-01-15 07:13:27
2004,Cafetiere,0.0,245.5,0.0,0.0,2026-01-15 05:00:00,2026-01-15 07:13:27
2005,Lampe Salle à manger,0.015,245.3,3.4,3.45,2026-01-15 05:00:00,2026-01-15 07:13:27
2006,PC Portable,0.0,246.3,0.0,0.0,2026-01-15 05:00:00,2026-01-15 07:13:27
2007,Lampe Cuisine,0.001,245.4,0.1,0.09,2026-01-15 05:00:00,2026-01-15 07:13:27
2008,Lampe Chambre,0.0,246.7,0.0,0.0,2026-01-15 05:00:00,2026-01-15 07:13:27
2001,TV Salle à manger,0.004,245.0,0.0,0.0,2026-01-15 06:00:00,2026-01-15 08:13:41
2002,Ecran,0.001,244.6,0.0,0.03,2026-01-15 06:00:00,2026-01-15 08:13:41
2003,Telephone / Tablette,0.0,244.2,0.0,0.0,2026-01-15 06:00:00,2026-01-15 08:13:41
2004,Cafetiere,0.0,244.2,0.0,0.0,2026-01-15 06:00:00,2026-01-15 08:13:41
2005,Lampe Salle à manger,0.023,243.9,5.1,5.13,2026-01-15 06:00:00,2026-01-15 08:13:41
2006,PC Portable,0.0,244.9,0.0,0.0,2026-01-15 06:00:00,2026-01-15 08:13:41
2007,Lampe Cuisine,0.0,244.1,0.0,0.0,2026-01-15 06:00:00,2026-01-15 08:13:41
2008,Lampe Chambre,0.0,245.3,0.0,0.0,2026-01-15 06:00:00,2026-01-15 08:13:41
2001,TV Salle à manger,0.006,244.4,0.0,0.0,2026-01-15 07:00:00,2026-01-15 09:13:56
2002,Ecran,0.0,244.0,0.0,0.0,2026-01-15 07:00:00,2026-01-15 09:13:56
2003,Telephone / Tablette,0.0,243.6,0.0,0.0,2026-01-15 07:00:00,2026-01-15 09:13:56
2004,Cafetiere,0.0,243.6,0.0,0.0,2026-01-15 07:00:00,2026-01-15 09:13:56
2005,Lampe Salle à manger,0.018,243.4,4.2,4.15,2026-01-15 07:00:00,2026-01-15 09:13:56
2006,PC Portable,0.0,244.3,0.0,0.0,2026-01-15 07:00:00,2026-01-15 09:13:56
2007,Lampe Cuisine,0.0,243.5,0.0,0.0,2026-01-15 07:00:00,2026-01-15 09:13:56
2008,Lampe Chambre,0.0,244.7,0.0,0.0,2026-01-15 07:00:00,2026-01-15 09:13:56
2001,TV Salle à manger,0.006,244.3,0.0,0.0,2026-01-15 08:00:00,2026-01-15 10:14:10
2002,Ecran,0.0,243.9,0.0,0.0,2026-01-15 08:00:00,2026-01-15 10:14:10
2003,Telephone / Tablette,0.0,243.5,0.0,0.0,2026-01-15 08:00:00,2026-01-15 10:14:10
2004,Cafetiere,0.0,243.5,0.0,0.0,2026-01-15 08:00:00,2026-01-15 10:14:10
2005,Lampe Salle à manger,0.0,243.3,0.0,0.0,2026-01-15 08:00:00,2026-01-15 10:14:10
2006,PC Portable,0.0,244.2,0.0,0.0,2026-01-15 08:00:00,2026-01-15 10:14:10
2007,Lampe Cuisine,0.0,243.4,0.0,0.0,2026-01-15 08:00:00,2026-01-15 10:14:10
2008,Lampe Chambre,0.0,244.6,0.0,0.0,2026-01-15 08:00:00,2026-01-15 10:14:10
2001,TV Salle à manger,0.007,243.4,0.0,0.0,2026-01-15 09:00:00,2026-01-15 11:14:25
2002,Ecran,0.0,243.0,0.0,0.0,2026-01-15 09:00:00,2026-01-15 11:14:25
2003,Telephone / Tablette,0.0,242.7,0.0,0.0,2026-01-15 09:00:00,2026-01-15 11:14:25
2004,Cafetiere,0.0,242.6,0.0,0.0,2026-01-15 09:00:00,2026-01-15 11:14:25
2005,Lampe Salle à manger,0.0,242.4,0.0,0.0,2026-01-15 09:00:00,2026-01-15 11:14:25
2006,PC Portable,0.0,243.3,0.0,0.0,2026-01-15 09:00:00,2026-01-15 11:14:25
2007,Lampe Cuisine,0.0,242.5,0.0,0.0,2026-01-15 09:00:00,2026-01-15 11:14:25
2008,Lampe Chambre,0.0,243.7,0.0,0.0,2026-01-15 09:00:00,2026-01-15 11:14:25
2001,TV Salle à manger,0.005,243.5,0.0,0.0,2026-01-15 10:00:00,2026-01-15 12:15:21
2002,Ecran,0.0,243.0,0.0,0.0,2026-01-15 10:00:00,2026-01-15 12:15:21
2003,Telephone / Tablette,0.0,242.7,0.0,0.0,2026-01-15 10:00:00,2026-01-15 12:15:21
2004,Cafetiere,0.0,242.7,0.0,0.0,2026-01-15 10:00:00,2026-01-15 12:15:21
2005,Lampe Salle à manger,0.0,242.4,0.0,0.0,2026-01-15 10:00:00,2026-01-15 12:15:21
2006,PC Portable,0.0,243.4,0.0,0.0,2026-01-15 10:00:00,2026-01-15 12:15:21
2007,Lampe Cuisine,0.0,242.5,0.0,0.0,2026-01-15 10:00:00,2026-01-15 12:15:21
2008,Lampe Chambre,0.0,243.8,0.0,0.0,2026-01-15 10:00:00,2026-01-15 12:15:21
2003,Telephone / Tablette,0.0,242.8,0.0,0.0,2026-01-15 11:00:00,2026-01-15 13:30:47
2004,Cafetiere,0.0,242.7,0.0,0.0,2026-01-15 11:00:00,2026-01-15 13:30:47
2008,Lampe Chambre,0.0,243.8,0.0,0.0,2026-01-15 11:00:00,2026-01-15 13:30:47
2003,Telephone / Tablette,0.0,243.4,0.0,0.0,2026-01-15 12:00:00,2026-01-15 14:46:25
2004,Cafetiere,0.0,243.4,0.0,0.0,2026-01-15 12:00:00,2026-01-15 14:46:25
2008,Lampe Chambre,0.0,244.5,0.0,0.0,2026-01-15 12:00:00,2026-01-15 14:46:25
2001,TV Salle à manger,0.0,244.0,0.0,0.0,2026-01-15 13:00:00,2026-01-15 15:55:17
2002,Ecran,0.0,243.7,0.0,0.0,2026-01-15 13:00:00,2026-01-15 15:55:17
2003,Telephone / Tablette,0.0,243.6,0.0,0.0,2026-01-15 13:00:00,2026-01-15 15:55:17
2004,Cafetiere,0.0,243.5,0.0,0.0,2026-01-15 13:00:00,2026-01-15 15:55:17
2005,Lampe Salle à manger,0.0,243.1,0.0,0.0,2026-01-15 13:00:00,2026-01-15 15:55:17
2006,PC Portable,0.0,244.1,0.0,0.0,2026-01-15 13:00:00,2026-01-15 15:55:17
2007,Lampe Cuisine,0.024,243.2,3.4,1.5,2026-01-15 13:00:00,2026-01-15 15:55:17
2008,Lampe Chambre,0.0,244.7,0.0,0.0,2026-01-15 13:00:00,2026-01-15 15:55:17
2001,TV Salle à manger,0.0,244.2,0.0,0.0,2026-01-15 14:00:00,2026-01-15 16:55:34
2002,Ecran,0.0,243.9,0.0,0.0,2026-01-15 14:00:00,2026-01-15 16:55:34
2003,Telephone / Tablette,0.0,243.6,0.0,0.0,2026-01-15 14:00:00,2026-01-15 16:55:34
2004,Cafetiere,0.0,243.6,0.0,0.0,2026-01-15 14:00:00,2026-01-15 16:55:34
2005,Lampe Salle à manger,0.0,243.2,0.0,0.0,2026-01-15 14:00:00,2026-01-15 16:55:34
2006,PC Portable,0.0,244.3,0.0,0.0,2026-01-15 14:00:00,2026-01-15 16:55:34
2007,Lampe Cuisine,0.022,243.4,3.0,3.04,2026-01-15 14:00:00,2026-01-15 16:55:34
2008,Lampe Chambre,0.0,244.8,0.0,0.0,2026-01-15 14:00:00,2026-01-15 16:55:34
2001,TV Salle à manger,0.008,243.4,0.0,0.0,2026-01-15 15:00:00,2026-01-15 17:55:50
2002,Ecran,0.0,243.0,0.0,0.0,2026-01-15 15:00:00,2026-01-15 17:55:50
2003,Telephone / Tablette,0.0,242.7,0.0,0.0,2026-01-15 15:00:00,2026-01-15 17:55:50
2004,Cafetiere,0.0,242.7,0.0,0.0,2026-01-15 15:00:00,2026-01-15 17:55:50
2005,Lampe Salle à manger,0.044,242.3,9.8,9.83,2026-01-15 15:00:00,2026-01-15 17:55:50
2006,PC Portable,0.0,243.3,0.0,0.0,2026-01-15 15:00:00,2026-01-15 17:55:50
2007,Lampe Cuisine,0.038,242.5,5.3,5.3,2026-01-15 15:00:00,2026-01-15 17:55:50
2008,Lampe Chambre,0.029,243.8,4.2,4.15,2026-01-15 15:00:00,2026-01-15 17:55:50
2001,TV Salle à manger,0.007,244.0,0.0,0.0,2026-01-15 16:00:00,2026-01-15 18:56:06
2002,Ecran,0.0,243.6,0.0,0.0,2026-01-15 16:00:00,2026-01-15 18:56:06
2003,Telephone / Tablette,0.0,243.3,0.0,0.0,2026-01-15 16:00:00,2026-01-15 18:56:06
2004,Cafetiere,0.0,243.3,0.0,0.0,2026-01-15 16:00:00,2026-01-15 18:56:06
2005,Lampe Salle à manger,0.05,243.0,11.3,11.29,2026-01-15 16:00:00,2026-01-15 18:56:06
2006,PC Portable,0.052,243.9,6.6,6.58,2026-01-15 16:00:00,2026-01-15 18:56:06
2007,Lampe Cuisine,0.038,243.1,5.4,5.35,2026-01-15 16:00:00,2026-01-15 18:56:06
2008,Lampe Chambre,0.037,244.4,5.3,5.31,2026-01-15 16:00:00,2026-01-15 18:56:06
2001,TV Salle à manger,0.009,245.1,0.0,0.0,2026-01-15 17:00:00,2026-01-15 19:56:22
2002,Ecran,0.0,244.6,0.0,0.0,2026-01-15 17:00:00,2026-01-15 19:56:22
2003,Telephone / Tablette,0.0,244.4,0.0,0.0,2026-01-15 17:00:00,2026-01-15 19:56:22
2004,Cafetiere,0.0,244.4,0.0,0.0,2026-01-15 17:00:00,2026-01-15 19:56:22
2005,Lampe Salle à manger,0.05,244.0,11.3,11.29,2026-01-15 17:00:00,2026-01-15 19:56:22
2006,PC Portable,0.333,244.9,42.6,42.6,2026-01-15 17:00:00,2026-01-15 19:56:22
2007,Lampe Cuisine,0.038,244.1,5.4,5.38,2026-01-15 17:00:00,2026-01-15 19:56:22
2008,Lampe Chambre,0.037,245.5,5.4,5.36,2026-01-15 17:00:00,2026-01-15 19:56:22
2001,TV Salle à manger,0.009,245.4,0.0,0.02,2026-01-15 18:00:00,2026-01-15 20:56:39
2002,Ecran,0.0,244.9,0.0,0.0,2026-01-15 18:00:00,2026-01-15 20:56:39
2003,Telephone / Tablette,0.0,244.7,0.0,0.0,2026-01-15 18:00:00,2026-01-15 20:56:39
2004,Cafetiere,0.0,244.5,0.0,0.0,2026-01-15 18:00:00,2026-01-15 20:56:39
2005,Lampe Salle à manger,0.05,244.3,11.3,11.3,2026-01-15 18:00:00,2026-01-15 20:56:39
2006,PC Portable,0.169,245.3,20.8,20.82,2026-01-15 18:00:00,2026-01-15 20:56:39
2007,Lampe Cuisine,0.038,244.4,5.4,5.4,2026-01-15 18:00:00,2026-01-15 20:56:39
2008,Lampe Chambre,0.037,245.8,5.4,5.37,2026-01-15 18:00:00,2026-01-15 20:56:39
2001,TV Salle à manger,0.007,246.4,0.0,0.0,2026-01-15 19:00:00,2026-01-15 21:56:54
2002,Ecran,0.0,245.9,0.0,0.0,2026-01-15 19:00:00,2026-01-15 21:56:54
2003,Telephone / Tablette,0.0,245.7,0.0,0.0,2026-01-15 19:00:00,2026-01-15 21:56:54
2004,Cafetiere,0.0,245.6,0.0,0.0,2026-01-15 19:00:00,2026-01-15 21:56:54
2005,Lampe Salle à manger,0.05,245.3,11.3,11.29,2026-01-15 19:00:00,2026-01-15 21:56:54
2006,PC Portable,0.0,246.3,0.0,0.0,2026-01-15 19:00:00,2026-01-15 21:56:54
2007,Lampe Cuisine,0.036,245.4,5.1,5.06,2026-01-15 19:00:00,2026-01-15 21:56:54
2008,Lampe Chambre,0.001,246.7,0.2,0.18,2026-01-15 19:00:00,2026-01-15 21:56:54
2001,TV Salle à manger,0.009,245.6,0.0,0.0,2026-01-15 20:00:00,2026-01-15 22:57:10
2002,Ecran,0.147,245.2,19.0,19.01,2026-01-15 20:00:00,2026-01-15 22:57:10
2003,Telephone / Tablette,0.0,244.9,0.0,0.0,2026-01-15 20:00:00,2026-01-15 22:57:10
2004,Cafetiere,0.176,244.9,36.4,36.37,2026-01-15 20:00:00,2026-01-15 22:57:10
2005,Lampe Salle à manger,0.05,244.6,11.3,11.3,2026-01-15 20:00:00,2026-01-15 22:57:10
2006,PC Portable,0.0,245.5,0.0,0.0,2026-01-15 20:00:00,2026-01-15 22:57:10
2007,Lampe Cuisine,0.001,244.7,0.2,0.18,2026-01-15 20:00:00,2026-01-15 22:57:10
2008,Lampe Chambre,0.0,246.0,0.0,0.0,2026-01-15 20:00:00,2026-01-15 22:57:10
2001,TV Salle à manger,0.01,245.8,0.0,0.02,2026-01-15 21:00:00,2026-01-15 23:57:25
2002,Ecran,0.161,245.4,19.7,19.75,2026-01-15 21:00:00,2026-01-15 23:57:25
2003,Telephone / Tablette,0.0,245.1,0.0,0.0,2026-01-15 21:00:00,2026-01-15 23:57:25
2004,Cafetiere,0.0,245.1,0.0,0.0,2026-01-15 21:00:00,2026-01-15 23:57:25
2005,Lampe Salle à manger,0.05,244.8,11.3,11.29,2026-01-15 21:00:00,2026-01-15 23:57:25
2006,PC Portable,0.0,245.7,0.0,0.0,2026-01-15 21:00:00,2026-01-15 23:57:25
2007,Lampe Cuisine,0.011,244.9,1.5,1.52,2026-01-15 21:00:00,2026-01-15 23:57:25
2008,Lampe Chambre,0.0,246.2,0.0,0.0,2026-01-15 21:00:00,2026-01-15 23:57:25
2001,TV Salle à manger,0.008,247.0,0.0,0.0,2026-01-15 22:00:00,2026-01-16 00:57:41
2002,Ecran,0.112,246.5,14.3,14.33,2026-01-15 22:00:00,2026-01-16 00:57:41
2003,Telephone / Tablette,0.0,246.2,0.0,0.0,2026-01-15 22:00:00,2026-01-16 00:57:41
2004,Cafetiere,0.0,246.2,0.0,0.0,2026-01-15 22:00:00,2026-01-16 00:57:41
2005,Lampe Salle à manger,0.034,245.9,7.7,7.71,2026-01-15 22:00:00,2026-01-16 00:57:41
2006,PC Portable,0.0,246.8,0.0,0.0,2026-01-15 22:00:00,2026-01-16 00:57:41
2007,Lampe Cuisine,0.001,246.0,0.1,0.09,2026-01-15 22:00:00,2026-01-16 00:57:41
2008,Lampe Chambre,0.0,247.3,0.0,0.0,2026-01-15 22:00:00,2026-01-16 00:57:41
2001,TV Salle à manger,0.012,247.3,0.0,0.0,2026-01-15 23:00:00,2026-01-16 01:57:55
2002,Ecran,0.0,246.8,0.0,0.0,2026-01-15 23:00:00,2026-01-16 01:57:55
2003,Telephone / Tablette,0.0,246.5,0.0,0.0,2026-01-15 23:00:00,2026-01-16 01:57:55
2004,Cafetiere,0.0,246.4,0.0,0.0,2026-01-15 23:00:00,2026-01-16 01:57:55
2005,Lampe Salle à manger,0.0,246.2,0.0,0.0,2026-01-15 23:00:00,2026-01-16 01:57:55
2006,PC Portable,0.0,247.2,0.0,0.0,2026-01-15 23:00:00,2026-01-16 01:57:55
2007,Lampe Cuisine,0.0,246.3,0.0,0.0,2026-01-15 23:00:00,2026-01-16 01:57:55
2008,Lampe Chambre,0.0,247.6,0.0,0.0,2026-01-15 23:00:00,2026-01-16 01:57:55
2001,TV Salle à manger,0.01,246.1,0.0,0.0,2026-01-16 00:00:00,2026-01-16 02:58:10
2002,Ecran,0.0,245.6,0.0,0.0,2026-01-16 00:00:00,2026-01-16 02:58:10
2003,Telephone / Tablette,0.0,245.3,0.0,0.0,2026-01-16 00:00:00,2026-01-16 02:58:10
2004,Cafetiere,0.0,245.3,0.0,0.0,2026-01-16 00:00:00,2026-01-16 02:58:10
2005,Lampe Salle à manger,0.0,245.0,0.0,0.0,2026-01-16 00:00:00,2026-01-16 02:58:10
2006,PC Portable,0.0,246.0,0.0,0.0,2026-01-16 00:00:00,2026-01-16 02:58:10
2007,Lampe Cuisine,0.0,245.1,0.0,0.0,2026-01-16 00:00:00,2026-01-16 02:58:10
2008,Lampe Chambre,0.0,246.3,0.0,0.0,2026-01-16 00:00:00,2026-01-16 02:58:10
2001,TV Salle à manger,0.01,246.3,0.0,0.0,2026-01-16 01:00:00,2026-01-16 03:58:25
2002,Ecran,0.0,245.8,0.0,0.0,2026-01-16 01:00:00,2026-01-16 03:58:25
2003,Telephone / Tablette,0.0,245.5,0.0,0.0,2026-01-16 01:00:00,2026-01-16 03:58:25
2004,Cafetiere,0.0,245.4,0.0,0.0,2026-01-16 01:00:00,2026-01-16 03:58:25
2005,Lampe Salle à manger,0.0,245.2,0.0,0.0,2026-01-16 01:00:00,2026-01-16 03:58:25
2006,PC Portable,0.0,246.2,0.0,0.0,2026-01-16 01:00:00,2026-01-16 03:58:25
2007,Lampe Cuisine,0.0,245.3,0.0,0.0,2026-01-16 01:00:00,2026-01-16 03:58:25
2008,Lampe Chambre,0.0,246.6,0.0,0.0,2026-01-16 01:00:00,2026-01-16 03:58:25
2001,TV Salle à manger,0.009,246.2,0.0,0.0,2026-01-16 02:00:00,2026-01-16 04:58:40
2002,Ecran,0.0,245.8,0.0,0.0,2026-01-16 02:00:00,2026-01-16 04:58:40
2003,Telephone / Tablette,0.0,245.4,0.0,0.0,2026-01-16 02:00:00,2026-01-16 04:58:40
2004,Cafetiere,0.0,245.4,0.0,0.0,2026-01-16 02:00:00,2026-01-16 04:58:40
2005,Lampe Salle à manger,0.0,245.2,0.0,0.0,2026-01-16 02:00:00,2026-01-16 04:58:40
2006,PC Portable,0.0,246.1,0.0,0.0,2026-01-16 02:00:00,2026-01-16 04:58:40
2007,Lampe Cuisine,0.0,245.3,0.0,0.0,2026-01-16 02:00:00,2026-01-16 04:58:40
2008,Lampe Chambre,0.0,246.5,0.0,0.0,2026-01-16 02:00:00,2026-01-16 04:58:40
2001,TV Salle à manger,0.009,244.8,0.0,0.0,2026-01-16 03:00:00,2026-01-16 05:58:55
2002,Ecran,0.0,244.3,0.0,0.0,2026-01-16 03:00:00,2026-01-16 05:58:55
2003,Telephone / Tablette,0.0,244.0,0.0,0.0,2026-01-16 03:00:00,2026-01-16 05:58:55
2004,Cafetiere,0.0,244.0,0.0,0.0,2026-01-16 03:00:00,2026-01-16 05:58:55
2005,Lampe Salle à manger,0.0,243.7,0.0,0.0,2026-01-16 03:00:00,2026-01-16 05:58:55
2006,PC Portable,0.0,244.7,0.0,0.0,2026-01-16 03:00:00,2026-01-16 05:58:55
2007,Lampe Cuisine,0.0,243.8,0.0,0.0,2026-01-16 03:00:00,2026-01-16 05:58:55
2008,Lampe Chambre,0.0,245.1,0.0,0.0,2026-01-16 03:00:00,2026-01-16 05:58:55
2001,TV Salle à manger,0.009,243.5,0.0,0.0,2026-01-16 04:00:00,2026-01-16 06:59:10
2002,Ecran,0.0,243.0,0.0,0.0,2026-01-16 04:00:00,2026-01-16 06:59:10
2003,Telephone / Tablette,0.0,242.7,0.0,0.0,2026-01-16 04:00:00,2026-01-16 06:59:10
2004,Cafetiere,0.0,242.6,0.0,0.0,2026-01-16 04:00:00,2026-01-16 06:59:10
2005,Lampe Salle à manger,0.0,242.4,0.0,0.0,2026-01-16 04:00:00,2026-01-16 06:59:10
2006,PC Portable,0.0,243.4,0.0,0.0,2026-01-16 04:00:00,2026-01-16 06:59:10
2007,Lampe Cuisine,0.0,242.5,0.0,0.0,2026-01-16 04:00:00,2026-01-16 06:59:10
2008,Lampe Chambre,0.0,243.8,0.0,0.0,2026-01-16 04:00:00,2026-01-16 06:59:10
2001,TV Salle à manger,0.009,242.5,0.0,0.0,2026-01-16 05:00:00,2026-01-16 07:59:30
2002,Ecran,0.0,242.0,0.0,0.0,2026-01-16 05:00:00,2026-01-16 07:59:30
2003,Telephone / Tablette,0.0,241.7,0.0,0.0,2026-01-16 05:00:00,2026-01-16 07:59:30
2004,Cafetiere,0.0,241.7,0.0,0.0,2026-01-16 05:00:00,2026-01-16 07:59:30
2005,Lampe Salle à manger,0.035,241.4,8.0,7.95,2026-01-16 05:00:00,2026-01-16 07:59:30
2006,PC Portable,0.0,242.4,0.0,0.0,2026-01-16 05:00:00,2026-01-16 07:59:30
2007,Lampe Cuisine,0.002,241.5,0.3,0.26,2026-01-16 05:00:00,2026-01-16 07:59:30
2008,Lampe Chambre,0.0,242.8,0.0,0.0,2026-01-16 05:00:00,2026-01-16 07:59:30
2001,TV Salle à manger,0.01,244.9,0.0,0.0,2026-01-16 06:00:00,2026-01-16 08:59:46
2002,Ecran,0.0,244.5,0.0,0.0,2026-01-16 06:00:00,2026-01-16 08:59:46
2003,Telephone / Tablette,0.0,244.1,0.0,0.0,2026-01-16 06:00:00,2026-01-16 08:59:46
2004,Cafetiere,0.0,244.1,0.0,0.0,2026-01-16 06:00:00,2026-01-16 08:59:46
2005,Lampe Salle à manger,0.0,243.8,0.0,0.0,2026-01-16 06:00:00,2026-01-16 08:59:46
2006,PC Portable,0.0,244.8,0.0,0.0,2026-01-16 06:00:00,2026-01-16 08:59:46
2007,Lampe Cuisine,0.0,243.9,0.0,0.0,2026-01-16 06:00:00,2026-01-16 08:59:46
2008,Lampe Chambre,0.0,245.2,0.0,0.0,2026-01-16 06:00:00,2026-01-16 08:59:46
2001,TV Salle à manger,0.009,244.4,0.0,0.02,2026-01-16 07:00:00,2026-01-16 10:00:01
2002,Ecran,0.003,244.0,0.4,0.37,2026-01-16 07:00:00,2026-01-16 10:00:01
2003,Telephone / Tablette,0.0,243.6,0.0,0.0,2026-01-16 07:00:00,2026-01-16 10:00:01
2004,Cafetiere,0.0,243.6,0.0,0.0,2026-01-16 07:00:00,2026-01-16 10:00:01
2005,Lampe Salle à manger,0.0,243.3,0.0,0.0,2026-01-16 07:00:00,2026-01-16 10:00:01
2006,PC Portable,0.0,244.3,0.0,0.0,2026-01-16 07:00:00,2026-01-16 10:00:01
2007,Lampe Cuisine,0.0,243.5,0.0,0.0,2026-01-16 07:00:00,2026-01-16 10:00:01
2008,Lampe Chambre,0.0,244.7,0.0,0.0,2026-01-16 07:00:00,2026-01-16 10:00:01
2001,TV Salle à manger,0.009,244.4,0.0,0.0,2026-01-16 08:00:00,2026-01-16 11:00:17
2002,Ecran,0.169,244.0,21.8,21.75,2026-01-16 08:00:00,2026-01-16 11:00:17
2003,Telephone / Tablette,0.0,243.7,0.0,0.0,2026-01-16 08:00:00,2026-01-16 11:00:17
2004,Cafetiere,0.129,243.6,27.6,27.57,2026-01-16 08:00:00,2026-01-16 11:00:17
2005,Lampe Salle à manger,0.0,243.4,0.0,0.0,2026-01-16 08:00:00,2026-01-16 11:00:17
2006,PC Portable,0.0,244.3,0.0,0.0,2026-01-16 08:00:00,2026-01-16 11:00:17
2007,Lampe Cuisine,0.0,243.5,0.0,0.0,2026-01-16 08:00:00,2026-01-16 11:00:17
2008,Lampe Chambre,0.0,244.8,0.0,0.0,2026-01-16 08:00:00,2026-01-16 11:00:17
2001,TV Salle à manger,0.007,244.7,0.0,0.0,2026-01-16 09:00:00,2026-01-16 12:00:33
2002,Ecran,0.171,244.2,21.7,21.71,2026-01-16 09:00:00,2026-01-16 12:00:33
2003,Telephone / Tablette,0.0,243.9,0.0,0.0,2026-01-16 09:00:00,2026-01-16 12:00:33
2004,Cafetiere,0.0,243.8,0.0,0.0,2026-01-16 09:00:00,2026-01-16 12:00:33
2005,Lampe Salle à manger,0.0,243.6,0.0,0.0,2026-01-16 09:00:00,2026-01-16 12:00:33
2006,PC Portable,0.0,244.5,0.0,0.0,2026-01-16 09:00:00,2026-01-16 12:00:33
2007,Lampe Cuisine,0.0,243.7,0.0,0.0,2026-01-16 09:00:00,2026-01-16 12:00:33
2008,Lampe Chambre,0.0,245.0,0.0,0.0,2026-01-16 09:00:00,2026-01-16 12:00:33
2001,TV Salle à manger,0.009,244.5,0.0,0.0,2026-01-16 10:00:00,2026-01-16 13:05:48
2002,Ecran,0.16,244.0,20.2,13.81,2026-01-16 10:00:00,2026-01-16 13:05:48
2003,Telephone / Tablette,0.0,244.0,0.0,0.0,2026-01-16 10:00:00,2026-01-16 13:05:48
2004,Cafetiere,0.0,243.9,0.0,0.0,2026-01-16 10:00:00,2026-01-16 13:05:48
2005,Lampe Salle à manger,0.0,243.5,0.0,0.0,2026-01-16 10:00:00,2026-01-16 13:05:48
2006,PC Portable,0.0,244.4,0.0,0.0,2026-01-16 10:00:00,2026-01-16 13:05:48
2007,Lampe Cuisine,0.0,243.5,0.0,0.0,2026-01-16 10:00:00,2026-01-16 13:05:48
2008,Lampe Chambre,0.0,245.1,0.0,0.0,2026-01-16 10:00:00,2026-01-16 13:05:48
2001,TV Salle à manger,0.0,244.3,0.0,0.0,2026-01-16 11:00:00,2026-01-16 14:06:11
2002,Ecran,0.138,244.0,17.8,17.81,2026-01-16 11:00:00,2026-01-16 14:06:11
2003,Telephone / Tablette,0.0,243.7,0.0,0.0,2026-01-16 11:00:00,2026-01-16 14:06:11
2004,Cafetiere,0.114,243.7,27.5,27.53,2026-01-16 11:00:00,2026-01-16 14:06:11
2005,Lampe Salle à manger,0.0,243.2,0.0,0.0,2026-01-16 11:00:00,2026-01-16 14:06:11
2006,PC Portable,0.0,244.3,0.0,0.0,2026-01-16 11:00:00,2026-01-16 14:06:11
2007,Lampe Cuisine,0.004,243.3,0.6,0.62,2026-01-16 11:00:00,2026-01-16 14:06:11
2008,Lampe Chambre,0.0,244.8,0.0,0.0,2026-01-16 11:00:00,2026-01-16 14:06:11
2001,TV Salle à manger,0.007,244.2,0.0,0.0,2026-01-16 12:00:00,2026-01-16 15:06:33
2002,Ecran,0.171,243.8,21.7,21.7,2026-01-16 12:00:00,2026-01-16 15:06:33
2003,Telephone / Tablette,0.0,243.6,0.0,0.0,2026-01-16 12:00:00,2026-01-16 15:06:33
2004,Cafetiere,0.019,243.5,0.9,0.9,2026-01-16 12:00:00,2026-01-16 15:06:33
2005,Lampe Salle à manger,0.0,243.2,0.0,0.0,2026-01-16 12:00:00,2026-01-16 15:06:33
2006,PC Portable,0.0,244.2,0.0,0.0,2026-01-16 12:00:00,2026-01-16 15:06:33
2007,Lampe Cuisine,0.009,243.4,1.3,1.34,2026-01-16 12:00:00,2026-01-16 15:06:33
2008,Lampe Chambre,0.0,244.7,0.0,0.0,2026-01-16 12:00:00,2026-01-16 15:06:33
2001,TV Salle à manger,0.008,244.0,0.0,0.0,2026-01-16 13:00:00,2026-01-16 16:06:50
2002,Ecran,0.126,243.6,15.9,15.95,2026-01-16 13:00:00,2026-01-16 16:06:50
2003,Telephone / Tablette,0.0,243.3,0.0,0.0,2026-01-16 13:00:00,2026-01-16 16:06:50
2004,Cafetiere,0.0,243.2,0.0,0.0,2026-01-16 13:00:00,2026-01-16 16:06:50
2005,Lampe Salle à manger,0.0,243.0,0.0,0.0,2026-01-16 13:00:00,2026-01-16 16:06:50
2006,PC Portable,0.0,243.9,0.0,0.0,2026-01-16 13:00:00,2026-01-16 16:06:50
2007,Lampe Cuisine,0.0,243.1,0.0,0.0,2026-01-16 13:00:00,2026-01-16 16:06:50
2008,Lampe Chambre,0.0,244.4,0.0,0.0,2026-01-16 13:00:00,2026-01-16 16:06:50
2001,TV Salle à manger,0.337,244.0,75.1,75.14,2026-01-16 14:00:00,2026-01-16 17:07:05
2002,Ecran,0.0,243.6,0.0,0.0,2026-01-16 14:00:00,2026-01-16 17:07:05
2003,Telephone / Tablette,0.0,243.4,0.0,0.0,2026-01-16 14:00:00,2026-01-16 17:07:05
2004,Cafetiere,0.0,243.3,0.0,0.0,2026-01-16 14:00:00,2026-01-16 17:07:05
2005,Lampe Salle à manger,0.035,243.0,8.0,7.95,2026-01-16 14:00:00,2026-01-16 17:07:05
2006,PC Portable,0.0,243.9,0.0,0.0,2026-01-16 14:00:00,2026-01-16 17:07:05
2007,Lampe Cuisine,0.005,243.1,0.7,0.68,2026-01-16 14:00:00,2026-01-16 17:07:05
2008,Lampe Chambre,0.0,244.5,0.0,0.0,2026-01-16 14:00:00,2026-01-16 17:07:05
2001,TV Salle à manger,0.697,243.3,157.2,157.19,2026-01-16 15:00:00,2026-01-16 18:07:20
2002,Ecran,0.0,242.9,0.0,0.0,2026-01-16 15:00:00,2026-01-16 18:07:20
2003,Telephone / Tablette,0.0,242.9,0.0,0.0,2026-01-16 15:00:00,2026-01-16 18:07:20
2004,Cafetiere,0.0,242.8,0.0,0.0,2026-01-16 15:00:00,2026-01-16 18:07:20
2005,Lampe Salle à manger,0.05,242.3,11.3,11.27,2026-01-16 15:00:00,2026-01-16 18:07:20
2006,PC Portable,0.0,243.2,0.0,0.0,2026-01-16 15:00:00,2026-01-16 18:07:20
2007,Lampe Cuisine,0.0,242.4,0.0,0.0,2026-01-16 15:00:00,2026-01-16 18:07:20
2008,Lampe Chambre,0.0,243.9,0.0,0.0,2026-01-16 15:00:00,2026-01-16 18:07:20
2001,TV Salle à manger,0.692,243.7,156.2,156.15,2026-01-16 16:00:00,2026-01-16 19:07:34
2002,Ecran,0.0,243.3,0.0,0.0,2026-01-16 16:00:00,2026-01-16 19:07:34
2003,Telephone / Tablette,0.0,243.3,0.0,0.0,2026-01-16 16:00:00,2026-01-16 19:07:34
2004,Cafetiere,0.0,243.2,0.0,0.0,2026-01-16 16:00:00,2026-01-16 19:07:34
2005,Lampe Salle à manger,0.05,242.7,11.3,11.28,2026-01-16 16:00:00,2026-01-16 19:07:34
2006,PC Portable,0.0,243.7,0.0,0.0,2026-01-16 16:00:00,2026-01-16 19:07:34
2007,Lampe Cuisine,0.0,242.9,0.0,0.0,2026-01-16 16:00:00,2026-01-16 19:07:34
2008,Lampe Chambre,0.0,244.3,0.0,0.0,2026-01-16 16:00:00,2026-01-16 19:07:34
2001,TV Salle à manger,0.654,245.3,148.4,148.42,2026-01-16 17:00:00,2026-01-16 20:07:51
2002,Ecran,0.0,244.9,0.0,0.0,2026-01-16 17:00:00,2026-01-16 20:07:51
2003,Telephone / Tablette,0.0,244.9,0.0,0.0,2026-01-16 17:00:00,2026-01-16 20:07:51
2004,Cafetiere,0.0,244.8,0.0,0.0,2026-01-16 17:00:00,2026-01-16 20:07:51
2005,Lampe Salle à manger,0.05,244.3,11.3,11.27,2026-01-16 17:00:00,2026-01-16 20:07:51
2006,PC Portable,0.0,245.3,0.0,0.0,2026-01-16 17:00:00,2026-01-16 20:07:51
2007,Lampe Cuisine,0.0,244.5,0.0,0.0,2026-01-16 17:00:00,2026-01-16 20:07:51
2008,Lampe Chambre,0.0,246.0,0.0,0.0,2026-01-16 17:00:00,2026-01-16 20:07:51
2001,TV Salle à manger,0.006,244.5,0.0,0.0,2026-01-16 18:00:00,2026-01-16 21:08:05
2002,Ecran,0.0,244.1,0.0,0.0,2026-01-16 18:00:00,2026-01-16 21:08:05
2003,Telephone / Tablette,0.0,243.7,0.0,0.0,2026-01-16 18:00:00,2026-01-16 21:08:05
2004,Cafetiere,0.0,243.7,0.0,0.0,2026-01-16 18:00:00,2026-01-16 21:08:05
2005,Lampe Salle à manger,0.0,243.5,0.0,0.0,2026-01-16 18:00:00,2026-01-16 21:08:05
2006,PC Portable,0.0,244.4,0.0,0.0,2026-01-16 18:00:00,2026-01-16 21:08:05
2007,Lampe Cuisine,0.001,243.6,0.1,0.09,2026-01-16 18:00:00,2026-01-16 21:08:05
2008,Lampe Chambre,0.0,244.8,0.0,0.0,2026-01-16 18:00:00,2026-01-16 21:08:05
2001,TV Salle à manger,0.008,244.2,0.0,0.03,2026-01-16 19:00:00,2026-01-16 22:08:20
2002,Ecran,0.0,243.7,0.0,0.0,2026-01-16 19:00:00,2026-01-16 22:08:20
2003,Telephone / Tablette,0.0,243.4,0.0,0.0,2026-01-16 19:00:00,2026-01-16 22:08:20
2004,Cafetiere,0.0,243.3,0.0,0.0,2026-01-16 19:00:00,2026-01-16 22:08:20
2005,Lampe Salle à manger,0.0,243.1,0.0,0.0,2026-01-16 19:00:00,2026-01-16 22:08:20
2006,PC Portable,0.0,244.0,0.0,0.0,2026-01-16 19:00:00,2026-01-16 22:08:20
2007,Lampe Cuisine,0.0,243.2,0.0,0.0,2026-01-16 19:00:00,2026-01-16 22:08:20
2008,Lampe Chambre,0.0,244.5,0.0,0.0,2026-01-16 19:00:00,2026-01-16 22:08:20
2001,TV Salle à manger,0.019,243.2,2.7,2.72,2026-01-16 20:00:00,2026-01-16 23:08:35
2002,Ecran,0.0,242.8,0.0,0.0,2026-01-16 20:00:00,2026-01-16 23:08:35
2003,Telephone / Tablette,0.0,242.5,0.0,0.0,2026-01-16 20:00:00,2026-01-16 23:08:35
2004,Cafetiere,0.0,242.4,0.0,0.0,2026-01-16 20:00:00,2026-01-16 23:08:35
2005,Lampe Salle à manger,0.0,242.2,0.0,0.0,2026-01-16 20:00:00,2026-01-16 23:08:35
2006,PC Portable,0.0,243.2,0.0,0.0,2026-01-16 20:00:00,2026-01-16 23:08:35
2007,Lampe Cuisine,0.003,242.3,0.4,0.44,2026-01-16 20:00:00,2026-01-16 23:08:35
2008,Lampe Chambre,0.0,243.6,0.0,0.0,2026-01-16 20:00:00,2026-01-16 23:08:35
2001,TV Salle à manger,0.696,244.0,157.6,157.58,2026-01-16 21:00:00,2026-01-17 00:08:52
2002,Ecran,0.0,243.6,0.0,0.0,2026-01-16 21:00:00,2026-01-17 00:08:52
2003,Telephone / Tablette,0.0,243.5,0.0,0.0,2026-01-16 21:00:00,2026-01-17 00:08:52
2004,Cafetiere,0.0,243.5,0.0,0.0,2026-01-16 21:00:00,2026-01-17 00:08:52
2005,Lampe Salle à manger,0.007,242.9,1.5,1.55,2026-01-16 21:00:00,2026-01-17 00:08:52
2006,PC Portable,0.0,243.9,0.0,0.0,2026-01-16 21:00:00,2026-01-17 00:08:52
2007,Lampe Cuisine,0.033,243.1,4.6,4.62,2026-01-16 21:00:00,2026-01-17 00:08:52
2008,Lampe Chambre,0.0,244.6,0.0,0.0,2026-01-16 21:00:00,2026-01-17 00:08:52
2001,TV Salle à manger,0.344,245.1,74.9,74.95,2026-01-16 22:00:00,2026-01-17 01:09:09
2002,Ecran,0.0,244.7,0.0,0.0,2026-01-16 22:00:00,2026-01-17 01:09:09
2003,Telephone / Tablette,0.0,244.5,0.0,0.0,2026-01-16 22:00:00,2026-01-17 01:09:09
2004,Cafetiere,0.0,244.4,0.0,0.0,2026-01-16 22:00:00,2026-01-17 01:09:09
2005,Lampe Salle à manger,0.041,244.0,9.2,9.23,2026-01-16 22:00:00,2026-01-17 01:09:09
2006,PC Portable,0.0,245.0,0.0,0.0,2026-01-16 22:00:00,2026-01-17 01:09:09
2007,Lampe Cuisine,0.002,244.2,0.3,0.27,2026-01-16 22:00:00,2026-01-17 01:09:09
2008,Lampe Chambre,0.016,245.6,2.3,2.31,2026-01-16 22:00:00,2026-01-17 01:09:09
2001,TV Salle à manger,0.005,245.5,0.0,0.0,2026-01-16 23:00:00,2026-01-17 02:09:28
2002,Ecran,0.0,245.0,0.0,0.0,2026-01-16 23:00:00,2026-01-17 02:09:28
2003,Telephone / Tablette,0.0,244.7,0.0,0.0,2026-01-16 23:00:00,2026-01-17 02:09:28
2004,Cafetiere,0.0,244.6,0.0,0.0,2026-01-16 23:00:00,2026-01-17 02:09:28
2005,Lampe Salle à manger,0.0,244.4,0.0,0.0,2026-01-16 23:00:00,2026-01-17 02:09:28
2006,PC Portable,0.0,245.4,0.0,0.0,2026-01-16 23:00:00,2026-01-17 02:09:28
2007,Lampe Cuisine,0.0,244.5,0.0,0.0,2026-01-16 23:00:00,2026-01-17 02:09:28
2008,Lampe Chambre,0.0,245.8,0.0,0.0,2026-01-16 23:00:00,2026-01-17 02:09:28
2001,TV Salle à manger,0.006,245.3,0.0,0.0,2026-01-17 00:00:00,2026-01-17 03:09:47
2002,Ecran,0.0,244.8,0.0,0.0,2026-01-17 00:00:00,2026-01-17 03:09:47
2003,Telephone / Tablette,0.0,244.5,0.0,0.0,2026-01-17 00:00:00,2026-01-17 03:09:47
2004,Cafetiere,0.0,244.4,0.0,0.0,2026-01-17 00:00:00,2026-01-17 03:09:47
2005,Lampe Salle à manger,0.0,244.2,0.0,0.0,2026-01-17 00:00:00,2026-01-17 03:09:47
2006,PC Portable,0.0,245.2,0.0,0.0,2026-01-17 00:00:00,2026-01-17 03:09:47
2007,Lampe Cuisine,0.0,244.3,0.0,0.0,2026-01-17 00:00:00,2026-01-17 03:09:47
2008,Lampe Chambre,0.0,245.6,0.0,0.0,2026-01-17 00:00:00,2026-01-17 03:09:47
2001,TV Salle à manger,0.007,245.6,0.1,0.05,2026-01-17 01:00:00,2026-01-17 04:10:03
2002,Ecran,0.0,245.1,0.0,0.0,2026-01-17 01:00:00,2026-01-17 04:10:03
2003,Telephone / Tablette,0.0,244.8,0.0,0.0,2026-01-17 01:00:00,2026-01-17 04:10:03
2004,Cafetiere,0.0,244.7,0.0,0.0,2026-01-17 01:00:00,2026-01-17 04:10:03
2005,Lampe Salle à manger,0.0,244.5,0.0,0.0,2026-01-17 01:00:00,2026-01-17 04:10:03
2006,PC Portable,0.0,245.5,0.0,0.0,2026-01-17 01:00:00,2026-01-17 04:10:03
2007,Lampe Cuisine,0.0,244.6,0.0,0.0,2026-01-17 01:00:00,2026-01-17 04:10:03
2008,Lampe Chambre,0.0,245.9,0.0,0.0,2026-01-17 01:00:00,2026-01-17 04:10:03
2001,TV Salle à manger,0.007,245.6,0.0,0.0,2026-01-17 02:00:00,2026-01-17 05:10:21
2002,Ecran,0.0,245.2,0.0,0.0,2026-01-17 02:00:00,2026-01-17 05:10:21
2003,Telephone / Tablette,0.0,244.8,0.0,0.0,2026-01-17 02:00:00,2026-01-17 05:10:21
2004,Cafetiere,0.0,244.8,0.0,0.0,2026-01-17 02:00:00,2026-01-17 05:10:21
2005,Lampe Salle à manger,0.0,244.6,0.0,0.0,2026-01-17 02:00:00,2026-01-17 05:10:21
2006,PC Portable,0.0,245.6,0.0,0.0,2026-01-17 02:00:00,2026-01-17 05:10:21
2007,Lampe Cuisine,0.0,244.7,0.0,0.0,2026-01-17 02:00:00,2026-01-17 05:10:21
2008,Lampe Chambre,0.0,245.9,0.0,0.0,2026-01-17 02:00:00,2026-01-17 05:10:21
2001,TV Salle à manger,0.008,244.8,0.0,0.0,2026-01-17 03:00:00,2026-01-17 06:10:38
2002,Ecran,0.0,244.3,0.0,0.0,2026-01-17 03:00:00,2026-01-17 06:10:38
2003,Telephone / Tablette,0.0,244.0,0.0,0.0,2026-01-17 03:00:00,2026-01-17 06:10:38
2004,Cafetiere,0.0,243.9,0.0,0.0,2026-01-17 03:00:00,2026-01-17 06:10:38
2005,Lampe Salle à manger,0.0,243.7,0.0,0.0,2026-01-17 03:00:00,2026-01-17 06:10:38
2006,PC Portable,0.0,244.7,0.0,0.0,2026-01-17 03:00:00,2026-01-17 06:10:38
2007,Lampe Cuisine,0.0,243.8,0.0,0.0,2026-01-17 03:00:00,2026-01-17 06:10:38
2008,Lampe Chambre,0.0,245.0,0.0,0.0,2026-01-17 03:00:00,2026-01-17 06:10:38
2001,TV Salle à manger,0.006,244.4,0.0,0.0,2026-01-17 04:00:00,2026-01-17 07:10:55
2002,Ecran,0.0,243.9,0.0,0.0,2026-01-17 04:00:00,2026-01-17 07:10:55
2003,Telephone / Tablette,0.0,243.6,0.0,0.0,2026-01-17 04:00:00,2026-01-17 07:10:55
2004,Cafetiere,0.0,243.6,0.0,0.0,2026-01-17 04:00:00,2026-01-17 07:10:55
2005,Lampe Salle à manger,0.015,243.4,3.4,3.44,2026-01-17 04:00:00,2026-01-17 07:10:55
2006,PC Portable,0.0,244.3,0.0,0.0,2026-01-17 04:00:00,2026-01-17 07:10:55
2007,Lampe Cuisine,0.013,243.5,1.8,1.78,2026-01-17 04:00:00,2026-01-17 07:10:55
2008,Lampe Chambre,0.0,244.7,0.0,0.0,2026-01-17 04:00:00,2026-01-17 07:10:55
2001,TV Salle à manger,0.005,243.1,0.1,0.05,2026-01-17 05:00:00,2026-01-17 08:11:12
2002,Ecran,0.0,242.7,0.0,0.0,2026-01-17 05:00:00,2026-01-17 08:11:12
2003,Telephone / Tablette,0.0,242.3,0.0,0.0,2026-01-17 05:00:00,2026-01-17 08:11:12
2004,Cafetiere,0.0,242.3,0.0,0.0,2026-01-17 05:00:00,2026-01-17 08:11:12
2005,Lampe Salle à manger,0.05,242.1,11.3,11.27,2026-01-17 05:00:00,2026-01-17 08:11:12
2006,PC Portable,0.0,243.0,0.0,0.0,2026-01-17 05:00:00,2026-01-17 08:11:12
2007,Lampe Cuisine,0.003,242.2,0.4,0.44,2026-01-17 05:00:00,2026-01-17 08:11:12
2008,Lampe Chambre,0.0,243.4,0.0,0.0,2026-01-17 05:00:00,2026-01-17 08:11:12
2001,TV Salle à manger,0.006,245.2,0.0,0.0,2026-01-17 06:00:00,2026-01-17 09:11:27
2002,Ecran,0.0,244.7,0.0,0.0,2026-01-17 06:00:00,2026-01-17 09:11:27
2003,Telephone / Tablette,0.0,244.5,0.0,0.0,2026-01-17 06:00:00,2026-01-17 09:11:27
2004,Cafetiere,0.111,244.5,27.0,26.96,2026-01-17 06:00:00,2026-01-17 09:11:27
2005,Lampe Salle à manger,0.05,244.1,11.3,11.28,2026-01-17 06:00:00,2026-01-17 09:11:27
2006,PC Portable,0.0,245.1,0.0,0.0,2026-01-17 06:00:00,2026-01-17 09:11:27
2007,Lampe Cuisine,0.003,244.2,0.4,0.36,2026-01-17 06:00:00,2026-01-17 09:11:27
2008,Lampe Chambre,0.0,245.6,0.0,0.0,2026-01-17 06:00:00,2026-01-17 09:11:27
2001,TV Salle à manger,0.007,245.9,0.0,0.03,2026-01-17 07:00:00,2026-01-17 10:11:43
2002,Ecran,0.001,245.4,0.0,0.03,2026-01-17 07:00:00,2026-01-17 10:11:43
2003,Telephone / Tablette,0.0,245.1,0.0,0.0,2026-01-17 07:00:00,2026-01-17 10:11:43
2004,Cafetiere,0.173,245.0,35.7,35.72,2026-01-17 07:00:00,2026-01-17 10:11:43
2005,Lampe Salle à manger,0.04,244.8,9.2,9.22,2026-01-17 07:00:00,2026-01-17 10:11:43
2006,PC Portable,0.063,245.7,8.3,8.28,2026-01-17 07:00:00,2026-01-17 10:11:43
2007,Lampe Cuisine,0.009,244.9,1.2,1.25,2026-01-17 07:00:00,2026-01-17 10:11:43
2008,Lampe Chambre,0.0,246.2,0.0,0.0,2026-01-17 07:00:00,2026-01-17 10:11:43
2001,TV Salle à manger,0.289,245.1,63.2,63.19,2026-01-17 08:00:00,2026-01-17 11:11:58
2002,Ecran,0.0,244.6,0.0,0.0,2026-01-17 08:00:00,2026-01-17 11:11:58
2003,Telephone / Tablette,0.0,244.5,0.0,0.0,2026-01-17 08:00:00,2026-01-17 11:11:58
2004,Cafetiere,0.0,244.4,0.0,0.0,2026-01-17 08:00:00,2026-01-17 11:11:58
2005,Lampe Salle à manger,0.0,244.0,0.0,0.0,2026-01-17 08:00:00,2026-01-17 11:11:58
2006,PC Portable,0.271,244.9,34.7,34.7,2026-01-17 08:00:00,2026-01-17 11:11:58
2007,Lampe Cuisine,0.018,244.1,2.5,2.5,2026-01-17 08:00:00,2026-01-17 11:11:58
2008,Lampe Chambre,0.0,245.6,0.0,0.0,2026-01-17 08:00:00,2026-01-17 11:11:58
2001,TV Salle à manger,0.467,245.2,103.2,103.23,2026-01-17 09:00:00,2026-01-17 12:12:13
2002,Ecran,0.037,244.8,4.7,4.74,2026-01-17 09:00:00,2026-01-17 12:12:13
2003,Telephone / Tablette,0.014,244.7,1.6,1.6,2026-01-17 09:00:00,2026-01-17 12:12:13
2004,Cafetiere,0.0,244.6,0.0,0.0,2026-01-17 09:00:00,2026-01-17 12:12:13
2005,Lampe Salle à manger,0.0,244.2,0.0,0.0,2026-01-17 09:00:00,2026-01-17 12:12:13
2006,PC Portable,0.033,245.2,3.5,3.45,2026-01-17 09:00:00,2026-01-17 12:12:13
2007,Lampe Cuisine,0.0,244.3,0.0,0.0,2026-01-17 09:00:00,2026-01-17 12:12:13
2008,Lampe Chambre,0.0,245.7,0.0,0.0,2026-01-17 09:00:00,2026-01-17 12:12:13
2001,TV Salle à manger,0.474,245.4,105.0,104.99,2026-01-17 10:00:00,2026-01-17 13:12:29
2002,Ecran,0.171,245.0,21.7,21.74,2026-01-17 10:00:00,2026-01-17 13:12:29
2003,Telephone / Tablette,0.0,244.9,0.0,0.0,2026-01-17 10:00:00,2026-01-17 13:12:29
2004,Cafetiere,0.0,244.8,0.0,0.0,2026-01-17 10:00:00,2026-01-17 13:12:29
2005,Lampe Salle à manger,0.0,244.4,0.0,0.0,2026-01-17 10:00:00,2026-01-17 13:12:29
2006,PC Portable,0.0,245.3,0.0,0.0,2026-01-17 10:00:00,2026-01-17 13:12:29
2007,Lampe Cuisine,0.0,244.5,0.0,0.0,2026-01-17 10:00:00,2026-01-17 13:12:29
2008,Lampe Chambre,0.0,245.9,0.0,0.0,2026-01-17 10:00:00,2026-01-17 13:12:29
2001,TV Salle à manger,0.006,246.3,0.0,0.02,2026-01-17 11:00:00,2026-01-17 14:12:43
2002,Ecran,0.003,245.8,0.4,0.35,2026-01-17 11:00:00,2026-01-17 14:12:43
2003,Telephone / Tablette,0.0,245.5,0.0,0.0,2026-01-17 11:00:00,2026-01-17 14:12:43
2004,Cafetiere,0.0,245.4,0.0,0.0,2026-01-17 11:00:00,2026-01-17 14:12:43
2005,Lampe Salle à manger,0.0,245.2,0.0,0.0,2026-01-17 11:00:00,2026-01-17 14:12:43
2006,PC Portable,0.0,246.1,0.0,0.0,2026-01-17 11:00:00,2026-01-17 14:12:43
2007,Lampe Cuisine,0.0,245.3,0.0,0.0,2026-01-17 11:00:00,2026-01-17 14:12:43
2008,Lampe Chambre,0.0,246.6,0.0,0.0,2026-01-17 11:00:00,2026-01-17 14:12:43
2001,TV Salle à manger,0.006,246.6,0.0,0.02,2026-01-17 12:00:00,2026-01-17 15:12:57
2002,Ecran,0.0,246.1,0.0,0.0,2026-01-17 12:00:00,2026-01-17 15:12:57
2003,Telephone / Tablette,0.0,245.8,0.0,0.0,2026-01-17 12:00:00,2026-01-17 15:12:57
2004,Cafetiere,0.0,245.7,0.0,0.0,2026-01-17 12:00:00,2026-01-17 15:12:57
2005,Lampe Salle à manger,0.0,245.5,0.0,0.0,2026-01-17 12:00:00,2026-01-17 15:12:57
2006,PC Portable,0.0,246.5,0.0,0.0,2026-01-17 12:00:00,2026-01-17 15:12:57
2007,Lampe Cuisine,0.0,245.7,0.0,0.0,2026-01-17 12:00:00,2026-01-17 15:12:57
2008,Lampe Chambre,0.0,246.9,0.0,0.0,2026-01-17 12:00:00,2026-01-17 15:12:57
2001,TV Salle à manger,0.005,244.1,0.0,0.02,2026-01-17 13:00:00,2026-01-17 16:13:11
2002,Ecran,0.0,243.6,0.0,0.0,2026-01-17 13:00:00,2026-01-17 16:13:11
2003,Telephone / Tablette,0.0,243.3,0.0,0.0,2026-01-17 13:00:00,2026-01-17 16:13:11
2004,Cafetiere,0.0,243.3,0.0,0.0,2026-01-17 13:00:00,2026-01-17 16:13:11
2005,Lampe Salle à manger,0.0,243.1,0.0,0.0,2026-01-17 13:00:00,2026-01-17 16:13:11
2006,PC Portable,0.0,244.0,0.0,0.0,2026-01-17 13:00:00,2026-01-17 16:13:11
2007,Lampe Cuisine,0.0,243.2,0.0,0.0,2026-01-17 13:00:00,2026-01-17 16:13:11
2008,Lampe Chambre,0.0,244.4,0.0,0.0,2026-01-17 13:00:00,2026-01-17 16:13:11
2001,TV Salle à manger,0.005,244.1,0.0,0.0,2026-01-17 14:00:00,2026-01-17 17:13:25
2002,Ecran,0.0,243.6,0.0,0.0,2026-01-17 14:00:00,2026-01-17 17:13:25
2003,Telephone / Tablette,0.0,243.3,0.0,0.0,2026-01-17 14:00:00,2026-01-17 17:13:25
2004,Cafetiere,0.0,243.3,0.0,0.0,2026-01-17 14:00:00,2026-01-17 17:13:25
2005,Lampe Salle à manger,0.0,243.1,0.0,0.0,2026-01-17 14:00:00,2026-01-17 17:13:25
2006,PC Portable,0.0,244.0,0.0,0.0,2026-01-17 14:00:00,2026-01-17 17:13:25
2007,Lampe Cuisine,0.0,243.2,0.0,0.0,2026-01-17 14:00:00,2026-01-17 17:13:25
2008,Lampe Chambre,0.0,244.4,0.0,0.0,2026-01-17 14:00:00,2026-01-17 17:13:25
2001,TV Salle à manger,0.007,242.4,0.0,0.0,2026-01-17 15:00:00,2026-01-17 18:13:39
2002,Ecran,0.0,241.9,0.0,0.0,2026-01-17 15:00:00,2026-01-17 18:13:39
2003,Telephone / Tablette,0.0,241.7,0.0,0.0,2026-01-17 15:00:00,2026-01-17 18:13:39
2004,Cafetiere,0.0,241.6,0.0,0.0,2026-01-17 15:00:00,2026-01-17 18:13:39
2005,Lampe Salle à manger,0.0,241.4,0.0,0.0,2026-01-17 15:00:00,2026-01-17 18:13:39
2006,PC Portable,0.0,242.3,0.0,0.0,2026-01-17 15:00:00,2026-01-17 18:13:39
2007,Lampe Cuisine,0.031,241.5,4.3,4.32,2026-01-17 15:00:00,2026-01-17 18:13:39
2008,Lampe Chambre,0.0,242.7,0.0,0.0,2026-01-17 15:00:00,2026-01-17 18:13:39
2001,TV Salle à manger,0.006,242.4,0.0,0.03,2026-01-17 16:00:00,2026-01-17 19:13:54
2002,Ecran,0.0,241.9,0.0,0.0,2026-01-17 16:00:00,2026-01-17 19:13:54
2003,Telephone / Tablette,0.0,241.6,0.0,0.0,2026-01-17 16:00:00,2026-01-17 19:13:54
2004,Cafetiere,0.0,241.6,0.0,0.0,2026-01-17 16:00:00,2026-01-17 19:13:54
2005,Lampe Salle à manger,0.0,241.4,0.0,0.0,2026-01-17 16:00:00,2026-01-17 19:13:54
2006,PC Portable,0.0,242.3,0.0,0.0,2026-01-17 16:00:00,2026-01-17 19:13:54
2007,Lampe Cuisine,0.038,241.5,5.3,5.29,2026-01-17 16:00:00,2026-01-17 19:13:54
2008,Lampe Chambre,0.0,242.7,0.0,0.0,2026-01-17 16:00:00,2026-01-17 19:13:54
2001,TV Salle à manger,0.008,242.6,0.1,0.06,2026-01-17 17:00:00,2026-01-17 20:14:08
2002,Ecran,0.0,242.1,0.0,0.0,2026-01-17 17:00:00,2026-01-17 20:14:08
2003,Telephone / Tablette,0.0,241.9,0.0,0.0,2026-01-17 17:00:00,2026-01-17 20:14:08
2004,Cafetiere,0.0,241.8,0.0,0.0,2026-01-17 17:00:00,2026-01-17 20:14:08
2005,Lampe Salle à manger,0.0,241.6,0.0,0.0,2026-01-17 17:00:00,2026-01-17 20:14:08
2006,PC Portable,0.0,242.5,0.0,0.0,2026-01-17 17:00:00,2026-01-17 20:14:08
2007,Lampe Cuisine,0.038,241.7,5.3,5.3,2026-01-17 17:00:00,2026-01-17 20:14:08
2008,Lampe Chambre,0.0,242.9,0.0,0.0,2026-01-17 17:00:00,2026-01-17 20:14:08
2001,TV Salle à manger,0.007,242.8,0.0,0.0,2026-01-17 18:00:00,2026-01-17 21:14:22
2002,Ecran,0.0,242.4,0.0,0.0,2026-01-17 18:00:00,2026-01-17 21:14:22
2003,Telephone / Tablette,0.0,242.1,0.0,0.0,2026-01-17 18:00:00,2026-01-17 21:14:22
2004,Cafetiere,0.0,241.9,0.0,0.0,2026-01-17 18:00:00,2026-01-17 21:14:22
2005,Lampe Salle à manger,0.043,241.8,9.6,9.63,2026-01-17 18:00:00,2026-01-17 21:14:22
2006,PC Portable,0.0,242.7,0.0,0.0,2026-01-17 18:00:00,2026-01-17 21:14:22
2007,Lampe Cuisine,0.034,241.9,4.8,4.77,2026-01-17 18:00:00,2026-01-17 21:14:22
2008,Lampe Chambre,0.0,243.1,0.0,0.0,2026-01-17 18:00:00,2026-01-17 21:14:22
2001,TV Salle à manger,0.006,243.5,0.0,0.02,2026-01-17 19:00:00,2026-01-17 22:14:36
2002,Ecran,0.0,243.0,0.0,0.0,2026-01-17 19:00:00,2026-01-17 22:14:36
2003,Telephone / Tablette,0.0,242.7,0.0,0.0,2026-01-17 19:00:00,2026-01-17 22:14:36
2004,Cafetiere,0.0,242.6,0.0,0.0,2026-01-17 19:00:00,2026-01-17 22:14:36
2005,Lampe Salle à manger,0.02,242.4,4.5,4.51,2026-01-17 19:00:00,2026-01-17 22:14:36
2006,PC Portable,0.0,243.4,0.0,0.0,2026-01-17 19:00:00,2026-01-17 22:14:36
2007,Lampe Cuisine,0.0,242.5,0.0,0.0,2026-01-17 19:00:00,2026-01-17 22:14:36
2008,Lampe Chambre,0.0,243.8,0.0,0.0,2026-01-17 19:00:00,2026-01-17 22:14:36
2001,TV Salle à manger,0.004,242.8,0.0,0.0,2026-01-17 20:00:00,2026-01-17 23:14:54
2002,Ecran,0.0,242.4,0.0,0.0,2026-01-17 20:00:00,2026-01-17 23:14:54
2003,Telephone / Tablette,0.0,242.1,0.0,0.0,2026-01-17 20:00:00,2026-01-17 23:14:54
2004,Cafetiere,0.0,242.1,0.0,0.0,2026-01-17 20:00:00,2026-01-17 23:14:54
2005,Lampe Salle à manger,0.034,241.8,7.8,7.75,2026-01-17 20:00:00,2026-01-17 23:14:54
2006,PC Portable,0.0,242.7,0.0,0.0,2026-01-17 20:00:00,2026-01-17 23:14:54
2007,Lampe Cuisine,0.004,241.9,0.6,0.62,2026-01-17 20:00:00,2026-01-17 23:14:54
2008,Lampe Chambre,0.002,243.1,0.4,0.35,2026-01-17 20:00:00,2026-01-17 23:14:54
2001,TV Salle à manger,0.007,244.0,0.0,0.0,2026-01-17 21:00:00,2026-01-18 00:15:10
2002,Ecran,0.0,243.5,0.0,0.0,2026-01-17 21:00:00,2026-01-18 00:15:10
2003,Telephone / Tablette,0.026,243.3,3.1,3.14,2026-01-17 21:00:00,2026-01-18 00:15:10
2004,Cafetiere,0.0,243.2,0.0,0.0,2026-01-17 21:00:00,2026-01-18 00:15:10
2005,Lampe Salle à manger,0.05,243.0,11.3,11.27,2026-01-17 21:00:00,2026-01-18 00:15:10
2006,PC Portable,0.0,243.9,0.0,0.0,2026-01-17 21:00:00,2026-01-18 00:15:10
2007,Lampe Cuisine,0.0,243.1,0.0,0.0,2026-01-17 21:00:00,2026-01-18 00:15:10
2008,Lampe Chambre,0.0,244.3,0.0,0.0,2026-01-17 21:00:00,2026-01-18 00:15:10
2001,TV Salle à manger,0.004,245.3,0.0,0.0,2026-01-17 22:00:00,2026-01-18 01:16:05
2002,Ecran,0.0,244.8,0.0,0.0,2026-01-17 22:00:00,2026-01-18 01:16:05
2003,Telephone / Tablette,0.06,244.6,7.3,7.24,2026-01-17 22:00:00,2026-01-18 01:16:05
2004,Cafetiere,0.0,244.5,0.0,0.0,2026-01-17 22:00:00,2026-01-18 01:16:05
2005,Lampe Salle à manger,0.043,244.2,9.7,9.21,2026-01-17 22:00:00,2026-01-18 01:16:05
2006,PC Portable,0.0,245.2,0.0,0.0,2026-01-17 22:00:00,2026-01-18 01:16:05
2007,Lampe Cuisine,0.004,244.4,0.6,0.53,2026-01-17 22:00:00,2026-01-18 01:16:05
2008,Lampe Chambre,0.003,245.6,0.4,0.44,2026-01-17 22:00:00,2026-01-18 01:16:05
2003,Telephone / Tablette,0.06,245.1,7.3,7.3,2026-01-17 23:00:00,2026-01-18 02:31:34
2004,Cafetiere,0.0,245.0,0.0,0.0,2026-01-17 23:00:00,2026-01-18 02:31:34
2008,Lampe Chambre,0.038,246.1,5.4,5.35,2026-01-17 23:00:00,2026-01-18 02:31:34
2003,Telephone / Tablette,0.067,245.2,8.2,8.17,2026-01-18 00:00:00,2026-01-18 03:47:02
2004,Cafetiere,0.0,245.1,0.0,0.0,2026-01-18 00:00:00,2026-01-18 03:47:02
2008,Lampe Chambre,0.007,246.2,1.0,0.98,2026-01-18 00:00:00,2026-01-18 03:47:02
2003,Telephone / Tablette,0.0,245.2,0.0,0.0,2026-01-18 01:00:00,2026-01-18 05:02:29
2004,Cafetiere,0.0,245.1,0.0,0.0,2026-01-18 01:00:00,2026-01-18 05:02:29
2008,Lampe Chambre,0.0,246.2,0.0,0.0,2026-01-18 01:00:00,2026-01-18 05:02:29
2003,Telephone / Tablette,0.0,244.5,0.0,0.0,2026-01-18 02:00:00,2026-01-18 06:17:56
2004,Cafetiere,0.0,244.4,0.0,0.0,2026-01-18 02:00:00,2026-01-18 06:17:56
2008,Lampe Chambre,0.0,245.5,0.0,0.0,2026-01-18 02:00:00,2026-01-18 06:17:56
2001,TV Salle à manger,0.008,244.7,0.0,0.0,2026-01-18 03:00:00,2026-01-18 07:22:45
2002,Ecran,0.0,244.2,0.0,0.0,2026-01-18 03:00:00,2026-01-18 07:22:45
2003,Telephone / Tablette,0.0,244.1,0.0,0.0,2026-01-18 03:00:00,2026-01-18 07:22:45
2004,Cafetiere,0.0,244.0,0.0,0.0,2026-01-18 03:00:00,2026-01-18 07:22:45
2005,Lampe Salle à manger,0.041,243.7,9.2,6.61,2026-01-18 03:00:00,2026-01-18 07:22:45
2006,PC Portable,0.0,244.6,0.0,0.0,2026-01-18 03:00:00,2026-01-18 07:22:45
2007,Lampe Cuisine,0.013,243.8,1.7,1.24,2026-01-18 03:00:00,2026-01-18 07:22:45
2008,Lampe Chambre,0.0,245.1,0.0,0.0,2026-01-18 03:00:00,2026-01-18 07:22:45
2001,TV Salle à manger,0.006,244.5,0.0,0.02,2026-01-18 04:00:00,2026-01-18 08:23:00
2002,Ecran,0.0,244.0,0.0,0.0,2026-01-18 04:00:00,2026-01-18 08:23:00
2003,Telephone / Tablette,0.0,243.8,0.0,0.0,2026-01-18 04:00:00,2026-01-18 08:23:00
2004,Cafetiere,0.0,243.7,0.0,0.0,2026-01-18 04:00:00,2026-01-18 08:23:00
2005,Lampe Salle à manger,0.05,243.5,11.3,11.27,2026-01-18 04:00:00,2026-01-18 08:23:00
2006,PC Portable,0.0,244.4,0.0,0.0,2026-01-18 04:00:00,2026-01-18 08:23:00
2007,Lampe Cuisine,0.0,243.6,0.0,0.0,2026-01-18 04:00:00,2026-01-18 08:23:00
2008,Lampe Chambre,0.0,244.8,0.0,0.0,2026-01-18 04:00:00,2026-01-18 08:23:00
2001,TV Salle à manger,0.01,243.2,0.0,0.02,2026-01-18 05:00:00,2026-01-18 09:23:15
2002,Ecran,0.0,242.7,0.0,0.0,2026-01-18 05:00:00,2026-01-18 09:23:15
2003,Telephone / Tablette,0.0,242.4,0.0,0.0,2026-01-18 05:00:00,2026-01-18 09:23:15
2004,Cafetiere,0.0,242.4,0.0,0.0,2026-01-18 05:00:00,2026-01-18 09:23:15
2005,Lampe Salle à manger,0.023,242.1,5.1,5.07,2026-01-18 05:00:00,2026-01-18 09:23:15
2006,PC Portable,0.0,243.0,0.0,0.0,2026-01-18 05:00:00,2026-01-18 09:23:15
2007,Lampe Cuisine,0.015,242.2,2.1,2.12,2026-01-18 05:00:00,2026-01-18 09:23:15
2008,Lampe Chambre,0.0,243.5,0.0,0.0,2026-01-18 05:00:00,2026-01-18 09:23:15
2001,TV Salle à manger,0.007,242.9,0.0,0.0,2026-01-18 06:00:00,2026-01-18 10:23:29
2002,Ecran,0.0,242.4,0.0,0.0,2026-01-18 06:00:00,2026-01-18 10:23:29
2003,Telephone / Tablette,0.0,242.1,0.0,0.0,2026-01-18 06:00:00,2026-01-18 10:23:29
2004,Cafetiere,0.0,242.1,0.0,0.0,2026-01-18 06:00:00,2026-01-18 10:23:29
2005,Lampe Salle à manger,0.0,241.9,0.0,0.0,2026-01-18 06:00:00,2026-01-18 10:23:29
2006,PC Portable,0.0,242.8,0.0,0.0,2026-01-18 06:00:00,2026-01-18 10:23:29
2007,Lampe Cuisine,0.001,242.0,0.2,0.18,2026-01-18 06:00:00,2026-01-18 10:23:29
2008,Lampe Chambre,0.0,243.2,0.0,0.0,2026-01-18 06:00:00,2026-01-18 10:23:29
2001,TV Salle à manger,0.007,242.3,0.0,0.02,2026-01-18 07:00:00,2026-01-18 11:23:44
2002,Ecran,0.0,241.8,0.0,0.0,2026-01-18 07:00:00,2026-01-18 11:23:44
2003,Telephone / Tablette,0.0,241.5,0.0,0.0,2026-01-18 07:00:00,2026-01-18 11:23:44
2004,Cafetiere,0.0,241.5,0.0,0.0,2026-01-18 07:00:00,2026-01-18 11:23:44
2005,Lampe Salle à manger,0.0,241.3,0.0,0.0,2026-01-18 07:00:00,2026-01-18 11:23:44
2006,PC Portable,0.0,242.2,0.0,0.0,2026-01-18 07:00:00,2026-01-18 11:23:44
2007,Lampe Cuisine,0.0,241.4,0.0,0.0,2026-01-18 07:00:00,2026-01-18 11:23:44
2008,Lampe Chambre,0.0,242.6,0.0,0.0,2026-01-18 07:00:00,2026-01-18 11:23:44
2001,TV Salle à manger,0.352,242.4,78.3,78.29,2026-01-18 08:00:00,2026-01-18 12:23:59
2002,Ecran,0.0,242.0,0.0,0.0,2026-01-18 08:00:00,2026-01-18 12:23:59
2003,Telephone / Tablette,0.0,241.9,0.0,0.0,2026-01-18 08:00:00,2026-01-18 12:23:59
2004,Cafetiere,0.0,241.7,0.0,0.0,2026-01-18 08:00:00,2026-01-18 12:23:59
2005,Lampe Salle à manger,0.0,241.4,0.0,0.0,2026-01-18 08:00:00,2026-01-18 12:23:59
2006,PC Portable,0.0,242.4,0.0,0.0,2026-01-18 08:00:00,2026-01-18 12:23:59
2007,Lampe Cuisine,0.012,241.5,1.7,1.67,2026-01-18 08:00:00,2026-01-18 12:23:59
2008,Lampe Chambre,0.0,242.9,0.0,0.0,2026-01-18 08:00:00,2026-01-18 12:23:59
2001,TV Salle à manger,0.71,244.1,160.9,160.95,2026-01-18 09:00:00,2026-01-18 13:24:15
2002,Ecran,0.0,243.7,0.0,0.0,2026-01-18 09:00:00,2026-01-18 13:24:15
2003,Telephone / Tablette,0.0,243.6,0.0,0.0,2026-01-18 09:00:00,2026-01-18 13:24:15
2004,Cafetiere,0.0,243.6,0.0,0.0,2026-01-18 09:00:00,2026-01-18 13:24:15
2005,Lampe Salle à manger,0.0,243.0,0.0,0.0,2026-01-18 09:00:00,2026-01-18 13:24:15
2006,PC Portable,0.0,244.0,0.0,0.0,2026-01-18 09:00:00,2026-01-18 13:24:15
2007,Lampe Cuisine,0.0,243.2,0.0,0.0,2026-01-18 09:00:00,2026-01-18 13:24:15
2008,Lampe Chambre,0.0,244.7,0.0,0.0,2026-01-18 09:00:00,2026-01-18 13:24:15
2001,TV Salle à manger,0.725,238.1,160.6,61.56,2026-01-18 10:00:00,2026-01-18 14:29:36
2002,Ecran,0.0,244.9,0.0,0.0,2026-01-18 10:00:00,2026-01-18 14:29:36
2003,Telephone / Tablette,0.0,244.6,0.0,0.0,2026-01-18 10:00:00,2026-01-18 14:29:36
2004,Cafetiere,0.0,244.6,0.0,0.0,2026-01-18 10:00:00,2026-01-18 14:29:36
2005,Lampe Salle à manger,0.0,237.1,0.0,0.0,2026-01-18 10:00:00,2026-01-18 14:29:36
2006,PC Portable,0.0,245.2,0.0,0.0,2026-01-18 10:00:00,2026-01-18 14:29:36
2007,Lampe Cuisine,0.0,244.3,0.0,0.0,2026-01-18 10:00:00,2026-01-18 14:29:36
2008,Lampe Chambre,0.0,245.7,0.0,0.0,2026-01-18 10:00:00,2026-01-18 14:29:36
2001,TV Salle à manger,0.7,245.3,159.4,159.4,2026-01-18 11:00:00,2026-01-18 15:29:51
2002,Ecran,0.0,245.1,0.0,0.0,2026-01-18 11:00:00,2026-01-18 15:29:51
2003,Telephone / Tablette,0.0,244.6,0.0,0.0,2026-01-18 11:00:00,2026-01-18 15:29:51
2004,Cafetiere,0.0,244.7,0.0,0.0,2026-01-18 11:00:00,2026-01-18 15:29:51
2005,Lampe Salle à manger,0.0,244.3,0.0,0.0,2026-01-18 11:00:00,2026-01-18 15:29:51
2006,PC Portable,0.0,245.4,0.0,0.0,2026-01-18 11:00:00,2026-01-18 15:29:51
2007,Lampe Cuisine,0.0,244.6,0.0,0.0,2026-01-18 11:00:00,2026-01-18 15:29:51
2008,Lampe Chambre,0.0,245.8,0.0,0.0,2026-01-18 11:00:00,2026-01-18 15:29:51
2001,TV Salle à manger,0.701,245.2,159.5,159.52,2026-01-18 12:00:00,2026-01-18 16:30:05
2002,Ecran,0.0,244.9,0.0,0.0,2026-01-18 12:00:00,2026-01-18 16:30:05
2003,Telephone / Tablette,0.0,244.5,0.0,0.0,2026-01-18 12:00:00,2026-01-18 16:30:05
2004,Cafetiere,0.177,244.5,36.2,36.17,2026-01-18 12:00:00,2026-01-18 16:30:05
2005,Lampe Salle à manger,0.0,244.1,0.0,0.0,2026-01-18 12:00:00,2026-01-18 16:30:05
2006,PC Portable,0.0,245.2,0.0,0.0,2026-01-18 12:00:00,2026-01-18 16:30:05
2007,Lampe Cuisine,0.016,244.4,2.1,2.14,2026-01-18 12:00:00,2026-01-18 16:30:05
2008,Lampe Chambre,0.0,245.6,0.0,0.0,2026-01-18 12:00:00,2026-01-18 16:30:05
2001,TV Salle à manger,0.52,245.2,116.1,116.1,2026-01-18 13:00:00,2026-01-18 17:30:20
2002,Ecran,0.047,244.9,5.8,5.81,2026-01-18 13:00:00,2026-01-18 17:30:20
2003,Telephone / Tablette,0.0,244.6,0.0,0.0,2026-01-18 13:00:00,2026-01-18 17:30:20
2004,Cafetiere,0.114,244.5,27.7,27.73,2026-01-18 13:00:00,2026-01-18 17:30:20
2005,Lampe Salle à manger,0.0,244.2,0.0,0.0,2026-01-18 13:00:00,2026-01-18 17:30:20
2006,PC Portable,0.0,245.2,0.0,0.0,2026-01-18 13:00:00,2026-01-18 17:30:20
2007,Lampe Cuisine,0.027,244.4,3.8,3.74,2026-01-18 13:00:00,2026-01-18 17:30:20
2008,Lampe Chambre,0.01,245.7,1.4,1.43,2026-01-18 13:00:00,2026-01-18 17:30:20
2001,TV Salle à manger,0.427,244.4,93.7,93.66,2026-01-18 14:00:00,2026-01-18 18:30:34
2002,Ecran,0.003,244.1,0.4,0.36,2026-01-18 14:00:00,2026-01-18 18:30:34
2003,Telephone / Tablette,0.0,243.7,0.0,0.0,2026-01-18 14:00:00,2026-01-18 18:30:34
2004,Cafetiere,0.0,243.7,0.0,0.0,2026-01-18 14:00:00,2026-01-18 18:30:34
2005,Lampe Salle à manger,0.03,243.4,6.8,6.84,2026-01-18 14:00:00,2026-01-18 18:30:34
2006,PC Portable,0.0,244.4,0.0,0.0,2026-01-18 14:00:00,2026-01-18 18:30:34
2007,Lampe Cuisine,0.009,243.6,1.2,1.24,2026-01-18 14:00:00,2026-01-18 18:30:34
2008,Lampe Chambre,0.037,244.8,5.3,5.31,2026-01-18 14:00:00,2026-01-18 18:30:34
2001,TV Salle à manger,0.432,244.8,94.9,94.92,2026-01-18 15:00:00,2026-01-18 19:30:48
2002,Ecran,0.0,244.5,0.0,0.0,2026-01-18 15:00:00,2026-01-18 19:30:48
2003,Telephone / Tablette,0.0,244.1,0.0,0.0,2026-01-18 15:00:00,2026-01-18 19:30:48
2004,Cafetiere,0.0,244.1,0.0,0.0,2026-01-18 15:00:00,2026-01-18 19:30:48
2005,Lampe Salle à manger,0.05,243.7,11.3,11.3,2026-01-18 15:00:00,2026-01-18 19:30:48
2006,PC Portable,0.0,244.8,0.0,0.0,2026-01-18 15:00:00,2026-01-18 19:30:48
2007,Lampe Cuisine,0.003,244.0,0.4,0.35,2026-01-18 15:00:00,2026-01-18 19:30:48
2008,Lampe Chambre,0.028,245.2,4.0,4.0,2026-01-18 15:00:00,2026-01-18 19:30:48
2001,TV Salle à manger,0.45,245.8,99.3,99.25,2026-01-18 16:00:00,2026-01-18 20:31:02
2002,Ecran,0.0,245.4,0.0,0.0,2026-01-18 16:00:00,2026-01-18 20:31:02
2003,Telephone / Tablette,0.0,245.1,0.0,0.0,2026-01-18 16:00:00,2026-01-18 20:31:02
2004,Cafetiere,0.0,245.0,0.0,0.0,2026-01-18 16:00:00,2026-01-18 20:31:02
2005,Lampe Salle à manger,0.05,244.7,11.3,11.3,2026-01-18 16:00:00,2026-01-18 20:31:02
2006,PC Portable,0.0,245.8,0.0,0.0,2026-01-18 16:00:00,2026-01-18 20:31:02
2007,Lampe Cuisine,0.0,244.9,0.0,0.0,2026-01-18 16:00:00,2026-01-18 20:31:02
2008,Lampe Chambre,0.0,246.2,0.0,0.0,2026-01-18 16:00:00,2026-01-18 20:31:02
2001,TV Salle à manger,0.433,246.0,95.6,95.56,2026-01-18 17:00:00,2026-01-18 21:31:17
2002,Ecran,0.003,245.6,0.4,0.36,2026-01-18 17:00:00,2026-01-18 21:31:17
2003,Telephone / Tablette,0.0,245.3,0.0,0.0,2026-01-18 17:00:00,2026-01-18 21:31:17
2004,Cafetiere,0.0,245.2,0.0,0.0,2026-01-18 17:00:00,2026-01-18 21:31:17
2005,Lampe Salle à manger,0.05,244.9,11.3,11.3,2026-01-18 17:00:00,2026-01-18 21:31:17
2006,PC Portable,0.0,245.9,0.0,0.0,2026-01-18 17:00:00,2026-01-18 21:31:17
2007,Lampe Cuisine,0.017,245.1,2.4,2.42,2026-01-18 17:00:00,2026-01-18 21:31:17
2008,Lampe Chambre,0.0,246.4,0.0,0.0,2026-01-18 17:00:00,2026-01-18 21:31:17
2001,TV Salle à manger,0.299,244.5,64.9,64.92,2026-01-18 18:00:00,2026-01-18 22:32:12
2002,Ecran,0.003,244.1,0.4,0.36,2026-01-18 18:00:00,2026-01-18 22:32:12
2003,Telephone / Tablette,0.0,244.1,0.0,0.0,2026-01-18 18:00:00,2026-01-18 22:32:12
2004,Cafetiere,0.0,243.7,0.0,0.0,2026-01-18 18:00:00,2026-01-18 22:32:12
2005,Lampe Salle à manger,0.044,243.5,10.0,9.99,2026-01-18 18:00:00,2026-01-18 22:32:12
2006,PC Portable,0.0,244.5,0.0,0.0,2026-01-18 18:00:00,2026-01-18 22:32:12
2007,Lampe Cuisine,0.0,243.6,0.0,0.0,2026-01-18 18:00:00,2026-01-18 22:32:12
2008,Lampe Chambre,0.003,244.9,0.4,0.44,2026-01-18 18:00:00,2026-01-18 22:32:12
2001,TV Salle à manger,0.254,242.8,54.8,54.84,2026-01-18 19:00:00,2026-01-18 23:34:09
2002,Ecran,0.0,242.4,0.0,0.0,2026-01-18 19:00:00,2026-01-18 23:34:09
2003,Telephone / Tablette,0.0,242.4,0.0,0.0,2026-01-18 19:00:00,2026-01-18 23:34:09
2004,Cafetiere,0.0,242.0,0.0,0.0,2026-01-18 19:00:00,2026-01-18 23:34:09
2005,Lampe Salle à manger,0.029,241.7,6.6,6.64,2026-01-18 19:00:00,2026-01-18 23:34:09
2006,PC Portable,0.0,242.7,0.0,0.0,2026-01-18 19:00:00,2026-01-18 23:34:09
2007,Lampe Cuisine,0.0,241.9,0.0,0.0,2026-01-18 19:00:00,2026-01-18 23:34:09
2008,Lampe Chambre,0.037,243.1,5.3,5.28,2026-01-18 19:00:00,2026-01-18 23:34:09
2001,TV Salle à manger,0.066,243.6,13.0,13.01,2026-01-18 20:00:00,2026-01-19 00:36:39
2002,Ecran,0.0,243.2,0.0,0.0,2026-01-18 20:00:00,2026-01-19 00:36:39
2003,Telephone / Tablette,0.0,243.0,0.0,0.0,2026-01-18 20:00:00,2026-01-19 00:36:39
2004,Cafetiere,0.0,242.8,0.0,0.0,2026-01-18 20:00:00,2026-01-19 00:36:39
2005,Lampe Salle à manger,0.007,242.6,1.5,1.5,2026-01-18 20:00:00,2026-01-19 00:36:39
2006,PC Portable,0.0,243.5,0.0,0.0,2026-01-18 20:00:00,2026-01-19 00:36:39
2007,Lampe Cuisine,0.0,242.7,0.0,0.0,2026-01-18 20:00:00,2026-01-19 00:36:39
2008,Lampe Chambre,0.006,243.9,0.8,0.79,2026-01-18 20:00:00,2026-01-19 00:36:39
2001,TV Salle à manger,0.009,243.7,0.0,0.02,2026-01-18 21:00:00,2026-01-19 01:39:13
2002,Ecran,0.0,243.2,0.0,0.0,2026-01-18 21:00:00,2026-01-19 01:39:13
2003,Telephone / Tablette,0.0,242.9,0.0,0.0,2026-01-18 21:00:00,2026-01-19 01:39:13
2004,Cafetiere,0.0,242.8,0.0,0.0,2026-01-18 21:00:00,2026-01-19 01:39:13
2005,Lampe Salle à manger,0.0,242.7,0.0,0.0,2026-01-18 21:00:00,2026-01-19 01:39:13
2006,PC Portable,0.0,243.6,0.0,0.0,2026-01-18 21:00:00,2026-01-19 01:39:13
2007,Lampe Cuisine,0.0,242.7,0.0,0.0,2026-01-18 21:00:00,2026-01-19 01:39:13
2008,Lampe Chambre,0.0,244.0,0.0,0.0,2026-01-18 21:00:00,2026-01-19 01:39:13
2001,TV Salle à manger,0.006,243.7,0.0,0.0,2026-01-18 22:00:00,2026-01-19 02:42:32
2002,Ecran,0.0,243.3,0.0,0.0,2026-01-18 22:00:00,2026-01-19 02:42:32
2004,Cafetiere,0.0,242.9,0.0,0.0,2026-01-18 22:00:00,2026-01-19 02:42:32
2005,Lampe Salle à manger,0.0,242.7,0.0,0.0,2026-01-18 22:00:00,2026-01-19 02:42:32
2006,PC Portable,0.0,243.6,0.0,0.0,2026-01-18 22:00:00,2026-01-19 02:42:32
2007,Lampe Cuisine,0.0,242.7,0.0,0.0,2026-01-18 22:00:00,2026-01-19 02:42:32
2008,Lampe Chambre,0.0,244.0,0.0,0.0,2026-01-18 22:00:00,2026-01-19 02:42:32
2001,TV Salle à manger,0.005,244.6,0.0,0.0,2026-01-18 23:00:00,2026-01-19 03:45:49
2002,Ecran,0.0,244.2,0.0,0.0,2026-01-18 23:00:00,2026-01-19 03:45:49
2004,Cafetiere,0.0,243.8,0.0,0.0,2026-01-18 23:00:00,2026-01-19 03:45:49
2005,Lampe Salle à manger,0.0,243.6,0.0,0.0,2026-01-18 23:00:00,2026-01-19 03:45:49
2006,PC Portable,0.0,244.5,0.0,0.0,2026-01-18 23:00:00,2026-01-19 03:45:49
2007,Lampe Cuisine,0.0,243.6,0.0,0.0,2026-01-18 23:00:00,2026-01-19 03:45:49
2008,Lampe Chambre,0.0,244.9,0.0,0.0,2026-01-18 23:00:00,2026-01-19 03:45:49
2001,TV Salle à manger,0.006,244.2,0.0,0.03,2026-01-19 00:00:00,2026-01-19 04:49:09
2002,Ecran,0.0,243.7,0.0,0.0,2026-01-19 00:00:00,2026-01-19 04:49:09
2004,Cafetiere,0.0,243.4,0.0,0.0,2026-01-19 00:00:00,2026-01-19 04:49:09
2005,Lampe Salle à manger,0.0,243.2,0.0,0.0,2026-01-19 00:00:00,2026-01-19 04:49:09
2006,PC Portable,0.0,244.1,0.0,0.0,2026-01-19 00:00:00,2026-01-19 04:49:09
2007,Lampe Cuisine,0.0,243.2,0.0,0.0,2026-01-19 00:00:00,2026-01-19 04:49:09
2008,Lampe Chambre,0.0,244.5,0.0,0.0,2026-01-19 00:00:00,2026-01-19 04:49:09
2001,TV Salle à manger,0.006,242.8,0.0,0.0,2026-01-19 01:00:00,2026-01-19 05:52:25
2002,Ecran,0.0,242.4,0.0,0.0,2026-01-19 01:00:00,2026-01-19 05:52:25
2004,Cafetiere,0.0,242.0,0.0,0.0,2026-01-19 01:00:00,2026-01-19 05:52:25
2005,Lampe Salle à manger,0.0,241.8,0.0,0.0,2026-01-19 01:00:00,2026-01-19 05:52:25
2006,PC Portable,0.0,242.7,0.0,0.0,2026-01-19 01:00:00,2026-01-19 05:52:25
2007,Lampe Cuisine,0.0,241.9,0.0,0.0,2026-01-19 01:00:00,2026-01-19 05:52:25
2008,Lampe Chambre,0.0,243.1,0.0,0.0,2026-01-19 01:00:00,2026-01-19 05:52:25
2001,TV Salle à manger,0.004,242.4,0.0,0.0,2026-01-19 02:00:00,2026-01-19 06:55:47
2002,Ecran,0.0,242.0,0.0,0.0,2026-01-19 02:00:00,2026-01-19 06:55:47
2004,Cafetiere,0.0,241.6,0.0,0.0,2026-01-19 02:00:00,2026-01-19 06:55:47
2005,Lampe Salle à manger,0.0,241.4,0.0,0.0,2026-01-19 02:00:00,2026-01-19 06:55:47
2006,PC Portable,0.0,242.4,0.0,0.0,2026-01-19 02:00:00,2026-01-19 06:55:47
2007,Lampe Cuisine,0.011,241.5,1.6,1.58,2026-01-19 02:00:00,2026-01-19 06:55:47
2008,Lampe Chambre,0.001,242.8,0.1,0.09,2026-01-19 02:00:00,2026-01-19 06:55:47
2001,TV Salle à manger,0.006,243.3,0.0,0.02,2026-01-19 03:00:00,2026-01-19 07:58:22
2002,Ecran,0.0,242.8,0.0,0.0,2026-01-19 03:00:00,2026-01-19 07:58:22
2003,Telephone / Tablette,0.0,242.8,0.0,0.0,2026-01-19 03:00:00,2026-01-19 07:58:22
2004,Cafetiere,0.0,242.4,0.0,0.0,2026-01-19 03:00:00,2026-01-19 07:58:22
2005,Lampe Salle à manger,0.0,242.2,0.0,0.0,2026-01-19 03:00:00,2026-01-19 07:58:22
2006,PC Portable,0.0,243.2,0.0,0.0,2026-01-19 03:00:00,2026-01-19 07:58:22
2007,Lampe Cuisine,0.039,242.3,5.3,5.3,2026-01-19 03:00:00,2026-01-19 07:58:22
2008,Lampe Chambre,0.0,243.6,0.0,0.0,2026-01-19 03:00:00,2026-01-19 07:58:22
2001,TV Salle à manger,0.006,244.2,0.0,0.0,2026-01-19 04:00:00,2026-01-19 09:01:00
2002,Ecran,0.0,243.7,0.0,0.0,2026-01-19 04:00:00,2026-01-19 09:01:00
2003,Telephone / Tablette,0.0,243.4,0.0,0.0,2026-01-19 04:00:00,2026-01-19 09:01:00
2004,Cafetiere,0.0,243.4,0.0,0.0,2026-01-19 04:00:00,2026-01-19 09:01:00
2005,Lampe Salle à manger,0.0,243.2,0.0,0.0,2026-01-19 04:00:00,2026-01-19 09:01:00
2006,PC Portable,0.0,244.1,0.0,0.0,2026-01-19 04:00:00,2026-01-19 09:01:00
2007,Lampe Cuisine,0.021,243.3,2.9,2.85,2026-01-19 04:00:00,2026-01-19 09:01:00
2008,Lampe Chambre,0.0,244.5,0.0,0.0,2026-01-19 04:00:00,2026-01-19 09:01:00
2001,TV Salle à manger,0.005,243.9,0.0,0.0,2026-01-19 05:00:00,2026-01-19 10:02:36
2002,Ecran,0.0,243.4,0.0,0.0,2026-01-19 05:00:00,2026-01-19 10:02:36
2003,Telephone / Tablette,0.0,243.0,0.0,0.0,2026-01-19 05:00:00,2026-01-19 10:02:36
2004,Cafetiere,0.0,243.0,0.0,0.0,2026-01-19 05:00:00,2026-01-19 10:02:36
2005,Lampe Salle à manger,0.0,242.8,0.0,0.0,2026-01-19 05:00:00,2026-01-19 10:02:36
2006,PC Portable,0.0,243.8,0.0,0.0,2026-01-19 05:00:00,2026-01-19 10:02:36
2007,Lampe Cuisine,0.0,242.9,0.0,0.0,2026-01-19 05:00:00,2026-01-19 10:02:36
2008,Lampe Chambre,0.0,244.1,0.0,0.0,2026-01-19 05:00:00,2026-01-19 10:02:36
2001,TV Salle à manger,0.007,244.0,0.0,0.03,2026-01-19 06:00:00,2026-01-19 11:05:50
2002,Ecran,0.0,243.5,0.0,0.0,2026-01-19 06:00:00,2026-01-19 11:05:50
2003,Telephone / Tablette,0.0,243.4,0.0,0.0,2026-01-19 06:00:00,2026-01-19 11:05:50
2004,Cafetiere,0.0,243.1,0.0,0.0,2026-01-19 06:00:00,2026-01-19 11:05:50
2005,Lampe Salle à manger,0.0,243.0,0.0,0.0,2026-01-19 06:00:00,2026-01-19 11:05:50
2006,PC Portable,0.0,243.9,0.0,0.0,2026-01-19 06:00:00,2026-01-19 11:05:50
2007,Lampe Cuisine,0.0,243.0,0.0,0.0,2026-01-19 06:00:00,2026-01-19 11:05:50
2008,Lampe Chambre,0.0,244.3,0.0,0.0,2026-01-19 06:00:00,2026-01-19 11:05:50
2001,TV Salle à manger,0.008,243.7,0.0,0.0,2026-01-19 07:00:00,2026-01-19 12:08:49
2002,Ecran,0.0,243.2,0.0,0.0,2026-01-19 07:00:00,2026-01-19 12:08:49
2003,Telephone / Tablette,0.0,243.0,0.0,0.0,2026-01-19 07:00:00,2026-01-19 12:08:49
2004,Cafetiere,0.0,242.8,0.0,0.0,2026-01-19 07:00:00,2026-01-19 12:08:49
2005,Lampe Salle à manger,0.0,242.7,0.0,0.0,2026-01-19 07:00:00,2026-01-19 12:08:49
2006,PC Portable,0.0,243.6,0.0,0.0,2026-01-19 07:00:00,2026-01-19 12:08:49
2007,Lampe Cuisine,0.0,242.7,0.0,0.0,2026-01-19 07:00:00,2026-01-19 12:08:49
2008,Lampe Chambre,0.0,244.0,0.0,0.0,2026-01-19 07:00:00,2026-01-19 12:08:49
2001,TV Salle à manger,0.004,244.4,0.0,0.0,2026-01-19 08:00:00,2026-01-19 13:10:58
2002,Ecran,0.0,244.0,0.0,0.0,2026-01-19 08:00:00,2026-01-19 13:10:58
2003,Telephone / Tablette,0.0,243.3,0.0,0.0,2026-01-19 08:00:00,2026-01-19 13:10:58
2004,Cafetiere,0.0,243.6,0.0,0.0,2026-01-19 08:00:00,2026-01-19 13:10:58
2005,Lampe Salle à manger,0.0,243.4,0.0,0.0,2026-01-19 08:00:00,2026-01-19 13:10:58
2006,PC Portable,0.0,244.3,0.0,0.0,2026-01-19 08:00:00,2026-01-19 13:10:58
2007,Lampe Cuisine,0.0,243.5,0.0,0.0,2026-01-19 08:00:00,2026-01-19 13:10:58
2008,Lampe Chambre,0.0,244.7,0.0,0.0,2026-01-19 08:00:00,2026-01-19 13:10:58
2001,TV Salle à manger,0.005,245.1,0.0,0.0,2026-01-19 09:00:00,2026-01-19 14:13:37
2002,Ecran,0.0,244.6,0.0,0.0,2026-01-19 09:00:00,2026-01-19 14:13:37
2003,Telephone / Tablette,0.04,244.1,4.4,1.11,2026-01-19 09:00:00,2026-01-19 14:13:37
2004,Cafetiere,0.0,244.2,0.0,0.0,2026-01-19 09:00:00,2026-01-19 14:13:37
2005,Lampe Salle à manger,0.0,244.0,0.0,0.0,2026-01-19 09:00:00,2026-01-19 14:13:37
2006,PC Portable,0.03,244.9,3.7,3.71,2026-01-19 09:00:00,2026-01-19 14:13:37
2007,Lampe Cuisine,0.0,244.1,0.0,0.0,2026-01-19 09:00:00,2026-01-19 14:13:37
2008,Lampe Chambre,0.0,245.3,0.0,0.0,2026-01-19 09:00:00,2026-01-19 14:13:37
2001,TV Salle à manger,0.003,245.0,0.0,0.0,2026-01-19 10:00:00,2026-01-19 15:15:05
2002,Ecran,0.0,244.5,0.0,0.0,2026-01-19 10:00:00,2026-01-19 15:15:05
2003,Telephone / Tablette,0.011,244.1,1.2,0.81,2026-01-19 10:00:00,2026-01-19 15:15:05
2004,Cafetiere,0.0,244.1,0.0,0.0,2026-01-19 10:00:00,2026-01-19 15:15:05
2005,Lampe Salle à manger,0.0,243.9,0.0,0.0,2026-01-19 10:00:00,2026-01-19 15:15:05
2006,PC Portable,0.335,244.8,41.9,41.93,2026-01-19 10:00:00,2026-01-19 15:15:05
2007,Lampe Cuisine,0.0,244.0,0.0,0.0,2026-01-19 10:00:00,2026-01-19 15:15:05
2008,Lampe Chambre,0.0,245.3,0.0,0.0,2026-01-19 10:00:00,2026-01-19 15:15:05
2001,TV Salle à manger,0.007,245.2,0.0,0.03,2026-01-19 11:00:00,2026-01-19 16:15:50
2002,Ecran,0.0,244.7,0.0,0.0,2026-01-19 11:00:00,2026-01-19 16:15:50
2003,Telephone / Tablette,0.013,244.4,1.4,1.26,2026-01-19 11:00:00,2026-01-19 16:15:50
2004,Cafetiere,0.0,244.3,0.0,0.0,2026-01-19 11:00:00,2026-01-19 16:15:50
2005,Lampe Salle à manger,0.0,244.1,0.0,0.0,2026-01-19 11:00:00,2026-01-19 16:15:50
2006,PC Portable,0.149,245.1,16.9,16.88,2026-01-19 11:00:00,2026-01-19 16:15:50
2007,Lampe Cuisine,0.001,244.2,0.1,0.09,2026-01-19 11:00:00,2026-01-19 16:15:50
2008,Lampe Chambre,0.0,245.5,0.0,0.0,2026-01-19 11:00:00,2026-01-19 16:15:50
2001,TV Salle à manger,0.003,244.9,0.0,0.0,2026-01-19 12:00:00,2026-01-19 17:17:15
2002,Ecran,0.0,244.4,0.0,0.0,2026-01-19 12:00:00,2026-01-19 17:17:15
2003,Telephone / Tablette,0.04,244.0,4.5,2.96,2026-01-19 12:00:00,2026-01-19 17:17:15
2004,Cafetiere,0.0,244.0,0.0,0.0,2026-01-19 12:00:00,2026-01-19 17:17:15
2005,Lampe Salle à manger,0.0,243.8,0.0,0.0,2026-01-19 12:00:00,2026-01-19 17:17:15
2006,PC Portable,0.057,244.8,5.3,5.32,2026-01-19 12:00:00,2026-01-19 17:17:15
2007,Lampe Cuisine,0.008,243.9,1.2,1.15,2026-01-19 12:00:00,2026-01-19 17:17:15
2008,Lampe Chambre,0.0,245.1,0.0,0.0,2026-01-19 12:00:00,2026-01-19 17:17:15
2001,TV Salle à manger,0.006,243.7,0.0,0.03,2026-01-19 13:00:00,2026-01-19 18:17:31
2002,Ecran,0.0,243.3,0.0,0.0,2026-01-19 13:00:00,2026-01-19 18:17:31
2003,Telephone / Tablette,0.04,242.9,4.5,4.45,2026-01-19 13:00:00,2026-01-19 18:17:31
2004,Cafetiere,0.0,242.9,0.0,0.0,2026-01-19 13:00:00,2026-01-19 18:17:31
2005,Lampe Salle à manger,0.0,242.7,0.0,0.0,2026-01-19 13:00:00,2026-01-19 18:17:31
2006,PC Portable,0.076,243.6,7.4,7.36,2026-01-19 13:00:00,2026-01-19 18:17:31
2007,Lampe Cuisine,0.039,242.8,5.3,5.32,2026-01-19 13:00:00,2026-01-19 18:17:31
2008,Lampe Chambre,0.0,244.0,0.0,0.0,2026-01-19 13:00:00,2026-01-19 18:17:31
2001,TV Salle à manger,0.005,244.9,0.0,0.03,2026-01-19 14:00:00,2026-01-19 19:18:30
2002,Ecran,0.0,244.5,0.0,0.0,2026-01-19 14:00:00,2026-01-19 19:18:30
2003,Telephone / Tablette,0.04,244.1,4.5,3.93,2026-01-19 14:00:00,2026-01-19 19:18:30
2004,Cafetiere,0.0,244.0,0.0,0.0,2026-01-19 14:00:00,2026-01-19 19:18:30
2005,Lampe Salle à manger,0.008,243.8,1.7,1.74,2026-01-19 14:00:00,2026-01-19 19:18:30
2006,PC Portable,0.072,244.8,6.6,6.6,2026-01-19 14:00:00,2026-01-19 19:18:30
2007,Lampe Cuisine,0.039,243.9,5.4,5.37,2026-01-19 14:00:00,2026-01-19 19:18:30
2008,Lampe Chambre,0.0,245.2,0.0,0.0,2026-01-19 14:00:00,2026-01-19 19:18:30
2001,TV Salle à manger,0.543,245.1,123.2,123.23,2026-01-19 15:00:00,2026-01-19 20:21:46
2002,Ecran,0.0,244.8,0.0,0.0,2026-01-19 15:00:00,2026-01-19 20:21:46
2003,Telephone / Tablette,0.0,243.7,0.0,0.0,2026-01-19 15:00:00,2026-01-19 20:21:46
2004,Cafetiere,0.0,244.3,0.0,0.0,2026-01-19 15:00:00,2026-01-19 20:21:46
2005,Lampe Salle à manger,0.05,244.0,11.3,11.29,2026-01-19 15:00:00,2026-01-19 20:21:46
2006,PC Portable,0.0,245.1,0.0,0.0,2026-01-19 15:00:00,2026-01-19 20:21:46
2007,Lampe Cuisine,0.039,244.2,5.4,5.38,2026-01-19 15:00:00,2026-01-19 20:21:46
2008,Lampe Chambre,0.0,245.5,0.0,0.0,2026-01-19 15:00:00,2026-01-19 20:21:46
2001,TV Salle à manger,0.711,242.8,160.2,160.23,2026-01-19 16:00:00,2026-01-19 21:24:26
2002,Ecran,0.0,242.6,0.0,0.0,2026-01-19 16:00:00,2026-01-19 21:24:26
2003,Telephone / Tablette,0.0,241.9,0.0,0.0,2026-01-19 16:00:00,2026-01-19 21:24:26
2004,Cafetiere,0.0,242.0,0.0,0.0,2026-01-19 16:00:00,2026-01-19 21:24:26
2005,Lampe Salle à manger,0.05,241.7,11.3,11.26,2026-01-19 16:00:00,2026-01-19 21:24:26
2006,PC Portable,0.0,242.8,0.0,0.0,2026-01-19 16:00:00,2026-01-19 21:24:26
2007,Lampe Cuisine,0.03,242.0,4.1,4.07,2026-01-19 16:00:00,2026-01-19 21:24:26
2008,Lampe Chambre,0.016,243.3,2.3,2.29,2026-01-19 16:00:00,2026-01-19 21:24:26
2001,TV Salle à manger,0.716,242.8,161.6,161.55,2026-01-19 17:00:00,2026-01-19 22:27:39
2002,Ecran,0.0,242.6,0.0,0.0,2026-01-19 17:00:00,2026-01-19 22:27:39
2003,Telephone / Tablette,0.0,241.2,0.0,0.0,2026-01-19 17:00:00,2026-01-19 22:27:39
2004,Cafetiere,0.0,242.2,0.0,0.0,2026-01-19 17:00:00,2026-01-19 22:27:39
2005,Lampe Salle à manger,0.05,241.8,11.3,11.27,2026-01-19 17:00:00,2026-01-19 22:27:39
2006,PC Portable,0.0,243.0,0.0,0.0,2026-01-19 17:00:00,2026-01-19 22:27:39
2007,Lampe Cuisine,0.029,242.1,4.0,3.99,2026-01-19 17:00:00,2026-01-19 22:27:39
2008,Lampe Chambre,0.037,243.3,5.3,5.28,2026-01-19 17:00:00,2026-01-19 22:27:39
2001,TV Salle à manger,0.088,243.4,18.1,18.05,2026-01-19 18:00:00,2026-01-19 23:30:53
2002,Ecran,0.0,243.1,0.0,0.0,2026-01-19 18:00:00,2026-01-19 23:30:53
2003,Telephone / Tablette,0.0,242.8,0.0,0.0,2026-01-19 18:00:00,2026-01-19 23:30:53
2004,Cafetiere,0.0,242.7,0.0,0.0,2026-01-19 18:00:00,2026-01-19 23:30:53
2005,Lampe Salle à manger,0.013,242.5,2.8,2.82,2026-01-19 18:00:00,2026-01-19 23:30:53
2006,PC Portable,0.0,243.4,0.0,0.0,2026-01-19 18:00:00,2026-01-19 23:30:53
2007,Lampe Cuisine,0.001,242.6,0.1,0.09,2026-01-19 18:00:00,2026-01-19 23:30:53
2008,Lampe Chambre,0.037,243.8,5.3,5.29,2026-01-19 18:00:00,2026-01-19 23:30:53
2001,TV Salle à manger,0.005,244.2,0.0,0.0,2026-01-19 19:00:00,2026-01-20 00:32:52
2002,Ecran,0.0,243.8,0.0,0.0,2026-01-19 19:00:00,2026-01-20 00:32:52
2003,Telephone / Tablette,0.0,243.3,0.0,0.0,2026-01-19 19:00:00,2026-01-20 00:32:52
2004,Cafetiere,0.0,243.4,0.0,0.0,2026-01-19 19:00:00,2026-01-20 00:32:52
2005,Lampe Salle à manger,0.0,243.3,0.0,0.0,2026-01-19 19:00:00,2026-01-20 00:32:52
2006,PC Portable,0.0,244.2,0.0,0.0,2026-01-19 19:00:00,2026-01-20 00:32:52
2007,Lampe Cuisine,0.0,243.3,0.0,0.0,2026-01-19 19:00:00,2026-01-20 00:32:52
2008,Lampe Chambre,0.004,244.6,0.6,0.62,2026-01-19 19:00:00,2026-01-20 00:32:52
2001,TV Salle à manger,0.005,244.7,0.0,0.0,2026-01-19 20:00:00,2026-01-20 01:36:09
2002,Ecran,0.0,244.2,0.0,0.0,2026-01-19 20:00:00,2026-01-20 01:36:09
2004,Cafetiere,0.0,243.9,0.0,0.0,2026-01-19 20:00:00,2026-01-20 01:36:09
2005,Lampe Salle à manger,0.0,243.7,0.0,0.0,2026-01-19 20:00:00,2026-01-20 01:36:09
2006,PC Portable,0.0,244.6,0.0,0.0,2026-01-19 20:00:00,2026-01-20 01:36:09
2007,Lampe Cuisine,0.0,243.8,0.0,0.0,2026-01-19 20:00:00,2026-01-20 01:36:09
2008,Lampe Chambre,0.0,245.0,0.0,0.0,2026-01-19 20:00:00,2026-01-20 01:36:09
2001,TV Salle à manger,0.008,244.4,0.0,0.02,2026-01-19 21:00:00,2026-01-20 02:39:25
2002,Ecran,0.0,244.0,0.0,0.0,2026-01-19 21:00:00,2026-01-20 02:39:25
2004,Cafetiere,0.0,243.6,0.0,0.0,2026-01-19 21:00:00,2026-01-20 02:39:25
2005,Lampe Salle à manger,0.0,243.4,0.0,0.0,2026-01-19 21:00:00,2026-01-20 02:39:25
2006,PC Portable,0.0,244.3,0.0,0.0,2026-01-19 21:00:00,2026-01-20 02:39:25
2007,Lampe Cuisine,0.0,243.4,0.0,0.0,2026-01-19 21:00:00,2026-01-20 02:39:25
2008,Lampe Chambre,0.0,244.7,0.0,0.0,2026-01-19 21:00:00,2026-01-20 02:39:25
2001,TV Salle à manger,0.007,245.0,0.0,0.03,2026-01-19 22:00:00,2026-01-20 03:42:42
2002,Ecran,0.0,244.6,0.0,0.0,2026-01-19 22:00:00,2026-01-20 03:42:42
2004,Cafetiere,0.0,244.2,0.0,0.0,2026-01-19 22:00:00,2026-01-20 03:42:42
2005,Lampe Salle à manger,0.03,244.0,6.8,6.82,2026-01-19 22:00:00,2026-01-20 03:42:42
2006,PC Portable,0.0,244.9,0.0,0.0,2026-01-19 22:00:00,2026-01-20 03:42:42
2007,Lampe Cuisine,0.027,244.1,3.7,3.66,2026-01-19 22:00:00,2026-01-20 03:42:42
2008,Lampe Chambre,0.0,245.3,0.0,0.0,2026-01-19 22:00:00,2026-01-20 03:42:42
2001,TV Salle à manger,0.005,244.9,0.0,0.0,2026-01-19 23:00:00,2026-01-20 04:45:57
2002,Ecran,0.0,244.4,0.0,0.0,2026-01-19 23:00:00,2026-01-20 04:45:57
2003,Telephone / Tablette,0.0,243.9,0.0,0.0,2026-01-19 23:00:00,2026-01-20 04:45:57
2004,Cafetiere,0.0,244.0,0.0,0.0,2026-01-19 23:00:00,2026-01-20 04:45:57
2005,Lampe Salle à manger,0.05,243.8,11.3,11.28,2026-01-19 23:00:00,2026-01-20 04:45:57
2006,PC Portable,0.0,244.8,0.0,0.0,2026-01-19 23:00:00,2026-01-20 04:45:57
2007,Lampe Cuisine,0.015,243.9,2.1,2.05,2026-01-19 23:00:00,2026-01-20 04:45:57
2008,Lampe Chambre,0.0,245.2,0.0,0.0,2026-01-19 23:00:00,2026-01-20 04:45:57
2001,TV Salle à manger,0.008,243.5,0.0,0.0,2026-01-20 00:00:00,2026-01-20 05:49:14
2002,Ecran,0.0,243.0,0.0,0.0,2026-01-20 00:00:00,2026-01-20 05:49:14
2003,Telephone / Tablette,0.0,241.7,0.0,0.0,2026-01-20 00:00:00,2026-01-20 05:49:14
2004,Cafetiere,0.0,242.6,0.0,0.0,2026-01-20 00:00:00,2026-01-20 05:49:14
2005,Lampe Salle à manger,0.05,242.4,11.3,11.28,2026-01-20 00:00:00,2026-01-20 05:49:14
2006,PC Portable,0.0,243.4,0.0,0.0,2026-01-20 00:00:00,2026-01-20 05:49:14
2007,Lampe Cuisine,0.0,242.5,0.0,0.0,2026-01-20 00:00:00,2026-01-20 05:49:14
2008,Lampe Chambre,0.0,243.8,0.0,0.0,2026-01-20 00:00:00,2026-01-20 05:49:14
2001,TV Salle à manger,0.009,243.0,0.0,0.04,2026-01-20 01:00:00,2026-01-20 06:51:17
2002,Ecran,0.0,242.6,0.0,0.0,2026-01-20 01:00:00,2026-01-20 06:51:17
2003,Telephone / Tablette,0.0,242.3,0.0,0.0,2026-01-20 01:00:00,2026-01-20 06:51:17
2004,Cafetiere,0.0,242.2,0.0,0.0,2026-01-20 01:00:00,2026-01-20 06:51:17
2005,Lampe Salle à manger,0.05,242.0,11.3,11.27,2026-01-20 01:00:00,2026-01-20 06:51:17
2006,PC Portable,0.0,242.9,0.0,0.0,2026-01-20 01:00:00,2026-01-20 06:51:17
2007,Lampe Cuisine,0.0,242.1,0.0,0.0,2026-01-20 01:00:00,2026-01-20 06:51:17
2008,Lampe Chambre,0.0,243.3,0.0,0.0,2026-01-20 01:00:00,2026-01-20 06:51:17
2001,TV Salle à manger,0.007,242.3,0.0,0.0,2026-01-20 02:00:00,2026-01-20 07:53:37
2002,Ecran,0.0,241.9,0.0,0.0,2026-01-20 02:00:00,2026-01-20 07:53:37
2003,Telephone / Tablette,0.0,241.9,0.0,0.0,2026-01-20 02:00:00,2026-01-20 07:53:37
2004,Cafetiere,0.332,241.4,56.9,56.91,2026-01-20 02:00:00,2026-01-20 07:53:37
2005,Lampe Salle à manger,0.05,241.3,11.3,11.27,2026-01-20 02:00:00,2026-01-20 07:53:37
2006,PC Portable,0.0,242.2,0.0,0.0,2026-01-20 02:00:00,2026-01-20 07:53:37
2007,Lampe Cuisine,0.011,241.3,1.5,1.49,2026-01-20 02:00:00,2026-01-20 07:53:37
2008,Lampe Chambre,0.0,242.6,0.0,0.0,2026-01-20 02:00:00,2026-01-20 07:53:37
2001,TV Salle à manger,0.006,243.7,0.0,0.02,2026-01-20 03:00:00,2026-01-20 08:54:49
2002,Ecran,0.012,243.3,1.5,1.5,2026-01-20 03:00:00,2026-01-20 08:54:49
2003,Telephone / Tablette,0.043,242.8,5.1,3.66,2026-01-20 03:00:00,2026-01-20 08:54:49
2004,Cafetiere,0.127,242.9,26.9,26.86,2026-01-20 03:00:00,2026-01-20 08:54:49
2005,Lampe Salle à manger,0.05,242.7,11.3,11.29,2026-01-20 03:00:00,2026-01-20 08:54:49
2006,PC Portable,0.016,243.7,1.9,1.89,2026-01-20 03:00:00,2026-01-20 08:54:49
2007,Lampe Cuisine,0.004,242.7,0.6,0.61,2026-01-20 03:00:00,2026-01-20 08:54:49
2008,Lampe Chambre,0.0,244.0,0.0,0.0,2026-01-20 03:00:00,2026-01-20 08:54:49
2001,TV Salle à manger,0.004,243.4,0.0,0.0,2026-01-20 04:00:00,2026-01-20 09:55:07
2002,Ecran,0.173,242.9,21.7,21.74,2026-01-20 04:00:00,2026-01-20 09:55:07
2003,Telephone / Tablette,0.0,242.6,0.0,0.0,2026-01-20 04:00:00,2026-01-20 09:55:07
2004,Cafetiere,0.0,242.6,0.0,0.0,2026-01-20 04:00:00,2026-01-20 09:55:07
2005,Lampe Salle à manger,0.05,242.4,11.3,11.29,2026-01-20 04:00:00,2026-01-20 09:55:07
2006,PC Portable,0.078,243.3,9.9,9.93,2026-01-20 04:00:00,2026-01-20 09:55:07
2007,Lampe Cuisine,0.0,242.5,0.0,0.0,2026-01-20 04:00:00,2026-01-20 09:55:07
2008,Lampe Chambre,0.0,243.7,0.0,0.0,2026-01-20 04:00:00,2026-01-20 09:55:07
2001,TV Salle à manger,0.006,244.2,0.0,0.0,2026-01-20 05:00:00,2026-01-20 10:55:52
2002,Ecran,0.172,243.7,21.7,21.67,2026-01-20 05:00:00,2026-01-20 10:55:52
2003,Telephone / Tablette,0.0,243.4,0.0,0.0,2026-01-20 05:00:00,2026-01-20 10:55:52
2004,Cafetiere,0.113,243.4,27.4,27.41,2026-01-20 05:00:00,2026-01-20 10:55:52
2005,Lampe Salle à manger,0.049,243.2,11.0,11.02,2026-01-20 05:00:00,2026-01-20 10:55:52
2006,PC Portable,0.086,244.1,11.0,11.03,2026-01-20 05:00:00,2026-01-20 10:55:52
2007,Lampe Cuisine,0.0,243.3,0.0,0.0,2026-01-20 05:00:00,2026-01-20 10:55:52
2008,Lampe Chambre,0.0,244.5,0.0,0.0,2026-01-20 05:00:00,2026-01-20 10:55:52
2001,TV Salle à manger,0.008,243.9,0.0,0.0,2026-01-20 06:00:00,2026-01-20 11:56:27
2002,Ecran,0.173,243.4,21.7,21.67,2026-01-20 06:00:00,2026-01-20 11:56:27
2003,Telephone / Tablette,0.0,243.1,0.0,0.0,2026-01-20 06:00:00,2026-01-20 11:56:27
2004,Cafetiere,0.0,243.0,0.0,0.0,2026-01-20 06:00:00,2026-01-20 11:56:27
2005,Lampe Salle à manger,0.0,242.9,0.0,0.0,2026-01-20 06:00:00,2026-01-20 11:56:27
2006,PC Portable,0.07,243.8,8.7,8.66,2026-01-20 06:00:00,2026-01-20 11:56:27
2007,Lampe Cuisine,0.0,242.9,0.0,0.0,2026-01-20 06:00:00,2026-01-20 11:56:27
2008,Lampe Chambre,0.0,244.2,0.0,0.0,2026-01-20 06:00:00,2026-01-20 11:56:27
2001,TV Salle à manger,0.006,244.0,0.0,0.0,2026-01-20 07:00:00,2026-01-20 12:58:10
2002,Ecran,0.169,243.5,20.9,20.93,2026-01-20 07:00:00,2026-01-20 12:58:10
2003,Telephone / Tablette,0.0,243.3,0.0,0.0,2026-01-20 07:00:00,2026-01-20 12:58:10
2004,Cafetiere,0.0,243.2,0.0,0.0,2026-01-20 07:00:00,2026-01-20 12:58:10
2005,Lampe Salle à manger,0.0,243.0,0.0,0.0,2026-01-20 07:00:00,2026-01-20 12:58:10
2006,PC Portable,0.026,243.9,2.6,2.61,2026-01-20 07:00:00,2026-01-20 12:58:10
2007,Lampe Cuisine,0.0,243.1,0.0,0.0,2026-01-20 07:00:00,2026-01-20 12:58:10
2008,Lampe Chambre,0.0,244.3,0.0,0.0,2026-01-20 07:00:00,2026-01-20 12:58:10
2001,TV Salle à manger,0.007,244.4,0.0,0.04,2026-01-20 08:00:00,2026-01-20 14:00:17
2002,Ecran,0.173,244.0,21.7,21.66,2026-01-20 08:00:00,2026-01-20 14:00:17
2003,Telephone / Tablette,0.0,243.5,0.0,0.0,2026-01-20 08:00:00,2026-01-20 14:00:17
2004,Cafetiere,0.082,243.7,16.0,15.99,2026-01-20 08:00:00,2026-01-20 14:00:17
2005,Lampe Salle à manger,0.0,243.5,0.0,0.0,2026-01-20 08:00:00,2026-01-20 14:00:17
2006,PC Portable,0.03,244.4,3.1,3.09,2026-01-20 08:00:00,2026-01-20 14:00:17
2007,Lampe Cuisine,0.0,243.6,0.0,0.0,2026-01-20 08:00:00,2026-01-20 14:00:17
2008,Lampe Chambre,0.0,244.7,0.0,0.0,2026-01-20 08:00:00,2026-01-20 14:00:17
2001,TV Salle à manger,0.005,244.9,0.0,0.0,2026-01-20 09:00:00,2026-01-20 15:00:44
2002,Ecran,0.173,244.5,21.7,21.67,2026-01-20 09:00:00,2026-01-20 15:00:44
2003,Telephone / Tablette,0.0,244.2,0.0,0.0,2026-01-20 09:00:00,2026-01-20 15:00:44
2004,Cafetiere,0.0,244.1,0.0,0.0,2026-01-20 09:00:00,2026-01-20 15:00:44
2005,Lampe Salle à manger,0.0,243.9,0.0,0.0,2026-01-20 09:00:00,2026-01-20 15:00:44
2006,PC Portable,0.02,244.9,2.0,2.02,2026-01-20 09:00:00,2026-01-20 15:00:44
2007,Lampe Cuisine,0.0,244.0,0.0,0.0,2026-01-20 09:00:00,2026-01-20 15:00:44
2008,Lampe Chambre,0.0,245.3,0.0,0.0,2026-01-20 09:00:00,2026-01-20 15:00:44
2001,TV Salle à manger,0.009,244.5,0.0,0.0,2026-01-20 10:00:00,2026-01-20 16:01:11
2002,Ecran,0.173,244.1,21.7,21.67,2026-01-20 10:00:00,2026-01-20 16:01:11
2003,Telephone / Tablette,0.03,243.8,3.3,3.33,2026-01-20 10:00:00,2026-01-20 16:01:11
2004,Cafetiere,0.0,243.7,0.0,0.0,2026-01-20 10:00:00,2026-01-20 16:01:11
2005,Lampe Salle à manger,0.0,243.5,0.0,0.0,2026-01-20 10:00:00,2026-01-20 16:01:11
2006,PC Portable,0.002,244.5,0.2,0.18,2026-01-20 10:00:00,2026-01-20 16:01:11
2007,Lampe Cuisine,0.015,243.6,2.1,2.05,2026-01-20 10:00:00,2026-01-20 16:01:11
2008,Lampe Chambre,0.0,244.8,0.0,0.0,2026-01-20 10:00:00,2026-01-20 16:01:11
2001,TV Salle à manger,0.007,245.1,0.0,0.02,2026-01-20 11:00:00,2026-01-20 17:01:28
2002,Ecran,0.173,244.6,21.7,21.66,2026-01-20 11:00:00,2026-01-20 17:01:28
2003,Telephone / Tablette,0.04,244.3,4.4,4.44,2026-01-20 11:00:00,2026-01-20 17:01:28
2004,Cafetiere,0.108,244.2,26.3,26.31,2026-01-20 11:00:00,2026-01-20 17:01:28
2005,Lampe Salle à manger,0.0,244.0,0.0,0.0,2026-01-20 11:00:00,2026-01-20 17:01:28
2006,PC Portable,0.0,244.9,0.0,0.0,2026-01-20 11:00:00,2026-01-20 17:01:28
2007,Lampe Cuisine,0.015,244.1,2.2,2.15,2026-01-20 11:00:00,2026-01-20 17:01:28
2008,Lampe Chambre,0.0,245.3,0.0,0.0,2026-01-20 11:00:00,2026-01-20 17:01:28
2001,TV Salle à manger,0.643,243.9,145.6,145.63,2026-01-20 12:00:00,2026-01-20 18:01:43
2002,Ecran,0.043,243.5,5.4,5.42,2026-01-20 12:00:00,2026-01-20 18:01:43
2003,Telephone / Tablette,0.041,243.2,4.5,4.44,2026-01-20 12:00:00,2026-01-20 18:01:43
2004,Cafetiere,0.0,243.2,0.0,0.0,2026-01-20 12:00:00,2026-01-20 18:01:43
2005,Lampe Salle à manger,0.0,242.8,0.0,0.0,2026-01-20 12:00:00,2026-01-20 18:01:43
2006,PC Portable,0.0,243.9,0.0,0.0,2026-01-20 12:00:00,2026-01-20 18:01:43
2007,Lampe Cuisine,0.028,243.1,3.9,3.93,2026-01-20 12:00:00,2026-01-20 18:01:43
2008,Lampe Chambre,0.0,244.3,0.0,0.0,2026-01-20 12:00:00,2026-01-20 18:01:43
2001,TV Salle à manger,0.72,243.2,162.6,162.6,2026-01-20 13:00:00,2026-01-20 19:02:02
2002,Ecran,0.069,242.9,8.7,8.71,2026-01-20 13:00:00,2026-01-20 19:02:02
2003,Telephone / Tablette,0.001,242.6,0.1,0.15,2026-01-20 13:00:00,2026-01-20 19:02:02
2004,Cafetiere,0.0,242.6,0.0,0.0,2026-01-20 13:00:00,2026-01-20 19:02:02
2005,Lampe Salle à manger,0.013,242.2,2.9,2.87,2026-01-20 13:00:00,2026-01-20 19:02:02
2006,PC Portable,0.0,243.3,0.0,0.0,2026-01-20 13:00:00,2026-01-20 19:02:02
2007,Lampe Cuisine,0.006,242.4,0.8,0.79,2026-01-20 13:00:00,2026-01-20 19:02:02
2008,Lampe Chambre,0.003,243.7,0.4,0.44,2026-01-20 13:00:00,2026-01-20 19:02:02
2001,TV Salle à manger,0.615,245.4,138.9,138.87,2026-01-20 14:00:00,2026-01-20 20:02:38
2002,Ecran,0.101,245.1,12.7,12.7,2026-01-20 14:00:00,2026-01-20 20:02:38
2003,Telephone / Tablette,0.0,244.7,0.0,0.0,2026-01-20 14:00:00,2026-01-20 20:02:38
2004,Cafetiere,0.0,244.7,0.0,0.0,2026-01-20 14:00:00,2026-01-20 20:02:38
2005,Lampe Salle à manger,0.05,244.4,11.3,11.3,2026-01-20 14:00:00,2026-01-20 20:02:38
2006,PC Portable,0.0,245.5,0.0,0.0,2026-01-20 14:00:00,2026-01-20 20:02:38
2007,Lampe Cuisine,0.02,244.6,2.9,2.87,2026-01-20 14:00:00,2026-01-20 20:02:38
2008,Lampe Chambre,0.0,245.9,0.0,0.0,2026-01-20 14:00:00,2026-01-20 20:02:38
2001,TV Salle à manger,0.447,245.5,98.7,98.66,2026-01-20 15:00:00,2026-01-20 21:02:54
2002,Ecran,0.0,245.3,0.0,0.0,2026-01-20 15:00:00,2026-01-20 21:02:54
2003,Telephone / Tablette,0.0,244.9,0.0,0.0,2026-01-20 15:00:00,2026-01-20 21:02:54
2004,Cafetiere,0.0,244.7,0.0,0.0,2026-01-20 15:00:00,2026-01-20 21:02:54
2005,Lampe Salle à manger,0.05,244.4,11.3,11.28,2026-01-20 15:00:00,2026-01-20 21:02:54
2006,PC Portable,0.0,245.6,0.0,0.0,2026-01-20 15:00:00,2026-01-20 21:02:54
2007,Lampe Cuisine,0.027,244.6,3.8,3.78,2026-01-20 15:00:00,2026-01-20 21:02:54
2008,Lampe Chambre,0.0,245.9,0.0,0.0,2026-01-20 15:00:00,2026-01-20 21:02:54
2001,TV Salle à manger,0.489,243.3,107.7,107.72,2026-01-20 16:00:00,2026-01-20 22:05:39
2002,Ecran,0.0,243.0,0.0,0.0,2026-01-20 16:00:00,2026-01-20 22:05:39
2003,Telephone / Tablette,0.0,243.3,0.0,0.0,2026-01-20 16:00:00,2026-01-20 22:05:39
2004,Cafetiere,0.0,242.6,0.0,0.0,2026-01-20 16:00:00,2026-01-20 22:05:39
2005,Lampe Salle à manger,0.05,242.3,11.3,11.28,2026-01-20 16:00:00,2026-01-20 22:05:39
2006,PC Portable,0.0,243.4,0.0,0.0,2026-01-20 16:00:00,2026-01-20 22:05:39
2007,Lampe Cuisine,0.006,242.5,0.9,0.88,2026-01-20 16:00:00,2026-01-20 22:05:39
2008,Lampe Chambre,0.0,243.7,0.0,0.0,2026-01-20 16:00:00,2026-01-20 22:05:39
2001,TV Salle à manger,0.43,243.3,93.8,93.81,2026-01-20 17:00:00,2026-01-20 23:08:59
2002,Ecran,0.0,243.0,0.0,0.0,2026-01-20 17:00:00,2026-01-20 23:08:59
2003,Telephone / Tablette,0.0,243.0,0.0,0.0,2026-01-20 17:00:00,2026-01-20 23:08:59
2004,Cafetiere,0.0,242.6,0.0,0.0,2026-01-20 17:00:00,2026-01-20 23:08:59
2005,Lampe Salle à manger,0.05,242.3,11.3,11.28,2026-01-20 17:00:00,2026-01-20 23:08:59
2006,PC Portable,0.0,243.3,0.0,0.0,2026-01-20 17:00:00,2026-01-20 23:08:59
2007,Lampe Cuisine,0.0,242.5,0.0,0.0,2026-01-20 17:00:00,2026-01-20 23:08:59
2008,Lampe Chambre,0.0,243.7,0.0,0.0,2026-01-20 17:00:00,2026-01-20 23:08:59
2001,TV Salle à manger,0.034,244.2,6.1,6.06,2026-01-20 18:00:00,2026-01-21 00:11:01
2002,Ecran,0.0,243.8,0.0,0.0,2026-01-20 18:00:00,2026-01-21 00:11:01
2003,Telephone / Tablette,0.0,243.5,0.0,0.0,2026-01-20 18:00:00,2026-01-21 00:11:01
2004,Cafetiere,0.0,243.4,0.0,0.0,2026-01-20 18:00:00,2026-01-21 00:11:01
2005,Lampe Salle à manger,0.003,243.2,0.8,0.75,2026-01-20 18:00:00,2026-01-21 00:11:01
2006,PC Portable,0.0,244.1,0.0,0.0,2026-01-20 18:00:00,2026-01-21 00:11:01
2007,Lampe Cuisine,0.0,243.3,0.0,0.0,2026-01-20 18:00:00,2026-01-21 00:11:01
2008,Lampe Chambre,0.014,244.5,2.0,2.04,2026-01-20 18:00:00,2026-01-21 00:11:01
2001,TV Salle à manger,0.007,243.6,0.0,0.02,2026-01-20 19:00:00,2026-01-21 01:13:38
2002,Ecran,0.0,243.2,0.0,0.0,2026-01-20 19:00:00,2026-01-21 01:13:38
2003,Telephone / Tablette,0.0,242.4,0.0,0.0,2026-01-20 19:00:00,2026-01-21 01:13:38
2004,Cafetiere,0.0,242.8,0.0,0.0,2026-01-20 19:00:00,2026-01-21 01:13:38
2005,Lampe Salle à manger,0.0,242.6,0.0,0.0,2026-01-20 19:00:00,2026-01-21 01:13:38
2006,PC Portable,0.0,243.5,0.0,0.0,2026-01-20 19:00:00,2026-01-21 01:13:38
2007,Lampe Cuisine,0.0,242.7,0.0,0.0,2026-01-20 19:00:00,2026-01-21 01:13:38
2008,Lampe Chambre,0.0,243.9,0.0,0.0,2026-01-20 19:00:00,2026-01-21 01:13:38
2001,TV Salle à manger,0.007,244.1,0.0,0.0,2026-01-20 20:00:00,2026-01-21 02:16:56
2002,Ecran,0.0,243.7,0.0,0.0,2026-01-20 20:00:00,2026-01-21 02:16:56
2004,Cafetiere,0.0,243.3,0.0,0.0,2026-01-20 20:00:00,2026-01-21 02:16:56
2005,Lampe Salle à manger,0.0,243.1,0.0,0.0,2026-01-20 20:00:00,2026-01-21 02:16:56
2006,PC Portable,0.0,244.0,0.0,0.0,2026-01-20 20:00:00,2026-01-21 02:16:56
2007,Lampe Cuisine,0.0,243.2,0.0,0.0,2026-01-20 20:00:00,2026-01-21 02:16:56
2008,Lampe Chambre,0.0,244.4,0.0,0.0,2026-01-20 20:00:00,2026-01-21 02:16:56
2001,TV Salle à manger,0.006,244.3,0.0,0.03,2026-01-20 21:00:00,2026-01-21 03:19:05
2002,Ecran,0.0,243.9,0.0,0.0,2026-01-20 21:00:00,2026-01-21 03:19:05
2003,Telephone / Tablette,0.0,243.6,0.0,0.0,2026-01-20 21:00:00,2026-01-21 03:19:05
2004,Cafetiere,0.0,243.5,0.0,0.0,2026-01-20 21:00:00,2026-01-21 03:19:05
2005,Lampe Salle à manger,0.0,243.3,0.0,0.0,2026-01-20 21:00:00,2026-01-21 03:19:05
2006,PC Portable,0.0,244.3,0.0,0.0,2026-01-20 21:00:00,2026-01-21 03:19:05
2007,Lampe Cuisine,0.0,243.4,0.0,0.0,2026-01-20 21:00:00,2026-01-21 03:19:05
2008,Lampe Chambre,0.0,244.6,0.0,0.0,2026-01-20 21:00:00,2026-01-21 03:19:05
2001,TV Salle à manger,0.006,244.8,0.0,0.0,2026-01-20 22:00:00,2026-01-21 04:19:24
2002,Ecran,0.0,244.4,0.0,0.0,2026-01-20 22:00:00,2026-01-21 04:19:24
2003,Telephone / Tablette,0.0,244.0,0.0,0.0,2026-01-20 22:00:00,2026-01-21 04:19:24
2004,Cafetiere,0.0,244.0,0.0,0.0,2026-01-20 22:00:00,2026-01-21 04:19:24
2005,Lampe Salle à manger,0.0,243.8,0.0,0.0,2026-01-20 22:00:00,2026-01-21 04:19:24
2006,PC Portable,0.0,244.7,0.0,0.0,2026-01-20 22:00:00,2026-01-21 04:19:24
2007,Lampe Cuisine,0.0,243.9,0.0,0.0,2026-01-20 22:00:00,2026-01-21 04:19:24
2008,Lampe Chambre,0.0,245.1,0.0,0.0,2026-01-20 22:00:00,2026-01-21 04:19:24
2001,TV Salle à manger,0.005,244.6,0.0,0.0,2026-01-20 23:00:00,2026-01-21 05:20:18
2002,Ecran,0.0,244.2,0.0,0.0,2026-01-20 23:00:00,2026-01-21 05:20:18
2003,Telephone / Tablette,0.0,244.0,0.0,0.0,2026-01-20 23:00:00,2026-01-21 05:20:18
2004,Cafetiere,0.0,243.8,0.0,0.0,2026-01-20 23:00:00,2026-01-21 05:20:18
2005,Lampe Salle à manger,0.0,243.6,0.0,0.0,2026-01-20 23:00:00,2026-01-21 05:20:18
2006,PC Portable,0.0,244.5,0.0,0.0,2026-01-20 23:00:00,2026-01-21 05:20:18
2007,Lampe Cuisine,0.0,243.7,0.0,0.0,2026-01-20 23:00:00,2026-01-21 05:20:18
2008,Lampe Chambre,0.0,244.9,0.0,0.0,2026-01-20 23:00:00,2026-01-21 05:20:18
2001,TV Salle à manger,0.008,243.5,0.0,0.04,2026-01-21 00:00:00,2026-01-21 06:21:06
2002,Ecran,0.0,243.1,0.0,0.0,2026-01-21 00:00:00,2026-01-21 06:21:06
2003,Telephone / Tablette,0.0,242.6,0.0,0.0,2026-01-21 00:00:00,2026-01-21 06:21:06
2004,Cafetiere,0.0,242.7,0.0,0.0,2026-01-21 00:00:00,2026-01-21 06:21:06
2005,Lampe Salle à manger,0.0,242.5,0.0,0.0,2026-01-21 00:00:00,2026-01-21 06:21:06
2006,PC Portable,0.0,243.4,0.0,0.0,2026-01-21 00:00:00,2026-01-21 06:21:06
2007,Lampe Cuisine,0.0,242.6,0.0,0.0,2026-01-21 00:00:00,2026-01-21 06:21:06
2008,Lampe Chambre,0.0,243.8,0.0,0.0,2026-01-21 00:00:00,2026-01-21 06:21:06
2001,TV Salle à manger,0.007,243.4,0.0,0.0,2026-01-21 01:00:00,2026-01-21 07:23:51
2002,Ecran,0.021,242.9,2.6,2.58,2026-01-21 01:00:00,2026-01-21 07:23:51
2003,Telephone / Tablette,0.0,242.9,0.0,0.0,2026-01-21 01:00:00,2026-01-21 07:23:51
2004,Cafetiere,0.107,242.6,25.8,25.84,2026-01-21 01:00:00,2026-01-21 07:23:51
2005,Lampe Salle à manger,0.015,242.4,3.4,3.44,2026-01-21 01:00:00,2026-01-21 07:23:51
2006,PC Portable,0.0,243.3,0.0,0.0,2026-01-21 01:00:00,2026-01-21 07:23:51
2007,Lampe Cuisine,0.004,242.5,0.5,0.53,2026-01-21 01:00:00,2026-01-21 07:23:51
2008,Lampe Chambre,0.0,243.7,0.0,0.0,2026-01-21 01:00:00,2026-01-21 07:23:51
2001,TV Salle à manger,0.005,243.0,0.0,0.02,2026-01-21 02:00:00,2026-01-21 08:27:08
2002,Ecran,0.169,242.5,21.0,20.98,2026-01-21 02:00:00,2026-01-21 08:27:08
2004,Cafetiere,0.0,242.2,0.0,0.0,2026-01-21 02:00:00,2026-01-21 08:27:08
2005,Lampe Salle à manger,0.05,242.0,11.3,11.28,2026-01-21 02:00:00,2026-01-21 08:27:08
2006,PC Portable,0.0,242.8,0.0,0.0,2026-01-21 02:00:00,2026-01-21 08:27:08
2007,Lampe Cuisine,0.038,242.0,5.3,5.33,2026-01-21 02:00:00,2026-01-21 08:27:08
2008,Lampe Chambre,0.0,243.3,0.0,0.0,2026-01-21 02:00:00,2026-01-21 08:27:08
2001,TV Salle à manger,0.007,243.9,0.0,0.0,2026-01-21 03:00:00,2026-01-21 09:30:16
2002,Ecran,0.0,243.4,0.0,0.0,2026-01-21 03:00:00,2026-01-21 09:30:16
2003,Telephone / Tablette,0.0,242.7,0.0,0.0,2026-01-21 03:00:00,2026-01-21 09:30:16
2004,Cafetiere,0.0,243.1,0.0,0.0,2026-01-21 03:00:00,2026-01-21 09:30:16
2005,Lampe Salle à manger,0.003,242.9,0.8,0.75,2026-01-21 03:00:00,2026-01-21 09:30:16
2006,PC Portable,0.0,243.8,0.0,0.0,2026-01-21 03:00:00,2026-01-21 09:30:16
2007,Lampe Cuisine,0.003,242.9,0.4,0.45,2026-01-21 03:00:00,2026-01-21 09:30:16
2008,Lampe Chambre,0.0,244.2,0.0,0.0,2026-01-21 03:00:00,2026-01-21 09:30:16
2001,TV Salle à manger,0.006,243.7,0.0,0.02,2026-01-21 04:00:00,2026-01-21 10:32:42
2002,Ecran,0.0,243.3,0.0,0.0,2026-01-21 04:00:00,2026-01-21 10:32:42
2003,Telephone / Tablette,0.0,242.9,0.0,0.0,2026-01-21 04:00:00,2026-01-21 10:32:42
2004,Cafetiere,0.0,242.9,0.0,0.0,2026-01-21 04:00:00,2026-01-21 10:32:42
2005,Lampe Salle à manger,0.0,242.7,0.0,0.0,2026-01-21 04:00:00,2026-01-21 10:32:42
2006,PC Portable,0.0,243.7,0.0,0.0,2026-01-21 04:00:00,2026-01-21 10:32:42
2007,Lampe Cuisine,0.0,242.8,0.0,0.0,2026-01-21 04:00:00,2026-01-21 10:32:42
2008,Lampe Chambre,0.0,244.1,0.0,0.0,2026-01-21 04:00:00,2026-01-21 10:32:42
2001,TV Salle à manger,0.008,243.6,0.0,0.03,2026-01-21 05:00:00,2026-01-21 11:34:16
2002,Ecran,0.0,243.2,0.0,0.0,2026-01-21 05:00:00,2026-01-21 11:34:16
2003,Telephone / Tablette,0.0,242.8,0.0,0.0,2026-01-21 05:00:00,2026-01-21 11:34:16
2004,Cafetiere,0.0,242.8,0.0,0.0,2026-01-21 05:00:00,2026-01-21 11:34:16
2005,Lampe Salle à manger,0.0,242.7,0.0,0.0,2026-01-21 05:00:00,2026-01-21 11:34:16
2006,PC Portable,0.0,243.6,0.0,0.0,2026-01-21 05:00:00,2026-01-21 11:34:16
2007,Lampe Cuisine,0.0,242.7,0.0,0.0,2026-01-21 05:00:00,2026-01-21 11:34:16
2008,Lampe Chambre,0.0,244.0,0.0,0.0,2026-01-21 05:00:00,2026-01-21 11:34:16
2001,TV Salle à manger,0.008,244.2,0.0,0.02,2026-01-21 06:00:00,2026-01-21 12:37:00
2002,Ecran,0.0,243.7,0.0,0.0,2026-01-21 06:00:00,2026-01-21 12:37:00
2003,Telephone / Tablette,0.0,243.1,0.0,0.0,2026-01-21 06:00:00,2026-01-21 12:37:00
2004,Cafetiere,0.0,243.4,0.0,0.0,2026-01-21 06:00:00,2026-01-21 12:37:00
2005,Lampe Salle à manger,0.0,243.2,0.0,0.0,2026-01-21 06:00:00,2026-01-21 12:37:00
2006,PC Portable,0.0,244.1,0.0,0.0,2026-01-21 06:00:00,2026-01-21 12:37:00
2007,Lampe Cuisine,0.0,243.3,0.0,0.0,2026-01-21 06:00:00,2026-01-21 12:37:00
2008,Lampe Chambre,0.0,244.5,0.0,0.0,2026-01-21 06:00:00,2026-01-21 12:37:00
2001,TV Salle à manger,0.005,244.8,0.0,0.0,2026-01-21 07:00:00,2026-01-21 13:39:31
2002,Ecran,0.0,244.4,0.0,0.0,2026-01-21 07:00:00,2026-01-21 13:39:31
2003,Telephone / Tablette,0.0,244.0,0.0,0.0,2026-01-21 07:00:00,2026-01-21 13:39:31
2004,Cafetiere,0.0,244.1,0.0,0.0,2026-01-21 07:00:00,2026-01-21 13:39:31
2005,Lampe Salle à manger,0.0,243.9,0.0,0.0,2026-01-21 07:00:00,2026-01-21 13:39:31
2006,PC Portable,0.0,244.8,0.0,0.0,2026-01-21 07:00:00,2026-01-21 13:39:31
2007,Lampe Cuisine,0.0,243.9,0.0,0.0,2026-01-21 07:00:00,2026-01-21 13:39:31
2008,Lampe Chambre,0.0,245.2,0.0,0.0,2026-01-21 07:00:00,2026-01-21 13:39:31
2001,TV Salle à manger,0.008,245.5,0.0,0.0,2026-01-21 08:00:00,2026-01-21 14:39:51
2002,Ecran,0.0,245.0,0.0,0.0,2026-01-21 08:00:00,2026-01-21 14:39:51
2003,Telephone / Tablette,0.0,244.7,0.0,0.0,2026-01-21 08:00:00,2026-01-21 14:39:51
2004,Cafetiere,0.0,244.6,0.0,0.0,2026-01-21 08:00:00,2026-01-21 14:39:51
2005,Lampe Salle à manger,0.0,244.4,0.0,0.0,2026-01-21 08:00:00,2026-01-21 14:39:51
2006,PC Portable,0.0,245.4,0.0,0.0,2026-01-21 08:00:00,2026-01-21 14:39:51
2007,Lampe Cuisine,0.0,244.5,0.0,0.0,2026-01-21 08:00:00,2026-01-21 14:39:51
2008,Lampe Chambre,0.0,245.8,0.0,0.0,2026-01-21 08:00:00,2026-01-21 14:39:51
2001,TV Salle à manger,0.005,245.7,0.0,0.0,2026-01-21 09:00:00,2026-01-21 15:40:23
2002,Ecran,0.0,245.3,0.0,0.0,2026-01-21 09:00:00,2026-01-21 15:40:23
2003,Telephone / Tablette,0.003,244.9,0.3,0.3,2026-01-21 09:00:00,2026-01-21 15:40:23
2004,Cafetiere,0.186,244.9,15.0,15.01,2026-01-21 09:00:00,2026-01-21 15:40:23
2005,Lampe Salle à manger,0.0,244.7,0.0,0.0,2026-01-21 09:00:00,2026-01-21 15:40:23
2006,PC Portable,0.211,245.6,27.1,27.11,2026-01-21 09:00:00,2026-01-21 15:40:23
2007,Lampe Cuisine,0.01,244.8,1.4,1.43,2026-01-21 09:00:00,2026-01-21 15:40:23
2008,Lampe Chambre,0.0,246.0,0.0,0.0,2026-01-21 09:00:00,2026-01-21 15:40:23
2001,TV Salle à manger,0.007,245.1,0.0,0.02,2026-01-21 10:00:00,2026-01-21 16:40:50
2002,Ecran,0.0,244.7,0.0,0.0,2026-01-21 10:00:00,2026-01-21 16:40:50
2003,Telephone / Tablette,0.0,244.3,0.0,0.0,2026-01-21 10:00:00,2026-01-21 16:40:50
2004,Cafetiere,0.02,244.3,1.0,0.98,2026-01-21 10:00:00,2026-01-21 16:40:50
2005,Lampe Salle à manger,0.0,244.1,0.0,0.0,2026-01-21 10:00:00,2026-01-21 16:40:50
2006,PC Portable,0.247,245.1,30.9,30.9,2026-01-21 10:00:00,2026-01-21 16:40:50
2007,Lampe Cuisine,0.0,244.2,0.0,0.0,2026-01-21 10:00:00,2026-01-21 16:40:50
2008,Lampe Chambre,0.0,245.4,0.0,0.0,2026-01-21 10:00:00,2026-01-21 16:40:50
2001,TV Salle à manger,0.007,244.2,0.0,0.02,2026-01-21 11:00:00,2026-01-21 17:41:29
2002,Ecran,0.0,243.8,0.0,0.0,2026-01-21 11:00:00,2026-01-21 17:41:29
2003,Telephone / Tablette,0.0,243.4,0.0,0.0,2026-01-21 11:00:00,2026-01-21 17:41:29
2004,Cafetiere,0.0,243.4,0.0,0.0,2026-01-21 11:00:00,2026-01-21 17:41:29
2005,Lampe Salle à manger,0.0,243.2,0.0,0.0,2026-01-21 11:00:00,2026-01-21 17:41:29
2006,PC Portable,0.115,244.1,12.2,12.19,2026-01-21 11:00:00,2026-01-21 17:41:29
2007,Lampe Cuisine,0.019,243.3,2.7,2.66,2026-01-21 11:00:00,2026-01-21 17:41:29
2008,Lampe Chambre,0.0,244.5,0.0,0.0,2026-01-21 11:00:00,2026-01-21 17:41:29
2001,TV Salle à manger,0.008,243.3,0.0,0.04,2026-01-21 12:00:00,2026-01-21 18:41:45
2002,Ecran,0.0,242.9,0.0,0.0,2026-01-21 12:00:00,2026-01-21 18:41:45
2003,Telephone / Tablette,0.0,242.5,0.0,0.0,2026-01-21 12:00:00,2026-01-21 18:41:45
2004,Cafetiere,0.0,242.5,0.0,0.0,2026-01-21 12:00:00,2026-01-21 18:41:45
2005,Lampe Salle à manger,0.042,242.3,9.5,9.47,2026-01-21 12:00:00,2026-01-21 18:41:45
2006,PC Portable,0.037,243.3,3.5,3.51,2026-01-21 12:00:00,2026-01-21 18:41:45
2007,Lampe Cuisine,0.039,242.3,5.3,5.32,2026-01-21 12:00:00,2026-01-21 18:41:45
2008,Lampe Chambre,0.0,243.6,0.0,0.0,2026-01-21 12:00:00,2026-01-21 18:41:45
2001,TV Salle à manger,0.008,244.2,0.0,0.0,2026-01-21 13:00:00,2026-01-21 19:42:30
2002,Ecran,0.0,243.8,0.0,0.0,2026-01-21 13:00:00,2026-01-21 19:42:30
2003,Telephone / Tablette,0.0,243.5,0.0,0.0,2026-01-21 13:00:00,2026-01-21 19:42:30
2004,Cafetiere,0.0,243.4,0.0,0.0,2026-01-21 13:00:00,2026-01-21 19:42:30
2005,Lampe Salle à manger,0.05,243.2,11.3,11.27,2026-01-21 13:00:00,2026-01-21 19:42:30
2006,PC Portable,0.0,244.2,0.0,0.0,2026-01-21 13:00:00,2026-01-21 19:42:30
2007,Lampe Cuisine,0.039,243.3,5.4,5.35,2026-01-21 13:00:00,2026-01-21 19:42:30
2008,Lampe Chambre,0.0,244.5,0.0,0.0,2026-01-21 13:00:00,2026-01-21 19:42:30
2001,TV Salle à manger,0.007,245.5,0.0,0.0,2026-01-21 14:00:00,2026-01-21 20:43:29
2002,Ecran,0.0,245.1,0.0,0.0,2026-01-21 14:00:00,2026-01-21 20:43:29
2003,Telephone / Tablette,0.0,244.8,0.0,0.0,2026-01-21 14:00:00,2026-01-21 20:43:29
2004,Cafetiere,0.0,244.7,0.0,0.0,2026-01-21 14:00:00,2026-01-21 20:43:29
2005,Lampe Salle à manger,0.05,244.5,11.3,11.28,2026-01-21 14:00:00,2026-01-21 20:43:29
2006,PC Portable,0.03,245.5,2.8,2.84,2026-01-21 14:00:00,2026-01-21 20:43:29
2007,Lampe Cuisine,0.038,244.6,5.4,5.39,2026-01-21 14:00:00,2026-01-21 20:43:29
2008,Lampe Chambre,0.0,245.8,0.0,0.0,2026-01-21 14:00:00,2026-01-21 20:43:29
2001,TV Salle à manger,0.276,245.9,61.1,61.14,2026-01-21 15:00:00,2026-01-21 21:44:57
2002,Ecran,0.0,245.5,0.0,0.0,2026-01-21 15:00:00,2026-01-21 21:44:57
2003,Telephone / Tablette,0.0,245.2,0.0,0.0,2026-01-21 15:00:00,2026-01-21 21:44:57
2004,Cafetiere,0.0,245.1,0.0,0.0,2026-01-21 15:00:00,2026-01-21 21:44:57
2005,Lampe Salle à manger,0.028,244.9,6.4,6.39,2026-01-21 15:00:00,2026-01-21 21:44:57
2006,PC Portable,0.023,245.9,2.3,2.26,2026-01-21 15:00:00,2026-01-21 21:44:57
2007,Lampe Cuisine,0.02,245.0,2.9,2.89,2026-01-21 15:00:00,2026-01-21 21:44:57
2008,Lampe Chambre,0.017,246.3,2.4,2.42,2026-01-21 15:00:00,2026-01-21 21:44:57
2001,TV Salle à manger,0.006,245.9,0.1,0.06,2026-01-21 16:00:00,2026-01-21 22:46:28
2002,Ecran,0.0,245.5,0.0,0.0,2026-01-21 16:00:00,2026-01-21 22:46:28
2003,Telephone / Tablette,0.0,245.1,0.0,0.0,2026-01-21 16:00:00,2026-01-21 22:46:28
2004,Cafetiere,0.0,245.1,0.0,0.0,2026-01-21 16:00:00,2026-01-21 22:46:28
2005,Lampe Salle à manger,0.0,244.9,0.0,0.0,2026-01-21 16:00:00,2026-01-21 22:46:28
2006,PC Portable,0.0,245.8,0.0,0.0,2026-01-21 16:00:00,2026-01-21 22:46:28
2007,Lampe Cuisine,0.0,245.0,0.0,0.0,2026-01-21 16:00:00,2026-01-21 22:46:28
2008,Lampe Chambre,0.037,246.2,5.4,5.38,2026-01-21 16:00:00,2026-01-21 22:46:28
2001,TV Salle à manger,0.008,246.0,0.0,0.02,2026-01-21 17:00:00,2026-01-21 23:49:32
2002,Ecran,0.0,245.6,0.0,0.0,2026-01-21 17:00:00,2026-01-21 23:49:32
2003,Telephone / Tablette,0.0,245.4,0.0,0.0,2026-01-21 17:00:00,2026-01-21 23:49:32
2004,Cafetiere,0.0,245.2,0.0,0.0,2026-01-21 17:00:00,2026-01-21 23:49:32
2005,Lampe Salle à manger,0.0,245.0,0.0,0.0,2026-01-21 17:00:00,2026-01-21 23:49:32
2006,PC Portable,0.0,246.0,0.0,0.0,2026-01-21 17:00:00,2026-01-21 23:49:32
2007,Lampe Cuisine,0.0,245.1,0.0,0.0,2026-01-21 17:00:00,2026-01-21 23:49:32
2008,Lampe Chambre,0.037,246.4,5.4,5.36,2026-01-21 17:00:00,2026-01-21 23:49:32
2001,TV Salle à manger,0.007,245.8,0.0,0.0,2026-01-21 18:00:00,2026-01-22 00:52:19
2002,Ecran,0.0,245.3,0.0,0.0,2026-01-21 18:00:00,2026-01-22 00:52:19
2003,Telephone / Tablette,0.0,245.4,0.0,0.0,2026-01-21 18:00:00,2026-01-22 00:52:19
2004,Cafetiere,0.0,244.9,0.0,0.0,2026-01-21 18:00:00,2026-01-22 00:52:19
2005,Lampe Salle à manger,0.0,244.7,0.0,0.0,2026-01-21 18:00:00,2026-01-22 00:52:19
2006,PC Portable,0.0,245.7,0.0,0.0,2026-01-21 18:00:00,2026-01-22 00:52:19
2007,Lampe Cuisine,0.0,244.8,0.0,0.0,2026-01-21 18:00:00,2026-01-22 00:52:19
2008,Lampe Chambre,0.025,246.1,3.6,3.57,2026-01-21 18:00:00,2026-01-22 00:52:19
2001,TV Salle à manger,0.006,244.7,0.0,0.02,2026-01-21 19:00:00,2026-01-22 01:55:36
2002,Ecran,0.0,244.3,0.0,0.0,2026-01-21 19:00:00,2026-01-22 01:55:36
2004,Cafetiere,0.0,243.9,0.0,0.0,2026-01-21 19:00:00,2026-01-22 01:55:36
2005,Lampe Salle à manger,0.0,243.7,0.0,0.0,2026-01-21 19:00:00,2026-01-22 01:55:36
2006,PC Portable,0.0,244.6,0.0,0.0,2026-01-21 19:00:00,2026-01-22 01:55:36
2007,Lampe Cuisine,0.0,243.8,0.0,0.0,2026-01-21 19:00:00,2026-01-22 01:55:36
2008,Lampe Chambre,0.0,245.0,0.0,0.0,2026-01-21 19:00:00,2026-01-22 01:55:36
2001,TV Salle à manger,0.005,245.4,0.0,0.02,2026-01-21 20:00:00,2026-01-22 02:58:53
2002,Ecran,0.0,245.0,0.0,0.0,2026-01-21 20:00:00,2026-01-22 02:58:53
2004,Cafetiere,0.0,244.6,0.0,0.0,2026-01-21 20:00:00,2026-01-22 02:58:53
2005,Lampe Salle à manger,0.0,244.4,0.0,0.0,2026-01-21 20:00:00,2026-01-22 02:58:53
2006,PC Portable,0.0,245.4,0.0,0.0,2026-01-21 20:00:00,2026-01-22 02:58:53
2007,Lampe Cuisine,0.0,244.5,0.0,0.0,2026-01-21 20:00:00,2026-01-22 02:58:53
2008,Lampe Chambre,0.0,245.8,0.0,0.0,2026-01-21 20:00:00,2026-01-22 02:58:53
2001,TV Salle à manger,0.007,245.8,0.0,0.02,2026-01-21 21:00:00,2026-01-22 04:02:03
2002,Ecran,0.0,245.3,0.0,0.0,2026-01-21 21:00:00,2026-01-22 04:02:03
2003,Telephone / Tablette,0.0,245.1,0.0,0.0,2026-01-21 21:00:00,2026-01-22 04:02:03
2004,Cafetiere,0.0,244.9,0.0,0.0,2026-01-21 21:00:00,2026-01-22 04:02:03
2005,Lampe Salle à manger,0.0,244.7,0.0,0.0,2026-01-21 21:00:00,2026-01-22 04:02:03
2006,PC Portable,0.0,245.7,0.0,0.0,2026-01-21 21:00:00,2026-01-22 04:02:03
2007,Lampe Cuisine,0.0,244.8,0.0,0.0,2026-01-21 21:00:00,2026-01-22 04:02:03
2008,Lampe Chambre,0.0,246.1,0.0,0.0,2026-01-21 21:00:00,2026-01-22 04:02:03
2001,TV Salle à manger,0.006,245.8,0.0,0.04,2026-01-21 22:00:00,2026-01-22 05:04:06
2002,Ecran,0.0,245.3,0.0,0.0,2026-01-21 22:00:00,2026-01-22 05:04:06
2003,Telephone / Tablette,0.0,245.3,0.0,0.0,2026-01-21 22:00:00,2026-01-22 05:04:06
2004,Cafetiere,0.0,245.0,0.0,0.0,2026-01-21 22:00:00,2026-01-22 05:04:06
2005,Lampe Salle à manger,0.0,244.8,0.0,0.0,2026-01-21 22:00:00,2026-01-22 05:04:06
2006,PC Portable,0.0,245.7,0.0,0.0,2026-01-21 22:00:00,2026-01-22 05:04:06
2007,Lampe Cuisine,0.0,244.8,0.0,0.0,2026-01-21 22:00:00,2026-01-22 05:04:06
2008,Lampe Chambre,0.0,246.1,0.0,0.0,2026-01-21 22:00:00,2026-01-22 05:04:06
2001,TV Salle à manger,0.006,244.2,0.0,0.03,2026-01-21 23:00:00,2026-01-22 06:06:27
2002,Ecran,0.0,243.7,0.0,0.0,2026-01-21 23:00:00,2026-01-22 06:06:27
2003,Telephone / Tablette,0.0,243.9,0.0,0.0,2026-01-21 23:00:00,2026-01-22 06:06:27
2004,Cafetiere,0.0,243.4,0.0,0.0,2026-01-21 23:00:00,2026-01-22 06:06:27
2005,Lampe Salle à manger,0.0,243.2,0.0,0.0,2026-01-21 23:00:00,2026-01-22 06:06:27
2006,PC Portable,0.0,244.1,0.0,0.0,2026-01-21 23:00:00,2026-01-22 06:06:27
2007,Lampe Cuisine,0.0,243.3,0.0,0.0,2026-01-21 23:00:00,2026-01-22 06:06:27
2008,Lampe Chambre,0.0,244.5,0.0,0.0,2026-01-21 23:00:00,2026-01-22 06:06:27
2001,TV Salle à manger,0.006,243.8,0.0,0.0,2026-01-22 00:00:00,2026-01-22 07:09:44
2002,Ecran,0.0,243.3,0.0,0.0,2026-01-22 00:00:00,2026-01-22 07:09:44
2004,Cafetiere,0.0,242.9,0.0,0.0,2026-01-22 00:00:00,2026-01-22 07:09:44
2005,Lampe Salle à manger,0.024,242.7,5.5,5.51,2026-01-22 00:00:00,2026-01-22 07:09:44
2006,PC Portable,0.0,243.7,0.0,0.0,2026-01-22 00:00:00,2026-01-22 07:09:44
2007,Lampe Cuisine,0.0,242.8,0.0,0.0,2026-01-22 00:00:00,2026-01-22 07:09:44
2008,Lampe Chambre,0.0,244.1,0.0,0.0,2026-01-22 00:00:00,2026-01-22 07:09:44
2001,TV Salle à manger,0.008,242.6,0.0,0.0,2026-01-22 01:00:00,2026-01-22 08:13:01
2002,Ecran,0.0,242.2,0.0,0.0,2026-01-22 01:00:00,2026-01-22 08:13:01
2004,Cafetiere,0.0,241.8,0.0,0.0,2026-01-22 01:00:00,2026-01-22 08:13:01
2005,Lampe Salle à manger,0.013,241.6,2.8,2.82,2026-01-22 01:00:00,2026-01-22 08:13:01
2006,PC Portable,0.0,242.5,0.0,0.0,2026-01-22 01:00:00,2026-01-22 08:13:01
2007,Lampe Cuisine,0.0,241.7,0.0,0.0,2026-01-22 01:00:00,2026-01-22 08:13:01
2008,Lampe Chambre,0.0,242.9,0.0,0.0,2026-01-22 01:00:00,2026-01-22 08:13:01
2001,TV Salle à manger,0.005,242.8,0.0,0.04,2026-01-22 02:00:00,2026-01-22 09:16:18
2002,Ecran,0.0,242.4,0.0,0.0,2026-01-22 02:00:00,2026-01-22 09:16:18
2004,Cafetiere,0.0,241.9,0.0,0.0,2026-01-22 02:00:00,2026-01-22 09:16:18
2005,Lampe Salle à manger,0.0,241.7,0.0,0.0,2026-01-22 02:00:00,2026-01-22 09:16:18
2006,PC Portable,0.0,242.7,0.0,0.0,2026-01-22 02:00:00,2026-01-22 09:16:18
2007,Lampe Cuisine,0.0,241.8,0.0,0.0,2026-01-22 02:00:00,2026-01-22 09:16:18
2008,Lampe Chambre,0.0,243.1,0.0,0.0,2026-01-22 02:00:00,2026-01-22 09:16:18
2001,TV Salle à manger,0.004,243.5,0.0,0.0,2026-01-22 03:00:00,2026-01-22 10:18:50
2002,Ecran,0.052,243.0,6.5,6.55,2026-01-22 03:00:00,2026-01-22 10:18:50
2003,Telephone / Tablette,0.0,242.9,0.0,0.0,2026-01-22 03:00:00,2026-01-22 10:18:50
2004,Cafetiere,0.108,242.7,26.0,25.99,2026-01-22 03:00:00,2026-01-22 10:18:50
2005,Lampe Salle à manger,0.0,242.5,0.0,0.0,2026-01-22 03:00:00,2026-01-22 10:18:50
2006,PC Portable,0.0,243.4,0.0,0.0,2026-01-22 03:00:00,2026-01-22 10:18:50
2007,Lampe Cuisine,0.002,242.6,0.3,0.26,2026-01-22 03:00:00,2026-01-22 10:18:50
2008,Lampe Chambre,0.0,243.9,0.0,0.0,2026-01-22 03:00:00,2026-01-22 10:18:50
2001,TV Salle à manger,0.007,243.2,0.0,0.03,2026-01-22 04:00:00,2026-01-22 11:19:47
2002,Ecran,0.156,242.7,19.2,19.25,2026-01-22 04:00:00,2026-01-22 11:19:47
2003,Telephone / Tablette,0.0,242.5,0.0,0.0,2026-01-22 04:00:00,2026-01-22 11:19:47
2004,Cafetiere,0.0,242.4,0.0,0.0,2026-01-22 04:00:00,2026-01-22 11:19:47
2005,Lampe Salle à manger,0.0,242.2,0.0,0.0,2026-01-22 04:00:00,2026-01-22 11:19:47
2006,PC Portable,0.0,243.1,0.0,0.0,2026-01-22 04:00:00,2026-01-22 11:19:47
2007,Lampe Cuisine,0.0,242.3,0.0,0.0,2026-01-22 04:00:00,2026-01-22 11:19:47
2008,Lampe Chambre,0.0,243.6,0.0,0.0,2026-01-22 04:00:00,2026-01-22 11:19:47
2001,TV Salle à manger,0.005,243.0,0.0,0.0,2026-01-22 05:00:00,2026-01-22 12:23:07
2002,Ecran,0.177,242.5,21.7,21.67,2026-01-22 05:00:00,2026-01-22 12:23:07
2004,Cafetiere,0.0,242.2,0.0,0.0,2026-01-22 05:00:00,2026-01-22 12:23:07
2005,Lampe Salle à manger,0.0,242.0,0.0,0.0,2026-01-22 05:00:00,2026-01-22 12:23:07
2006,PC Portable,0.0,242.9,0.0,0.0,2026-01-22 05:00:00,2026-01-22 12:23:07
2007,Lampe Cuisine,0.0,242.1,0.0,0.0,2026-01-22 05:00:00,2026-01-22 12:23:07
2008,Lampe Chambre,0.0,243.3,0.0,0.0,2026-01-22 05:00:00,2026-01-22 12:23:07
2001,TV Salle à manger,0.008,243.1,0.0,0.02,2026-01-22 06:00:00,2026-01-22 13:25:02
2002,Ecran,0.175,242.6,21.6,21.66,2026-01-22 06:00:00,2026-01-22 13:25:02
2003,Telephone / Tablette,0.0,242.4,0.0,0.0,2026-01-22 06:00:00,2026-01-22 13:25:02
2004,Cafetiere,0.0,242.3,0.0,0.0,2026-01-22 06:00:00,2026-01-22 13:25:02
2005,Lampe Salle à manger,0.0,242.1,0.0,0.0,2026-01-22 06:00:00,2026-01-22 13:25:02
2006,PC Portable,0.0,243.0,0.0,0.0,2026-01-22 06:00:00,2026-01-22 13:25:02
2007,Lampe Cuisine,0.0,242.2,0.0,0.0,2026-01-22 06:00:00,2026-01-22 13:25:02
2008,Lampe Chambre,0.0,243.4,0.0,0.0,2026-01-22 06:00:00,2026-01-22 13:25:02
2001,TV Salle à manger,0.007,243.5,0.0,0.0,2026-01-22 07:00:00,2026-01-22 14:26:31
2002,Ecran,0.129,243.1,15.9,15.9,2026-01-22 07:00:00,2026-01-22 14:26:31
2003,Telephone / Tablette,0.0,242.7,0.0,0.0,2026-01-22 07:00:00,2026-01-22 14:26:31
2004,Cafetiere,0.0,242.7,0.0,0.0,2026-01-22 07:00:00,2026-01-22 14:26:31
2005,Lampe Salle à manger,0.0,242.5,0.0,0.0,2026-01-22 07:00:00,2026-01-22 14:26:31
2006,PC Portable,0.0,243.4,0.0,0.0,2026-01-22 07:00:00,2026-01-22 14:26:31
2007,Lampe Cuisine,0.0,242.6,0.0,0.0,2026-01-22 07:00:00,2026-01-22 14:26:31
2008,Lampe Chambre,0.0,243.8,0.0,0.0,2026-01-22 07:00:00,2026-01-22 14:26:31
2001,TV Salle à manger,0.009,244.2,0.1,0.07,2026-01-22 08:00:00,2026-01-22 15:27:43
2002,Ecran,0.02,243.7,2.5,2.55,2026-01-22 08:00:00,2026-01-22 15:27:43
2003,Telephone / Tablette,0.0,243.7,0.0,0.0,2026-01-22 08:00:00,2026-01-22 15:27:43
2004,Cafetiere,0.107,243.4,25.8,25.79,2026-01-22 08:00:00,2026-01-22 15:27:43
2005,Lampe Salle à manger,0.0,243.1,0.0,0.0,2026-01-22 08:00:00,2026-01-22 15:27:43
2006,PC Portable,0.0,244.1,0.0,0.0,2026-01-22 08:00:00,2026-01-22 15:27:43
2007,Lampe Cuisine,0.011,243.3,1.6,1.6,2026-01-22 08:00:00,2026-01-22 15:27:43
2008,Lampe Chambre,0.0,244.5,0.0,0.0,2026-01-22 08:00:00,2026-01-22 15:27:43
2001,TV Salle à manger,0.009,244.4,0.0,0.02,2026-01-22 09:00:00,2026-01-22 16:28:22
2002,Ecran,0.174,243.9,21.7,21.7,2026-01-22 09:00:00,2026-01-22 16:28:22
2003,Telephone / Tablette,0.0,243.7,0.0,0.0,2026-01-22 09:00:00,2026-01-22 16:28:22
2004,Cafetiere,0.0,243.6,0.0,0.0,2026-01-22 09:00:00,2026-01-22 16:28:22
2005,Lampe Salle à manger,0.0,243.4,0.0,0.0,2026-01-22 09:00:00,2026-01-22 16:28:22
2006,PC Portable,0.0,244.3,0.0,0.0,2026-01-22 09:00:00,2026-01-22 16:28:22
2007,Lampe Cuisine,0.0,243.5,0.0,0.0,2026-01-22 09:00:00,2026-01-22 16:28:22
2008,Lampe Chambre,0.0,244.7,0.0,0.0,2026-01-22 09:00:00,2026-01-22 16:28:22
2001,TV Salle à manger,0.006,244.3,0.0,0.04,2026-01-22 10:00:00,2026-01-22 17:31:00
2002,Ecran,0.173,243.8,21.6,21.65,2026-01-22 10:00:00,2026-01-22 17:31:00
2003,Telephone / Tablette,0.0,244.0,0.0,0.0,2026-01-22 10:00:00,2026-01-22 17:31:00
2004,Cafetiere,0.0,243.5,0.0,0.0,2026-01-22 10:00:00,2026-01-22 17:31:00
2005,Lampe Salle à manger,0.0,243.3,0.0,0.0,2026-01-22 10:00:00,2026-01-22 17:31:00
2006,PC Portable,0.0,244.2,0.0,0.0,2026-01-22 10:00:00,2026-01-22 17:31:00
2007,Lampe Cuisine,0.0,243.4,0.0,0.0,2026-01-22 10:00:00,2026-01-22 17:31:00
2008,Lampe Chambre,0.0,244.6,0.0,0.0,2026-01-22 10:00:00,2026-01-22 17:31:00
2001,TV Salle à manger,0.006,245.1,0.0,0.04,2026-01-22 11:00:00,2026-01-22 18:33:42
2002,Ecran,0.055,244.7,6.9,6.86,2026-01-22 11:00:00,2026-01-22 18:33:42
2003,Telephone / Tablette,0.0,244.2,0.0,0.0,2026-01-22 11:00:00,2026-01-22 18:33:42
2004,Cafetiere,0.0,244.3,0.0,0.0,2026-01-22 11:00:00,2026-01-22 18:33:42
2005,Lampe Salle à manger,0.05,244.1,11.4,11.34,2026-01-22 11:00:00,2026-01-22 18:33:42
2006,PC Portable,0.0,245.0,0.0,0.0,2026-01-22 11:00:00,2026-01-22 18:33:42
2007,Lampe Cuisine,0.0,244.2,0.0,0.0,2026-01-22 11:00:00,2026-01-22 18:33:42
2008,Lampe Chambre,0.036,245.4,5.3,5.25,2026-01-22 11:00:00,2026-01-22 18:33:42
2001,TV Salle à manger,0.067,245.1,13.6,13.59,2026-01-22 12:00:00,2026-01-22 19:34:59
2002,Ecran,0.0,244.7,0.0,0.0,2026-01-22 12:00:00,2026-01-22 19:34:59
2003,Telephone / Tablette,0.0,244.4,0.0,0.0,2026-01-22 12:00:00,2026-01-22 19:34:59
2004,Cafetiere,0.003,244.3,0.0,0.04,2026-01-22 12:00:00,2026-01-22 19:34:59
2005,Lampe Salle à manger,0.05,244.1,11.3,11.29,2026-01-22 12:00:00,2026-01-22 19:34:59
2006,PC Portable,0.0,245.0,0.0,0.0,2026-01-22 12:00:00,2026-01-22 19:34:59
2007,Lampe Cuisine,0.01,244.2,1.3,1.34,2026-01-22 12:00:00,2026-01-22 19:34:59
2008,Lampe Chambre,0.037,245.4,5.4,5.34,2026-01-22 12:00:00,2026-01-22 19:34:59
2001,TV Salle à manger,0.601,245.5,135.7,135.68,2026-01-22 13:00:00,2026-01-22 20:35:21
2002,Ecran,0.0,245.2,0.0,0.0,2026-01-22 13:00:00,2026-01-22 20:35:21
2003,Telephone / Tablette,0.0,244.9,0.0,0.0,2026-01-22 13:00:00,2026-01-22 20:35:21
2004,Cafetiere,0.064,244.9,9.0,9.05,2026-01-22 13:00:00,2026-01-22 20:35:21
2005,Lampe Salle à manger,0.05,244.5,11.3,11.29,2026-01-22 13:00:00,2026-01-22 20:35:21
2006,PC Portable,0.0,245.6,0.0,0.0,2026-01-22 13:00:00,2026-01-22 20:35:21
2007,Lampe Cuisine,0.001,244.8,0.2,0.18,2026-01-22 13:00:00,2026-01-22 20:35:21
2008,Lampe Chambre,0.037,246.0,5.4,5.36,2026-01-22 13:00:00,2026-01-22 20:35:21
2001,TV Salle à manger,0.462,243.0,101.2,101.19,2026-01-22 14:00:00,2026-01-22 21:36:12
2002,Ecran,0.0,242.7,0.0,0.0,2026-01-22 14:00:00,2026-01-22 21:36:12
2003,Telephone / Tablette,0.0,242.4,0.0,0.0,2026-01-22 14:00:00,2026-01-22 21:36:12
2004,Cafetiere,0.0,242.3,0.0,0.0,2026-01-22 14:00:00,2026-01-22 21:36:12
2005,Lampe Salle à manger,0.05,242.0,11.3,11.28,2026-01-22 14:00:00,2026-01-22 21:36:12
2006,PC Portable,0.0,243.0,0.0,0.0,2026-01-22 14:00:00,2026-01-22 21:36:12
2007,Lampe Cuisine,0.024,242.2,3.3,3.27,2026-01-22 14:00:00,2026-01-22 21:36:12
2008,Lampe Chambre,0.014,243.4,1.9,1.93,2026-01-22 14:00:00,2026-01-22 21:36:12
2001,TV Salle à manger,0.155,243.8,32.8,32.76,2026-01-22 15:00:00,2026-01-22 22:36:43
2002,Ecran,0.109,243.4,13.8,13.8,2026-01-22 15:00:00,2026-01-22 22:36:43
2003,Telephone / Tablette,0.0,243.1,0.0,0.0,2026-01-22 15:00:00,2026-01-22 22:36:43
2004,Cafetiere,0.0,243.1,0.0,0.0,2026-01-22 15:00:00,2026-01-22 22:36:43
2005,Lampe Salle à manger,0.05,242.8,11.3,11.29,2026-01-22 15:00:00,2026-01-22 22:36:43
2006,PC Portable,0.0,243.7,0.0,0.0,2026-01-22 15:00:00,2026-01-22 22:36:43
2007,Lampe Cuisine,0.0,242.9,0.0,0.0,2026-01-22 15:00:00,2026-01-22 22:36:43
2008,Lampe Chambre,0.0,244.2,0.0,0.0,2026-01-22 15:00:00,2026-01-22 22:36:43
2001,TV Salle à manger,0.006,243.1,0.0,0.0,2026-01-22 16:00:00,2026-01-22 23:37:15
2002,Ecran,0.176,242.7,21.7,21.68,2026-01-22 16:00:00,2026-01-22 23:37:15
2003,Telephone / Tablette,0.0,242.3,0.0,0.0,2026-01-22 16:00:00,2026-01-22 23:37:15
2004,Cafetiere,0.0,242.3,0.0,0.0,2026-01-22 16:00:00,2026-01-22 23:37:15
2005,Lampe Salle à manger,0.05,242.1,11.3,11.28,2026-01-22 16:00:00,2026-01-22 23:37:15
2006,PC Portable,0.0,243.0,0.0,0.0,2026-01-22 16:00:00,2026-01-22 23:37:15
2007,Lampe Cuisine,0.0,242.2,0.0,0.0,2026-01-22 16:00:00,2026-01-22 23:37:15
2008,Lampe Chambre,0.0,243.4,0.0,0.0,2026-01-22 16:00:00,2026-01-22 23:37:15
2001,TV Salle à manger,0.005,243.9,0.0,0.0,2026-01-22 17:00:00,2026-01-23 00:38:19
2002,Ecran,0.141,243.4,17.4,17.36,2026-01-22 17:00:00,2026-01-23 00:38:19
2003,Telephone / Tablette,0.0,243.0,0.0,0.0,2026-01-22 17:00:00,2026-01-23 00:38:19
2004,Cafetiere,0.0,243.0,0.0,0.0,2026-01-22 17:00:00,2026-01-23 00:38:19
2005,Lampe Salle à manger,0.039,242.9,8.8,8.83,2026-01-22 17:00:00,2026-01-23 00:38:19
2006,PC Portable,0.0,243.8,0.0,0.0,2026-01-22 17:00:00,2026-01-23 00:38:19
2007,Lampe Cuisine,0.0,242.9,0.0,0.0,2026-01-22 17:00:00,2026-01-23 00:38:19
2008,Lampe Chambre,0.008,244.2,1.2,1.16,2026-01-22 17:00:00,2026-01-23 00:38:19
2001,TV Salle à manger,0.008,244.9,0.0,0.0,2026-01-22 18:00:00,2026-01-23 01:41:20
2002,Ecran,0.0,244.5,0.0,0.0,2026-01-22 18:00:00,2026-01-23 01:41:20
2003,Telephone / Tablette,0.0,244.0,0.0,0.0,2026-01-22 18:00:00,2026-01-23 01:41:20
2004,Cafetiere,0.0,244.1,0.0,0.0,2026-01-22 18:00:00,2026-01-23 01:41:20
2005,Lampe Salle à manger,0.0,243.9,0.0,0.0,2026-01-22 18:00:00,2026-01-23 01:41:20
2006,PC Portable,0.0,244.8,0.0,0.0,2026-01-22 18:00:00,2026-01-23 01:41:20
2007,Lampe Cuisine,0.0,243.9,0.0,0.0,2026-01-22 18:00:00,2026-01-23 01:41:20
2008,Lampe Chambre,0.028,245.2,4.0,4.0,2026-01-22 18:00:00,2026-01-23 01:41:20
2001,TV Salle à manger,0.006,245.2,0.0,0.0,2026-01-22 19:00:00,2026-01-23 02:43:51
2002,Ecran,0.0,244.8,0.0,0.0,2026-01-22 19:00:00,2026-01-23 02:43:51
2003,Telephone / Tablette,0.0,244.5,0.0,0.0,2026-01-22 19:00:00,2026-01-23 02:43:51
2004,Cafetiere,0.0,244.4,0.0,0.0,2026-01-22 19:00:00,2026-01-23 02:43:51
2005,Lampe Salle à manger,0.001,244.2,0.2,0.2,2026-01-22 19:00:00,2026-01-23 02:43:51
2006,PC Portable,0.0,245.2,0.0,0.0,2026-01-22 19:00:00,2026-01-23 02:43:51
2007,Lampe Cuisine,0.0,244.3,0.0,0.0,2026-01-22 19:00:00,2026-01-23 02:43:51
2008,Lampe Chambre,0.0,245.6,0.0,0.0,2026-01-22 19:00:00,2026-01-23 02:43:51
2001,TV Salle à manger,0.008,245.5,0.0,0.02,2026-01-22 20:00:00,2026-01-23 03:44:30
2002,Ecran,0.0,245.1,0.0,0.0,2026-01-22 20:00:00,2026-01-23 03:44:30
2003,Telephone / Tablette,0.0,244.7,0.0,0.0,2026-01-22 20:00:00,2026-01-23 03:44:30
2004,Cafetiere,0.0,244.7,0.0,0.0,2026-01-22 20:00:00,2026-01-23 03:44:30
2005,Lampe Salle à manger,0.0,244.5,0.0,0.0,2026-01-22 20:00:00,2026-01-23 03:44:30
2006,PC Portable,0.0,245.4,0.0,0.0,2026-01-22 20:00:00,2026-01-23 03:44:30
2007,Lampe Cuisine,0.0,244.6,0.0,0.0,2026-01-22 20:00:00,2026-01-23 03:44:30
2008,Lampe Chambre,0.0,245.8,0.0,0.0,2026-01-22 20:00:00,2026-01-23 03:44:30
2001,TV Salle à manger,0.007,245.8,0.0,0.0,2026-01-22 21:00:00,2026-01-23 04:45:15
2002,Ecran,0.0,245.4,0.0,0.0,2026-01-22 21:00:00,2026-01-23 04:45:15
2003,Telephone / Tablette,0.0,245.0,0.0,0.0,2026-01-22 21:00:00,2026-01-23 04:45:15
2004,Cafetiere,0.0,245.0,0.0,0.0,2026-01-22 21:00:00,2026-01-23 04:45:15
2005,Lampe Salle à manger,0.0,244.8,0.0,0.0,2026-01-22 21:00:00,2026-01-23 04:45:15
2006,PC Portable,0.0,245.7,0.0,0.0,2026-01-22 21:00:00,2026-01-23 04:45:15
2007,Lampe Cuisine,0.0,244.9,0.0,0.0,2026-01-22 21:00:00,2026-01-23 04:45:15
2008,Lampe Chambre,0.0,246.1,0.0,0.0,2026-01-22 21:00:00,2026-01-23 04:45:15
2001,TV Salle à manger,0.008,245.1,0.0,0.0,2026-01-22 22:00:00,2026-01-23 05:47:33
2002,Ecran,0.0,244.6,0.0,0.0,2026-01-22 22:00:00,2026-01-23 05:47:33
2003,Telephone / Tablette,0.0,244.5,0.0,0.0,2026-01-22 22:00:00,2026-01-23 05:47:33
2004,Cafetiere,0.0,244.2,0.0,0.0,2026-01-22 22:00:00,2026-01-23 05:47:33
2005,Lampe Salle à manger,0.0,244.0,0.0,0.0,2026-01-22 22:00:00,2026-01-23 05:47:33
2006,PC Portable,0.0,245.0,0.0,0.0,2026-01-22 22:00:00,2026-01-23 05:47:33
2007,Lampe Cuisine,0.0,244.1,0.0,0.0,2026-01-22 22:00:00,2026-01-23 05:47:33
2008,Lampe Chambre,0.0,245.4,0.0,0.0,2026-01-22 22:00:00,2026-01-23 05:47:33
2001,TV Salle à manger,0.005,244.3,0.0,0.0,2026-01-22 23:00:00,2026-01-23 06:48:35
2002,Ecran,0.0,243.9,0.0,0.0,2026-01-22 23:00:00,2026-01-23 06:48:35
2003,Telephone / Tablette,0.0,243.3,0.0,0.0,2026-01-22 23:00:00,2026-01-23 06:48:35
2004,Cafetiere,0.0,243.5,0.0,0.0,2026-01-22 23:00:00,2026-01-23 06:48:35
2005,Lampe Salle à manger,0.0,243.3,0.0,0.0,2026-01-22 23:00:00,2026-01-23 06:48:35
2006,PC Portable,0.0,244.2,0.0,0.0,2026-01-22 23:00:00,2026-01-23 06:48:35
2007,Lampe Cuisine,0.0,243.4,0.0,0.0,2026-01-22 23:00:00,2026-01-23 06:48:35
2008,Lampe Chambre,0.0,244.6,0.0,0.0,2026-01-22 23:00:00,2026-01-23 06:48:35
2001,TV Salle à manger,0.008,243.2,0.0,0.0,2026-01-23 00:00:00,2026-01-23 07:50:00
2002,Ecran,0.0,242.7,0.0,0.0,2026-01-23 00:00:00,2026-01-23 07:50:00
2003,Telephone / Tablette,0.0,242.0,0.0,0.0,2026-01-23 00:00:00,2026-01-23 07:50:00
2004,Cafetiere,0.0,242.4,0.0,0.0,2026-01-23 00:00:00,2026-01-23 07:50:00
2005,Lampe Salle à manger,0.021,242.2,4.8,4.76,2026-01-23 00:00:00,2026-01-23 07:50:00
2006,PC Portable,0.0,243.1,0.0,0.0,2026-01-23 00:00:00,2026-01-23 07:50:00
2007,Lampe Cuisine,0.0,242.2,0.0,0.0,2026-01-23 00:00:00,2026-01-23 07:50:00
2008,Lampe Chambre,0.0,243.5,0.0,0.0,2026-01-23 00:00:00,2026-01-23 07:50:00
2001,TV Salle à manger,0.005,243.0,0.0,0.0,2026-01-23 01:00:00,2026-01-23 08:53:05
2002,Ecran,0.0,242.6,0.0,0.0,2026-01-23 01:00:00,2026-01-23 08:53:05
2003,Telephone / Tablette,0.0,242.2,0.0,0.0,2026-01-23 01:00:00,2026-01-23 08:53:05
2004,Cafetiere,0.0,242.3,0.0,0.0,2026-01-23 01:00:00,2026-01-23 08:53:05
2005,Lampe Salle à manger,0.0,242.1,0.0,0.0,2026-01-23 01:00:00,2026-01-23 08:53:05
2006,PC Portable,0.0,243.0,0.0,0.0,2026-01-23 01:00:00,2026-01-23 08:53:05
2007,Lampe Cuisine,0.0,242.1,0.0,0.0,2026-01-23 01:00:00,2026-01-23 08:53:05
2008,Lampe Chambre,0.0,243.4,0.0,0.0,2026-01-23 01:00:00,2026-01-23 08:53:05
2001,TV Salle à manger,0.006,243.2,0.0,0.0,2026-01-23 02:00:00,2026-01-23 09:54:00
2002,Ecran,0.15,242.8,18.8,18.84,2026-01-23 02:00:00,2026-01-23 09:54:00
2003,Telephone / Tablette,0.0,242.4,0.0,0.0,2026-01-23 02:00:00,2026-01-23 09:54:00
2004,Cafetiere,0.108,242.4,26.0,26.0,2026-01-23 02:00:00,2026-01-23 09:54:00
2005,Lampe Salle à manger,0.049,242.2,11.0,10.97,2026-01-23 02:00:00,2026-01-23 09:54:00
2006,PC Portable,0.0,243.1,0.0,0.0,2026-01-23 02:00:00,2026-01-23 09:54:00
2007,Lampe Cuisine,0.034,242.3,4.8,4.78,2026-01-23 02:00:00,2026-01-23 09:54:00
2008,Lampe Chambre,0.0,243.5,0.0,0.0,2026-01-23 02:00:00,2026-01-23 09:54:00
2001,TV Salle à manger,0.006,243.1,0.0,0.0,2026-01-23 03:00:00,2026-01-23 10:54:37
2002,Ecran,0.155,242.6,19.2,19.2,2026-01-23 03:00:00,2026-01-23 10:54:37
2003,Telephone / Tablette,0.0,242.3,0.0,0.0,2026-01-23 03:00:00,2026-01-23 10:54:37
2004,Cafetiere,0.0,242.3,0.0,0.0,2026-01-23 03:00:00,2026-01-23 10:54:37
2005,Lampe Salle à manger,0.013,242.1,2.8,2.82,2026-01-23 03:00:00,2026-01-23 10:54:37
2006,PC Portable,0.0,243.0,0.0,0.0,2026-01-23 03:00:00,2026-01-23 10:54:37
2007,Lampe Cuisine,0.038,242.2,5.3,5.31,2026-01-23 03:00:00,2026-01-23 10:54:37
2008,Lampe Chambre,0.0,243.4,0.0,0.0,2026-01-23 03:00:00,2026-01-23 10:54:37
2001,TV Salle à manger,0.004,242.7,0.0,0.0,2026-01-23 04:00:00,2026-01-23 11:55:18
2002,Ecran,0.177,242.3,21.7,21.66,2026-01-23 04:00:00,2026-01-23 11:55:18
2003,Telephone / Tablette,0.0,242.0,0.0,0.0,2026-01-23 04:00:00,2026-01-23 11:55:18
2004,Cafetiere,0.0,241.9,0.0,0.0,2026-01-23 04:00:00,2026-01-23 11:55:18
2005,Lampe Salle à manger,0.0,241.7,0.0,0.0,2026-01-23 04:00:00,2026-01-23 11:55:18
2006,PC Portable,0.0,242.6,0.0,0.0,2026-01-23 04:00:00,2026-01-23 11:55:18
2007,Lampe Cuisine,0.038,241.8,5.3,5.3,2026-01-23 04:00:00,2026-01-23 11:55:18
2008,Lampe Chambre,0.0,243.0,0.0,0.0,2026-01-23 04:00:00,2026-01-23 11:55:18
2001,TV Salle à manger,0.005,243.2,0.0,0.02,2026-01-23 05:00:00,2026-01-23 12:56:07
2002,Ecran,0.163,242.7,20.2,20.24,2026-01-23 05:00:00,2026-01-23 12:56:07
2003,Telephone / Tablette,0.0,242.4,0.0,0.0,2026-01-23 05:00:00,2026-01-23 12:56:07
2004,Cafetiere,0.215,242.3,49.9,49.86,2026-01-23 05:00:00,2026-01-23 12:56:07
2005,Lampe Salle à manger,0.0,242.2,0.0,0.0,2026-01-23 05:00:00,2026-01-23 12:56:07
2006,PC Portable,0.0,243.1,0.0,0.0,2026-01-23 05:00:00,2026-01-23 12:56:07
2007,Lampe Cuisine,0.024,242.3,3.3,3.29,2026-01-23 05:00:00,2026-01-23 12:56:07
2008,Lampe Chambre,0.0,243.5,0.0,0.0,2026-01-23 05:00:00,2026-01-23 12:56:07
2001,TV Salle à manger,0.007,244.2,0.0,0.0,2026-01-23 06:00:00,2026-01-23 13:56:45
2002,Ecran,0.175,243.8,21.7,21.66,2026-01-23 06:00:00,2026-01-23 13:56:45
2003,Telephone / Tablette,0.0,243.4,0.0,0.0,2026-01-23 06:00:00,2026-01-23 13:56:45
2004,Cafetiere,0.0,243.4,0.0,0.0,2026-01-23 06:00:00,2026-01-23 13:56:45
2005,Lampe Salle à manger,0.0,243.2,0.0,0.0,2026-01-23 06:00:00,2026-01-23 13:56:45
2006,PC Portable,0.0,244.1,0.0,0.0,2026-01-23 06:00:00,2026-01-23 13:56:45
2007,Lampe Cuisine,0.0,243.3,0.0,0.0,2026-01-23 06:00:00,2026-01-23 13:56:45
2008,Lampe Chambre,0.0,244.5,0.0,0.0,2026-01-23 06:00:00,2026-01-23 13:56:45
2001,TV Salle à manger,0.006,244.6,0.0,0.0,2026-01-23 07:00:00,2026-01-23 14:57:29
2002,Ecran,0.173,244.1,21.7,21.68,2026-01-23 07:00:00,2026-01-23 14:57:29
2003,Telephone / Tablette,0.0,243.8,0.0,0.0,2026-01-23 07:00:00,2026-01-23 14:57:29
2004,Cafetiere,0.0,243.8,0.0,0.0,2026-01-23 07:00:00,2026-01-23 14:57:29
2005,Lampe Salle à manger,0.0,243.6,0.0,0.0,2026-01-23 07:00:00,2026-01-23 14:57:29
2006,PC Portable,0.0,244.5,0.0,0.0,2026-01-23 07:00:00,2026-01-23 14:57:29
2007,Lampe Cuisine,0.0,243.7,0.0,0.0,2026-01-23 07:00:00,2026-01-23 14:57:29
2008,Lampe Chambre,0.0,244.9,0.0,0.0,2026-01-23 07:00:00,2026-01-23 14:57:29
2001,TV Salle à manger,0.006,244.8,0.0,0.0,2026-01-23 08:00:00,2026-01-23 15:59:12
2002,Ecran,0.172,244.4,21.7,21.67,2026-01-23 08:00:00,2026-01-23 15:59:12
2003,Telephone / Tablette,0.0,244.0,0.0,0.0,2026-01-23 08:00:00,2026-01-23 15:59:12
2004,Cafetiere,0.256,244.0,24.8,24.76,2026-01-23 08:00:00,2026-01-23 15:59:12
2005,Lampe Salle à manger,0.0,243.8,0.0,0.0,2026-01-23 08:00:00,2026-01-23 15:59:12
2006,PC Portable,0.0,244.7,0.0,0.0,2026-01-23 08:00:00,2026-01-23 15:59:12
2007,Lampe Cuisine,0.024,243.9,3.3,3.31,2026-01-23 08:00:00,2026-01-23 15:59:12
2008,Lampe Chambre,0.0,245.1,0.0,0.0,2026-01-23 08:00:00,2026-01-23 15:59:12
2001,TV Salle à manger,0.006,245.0,0.0,0.0,2026-01-23 09:00:00,2026-01-23 17:01:54
2002,Ecran,0.055,244.6,6.9,6.89,2026-01-23 09:00:00,2026-01-23 17:01:54
2003,Telephone / Tablette,0.0,244.1,0.0,0.0,2026-01-23 09:00:00,2026-01-23 17:01:54
2004,Cafetiere,0.113,244.1,27.5,27.55,2026-01-23 09:00:00,2026-01-23 17:01:54
2005,Lampe Salle à manger,0.0,243.9,0.0,0.0,2026-01-23 09:00:00,2026-01-23 17:01:54
2006,PC Portable,0.0,244.9,0.0,0.0,2026-01-23 09:00:00,2026-01-23 17:01:54
2007,Lampe Cuisine,0.018,244.0,2.5,2.51,2026-01-23 09:00:00,2026-01-23 17:01:54
2008,Lampe Chambre,0.0,245.3,0.0,0.0,2026-01-23 09:00:00,2026-01-23 17:01:54
2001,TV Salle à manger,0.007,244.3,0.0,0.0,2026-01-23 10:00:00,2026-01-23 18:04:47
2002,Ecran,0.13,243.8,16.7,16.69,2026-01-23 10:00:00,2026-01-23 18:04:47
2003,Telephone / Tablette,0.0,243.1,0.0,0.0,2026-01-23 10:00:00,2026-01-23 18:04:47
2004,Cafetiere,0.0,243.4,0.0,0.0,2026-01-23 10:00:00,2026-01-23 18:04:47
2005,Lampe Salle à manger,0.004,243.2,0.8,0.77,2026-01-23 10:00:00,2026-01-23 18:04:47
2006,PC Portable,0.0,244.1,0.0,0.0,2026-01-23 10:00:00,2026-01-23 18:04:47
2007,Lampe Cuisine,0.003,243.3,0.4,0.35,2026-01-23 10:00:00,2026-01-23 18:04:47
2008,Lampe Chambre,0.009,244.5,1.2,1.24,2026-01-23 10:00:00,2026-01-23 18:04:47
2001,TV Salle à manger,0.151,243.8,32.8,32.78,2026-01-23 11:00:00,2026-01-23 19:05:33
2002,Ecran,0.04,243.4,5.1,5.06,2026-01-23 11:00:00,2026-01-23 19:05:33
2003,Telephone / Tablette,0.0,243.0,0.0,0.0,2026-01-23 11:00:00,2026-01-23 19:05:33
2004,Cafetiere,0.0,242.9,0.0,0.0,2026-01-23 11:00:00,2026-01-23 19:05:33
2005,Lampe Salle à manger,0.05,242.8,11.3,11.29,2026-01-23 11:00:00,2026-01-23 19:05:33
2006,PC Portable,0.0,243.7,0.0,0.0,2026-01-23 11:00:00,2026-01-23 19:05:33
2007,Lampe Cuisine,0.038,242.8,5.3,5.34,2026-01-23 11:00:00,2026-01-23 19:05:33
2008,Lampe Chambre,0.037,244.1,5.3,5.3,2026-01-23 11:00:00,2026-01-23 19:05:33
2001,TV Salle à manger,0.662,244.2,149.4,149.39,2026-01-23 12:00:00,2026-01-23 20:06:51
2002,Ecran,0.0,244.0,0.0,0.0,2026-01-23 12:00:00,2026-01-23 20:06:51
2003,Telephone / Tablette,0.0,243.5,0.0,0.0,2026-01-23 12:00:00,2026-01-23 20:06:51
2004,Cafetiere,0.0,243.6,0.0,0.0,2026-01-23 12:00:00,2026-01-23 20:06:51
2005,Lampe Salle à manger,0.05,243.2,11.3,11.27,2026-01-23 12:00:00,2026-01-23 20:06:51
2006,PC Portable,0.0,244.3,0.0,0.0,2026-01-23 12:00:00,2026-01-23 20:06:51
2007,Lampe Cuisine,0.038,243.5,5.4,5.36,2026-01-23 12:00:00,2026-01-23 20:06:51
2008,Lampe Chambre,0.025,244.7,3.6,3.63,2026-01-23 12:00:00,2026-01-23 20:06:51
2001,TV Salle à manger,0.708,245.5,161.2,161.17,2026-01-23 13:00:00,2026-01-23 21:08:06
2002,Ecran,0.052,245.2,6.6,6.56,2026-01-23 13:00:00,2026-01-23 21:08:06
2003,Telephone / Tablette,0.0,244.9,0.0,0.0,2026-01-23 13:00:00,2026-01-23 21:08:06
2004,Cafetiere,0.0,244.8,0.0,0.0,2026-01-23 13:00:00,2026-01-23 21:08:06
2005,Lampe Salle à manger,0.05,244.4,11.3,11.27,2026-01-23 13:00:00,2026-01-23 21:08:06
2006,PC Portable,0.0,245.6,0.0,0.0,2026-01-23 13:00:00,2026-01-23 21:08:06
2007,Lampe Cuisine,0.038,244.7,5.4,5.41,2026-01-23 13:00:00,2026-01-23 21:08:06
2008,Lampe Chambre,0.0,245.9,0.0,0.0,2026-01-23 13:00:00,2026-01-23 21:08:06
2001,TV Salle à manger,0.149,243.7,32.3,32.26,2026-01-23 14:00:00,2026-01-23 22:09:31
2002,Ecran,0.176,243.3,21.7,21.72,2026-01-23 14:00:00,2026-01-23 22:09:31
2003,Telephone / Tablette,0.0,242.9,0.0,0.0,2026-01-23 14:00:00,2026-01-23 22:09:31
2004,Cafetiere,0.0,242.9,0.0,0.0,2026-01-23 14:00:00,2026-01-23 22:09:31
2005,Lampe Salle à manger,0.05,242.6,11.3,11.28,2026-01-23 14:00:00,2026-01-23 22:09:31
2006,PC Portable,0.0,243.6,0.0,0.0,2026-01-23 14:00:00,2026-01-23 22:09:31
2007,Lampe Cuisine,0.01,242.8,1.4,1.43,2026-01-23 14:00:00,2026-01-23 22:09:31
2008,Lampe Chambre,0.002,244.0,0.3,0.26,2026-01-23 14:00:00,2026-01-23 22:09:31
2001,TV Salle à manger,0.006,243.4,0.0,0.0,2026-01-23 15:00:00,2026-01-23 23:10:27
2002,Ecran,0.177,243.0,21.7,21.7,2026-01-23 15:00:00,2026-01-23 23:10:27
2003,Telephone / Tablette,0.0,242.7,0.0,0.0,2026-01-23 15:00:00,2026-01-23 23:10:27
2004,Cafetiere,0.0,242.6,0.0,0.0,2026-01-23 15:00:00,2026-01-23 23:10:27
2005,Lampe Salle à manger,0.05,242.4,11.3,11.28,2026-01-23 15:00:00,2026-01-23 23:10:27
2006,PC Portable,0.0,243.3,0.0,0.0,2026-01-23 15:00:00,2026-01-23 23:10:27
2007,Lampe Cuisine,0.0,242.6,0.0,0.0,2026-01-23 15:00:00,2026-01-23 23:10:27
2008,Lampe Chambre,0.0,243.8,0.0,0.0,2026-01-23 15:00:00,2026-01-23 23:10:27
2001,TV Salle à manger,0.009,244.6,0.0,0.0,2026-01-23 16:00:00,2026-01-24 00:11:36
2002,Ecran,0.174,244.1,21.7,21.69,2026-01-23 16:00:00,2026-01-24 00:11:36
2003,Telephone / Tablette,0.0,243.8,0.0,0.0,2026-01-23 16:00:00,2026-01-24 00:11:36
2004,Cafetiere,0.0,243.8,0.0,0.0,2026-01-23 16:00:00,2026-01-24 00:11:36
2005,Lampe Salle à manger,0.05,243.6,11.3,11.3,2026-01-23 16:00:00,2026-01-24 00:11:36
2006,PC Portable,0.0,244.5,0.0,0.0,2026-01-23 16:00:00,2026-01-24 00:11:36
2007,Lampe Cuisine,0.0,243.7,0.0,0.0,2026-01-23 16:00:00,2026-01-24 00:11:36
2008,Lampe Chambre,0.0,244.9,0.0,0.0,2026-01-23 16:00:00,2026-01-24 00:11:36
2001,TV Salle à manger,0.009,244.8,0.0,0.04,2026-01-23 17:00:00,2026-01-24 01:12:53
2002,Ecran,0.173,244.3,21.7,21.71,2026-01-23 17:00:00,2026-01-24 01:12:53
2003,Telephone / Tablette,0.0,244.1,0.0,0.0,2026-01-23 17:00:00,2026-01-24 01:12:53
2004,Cafetiere,0.0,244.0,0.0,0.0,2026-01-23 17:00:00,2026-01-24 01:12:53
2005,Lampe Salle à manger,0.05,243.8,11.3,11.29,2026-01-23 17:00:00,2026-01-24 01:12:53
2006,PC Portable,0.0,244.7,0.0,0.0,2026-01-23 17:00:00,2026-01-24 01:12:53
2007,Lampe Cuisine,0.0,243.9,0.0,0.0,2026-01-23 17:00:00,2026-01-24 01:12:53
2008,Lampe Chambre,0.0,245.1,0.0,0.0,2026-01-23 17:00:00,2026-01-24 01:12:53
2001,TV Salle à manger,0.008,245.1,0.0,0.0,2026-01-23 18:00:00,2026-01-24 02:15:49
2002,Ecran,0.006,244.7,0.7,0.72,2026-01-23 18:00:00,2026-01-24 02:15:49
2003,Telephone / Tablette,0.0,244.0,0.0,0.0,2026-01-23 18:00:00,2026-01-24 02:15:49
2004,Cafetiere,0.0,244.3,0.0,0.0,2026-01-23 18:00:00,2026-01-24 02:15:49
2005,Lampe Salle à manger,0.002,244.0,0.4,0.38,2026-01-23 18:00:00,2026-01-24 02:15:49
2006,PC Portable,0.0,245.0,0.0,0.0,2026-01-23 18:00:00,2026-01-24 02:15:49
2007,Lampe Cuisine,0.0,244.1,0.0,0.0,2026-01-23 18:00:00,2026-01-24 02:15:49
2008,Lampe Chambre,0.036,245.4,5.2,5.19,2026-01-23 18:00:00,2026-01-24 02:15:49
2001,TV Salle à manger,0.009,245.8,0.0,0.0,2026-01-23 19:00:00,2026-01-24 03:17:45
2002,Ecran,0.0,245.3,0.0,0.0,2026-01-23 19:00:00,2026-01-24 03:17:45
2003,Telephone / Tablette,0.0,245.1,0.0,0.0,2026-01-23 19:00:00,2026-01-24 03:17:45
2004,Cafetiere,0.0,244.9,0.0,0.0,2026-01-23 19:00:00,2026-01-24 03:17:45
2005,Lampe Salle à manger,0.0,244.8,0.0,0.0,2026-01-23 19:00:00,2026-01-24 03:17:45
2006,PC Portable,0.0,245.7,0.0,0.0,2026-01-23 19:00:00,2026-01-24 03:17:45
2007,Lampe Cuisine,0.0,244.8,0.0,0.0,2026-01-23 19:00:00,2026-01-24 03:17:45
2008,Lampe Chambre,0.037,246.1,5.4,5.36,2026-01-23 19:00:00,2026-01-24 03:17:45
2001,TV Salle à manger,0.007,246.4,0.0,0.04,2026-01-23 20:00:00,2026-01-24 04:20:30
2002,Ecran,0.0,245.9,0.0,0.0,2026-01-23 20:00:00,2026-01-24 04:20:30
2003,Telephone / Tablette,0.0,245.6,0.0,0.0,2026-01-23 20:00:00,2026-01-24 04:20:30
2004,Cafetiere,0.0,245.5,0.0,0.0,2026-01-23 20:00:00,2026-01-24 04:20:30
2005,Lampe Salle à manger,0.0,245.3,0.0,0.0,2026-01-23 20:00:00,2026-01-24 04:20:30
2006,PC Portable,0.0,246.3,0.0,0.0,2026-01-23 20:00:00,2026-01-24 04:20:30
2007,Lampe Cuisine,0.0,245.4,0.0,0.0,2026-01-23 20:00:00,2026-01-24 04:20:30
2008,Lampe Chambre,0.037,246.7,5.4,5.39,2026-01-23 20:00:00,2026-01-24 04:20:30
2001,TV Salle à manger,0.005,246.0,0.0,0.0,2026-01-23 21:00:00,2026-01-24 05:22:05
2002,Ecran,0.0,245.5,0.0,0.0,2026-01-23 21:00:00,2026-01-24 05:22:05
2003,Telephone / Tablette,0.0,245.2,0.0,0.0,2026-01-23 21:00:00,2026-01-24 05:22:05
2004,Cafetiere,0.0,245.2,0.0,0.0,2026-01-23 21:00:00,2026-01-24 05:22:05
2005,Lampe Salle à manger,0.0,245.0,0.0,0.0,2026-01-23 21:00:00,2026-01-24 05:22:05
2006,PC Portable,0.0,245.9,0.0,0.0,2026-01-23 21:00:00,2026-01-24 05:22:05
2007,Lampe Cuisine,0.0,245.1,0.0,0.0,2026-01-23 21:00:00,2026-01-24 05:22:05
2008,Lampe Chambre,0.037,246.3,5.4,5.37,2026-01-23 21:00:00,2026-01-24 05:22:05
2001,TV Salle à manger,0.01,244.9,0.0,0.0,2026-01-23 22:00:00,2026-01-24 06:23:56
2002,Ecran,0.0,244.5,0.0,0.0,2026-01-23 22:00:00,2026-01-24 06:23:56
2003,Telephone / Tablette,0.0,244.2,0.0,0.0,2026-01-23 22:00:00,2026-01-24 06:23:56
2004,Cafetiere,0.0,244.1,0.0,0.0,2026-01-23 22:00:00,2026-01-24 06:23:56
2005,Lampe Salle à manger,0.0,243.9,0.0,0.0,2026-01-23 22:00:00,2026-01-24 06:23:56
2006,PC Portable,0.0,244.9,0.0,0.0,2026-01-23 22:00:00,2026-01-24 06:23:56
2007,Lampe Cuisine,0.0,244.0,0.0,0.0,2026-01-23 22:00:00,2026-01-24 06:23:56
2008,Lampe Chambre,0.037,245.3,5.4,5.35,2026-01-23 22:00:00,2026-01-24 06:23:56
2001,TV Salle à manger,0.005,244.3,0.0,0.0,2026-01-23 23:00:00,2026-01-24 07:24:21
2002,Ecran,0.0,243.9,0.0,0.0,2026-01-23 23:00:00,2026-01-24 07:24:21
2003,Telephone / Tablette,0.0,243.6,0.0,0.0,2026-01-23 23:00:00,2026-01-24 07:24:21
2004,Cafetiere,0.0,243.5,0.0,0.0,2026-01-23 23:00:00,2026-01-24 07:24:21
2005,Lampe Salle à manger,0.041,243.3,9.3,9.27,2026-01-23 23:00:00,2026-01-24 07:24:21
2006,PC Portable,0.0,244.3,0.0,0.0,2026-01-23 23:00:00,2026-01-24 07:24:21
2007,Lampe Cuisine,0.002,243.4,0.3,0.27,2026-01-23 23:00:00,2026-01-24 07:24:21
2008,Lampe Chambre,0.001,244.6,0.1,0.09,2026-01-23 23:00:00,2026-01-24 07:24:21
2001,TV Salle à manger,0.004,243.3,0.0,0.0,2026-01-24 00:00:00,2026-01-24 08:25:41
2002,Ecran,0.0,242.8,0.0,0.0,2026-01-24 00:00:00,2026-01-24 08:25:41
2003,Telephone / Tablette,0.0,242.5,0.0,0.0,2026-01-24 00:00:00,2026-01-24 08:25:41
2004,Cafetiere,0.0,242.4,0.0,0.0,2026-01-24 00:00:00,2026-01-24 08:25:41
2005,Lampe Salle à manger,0.021,242.3,4.7,4.7,2026-01-24 00:00:00,2026-01-24 08:25:41
2006,PC Portable,0.0,243.2,0.0,0.0,2026-01-24 00:00:00,2026-01-24 08:25:41
2007,Lampe Cuisine,0.001,242.3,0.1,0.09,2026-01-24 00:00:00,2026-01-24 08:25:41
2008,Lampe Chambre,0.0,243.6,0.0,0.0,2026-01-24 00:00:00,2026-01-24 08:25:41
2001,TV Salle à manger,0.009,242.8,0.0,0.0,2026-01-24 01:00:00,2026-01-24 09:28:18
2002,Ecran,0.0,242.3,0.0,0.0,2026-01-24 01:00:00,2026-01-24 09:28:18
2003,Telephone / Tablette,0.0,242.2,0.0,0.0,2026-01-24 01:00:00,2026-01-24 09:28:18
2004,Cafetiere,0.0,241.9,0.0,0.0,2026-01-24 01:00:00,2026-01-24 09:28:18
2005,Lampe Salle à manger,0.0,241.7,0.0,0.0,2026-01-24 01:00:00,2026-01-24 09:28:18
2006,PC Portable,0.0,242.7,0.0,0.0,2026-01-24 01:00:00,2026-01-24 09:28:18
2007,Lampe Cuisine,0.0,241.8,0.0,0.0,2026-01-24 01:00:00,2026-01-24 09:28:18
2008,Lampe Chambre,0.0,243.0,0.0,0.0,2026-01-24 01:00:00,2026-01-24 09:28:18
2001,TV Salle à manger,0.008,242.1,0.0,0.04,2026-01-24 02:00:00,2026-01-24 10:28:46
2002,Ecran,0.0,241.7,0.0,0.0,2026-01-24 02:00:00,2026-01-24 10:28:46
2003,Telephone / Tablette,0.0,241.4,0.0,0.0,2026-01-24 02:00:00,2026-01-24 10:28:46
2004,Cafetiere,0.0,241.3,0.0,0.0,2026-01-24 02:00:00,2026-01-24 10:28:46
2005,Lampe Salle à manger,0.0,241.1,0.0,0.0,2026-01-24 02:00:00,2026-01-24 10:28:46
2006,PC Portable,0.0,242.1,0.0,0.0,2026-01-24 02:00:00,2026-01-24 10:28:46
2007,Lampe Cuisine,0.0,241.2,0.0,0.0,2026-01-24 02:00:00,2026-01-24 10:28:46
2008,Lampe Chambre,0.0,242.4,0.0,0.0,2026-01-24 02:00:00,2026-01-24 10:28:46
2001,TV Salle à manger,0.005,243.2,0.0,0.0,2026-01-24 03:00:00,2026-01-24 11:30:42
2002,Ecran,0.0,242.7,0.0,0.0,2026-01-24 03:00:00,2026-01-24 11:30:42
2003,Telephone / Tablette,0.0,242.1,0.0,0.0,2026-01-24 03:00:00,2026-01-24 11:30:42
2004,Cafetiere,0.0,242.4,0.0,0.0,2026-01-24 03:00:00,2026-01-24 11:30:42
2005,Lampe Salle à manger,0.0,242.2,0.0,0.0,2026-01-24 03:00:00,2026-01-24 11:30:42
2006,PC Portable,0.0,243.1,0.0,0.0,2026-01-24 03:00:00,2026-01-24 11:30:42
2007,Lampe Cuisine,0.0,242.2,0.0,0.0,2026-01-24 03:00:00,2026-01-24 11:30:42
2008,Lampe Chambre,0.0,243.5,0.0,0.0,2026-01-24 03:00:00,2026-01-24 11:30:42
2001,TV Salle à manger,0.007,244.7,0.0,0.0,2026-01-24 04:00:00,2026-01-24 12:33:32
2002,Ecran,0.0,244.3,0.0,0.0,2026-01-24 04:00:00,2026-01-24 12:33:32
2003,Telephone / Tablette,0.0,243.7,0.0,0.0,2026-01-24 04:00:00,2026-01-24 12:33:32
2004,Cafetiere,0.0,243.9,0.0,0.0,2026-01-24 04:00:00,2026-01-24 12:33:32
2005,Lampe Salle à manger,0.0,243.7,0.0,0.0,2026-01-24 04:00:00,2026-01-24 12:33:32
2006,PC Portable,0.0,244.6,0.0,0.0,2026-01-24 04:00:00,2026-01-24 12:33:32
2007,Lampe Cuisine,0.0,243.8,0.0,0.0,2026-01-24 04:00:00,2026-01-24 12:33:32
2008,Lampe Chambre,0.0,245.0,0.0,0.0,2026-01-24 04:00:00,2026-01-24 12:33:32
2001,TV Salle à manger,0.005,245.2,0.0,0.02,2026-01-24 05:00:00,2026-01-24 13:35:19
2002,Ecran,0.0,244.7,0.0,0.0,2026-01-24 05:00:00,2026-01-24 13:35:19
2003,Telephone / Tablette,0.0,244.4,0.0,0.0,2026-01-24 05:00:00,2026-01-24 13:35:19
2004,Cafetiere,0.0,244.3,0.0,0.0,2026-01-24 05:00:00,2026-01-24 13:35:19
2005,Lampe Salle à manger,0.0,244.2,0.0,0.0,2026-01-24 05:00:00,2026-01-24 13:35:19
2006,PC Portable,0.0,245.1,0.0,0.0,2026-01-24 05:00:00,2026-01-24 13:35:19
2007,Lampe Cuisine,0.0,244.2,0.0,0.0,2026-01-24 05:00:00,2026-01-24 13:35:19
2008,Lampe Chambre,0.0,245.5,0.0,0.0,2026-01-24 05:00:00,2026-01-24 13:35:19
2001,TV Salle à manger,0.007,244.3,0.0,0.0,2026-01-24 06:00:00,2026-01-24 14:37:17
2002,Ecran,0.0,243.9,0.0,0.0,2026-01-24 06:00:00,2026-01-24 14:37:17
2003,Telephone / Tablette,0.0,243.5,0.0,0.0,2026-01-24 06:00:00,2026-01-24 14:37:17
2004,Cafetiere,0.0,243.5,0.0,0.0,2026-01-24 06:00:00,2026-01-24 14:37:17
2005,Lampe Salle à manger,0.0,243.4,0.0,0.0,2026-01-24 06:00:00,2026-01-24 14:37:17
2006,PC Portable,0.0,244.3,0.0,0.0,2026-01-24 06:00:00,2026-01-24 14:37:17
2007,Lampe Cuisine,0.0,243.4,0.0,0.0,2026-01-24 06:00:00,2026-01-24 14:37:17
2008,Lampe Chambre,0.0,244.7,0.0,0.0,2026-01-24 06:00:00,2026-01-24 14:37:17
2001,TV Salle à manger,0.007,244.9,0.1,0.05,2026-01-24 07:00:00,2026-01-24 15:38:54
2002,Ecran,0.0,244.4,0.0,0.0,2026-01-24 07:00:00,2026-01-24 15:38:54
2003,Telephone / Tablette,0.0,244.0,0.0,0.0,2026-01-24 07:00:00,2026-01-24 15:38:54
2004,Cafetiere,0.0,244.1,0.0,0.0,2026-01-24 07:00:00,2026-01-24 15:38:54
2005,Lampe Salle à manger,0.0,243.9,0.0,0.0,2026-01-24 07:00:00,2026-01-24 15:38:54
2006,PC Portable,0.0,244.8,0.0,0.0,2026-01-24 07:00:00,2026-01-24 15:38:54
2007,Lampe Cuisine,0.0,243.9,0.0,0.0,2026-01-24 07:00:00,2026-01-24 15:38:54
2008,Lampe Chambre,0.0,245.2,0.0,0.0,2026-01-24 07:00:00,2026-01-24 15:38:54
2001,TV Salle à manger,0.005,245.6,0.0,0.0,2026-01-24 08:00:00,2026-01-24 16:40:57
2002,Ecran,0.0,245.2,0.0,0.0,2026-01-24 08:00:00,2026-01-24 16:40:57
2003,Telephone / Tablette,0.0,244.8,0.0,0.0,2026-01-24 08:00:00,2026-01-24 16:40:57
2004,Cafetiere,0.0,244.8,0.0,0.0,2026-01-24 08:00:00,2026-01-24 16:40:57
2005,Lampe Salle à manger,0.0,244.6,0.0,0.0,2026-01-24 08:00:00,2026-01-24 16:40:57
2006,PC Portable,0.0,245.5,0.0,0.0,2026-01-24 08:00:00,2026-01-24 16:40:57
2007,Lampe Cuisine,0.0,244.7,0.0,0.0,2026-01-24 08:00:00,2026-01-24 16:40:57
2008,Lampe Chambre,0.0,245.9,0.0,0.0,2026-01-24 08:00:00,2026-01-24 16:40:57
2001,TV Salle à manger,0.008,245.2,0.0,0.0,2026-01-24 09:00:00,2026-01-24 17:43:56
2002,Ecran,0.0,244.8,0.0,0.0,2026-01-24 09:00:00,2026-01-24 17:43:56
2003,Telephone / Tablette,0.0,245.2,0.0,0.0,2026-01-24 09:00:00,2026-01-24 17:43:56
2004,Cafetiere,0.0,244.5,0.0,0.0,2026-01-24 09:00:00,2026-01-24 17:43:56
2005,Lampe Salle à manger,0.0,244.3,0.0,0.0,2026-01-24 09:00:00,2026-01-24 17:43:56
2006,PC Portable,0.0,245.2,0.0,0.0,2026-01-24 09:00:00,2026-01-24 17:43:56
2007,Lampe Cuisine,0.0,244.3,0.0,0.0,2026-01-24 09:00:00,2026-01-24 17:43:56
2008,Lampe Chambre,0.0,245.6,0.0,0.0,2026-01-24 09:00:00,2026-01-24 17:43:56
2001,TV Salle à manger,0.005,244.2,0.0,0.0,2026-01-24 10:00:00,2026-01-24 18:45:57
2002,Ecran,0.0,243.8,0.0,0.0,2026-01-24 10:00:00,2026-01-24 18:45:57
2003,Telephone / Tablette,0.0,243.4,0.0,0.0,2026-01-24 10:00:00,2026-01-24 18:45:57
2004,Cafetiere,0.0,243.4,0.0,0.0,2026-01-24 10:00:00,2026-01-24 18:45:57
2005,Lampe Salle à manger,0.0,243.2,0.0,0.0,2026-01-24 10:00:00,2026-01-24 18:45:57
2006,PC Portable,0.0,244.1,0.0,0.0,2026-01-24 10:00:00,2026-01-24 18:45:57
2007,Lampe Cuisine,0.0,243.2,0.0,0.0,2026-01-24 10:00:00,2026-01-24 18:45:57
2008,Lampe Chambre,0.0,244.5,0.0,0.0,2026-01-24 10:00:00,2026-01-24 18:45:57
2001,TV Salle à manger,0.005,245.1,0.0,0.0,2026-01-24 11:00:00,2026-01-24 19:48:08
2002,Ecran,0.0,244.7,0.0,0.0,2026-01-24 11:00:00,2026-01-24 19:48:08
2003,Telephone / Tablette,0.0,244.3,0.0,0.0,2026-01-24 11:00:00,2026-01-24 19:48:08
2004,Cafetiere,0.0,244.3,0.0,0.0,2026-01-24 11:00:00,2026-01-24 19:48:08
2005,Lampe Salle à manger,0.015,244.1,3.4,3.45,2026-01-24 11:00:00,2026-01-24 19:48:08
2006,PC Portable,0.0,245.1,0.0,0.0,2026-01-24 11:00:00,2026-01-24 19:48:08
2007,Lampe Cuisine,0.03,244.2,4.2,4.2,2026-01-24 11:00:00,2026-01-24 19:48:08
2008,Lampe Chambre,0.0,245.4,0.0,0.0,2026-01-24 11:00:00,2026-01-24 19:48:08
2001,TV Salle à manger,0.008,245.4,0.0,0.0,2026-01-24 12:00:00,2026-01-24 20:48:44
2002,Ecran,0.0,244.9,0.0,0.0,2026-01-24 12:00:00,2026-01-24 20:48:44
2003,Telephone / Tablette,0.0,244.6,0.0,0.0,2026-01-24 12:00:00,2026-01-24 20:48:44
2004,Cafetiere,0.0,244.5,0.0,0.0,2026-01-24 12:00:00,2026-01-24 20:48:44
2005,Lampe Salle à manger,0.005,244.3,1.1,1.13,2026-01-24 12:00:00,2026-01-24 20:48:44
2006,PC Portable,0.0,245.3,0.0,0.0,2026-01-24 12:00:00,2026-01-24 20:48:44
2007,Lampe Cuisine,0.0,244.4,0.0,0.0,2026-01-24 12:00:00,2026-01-24 20:48:44
2008,Lampe Chambre,0.0,245.7,0.0,0.0,2026-01-24 12:00:00,2026-01-24 20:48:44
2001,TV Salle à manger,0.006,246.0,0.0,0.0,2026-01-24 13:00:00,2026-01-24 21:49:28
2002,Ecran,0.0,245.6,0.0,0.0,2026-01-24 13:00:00,2026-01-24 21:49:28
2003,Telephone / Tablette,0.0,245.3,0.0,0.0,2026-01-24 13:00:00,2026-01-24 21:49:28
2004,Cafetiere,0.0,245.2,0.0,0.0,2026-01-24 13:00:00,2026-01-24 21:49:28
2005,Lampe Salle à manger,0.0,245.0,0.0,0.0,2026-01-24 13:00:00,2026-01-24 21:49:28
2006,PC Portable,0.0,245.9,0.0,0.0,2026-01-24 13:00:00,2026-01-24 21:49:28
2007,Lampe Cuisine,0.0,245.1,0.0,0.0,2026-01-24 13:00:00,2026-01-24 21:49:28
2008,Lampe Chambre,0.0,246.3,0.0,0.0,2026-01-24 13:00:00,2026-01-24 21:49:28
2001,TV Salle à manger,0.206,244.1,44.8,44.81,2026-01-24 14:00:00,2026-01-24 22:50:07
2002,Ecran,0.003,243.8,0.4,0.37,2026-01-24 14:00:00,2026-01-24 22:50:07
2003,Telephone / Tablette,0.0,243.4,0.0,0.0,2026-01-24 14:00:00,2026-01-24 22:50:07
2004,Cafetiere,0.0,243.3,0.0,0.0,2026-01-24 14:00:00,2026-01-24 22:50:07
2005,Lampe Salle à manger,0.034,243.1,7.6,7.59,2026-01-24 14:00:00,2026-01-24 22:50:07
2006,PC Portable,0.0,244.1,0.0,0.0,2026-01-24 14:00:00,2026-01-24 22:50:07
2007,Lampe Cuisine,0.007,243.2,1.0,0.98,2026-01-24 14:00:00,2026-01-24 22:50:07
2008,Lampe Chambre,0.0,244.5,0.0,0.0,2026-01-24 14:00:00,2026-01-24 22:50:07
2001,TV Salle à manger,0.497,244.3,110.0,109.96,2026-01-24 15:00:00,2026-01-24 23:51:06
2002,Ecran,0.0,244.0,0.0,0.0,2026-01-24 15:00:00,2026-01-24 23:51:06
2003,Telephone / Tablette,0.0,243.6,0.0,0.0,2026-01-24 15:00:00,2026-01-24 23:51:06
2004,Cafetiere,0.0,243.6,0.0,0.0,2026-01-24 15:00:00,2026-01-24 23:51:06
2005,Lampe Salle à manger,0.05,243.2,11.3,11.27,2026-01-24 15:00:00,2026-01-24 23:51:06
2006,PC Portable,0.0,244.3,0.0,0.0,2026-01-24 15:00:00,2026-01-24 23:51:06
2007,Lampe Cuisine,0.0,243.5,0.0,0.0,2026-01-24 15:00:00,2026-01-24 23:51:06
2008,Lampe Chambre,0.0,244.7,0.0,0.0,2026-01-24 15:00:00,2026-01-24 23:51:06
2001,TV Salle à manger,0.36,245.0,78.9,78.93,2026-01-24 16:00:00,2026-01-25 00:51:27
2002,Ecran,0.0,244.7,0.0,0.0,2026-01-24 16:00:00,2026-01-25 00:51:27
2003,Telephone / Tablette,0.0,244.3,0.0,0.0,2026-01-24 16:00:00,2026-01-25 00:51:27
2004,Cafetiere,0.0,244.3,0.0,0.0,2026-01-24 16:00:00,2026-01-25 00:51:27
2005,Lampe Salle à manger,0.05,244.0,11.3,11.28,2026-01-24 16:00:00,2026-01-25 00:51:27
2006,PC Portable,0.0,245.1,0.0,0.0,2026-01-24 16:00:00,2026-01-25 00:51:27
2007,Lampe Cuisine,0.0,244.2,0.0,0.0,2026-01-24 16:00:00,2026-01-25 00:51:27
2008,Lampe Chambre,0.0,245.4,0.0,0.0,2026-01-24 16:00:00,2026-01-25 00:51:27
2001,TV Salle à manger,0.313,245.0,70.0,69.96,2026-01-24 17:00:00,2026-01-25 01:52:36
2002,Ecran,0.0,244.6,0.0,0.0,2026-01-24 17:00:00,2026-01-25 01:52:36
2003,Telephone / Tablette,0.018,244.3,2.2,2.1,2026-01-24 17:00:00,2026-01-25 01:52:36
2004,Cafetiere,0.0,244.2,0.0,0.0,2026-01-24 17:00:00,2026-01-25 01:52:36
2005,Lampe Salle à manger,0.034,243.9,7.7,7.71,2026-01-24 17:00:00,2026-01-25 01:52:36
2006,PC Portable,0.0,245.0,0.0,0.0,2026-01-24 17:00:00,2026-01-25 01:52:36
2007,Lampe Cuisine,0.0,244.1,0.0,0.0,2026-01-24 17:00:00,2026-01-25 01:52:36
2008,Lampe Chambre,0.015,245.3,2.1,2.13,2026-01-24 17:00:00,2026-01-25 01:52:36
2001,TV Salle à manger,0.01,245.7,0.0,0.0,2026-01-24 18:00:00,2026-01-25 02:52:57
2002,Ecran,0.0,245.3,0.0,0.0,2026-01-24 18:00:00,2026-01-25 02:52:57
2003,Telephone / Tablette,0.009,244.9,1.1,1.06,2026-01-24 18:00:00,2026-01-25 02:52:57
2004,Cafetiere,0.0,244.9,0.0,0.0,2026-01-24 18:00:00,2026-01-25 02:52:57
2005,Lampe Salle à manger,0.0,244.7,0.0,0.0,2026-01-24 18:00:00,2026-01-25 02:52:57
2006,PC Portable,0.0,245.6,0.0,0.0,2026-01-24 18:00:00,2026-01-25 02:52:57
2007,Lampe Cuisine,0.0,244.8,0.0,0.0,2026-01-24 18:00:00,2026-01-25 02:52:57
2008,Lampe Chambre,0.006,246.0,0.9,0.89,2026-01-24 18:00:00,2026-01-25 02:52:57
2001,TV Salle à manger,0.01,246.4,0.0,0.0,2026-01-24 19:00:00,2026-01-25 03:53:15
2002,Ecran,0.0,245.9,0.0,0.0,2026-01-24 19:00:00,2026-01-25 03:53:15
2003,Telephone / Tablette,0.0,245.6,0.0,0.0,2026-01-24 19:00:00,2026-01-25 03:53:15
2004,Cafetiere,0.0,245.6,0.0,0.0,2026-01-24 19:00:00,2026-01-25 03:53:15
2005,Lampe Salle à manger,0.0,245.3,0.0,0.0,2026-01-24 19:00:00,2026-01-25 03:53:15
2006,PC Portable,0.0,246.3,0.0,0.0,2026-01-24 19:00:00,2026-01-25 03:53:15
2007,Lampe Cuisine,0.0,245.4,0.0,0.0,2026-01-24 19:00:00,2026-01-25 03:53:15
2008,Lampe Chambre,0.0,246.7,0.0,0.0,2026-01-24 19:00:00,2026-01-25 03:53:15
2001,TV Salle à manger,0.013,246.5,0.0,0.0,2026-01-24 20:00:00,2026-01-25 04:53:33
2002,Ecran,0.0,246.1,0.0,0.0,2026-01-24 20:00:00,2026-01-25 04:53:33
2003,Telephone / Tablette,0.0,245.7,0.0,0.0,2026-01-24 20:00:00,2026-01-25 04:53:33
2004,Cafetiere,0.0,245.7,0.0,0.0,2026-01-24 20:00:00,2026-01-25 04:53:33
2005,Lampe Salle à manger,0.0,245.5,0.0,0.0,2026-01-24 20:00:00,2026-01-25 04:53:33
2006,PC Portable,0.0,246.4,0.0,0.0,2026-01-24 20:00:00,2026-01-25 04:53:33
2007,Lampe Cuisine,0.0,245.6,0.0,0.0,2026-01-24 20:00:00,2026-01-25 04:53:33
2008,Lampe Chambre,0.0,246.8,0.0,0.0,2026-01-24 20:00:00,2026-01-25 04:53:33
2001,TV Salle à manger,0.013,246.0,0.0,0.04,2026-01-24 21:00:00,2026-01-25 05:53:53
2002,Ecran,0.0,245.5,0.0,0.0,2026-01-24 21:00:00,2026-01-25 05:53:53
2003,Telephone / Tablette,0.0,245.2,0.0,0.0,2026-01-24 21:00:00,2026-01-25 05:53:53
2004,Cafetiere,0.0,245.1,0.0,0.0,2026-01-24 21:00:00,2026-01-25 05:53:53
2005,Lampe Salle à manger,0.0,244.9,0.0,0.0,2026-01-24 21:00:00,2026-01-25 05:53:53
2006,PC Portable,0.0,245.9,0.0,0.0,2026-01-24 21:00:00,2026-01-25 05:53:53
2007,Lampe Cuisine,0.0,245.0,0.0,0.0,2026-01-24 21:00:00,2026-01-25 05:53:53
2008,Lampe Chambre,0.0,246.3,0.0,0.0,2026-01-24 21:00:00,2026-01-25 05:53:53
2001,TV Salle à manger,0.01,245.6,0.0,0.0,2026-01-24 22:00:00,2026-01-25 06:54:19
2002,Ecran,0.0,245.1,0.0,0.0,2026-01-24 22:00:00,2026-01-25 06:54:19
2003,Telephone / Tablette,0.0,244.8,0.0,0.0,2026-01-24 22:00:00,2026-01-25 06:54:19
2004,Cafetiere,0.0,244.7,0.0,0.0,2026-01-24 22:00:00,2026-01-25 06:54:19
2005,Lampe Salle à manger,0.0,244.5,0.0,0.0,2026-01-24 22:00:00,2026-01-25 06:54:19
2006,PC Portable,0.0,245.5,0.0,0.0,2026-01-24 22:00:00,2026-01-25 06:54:19
2007,Lampe Cuisine,0.0,244.6,0.0,0.0,2026-01-24 22:00:00,2026-01-25 06:54:19
2008,Lampe Chambre,0.0,245.9,0.0,0.0,2026-01-24 22:00:00,2026-01-25 06:54:19
2001,TV Salle à manger,0.011,244.9,0.0,0.0,2026-01-24 23:00:00,2026-01-25 07:54:58
2002,Ecran,0.0,244.5,0.0,0.0,2026-01-24 23:00:00,2026-01-25 07:54:58
2003,Telephone / Tablette,0.0,244.2,0.0,0.0,2026-01-24 23:00:00,2026-01-25 07:54:58
2004,Cafetiere,0.0,244.1,0.0,0.0,2026-01-24 23:00:00,2026-01-25 07:54:58
2005,Lampe Salle à manger,0.0,243.9,0.0,0.0,2026-01-24 23:00:00,2026-01-25 07:54:58
2006,PC Portable,0.0,244.9,0.0,0.0,2026-01-24 23:00:00,2026-01-25 07:54:58
2007,Lampe Cuisine,0.0,244.0,0.0,0.0,2026-01-24 23:00:00,2026-01-25 07:54:58
2008,Lampe Chambre,0.0,245.2,0.0,0.0,2026-01-24 23:00:00,2026-01-25 07:54:58
2001,TV Salle à manger,0.014,244.2,0.0,0.0,2026-01-25 00:00:00,2026-01-25 08:55:19
2002,Ecran,0.0,243.8,0.0,0.0,2026-01-25 00:00:00,2026-01-25 08:55:19
2003,Telephone / Tablette,0.0,243.5,0.0,0.0,2026-01-25 00:00:00,2026-01-25 08:55:19
2004,Cafetiere,0.0,243.4,0.0,0.0,2026-01-25 00:00:00,2026-01-25 08:55:19
2005,Lampe Salle à manger,0.006,243.2,1.4,1.35,2026-01-25 00:00:00,2026-01-25 08:55:19
2006,PC Portable,0.0,244.1,0.0,0.0,2026-01-25 00:00:00,2026-01-25 08:55:19
2007,Lampe Cuisine,0.008,243.3,1.1,1.14,2026-01-25 00:00:00,2026-01-25 08:55:19
2008,Lampe Chambre,0.0,244.6,0.0,0.0,2026-01-25 00:00:00,2026-01-25 08:55:19
2001,TV Salle à manger,0.011,243.0,0.0,0.0,2026-01-25 01:00:00,2026-01-25 09:55:39
2002,Ecran,0.0,242.5,0.0,0.0,2026-01-25 01:00:00,2026-01-25 09:55:39
2003,Telephone / Tablette,0.004,242.2,0.4,0.43,2026-01-25 01:00:00,2026-01-25 09:55:39
2004,Cafetiere,0.217,242.1,52.2,52.15,2026-01-25 01:00:00,2026-01-25 09:55:39
2005,Lampe Salle à manger,0.039,241.9,8.7,8.71,2026-01-25 01:00:00,2026-01-25 09:55:39
2006,PC Portable,0.012,242.9,1.5,1.49,2026-01-25 01:00:00,2026-01-25 09:55:39
2007,Lampe Cuisine,0.016,242.0,2.2,2.21,2026-01-25 01:00:00,2026-01-25 09:55:39
2008,Lampe Chambre,0.0,243.3,0.0,0.0,2026-01-25 01:00:00,2026-01-25 09:55:39
2001,TV Salle à manger,0.011,242.6,0.0,0.02,2026-01-25 02:00:00,2026-01-25 10:56:16
2002,Ecran,0.0,242.1,0.0,0.0,2026-01-25 02:00:00,2026-01-25 10:56:16
2003,Telephone / Tablette,0.076,241.8,9.0,9.0,2026-01-25 02:00:00,2026-01-25 10:56:16
2004,Cafetiere,0.0,241.8,0.0,0.0,2026-01-25 02:00:00,2026-01-25 10:56:16
2005,Lampe Salle à manger,0.048,241.5,10.9,10.91,2026-01-25 02:00:00,2026-01-25 10:56:16
2006,PC Portable,0.345,242.5,42.0,41.98,2026-01-25 02:00:00,2026-01-25 10:56:16
2007,Lampe Cuisine,0.033,241.6,4.6,4.58,2026-01-25 02:00:00,2026-01-25 10:56:16
2008,Lampe Chambre,0.0,242.9,0.0,0.0,2026-01-25 02:00:00,2026-01-25 10:56:16
2001,TV Salle à manger,0.186,241.9,40.0,39.95,2026-01-25 03:00:00,2026-01-25 11:57:20
2002,Ecran,0.0,241.6,0.0,0.0,2026-01-25 03:00:00,2026-01-25 11:57:20
2003,Telephone / Tablette,0.072,241.2,8.9,8.9,2026-01-25 03:00:00,2026-01-25 11:57:20
2004,Cafetiere,0.063,241.2,8.8,8.8,2026-01-25 03:00:00,2026-01-25 11:57:20
2005,Lampe Salle à manger,0.0,240.9,0.0,0.0,2026-01-25 03:00:00,2026-01-25 11:57:20
2006,PC Portable,0.175,241.9,20.1,20.12,2026-01-25 03:00:00,2026-01-25 11:57:20
2007,Lampe Cuisine,0.005,241.0,0.7,0.7,2026-01-25 03:00:00,2026-01-25 11:57:20
2008,Lampe Chambre,0.0,242.3,0.0,0.0,2026-01-25 03:00:00,2026-01-25 11:57:20
2001,TV Salle à manger,0.368,244.4,80.1,80.12,2026-01-25 04:00:00,2026-01-25 12:58:33
2002,Ecran,0.0,244.1,0.0,0.0,2026-01-25 04:00:00,2026-01-25 12:58:33
2003,Telephone / Tablette,0.019,243.7,2.4,2.44,2026-01-25 04:00:00,2026-01-25 12:58:33
2004,Cafetiere,0.0,243.7,0.0,0.0,2026-01-25 04:00:00,2026-01-25 12:58:33
2005,Lampe Salle à manger,0.0,243.4,0.0,0.0,2026-01-25 04:00:00,2026-01-25 12:58:33
2006,PC Portable,0.013,244.5,1.1,1.07,2026-01-25 04:00:00,2026-01-25 12:58:33
2007,Lampe Cuisine,0.0,243.5,0.0,0.0,2026-01-25 04:00:00,2026-01-25 12:58:33
2008,Lampe Chambre,0.0,244.8,0.0,0.0,2026-01-25 04:00:00,2026-01-25 12:58:33
2001,TV Salle à manger,0.011,245.0,0.0,0.0,2026-01-25 05:00:00,2026-01-25 13:58:53
2002,Ecran,0.0,244.6,0.0,0.0,2026-01-25 05:00:00,2026-01-25 13:58:53
2003,Telephone / Tablette,0.0,244.2,0.0,0.0,2026-01-25 05:00:00,2026-01-25 13:58:53
2004,Cafetiere,0.0,244.2,0.0,0.0,2026-01-25 05:00:00,2026-01-25 13:58:53
2005,Lampe Salle à manger,0.0,244.0,0.0,0.0,2026-01-25 05:00:00,2026-01-25 13:58:53
2006,PC Portable,0.0,244.9,0.0,0.0,2026-01-25 05:00:00,2026-01-25 13:58:53
2007,Lampe Cuisine,0.0,244.0,0.0,0.0,2026-01-25 05:00:00,2026-01-25 13:58:53
2008,Lampe Chambre,0.0,245.3,0.0,0.0,2026-01-25 05:00:00,2026-01-25 13:58:53
2001,TV Salle à manger,0.009,245.1,0.0,0.02,2026-01-25 06:00:00,2026-01-25 14:59:23
2002,Ecran,0.0,244.6,0.0,0.0,2026-01-25 06:00:00,2026-01-25 14:59:23
2003,Telephone / Tablette,0.0,244.3,0.0,0.0,2026-01-25 06:00:00,2026-01-25 14:59:23
2004,Cafetiere,0.0,244.3,0.0,0.0,2026-01-25 06:00:00,2026-01-25 14:59:23
2005,Lampe Salle à manger,0.0,244.0,0.0,0.0,2026-01-25 06:00:00,2026-01-25 14:59:23
2006,PC Portable,0.0,245.0,0.0,0.0,2026-01-25 06:00:00,2026-01-25 14:59:23
2007,Lampe Cuisine,0.0,244.1,0.0,0.0,2026-01-25 06:00:00,2026-01-25 14:59:23
2008,Lampe Chambre,0.0,245.4,0.0,0.0,2026-01-25 06:00:00,2026-01-25 14:59:23
2001,TV Salle à manger,0.012,245.6,0.0,0.0,2026-01-25 07:00:00,2026-01-25 15:59:42
2002,Ecran,0.0,245.2,0.0,0.0,2026-01-25 07:00:00,2026-01-25 15:59:42
2003,Telephone / Tablette,0.0,244.9,0.0,0.0,2026-01-25 07:00:00,2026-01-25 15:59:42
2004,Cafetiere,0.0,244.8,0.0,0.0,2026-01-25 07:00:00,2026-01-25 15:59:42
2005,Lampe Salle à manger,0.0,244.6,0.0,0.0,2026-01-25 07:00:00,2026-01-25 15:59:42
2006,PC Portable,0.0,245.6,0.0,0.0,2026-01-25 07:00:00,2026-01-25 15:59:42
2007,Lampe Cuisine,0.0,244.7,0.0,0.0,2026-01-25 07:00:00,2026-01-25 15:59:42
2008,Lampe Chambre,0.0,245.9,0.0,0.0,2026-01-25 07:00:00,2026-01-25 15:59:42
2001,TV Salle à manger,0.009,245.6,0.0,0.0,2026-01-25 08:00:00,2026-01-25 17:00:01
2002,Ecran,0.0,245.2,0.0,0.0,2026-01-25 08:00:00,2026-01-25 17:00:01
2003,Telephone / Tablette,0.0,244.8,0.0,0.0,2026-01-25 08:00:00,2026-01-25 17:00:01
2004,Cafetiere,0.331,244.7,80.5,80.54,2026-01-25 08:00:00,2026-01-25 17:00:01
2005,Lampe Salle à manger,0.014,244.6,3.1,3.07,2026-01-25 08:00:00,2026-01-25 17:00:01
2006,PC Portable,0.0,245.5,0.0,0.0,2026-01-25 08:00:00,2026-01-25 17:00:01
2007,Lampe Cuisine,0.005,244.6,0.7,0.71,2026-01-25 08:00:00,2026-01-25 17:00:01
2008,Lampe Chambre,0.0,245.9,0.0,0.0,2026-01-25 08:00:00,2026-01-25 17:00:01
2001,TV Salle à manger,0.425,244.3,93.0,93.0,2026-01-25 09:00:00,2026-01-25 18:01:10
2002,Ecran,0.0,244.0,0.0,0.0,2026-01-25 09:00:00,2026-01-25 18:01:10
2003,Telephone / Tablette,0.0,243.6,0.0,0.0,2026-01-25 09:00:00,2026-01-25 18:01:10
2004,Cafetiere,0.0,243.6,0.0,0.0,2026-01-25 09:00:00,2026-01-25 18:01:10
2005,Lampe Salle à manger,0.05,243.2,11.3,11.29,2026-01-25 09:00:00,2026-01-25 18:01:10
2006,PC Portable,0.0,244.3,0.0,0.0,2026-01-25 09:00:00,2026-01-25 18:01:10
2007,Lampe Cuisine,0.0,243.5,0.0,0.0,2026-01-25 09:00:00,2026-01-25 18:01:10
2008,Lampe Chambre,0.0,244.7,0.0,0.0,2026-01-25 09:00:00,2026-01-25 18:01:10
2001,TV Salle à manger,0.418,244.9,91.5,91.53,2026-01-25 10:00:00,2026-01-25 19:01:57
2002,Ecran,0.0,244.6,0.0,0.0,2026-01-25 10:00:00,2026-01-25 19:01:57
2003,Telephone / Tablette,0.026,244.3,2.8,2.8,2026-01-25 10:00:00,2026-01-25 19:01:57
2004,Cafetiere,0.0,244.2,0.0,0.0,2026-01-25 10:00:00,2026-01-25 19:01:57
2005,Lampe Salle à manger,0.05,243.9,11.3,11.28,2026-01-25 10:00:00,2026-01-25 19:01:57
2006,PC Portable,0.0,245.0,0.0,0.0,2026-01-25 10:00:00,2026-01-25 19:01:57
2007,Lampe Cuisine,0.027,244.1,3.9,3.85,2026-01-25 10:00:00,2026-01-25 19:01:57
2008,Lampe Chambre,0.025,245.3,3.6,3.56,2026-01-25 10:00:00,2026-01-25 19:01:57
2001,TV Salle à manger,0.434,245.6,95.5,95.5,2026-01-25 11:00:00,2026-01-25 20:02:28
2002,Ecran,0.0,245.2,0.0,0.0,2026-01-25 11:00:00,2026-01-25 20:02:28
2003,Telephone / Tablette,0.02,244.9,2.2,2.18,2026-01-25 11:00:00,2026-01-25 20:02:28
2004,Cafetiere,0.0,244.8,0.0,0.0,2026-01-25 11:00:00,2026-01-25 20:02:28
2005,Lampe Salle à manger,0.05,244.5,11.3,11.29,2026-01-25 11:00:00,2026-01-25 20:02:28
2006,PC Portable,0.0,245.6,0.0,0.0,2026-01-25 11:00:00,2026-01-25 20:02:28
2007,Lampe Cuisine,0.004,244.8,0.5,0.54,2026-01-25 11:00:00,2026-01-25 20:02:28
2008,Lampe Chambre,0.037,246.0,5.4,5.35,2026-01-25 11:00:00,2026-01-25 20:02:28
2001,TV Salle à manger,0.457,245.2,101.0,100.97,2026-01-25 12:00:00,2026-01-25 21:03:00
2002,Ecran,0.0,244.8,0.0,0.0,2026-01-25 12:00:00,2026-01-25 21:03:00
2003,Telephone / Tablette,0.039,244.5,4.2,4.22,2026-01-25 12:00:00,2026-01-25 21:03:00
2004,Cafetiere,0.0,244.4,0.0,0.0,2026-01-25 12:00:00,2026-01-25 21:03:00
2005,Lampe Salle à manger,0.05,244.1,11.3,11.29,2026-01-25 12:00:00,2026-01-25 21:03:00
2006,PC Portable,0.0,245.2,0.0,0.0,2026-01-25 12:00:00,2026-01-25 21:03:00
2007,Lampe Cuisine,0.031,244.3,4.4,4.39,2026-01-25 12:00:00,2026-01-25 21:03:00
2008,Lampe Chambre,0.037,245.6,5.4,5.35,2026-01-25 12:00:00,2026-01-25 21:03:00
2001,TV Salle à manger,0.453,244.6,99.8,99.81,2026-01-25 13:00:00,2026-01-25 22:04:03
2002,Ecran,0.0,244.3,0.0,0.0,2026-01-25 13:00:00,2026-01-25 22:04:03
2003,Telephone / Tablette,0.003,244.0,0.3,0.28,2026-01-25 13:00:00,2026-01-25 22:04:03
2004,Cafetiere,0.0,243.9,0.0,0.0,2026-01-25 13:00:00,2026-01-25 22:04:03
2005,Lampe Salle à manger,0.05,243.6,11.3,11.28,2026-01-25 13:00:00,2026-01-25 22:04:03
2006,PC Portable,0.0,244.7,0.0,0.0,2026-01-25 13:00:00,2026-01-25 22:04:03
2007,Lampe Cuisine,0.01,243.8,1.3,1.35,2026-01-25 13:00:00,2026-01-25 22:04:03
2008,Lampe Chambre,0.01,245.0,1.5,1.5,2026-01-25 13:00:00,2026-01-25 22:04:03
2001,TV Salle à manger,0.17,243.5,36.3,36.26,2026-01-25 14:00:00,2026-01-25 23:04:26
2002,Ecran,0.0,243.1,0.0,0.0,2026-01-25 14:00:00,2026-01-25 23:04:26
2003,Telephone / Tablette,0.0,242.8,0.0,0.0,2026-01-25 14:00:00,2026-01-25 23:04:26
2004,Cafetiere,0.0,242.7,0.0,0.0,2026-01-25 14:00:00,2026-01-25 23:04:26
2005,Lampe Salle à manger,0.021,242.5,4.7,4.7,2026-01-25 14:00:00,2026-01-25 23:04:26
2006,PC Portable,0.0,243.5,0.0,0.0,2026-01-25 14:00:00,2026-01-25 23:04:26
2007,Lampe Cuisine,0.0,242.6,0.0,0.0,2026-01-25 14:00:00,2026-01-25 23:04:26
2008,Lampe Chambre,0.003,243.8,0.4,0.44,2026-01-25 14:00:00,2026-01-25 23:04:26
2001,TV Salle à manger,0.01,244.4,0.0,0.02,2026-01-25 15:00:00,2026-01-26 00:04:43
2002,Ecran,0.0,243.9,0.0,0.0,2026-01-25 15:00:00,2026-01-26 00:04:43
2003,Telephone / Tablette,0.0,243.6,0.0,0.0,2026-01-25 15:00:00,2026-01-26 00:04:43
2004,Cafetiere,0.0,243.5,0.0,0.0,2026-01-25 15:00:00,2026-01-26 00:04:43
2005,Lampe Salle à manger,0.0,243.3,0.0,0.0,2026-01-25 15:00:00,2026-01-26 00:04:43
2006,PC Portable,0.0,244.3,0.0,0.0,2026-01-25 15:00:00,2026-01-26 00:04:43
2007,Lampe Cuisine,0.0,243.4,0.0,0.0,2026-01-25 15:00:00,2026-01-26 00:04:43
2008,Lampe Chambre,0.0,244.7,0.0,0.0,2026-01-25 15:00:00,2026-01-26 00:04:43
2001,TV Salle à manger,0.01,245.0,0.0,0.0,2026-01-25 16:00:00,2026-01-26 01:06:08
2002,Ecran,0.0,244.6,0.0,0.0,2026-01-25 16:00:00,2026-01-26 01:06:08
2003,Telephone / Tablette,0.0,244.2,0.0,0.0,2026-01-25 16:00:00,2026-01-26 01:06:08
2004,Cafetiere,0.0,244.2,0.0,0.0,2026-01-25 16:00:00,2026-01-26 01:06:08
2005,Lampe Salle à manger,0.0,244.0,0.0,0.0,2026-01-25 16:00:00,2026-01-26 01:06:08
2006,PC Portable,0.0,244.9,0.0,0.0,2026-01-25 16:00:00,2026-01-26 01:06:08
2007,Lampe Cuisine,0.0,244.1,0.0,0.0,2026-01-25 16:00:00,2026-01-26 01:06:08
2008,Lampe Chambre,0.0,245.3,0.0,0.0,2026-01-25 16:00:00,2026-01-26 01:06:08
2001,TV Salle à manger,0.01,245.5,0.0,0.0,2026-01-25 17:00:00,2026-01-26 02:06:30
2002,Ecran,0.0,245.1,0.0,0.0,2026-01-25 17:00:00,2026-01-26 02:06:30
2003,Telephone / Tablette,0.0,244.7,0.0,0.0,2026-01-25 17:00:00,2026-01-26 02:06:30
2004,Cafetiere,0.0,244.7,0.0,0.0,2026-01-25 17:00:00,2026-01-26 02:06:30
2005,Lampe Salle à manger,0.0,244.4,0.0,0.0,2026-01-25 17:00:00,2026-01-26 02:06:30
2006,PC Portable,0.0,245.4,0.0,0.0,2026-01-25 17:00:00,2026-01-26 02:06:30
2007,Lampe Cuisine,0.0,244.5,0.0,0.0,2026-01-25 17:00:00,2026-01-26 02:06:30
2008,Lampe Chambre,0.0,245.8,0.0,0.0,2026-01-25 17:00:00,2026-01-26 02:06:30
2001,TV Salle à manger,0.009,246.2,0.0,0.0,2026-01-25 18:00:00,2026-01-26 03:07:43
2002,Ecran,0.0,245.7,0.0,0.0,2026-01-25 18:00:00,2026-01-26 03:07:43
2003,Telephone / Tablette,0.0,245.4,0.0,0.0,2026-01-25 18:00:00,2026-01-26 03:07:43
2004,Cafetiere,0.0,245.4,0.0,0.0,2026-01-25 18:00:00,2026-01-26 03:07:43
2005,Lampe Salle à manger,0.0,245.2,0.0,0.0,2026-01-25 18:00:00,2026-01-26 03:07:43
2006,PC Portable,0.0,246.1,0.0,0.0,2026-01-25 18:00:00,2026-01-26 03:07:43
2007,Lampe Cuisine,0.0,245.3,0.0,0.0,2026-01-25 18:00:00,2026-01-26 03:07:43
2008,Lampe Chambre,0.0,246.5,0.0,0.0,2026-01-25 18:00:00,2026-01-26 03:07:43
2001,TV Salle à manger,0.009,246.6,0.0,0.0,2026-01-25 19:00:00,2026-01-26 04:09:06
2002,Ecran,0.0,246.1,0.0,0.0,2026-01-25 19:00:00,2026-01-26 04:09:06
2003,Telephone / Tablette,0.0,245.8,0.0,0.0,2026-01-25 19:00:00,2026-01-26 04:09:06
2004,Cafetiere,0.0,245.7,0.0,0.0,2026-01-25 19:00:00,2026-01-26 04:09:06
2005,Lampe Salle à manger,0.0,245.5,0.0,0.0,2026-01-25 19:00:00,2026-01-26 04:09:06
2006,PC Portable,0.0,246.5,0.0,0.0,2026-01-25 19:00:00,2026-01-26 04:09:06
2007,Lampe Cuisine,0.0,245.6,0.0,0.0,2026-01-25 19:00:00,2026-01-26 04:09:06
2008,Lampe Chambre,0.0,246.9,0.0,0.0,2026-01-25 19:00:00,2026-01-26 04:09:06
2001,TV Salle à manger,0.011,246.2,0.0,0.0,2026-01-25 20:00:00,2026-01-26 05:10:38
2002,Ecran,0.0,245.8,0.0,0.0,2026-01-25 20:00:00,2026-01-26 05:10:38
2003,Telephone / Tablette,0.0,245.4,0.0,0.0,2026-01-25 20:00:00,2026-01-26 05:10:38
2004,Cafetiere,0.0,245.4,0.0,0.0,2026-01-25 20:00:00,2026-01-26 05:10:38
2005,Lampe Salle à manger,0.0,245.2,0.0,0.0,2026-01-25 20:00:00,2026-01-26 05:10:38
2006,PC Portable,0.0,246.1,0.0,0.0,2026-01-25 20:00:00,2026-01-26 05:10:38
2007,Lampe Cuisine,0.0,245.3,0.0,0.0,2026-01-25 20:00:00,2026-01-26 05:10:38
2008,Lampe Chambre,0.0,246.5,0.0,0.0,2026-01-25 20:00:00,2026-01-26 05:10:38
2001,TV Salle à manger,0.013,244.7,0.0,0.0,2026-01-25 21:00:00,2026-01-26 06:11:05
2002,Ecran,0.0,244.2,0.0,0.0,2026-01-25 21:00:00,2026-01-26 06:11:05
2003,Telephone / Tablette,0.0,243.9,0.0,0.0,2026-01-25 21:00:00,2026-01-26 06:11:05
2004,Cafetiere,0.0,243.8,0.0,0.0,2026-01-25 21:00:00,2026-01-26 06:11:05
2005,Lampe Salle à manger,0.0,243.6,0.0,0.0,2026-01-25 21:00:00,2026-01-26 06:11:05
2006,PC Portable,0.0,244.6,0.0,0.0,2026-01-25 21:00:00,2026-01-26 06:11:05
2007,Lampe Cuisine,0.0,243.7,0.0,0.0,2026-01-25 21:00:00,2026-01-26 06:11:05
2008,Lampe Chambre,0.0,245.0,0.0,0.0,2026-01-25 21:00:00,2026-01-26 06:11:05
2001,TV Salle à manger,0.012,243.0,0.0,0.02,2026-01-25 22:00:00,2026-01-26 07:12:12
2002,Ecran,0.0,242.5,0.0,0.0,2026-01-25 22:00:00,2026-01-26 07:12:12
2003,Telephone / Tablette,0.0,242.2,0.0,0.0,2026-01-25 22:00:00,2026-01-26 07:12:12
2004,Cafetiere,0.0,242.1,0.0,0.0,2026-01-25 22:00:00,2026-01-26 07:12:12
2005,Lampe Salle à manger,0.024,241.9,5.5,5.51,2026-01-25 22:00:00,2026-01-26 07:12:12
2006,PC Portable,0.0,242.9,0.0,0.0,2026-01-25 22:00:00,2026-01-26 07:12:12
2007,Lampe Cuisine,0.0,242.0,0.0,0.0,2026-01-25 22:00:00,2026-01-26 07:12:12
2008,Lampe Chambre,0.0,243.3,0.0,0.0,2026-01-25 22:00:00,2026-01-26 07:12:12
2001,TV Salle à manger,0.01,244.5,0.0,0.0,2026-01-25 23:00:00,2026-01-26 08:12:53
2002,Ecran,0.0,244.0,0.0,0.0,2026-01-25 23:00:00,2026-01-26 08:12:53
2003,Telephone / Tablette,0.0,243.7,0.0,0.0,2026-01-25 23:00:00,2026-01-26 08:12:53
2004,Cafetiere,0.0,243.6,0.0,0.0,2026-01-25 23:00:00,2026-01-26 08:12:53
2005,Lampe Salle à manger,0.025,243.4,5.7,5.7,2026-01-25 23:00:00,2026-01-26 08:12:53
2006,PC Portable,0.0,244.4,0.0,0.0,2026-01-25 23:00:00,2026-01-26 08:12:53
2007,Lampe Cuisine,0.0,243.5,0.0,0.0,2026-01-25 23:00:00,2026-01-26 08:12:53
2008,Lampe Chambre,0.013,244.8,1.9,1.86,2026-01-25 23:00:00,2026-01-26 08:12:53
2001,TV Salle à manger,0.009,244.9,0.0,0.0,2026-01-26 00:00:00,2026-01-26 09:13:35
2002,Ecran,0.001,244.4,0.0,0.03,2026-01-26 00:00:00,2026-01-26 09:13:35
2003,Telephone / Tablette,0.0,244.1,0.0,0.0,2026-01-26 00:00:00,2026-01-26 09:13:35
2004,Cafetiere,0.0,244.1,0.0,0.0,2026-01-26 00:00:00,2026-01-26 09:13:35
2005,Lampe Salle à manger,0.003,243.9,0.6,0.56,2026-01-26 00:00:00,2026-01-26 09:13:35
2006,PC Portable,0.0,244.8,0.0,0.0,2026-01-26 00:00:00,2026-01-26 09:13:35
2007,Lampe Cuisine,0.0,244.0,0.0,0.0,2026-01-26 00:00:00,2026-01-26 09:13:35
2008,Lampe Chambre,0.0,245.2,0.0,0.0,2026-01-26 00:00:00,2026-01-26 09:13:35
2001,TV Salle à manger,0.011,244.3,0.0,0.0,2026-01-26 01:00:00,2026-01-26 10:16:01
2002,Ecran,0.0,243.9,0.0,0.0,2026-01-26 01:00:00,2026-01-26 10:16:01
2003,Telephone / Tablette,0.0,243.6,0.0,0.0,2026-01-26 01:00:00,2026-01-26 10:16:01
2004,Cafetiere,0.0,243.5,0.0,0.0,2026-01-26 01:00:00,2026-01-26 10:16:01
2005,Lampe Salle à manger,0.0,243.3,0.0,0.0,2026-01-26 01:00:00,2026-01-26 10:16:01
2006,PC Portable,0.0,244.3,0.0,0.0,2026-01-26 01:00:00,2026-01-26 10:16:01
2007,Lampe Cuisine,0.0,243.4,0.0,0.0,2026-01-26 01:00:00,2026-01-26 10:16:01
2008,Lampe Chambre,0.0,244.7,0.0,0.0,2026-01-26 01:00:00,2026-01-26 10:16:01
2001,TV Salle à manger,0.011,243.7,0.0,0.0,2026-01-26 02:00:00,2026-01-26 11:17:06
2002,Ecran,0.0,243.2,0.0,0.0,2026-01-26 02:00:00,2026-01-26 11:17:06
2003,Telephone / Tablette,0.0,242.9,0.0,0.0,2026-01-26 02:00:00,2026-01-26 11:17:06
2004,Cafetiere,0.0,242.8,0.0,0.0,2026-01-26 02:00:00,2026-01-26 11:17:06
2005,Lampe Salle à manger,0.0,242.6,0.0,0.0,2026-01-26 02:00:00,2026-01-26 11:17:06
2006,PC Portable,0.0,243.6,0.0,0.0,2026-01-26 02:00:00,2026-01-26 11:17:06
2007,Lampe Cuisine,0.0,242.8,0.0,0.0,2026-01-26 02:00:00,2026-01-26 11:17:06
2008,Lampe Chambre,0.0,244.0,0.0,0.0,2026-01-26 02:00:00,2026-01-26 11:17:06
2001,TV Salle à manger,0.008,243.6,0.0,0.02,2026-01-26 03:00:00,2026-01-26 12:18:46
2002,Ecran,0.0,243.2,0.0,0.0,2026-01-26 03:00:00,2026-01-26 12:18:46
2003,Telephone / Tablette,0.0,242.8,0.0,0.0,2026-01-26 03:00:00,2026-01-26 12:18:46
2004,Cafetiere,0.0,242.8,0.0,0.0,2026-01-26 03:00:00,2026-01-26 12:18:46
2005,Lampe Salle à manger,0.0,242.6,0.0,0.0,2026-01-26 03:00:00,2026-01-26 12:18:46
2006,PC Portable,0.0,243.5,0.0,0.0,2026-01-26 03:00:00,2026-01-26 12:18:46
2007,Lampe Cuisine,0.0,242.7,0.0,0.0,2026-01-26 03:00:00,2026-01-26 12:18:46
2008,Lampe Chambre,0.0,243.9,0.0,0.0,2026-01-26 03:00:00,2026-01-26 12:18:46
2001,TV Salle à manger,0.007,244.3,0.0,0.0,2026-01-26 04:00:00,2026-01-26 13:20:07
2002,Ecran,0.0,243.9,0.0,0.0,2026-01-26 04:00:00,2026-01-26 13:20:07
2003,Telephone / Tablette,0.0,243.5,0.0,0.0,2026-01-26 04:00:00,2026-01-26 13:20:07
2004,Cafetiere,0.0,243.5,0.0,0.0,2026-01-26 04:00:00,2026-01-26 13:20:07
2005,Lampe Salle à manger,0.0,243.3,0.0,0.0,2026-01-26 04:00:00,2026-01-26 13:20:07
2006,PC Portable,0.0,244.2,0.0,0.0,2026-01-26 04:00:00,2026-01-26 13:20:07
2007,Lampe Cuisine,0.0,243.4,0.0,0.0,2026-01-26 04:00:00,2026-01-26 13:20:07
2008,Lampe Chambre,0.0,244.6,0.0,0.0,2026-01-26 04:00:00,2026-01-26 13:20:07
2001,TV Salle à manger,0.009,244.7,0.0,0.0,2026-01-26 05:00:00,2026-01-26 14:21:39
2002,Ecran,0.0,244.3,0.0,0.0,2026-01-26 05:00:00,2026-01-26 14:21:39
2003,Telephone / Tablette,0.0,244.0,0.0,0.0,2026-01-26 05:00:00,2026-01-26 14:21:39
2004,Cafetiere,0.0,243.9,0.0,0.0,2026-01-26 05:00:00,2026-01-26 14:21:39
2005,Lampe Salle à manger,0.0,243.7,0.0,0.0,2026-01-26 05:00:00,2026-01-26 14:21:39
2006,PC Portable,0.0,244.6,0.0,0.0,2026-01-26 05:00:00,2026-01-26 14:21:39
2007,Lampe Cuisine,0.0,243.8,0.0,0.0,2026-01-26 05:00:00,2026-01-26 14:21:39
2008,Lampe Chambre,0.0,245.0,0.0,0.0,2026-01-26 05:00:00,2026-01-26 14:21:39
2001,TV Salle à manger,0.007,244.5,0.0,0.0,2026-01-26 06:00:00,2026-01-26 15:22:19
2002,Ecran,0.0,244.0,0.0,0.0,2026-01-26 06:00:00,2026-01-26 15:22:19
2003,Telephone / Tablette,0.0,243.6,0.0,0.0,2026-01-26 06:00:00,2026-01-26 15:22:19
2004,Cafetiere,0.0,243.6,0.0,0.0,2026-01-26 06:00:00,2026-01-26 15:22:19
2005,Lampe Salle à manger,0.0,243.4,0.0,0.0,2026-01-26 06:00:00,2026-01-26 15:22:19
2006,PC Portable,0.0,244.4,0.0,0.0,2026-01-26 06:00:00,2026-01-26 15:22:19
2007,Lampe Cuisine,0.0,243.5,0.0,0.0,2026-01-26 06:00:00,2026-01-26 15:22:19
2008,Lampe Chambre,0.0,244.7,0.0,0.0,2026-01-26 06:00:00,2026-01-26 15:22:19
2001,TV Salle à manger,0.008,244.8,0.0,0.0,2026-01-26 07:00:00,2026-01-26 16:23:27
2002,Ecran,0.0,244.4,0.0,0.0,2026-01-26 07:00:00,2026-01-26 16:23:27
2003,Telephone / Tablette,0.0,244.0,0.0,0.0,2026-01-26 07:00:00,2026-01-26 16:23:27
2004,Cafetiere,0.0,244.0,0.0,0.0,2026-01-26 07:00:00,2026-01-26 16:23:27
2005,Lampe Salle à manger,0.0,243.8,0.0,0.0,2026-01-26 07:00:00,2026-01-26 16:23:27
2006,PC Portable,0.0,244.7,0.0,0.0,2026-01-26 07:00:00,2026-01-26 16:23:27
2007,Lampe Cuisine,0.0,243.9,0.0,0.0,2026-01-26 07:00:00,2026-01-26 16:23:27
2008,Lampe Chambre,0.0,245.1,0.0,0.0,2026-01-26 07:00:00,2026-01-26 16:23:27
2001,TV Salle à manger,0.009,244.9,0.0,0.0,2026-01-26 08:00:00,2026-01-26 17:23:57
2002,Ecran,0.0,244.4,0.0,0.0,2026-01-26 08:00:00,2026-01-26 17:23:57
2003,Telephone / Tablette,0.0,244.1,0.0,0.0,2026-01-26 08:00:00,2026-01-26 17:23:57
2004,Cafetiere,0.0,244.0,0.0,0.0,2026-01-26 08:00:00,2026-01-26 17:23:57
2005,Lampe Salle à manger,0.043,243.9,9.7,9.64,2026-01-26 08:00:00,2026-01-26 17:23:57
2006,PC Portable,0.0,244.8,0.0,0.0,2026-01-26 08:00:00,2026-01-26 17:23:57
2007,Lampe Cuisine,0.034,243.9,4.8,4.76,2026-01-26 08:00:00,2026-01-26 17:23:57
2008,Lampe Chambre,0.0,245.2,0.0,0.0,2026-01-26 08:00:00,2026-01-26 17:23:57
2001,TV Salle à manger,0.01,244.2,0.0,0.0,2026-01-26 09:00:00,2026-01-26 18:24:17
2002,Ecran,0.0,243.7,0.0,0.0,2026-01-26 09:00:00,2026-01-26 18:24:17
2003,Telephone / Tablette,0.0,243.4,0.0,0.0,2026-01-26 09:00:00,2026-01-26 18:24:17
2004,Cafetiere,0.0,243.3,0.0,0.0,2026-01-26 09:00:00,2026-01-26 18:24:17
2005,Lampe Salle à manger,0.05,243.2,11.3,11.09,2026-01-26 09:00:00,2026-01-26 18:24:17
2006,PC Portable,0.0,244.1,0.0,0.0,2026-01-26 09:00:00,2026-01-26 18:24:17
2007,Lampe Cuisine,0.039,243.3,5.4,5.37,2026-01-26 09:00:00,2026-01-26 18:24:17
2008,Lampe Chambre,0.0,244.5,0.0,0.0,2026-01-26 09:00:00,2026-01-26 18:24:17
2001,TV Salle à manger,0.01,243.3,0.0,0.02,2026-01-26 10:00:00,2026-01-26 19:24:41
2002,Ecran,0.0,242.8,0.0,0.0,2026-01-26 10:00:00,2026-01-26 19:24:41
2003,Telephone / Tablette,0.0,242.5,0.0,0.0,2026-01-26 10:00:00,2026-01-26 19:24:41
2004,Cafetiere,0.0,242.4,0.0,0.0,2026-01-26 10:00:00,2026-01-26 19:24:41
2005,Lampe Salle à manger,0.05,242.3,11.3,11.28,2026-01-26 10:00:00,2026-01-26 19:24:41
2006,PC Portable,0.0,243.2,0.0,0.0,2026-01-26 10:00:00,2026-01-26 19:24:41
2007,Lampe Cuisine,0.038,242.4,5.3,5.33,2026-01-26 10:00:00,2026-01-26 19:24:41
2008,Lampe Chambre,0.0,243.6,0.0,0.0,2026-01-26 10:00:00,2026-01-26 19:24:41
2001,TV Salle à manger,0.009,244.8,0.0,0.02,2026-01-26 11:00:00,2026-01-26 20:25:10
2002,Ecran,0.0,244.4,0.0,0.0,2026-01-26 11:00:00,2026-01-26 20:25:10
2003,Telephone / Tablette,0.0,244.0,0.0,0.0,2026-01-26 11:00:00,2026-01-26 20:25:10
2004,Cafetiere,0.0,243.9,0.0,0.0,2026-01-26 11:00:00,2026-01-26 20:25:10
2005,Lampe Salle à manger,0.05,243.8,11.3,11.28,2026-01-26 11:00:00,2026-01-26 20:25:10
2006,PC Portable,0.0,244.8,0.0,0.0,2026-01-26 11:00:00,2026-01-26 20:25:10
2007,Lampe Cuisine,0.039,243.9,5.4,5.37,2026-01-26 11:00:00,2026-01-26 20:25:10
2008,Lampe Chambre,0.0,245.1,0.0,0.0,2026-01-26 11:00:00,2026-01-26 20:25:10
2001,TV Salle à manger,0.254,242.9,54.5,54.47,2026-01-26 12:00:00,2026-01-26 21:25:26
2002,Ecran,0.0,242.6,0.0,0.0,2026-01-26 12:00:00,2026-01-26 21:25:26
2003,Telephone / Tablette,0.0,242.2,0.0,0.0,2026-01-26 12:00:00,2026-01-26 21:25:26
2004,Cafetiere,0.0,242.2,0.0,0.0,2026-01-26 12:00:00,2026-01-26 21:25:26
2005,Lampe Salle à manger,0.05,241.9,11.3,11.27,2026-01-26 12:00:00,2026-01-26 21:25:26
2006,PC Portable,0.0,242.9,0.0,0.0,2026-01-26 12:00:00,2026-01-26 21:25:26
2007,Lampe Cuisine,0.019,242.1,2.7,2.68,2026-01-26 12:00:00,2026-01-26 21:25:26
2008,Lampe Chambre,0.0,243.3,0.0,0.0,2026-01-26 12:00:00,2026-01-26 21:25:26
2001,TV Salle à manger,0.443,243.8,97.0,97.04,2026-01-26 13:00:00,2026-01-26 22:25:44
2002,Ecran,0.0,243.5,0.0,0.0,2026-01-26 13:00:00,2026-01-26 22:25:44
2003,Telephone / Tablette,0.0,243.2,0.0,0.0,2026-01-26 13:00:00,2026-01-26 22:25:44
2004,Cafetiere,0.0,243.1,0.0,0.0,2026-01-26 13:00:00,2026-01-26 22:25:44
2005,Lampe Salle à manger,0.05,242.8,11.3,11.27,2026-01-26 13:00:00,2026-01-26 22:25:44
2006,PC Portable,0.0,243.8,0.0,0.0,2026-01-26 13:00:00,2026-01-26 22:25:44
2007,Lampe Cuisine,0.0,243.0,0.0,0.0,2026-01-26 13:00:00,2026-01-26 22:25:44
2008,Lampe Chambre,0.0,244.2,0.0,0.0,2026-01-26 13:00:00,2026-01-26 22:25:44
2001,TV Salle à manger,0.43,243.2,93.8,93.75,2026-01-26 14:00:00,2026-01-26 23:25:59
2002,Ecran,0.0,242.8,0.0,0.0,2026-01-26 14:00:00,2026-01-26 23:25:59
2003,Telephone / Tablette,0.0,242.5,0.0,0.0,2026-01-26 14:00:00,2026-01-26 23:25:59
2004,Cafetiere,0.0,242.4,0.0,0.0,2026-01-26 14:00:00,2026-01-26 23:25:59
2005,Lampe Salle à manger,0.05,242.1,11.3,11.27,2026-01-26 14:00:00,2026-01-26 23:25:59
2006,PC Portable,0.0,243.2,0.0,0.0,2026-01-26 14:00:00,2026-01-26 23:25:59
2007,Lampe Cuisine,0.0,242.3,0.0,0.0,2026-01-26 14:00:00,2026-01-26 23:25:59
2008,Lampe Chambre,0.0,243.6,0.0,0.0,2026-01-26 14:00:00,2026-01-26 23:25:59
2001,TV Salle à manger,0.133,244.7,27.4,27.41,2026-01-26 15:00:00,2026-01-27 00:26:52
2002,Ecran,0.0,244.2,0.0,0.0,2026-01-26 15:00:00,2026-01-27 00:26:52
2003,Telephone / Tablette,0.0,243.9,0.0,0.0,2026-01-26 15:00:00,2026-01-27 00:26:52
2004,Cafetiere,0.0,243.9,0.0,0.0,2026-01-26 15:00:00,2026-01-27 00:26:52
2005,Lampe Salle à manger,0.035,243.6,7.9,7.89,2026-01-26 15:00:00,2026-01-27 00:26:52
2006,PC Portable,0.162,244.6,21.1,21.06,2026-01-26 15:00:00,2026-01-27 00:26:52
2007,Lampe Cuisine,0.0,243.8,0.0,0.0,2026-01-26 15:00:00,2026-01-27 00:26:52
2008,Lampe Chambre,0.009,245.0,1.2,1.25,2026-01-26 15:00:00,2026-01-27 00:26:52
2001,TV Salle à manger,0.008,245.4,0.0,0.02,2026-01-26 16:00:00,2026-01-27 01:27:28
2002,Ecran,0.0,244.9,0.0,0.0,2026-01-26 16:00:00,2026-01-27 01:27:28
2003,Telephone / Tablette,0.0,244.5,0.0,0.0,2026-01-26 16:00:00,2026-01-27 01:27:28
2004,Cafetiere,0.0,244.5,0.0,0.0,2026-01-26 16:00:00,2026-01-27 01:27:28
2005,Lampe Salle à manger,0.0,244.3,0.0,0.0,2026-01-26 16:00:00,2026-01-27 01:27:28
2006,PC Portable,0.147,245.2,17.2,17.17,2026-01-26 16:00:00,2026-01-27 01:27:28
2007,Lampe Cuisine,0.0,244.4,0.0,0.0,2026-01-26 16:00:00,2026-01-27 01:27:28
2008,Lampe Chambre,0.0,245.6,0.0,0.0,2026-01-26 16:00:00,2026-01-27 01:27:28
2001,TV Salle à manger,0.012,244.8,0.0,0.04,2026-01-26 17:00:00,2026-01-27 02:27:46
2002,Ecran,0.0,244.3,0.0,0.0,2026-01-26 17:00:00,2026-01-27 02:27:46
2003,Telephone / Tablette,0.0,244.0,0.0,0.0,2026-01-26 17:00:00,2026-01-27 02:27:46
2004,Cafetiere,0.0,243.9,0.0,0.0,2026-01-26 17:00:00,2026-01-27 02:27:46
2005,Lampe Salle à manger,0.0,243.7,0.0,0.0,2026-01-26 17:00:00,2026-01-27 02:27:46
2006,PC Portable,0.012,244.6,1.0,1.04,2026-01-26 17:00:00,2026-01-27 02:27:46
2007,Lampe Cuisine,0.0,243.8,0.0,0.0,2026-01-26 17:00:00,2026-01-27 02:27:46
2008,Lampe Chambre,0.0,245.1,0.0,0.0,2026-01-26 17:00:00,2026-01-27 02:27:46
2001,TV Salle à manger,0.012,244.7,0.0,0.0,2026-01-26 18:00:00,2026-01-27 03:28:06
2002,Ecran,0.0,244.2,0.0,0.0,2026-01-26 18:00:00,2026-01-27 03:28:06
2003,Telephone / Tablette,0.0,243.8,0.0,0.0,2026-01-26 18:00:00,2026-01-27 03:28:06
2004,Cafetiere,0.0,243.8,0.0,0.0,2026-01-26 18:00:00,2026-01-27 03:28:06
2005,Lampe Salle à manger,0.018,243.6,4.2,4.19,2026-01-26 18:00:00,2026-01-27 03:28:06
2006,PC Portable,0.0,244.5,0.0,0.0,2026-01-26 18:00:00,2026-01-27 03:28:06
2007,Lampe Cuisine,0.021,243.7,3.0,2.95,2026-01-26 18:00:00,2026-01-27 03:28:06
2008,Lampe Chambre,0.0,244.9,0.0,0.0,2026-01-26 18:00:00,2026-01-27 03:28:06
2001,TV Salle à manger,0.01,245.0,0.0,0.0,2026-01-26 19:00:00,2026-01-27 04:28:21
2002,Ecran,0.0,244.5,0.0,0.0,2026-01-26 19:00:00,2026-01-27 04:28:21
2003,Telephone / Tablette,0.0,244.2,0.0,0.0,2026-01-26 19:00:00,2026-01-27 04:28:21
2004,Cafetiere,0.0,244.1,0.0,0.0,2026-01-26 19:00:00,2026-01-27 04:28:21
2005,Lampe Salle à manger,0.0,243.9,0.0,0.0,2026-01-26 19:00:00,2026-01-27 04:28:21
2006,PC Portable,0.0,244.8,0.0,0.0,2026-01-26 19:00:00,2026-01-27 04:28:21
2007,Lampe Cuisine,0.0,244.0,0.0,0.0,2026-01-26 19:00:00,2026-01-27 04:28:21
2008,Lampe Chambre,0.0,245.2,0.0,0.0,2026-01-26 19:00:00,2026-01-27 04:28:21
2001,TV Salle à manger,0.009,243.9,0.0,0.0,2026-01-26 20:00:00,2026-01-27 05:28:45
2002,Ecran,0.0,243.5,0.0,0.0,2026-01-26 20:00:00,2026-01-27 05:28:45
2003,Telephone / Tablette,0.0,243.2,0.0,0.0,2026-01-26 20:00:00,2026-01-27 05:28:45
2004,Cafetiere,0.064,243.1,9.0,8.99,2026-01-26 20:00:00,2026-01-27 05:28:45
2005,Lampe Salle à manger,0.047,242.9,10.6,10.58,2026-01-26 20:00:00,2026-01-27 05:28:45
2006,PC Portable,0.0,243.8,0.0,0.0,2026-01-26 20:00:00,2026-01-27 05:28:45
2007,Lampe Cuisine,0.001,243.0,0.2,0.18,2026-01-26 20:00:00,2026-01-27 05:28:45
2008,Lampe Chambre,0.0,244.2,0.0,0.0,2026-01-26 20:00:00,2026-01-27 05:28:45
2001,TV Salle à manger,0.009,242.7,0.0,0.0,2026-01-26 21:00:00,2026-01-27 06:29:00
2002,Ecran,0.0,242.3,0.0,0.0,2026-01-26 21:00:00,2026-01-27 06:29:00
2003,Telephone / Tablette,0.0,242.0,0.0,0.0,2026-01-26 21:00:00,2026-01-27 06:29:00
2004,Cafetiere,0.0,241.9,0.0,0.0,2026-01-26 21:00:00,2026-01-27 06:29:00
2005,Lampe Salle à manger,0.05,241.7,11.3,11.28,2026-01-26 21:00:00,2026-01-27 06:29:00
2006,PC Portable,0.0,242.7,0.0,0.0,2026-01-26 21:00:00,2026-01-27 06:29:00
2007,Lampe Cuisine,0.006,241.8,0.8,0.79,2026-01-26 21:00:00,2026-01-27 06:29:00
2008,Lampe Chambre,0.0,243.0,0.0,0.0,2026-01-26 21:00:00,2026-01-27 06:29:00
2001,TV Salle à manger,0.008,242.9,0.0,0.0,2026-01-26 22:00:00,2026-01-27 07:29:57
2002,Ecran,0.0,242.5,0.0,0.0,2026-01-26 22:00:00,2026-01-27 07:29:57
2003,Telephone / Tablette,0.0,242.2,0.0,0.0,2026-01-26 22:00:00,2026-01-27 07:29:57
2004,Cafetiere,0.0,242.1,0.0,0.0,2026-01-26 22:00:00,2026-01-27 07:29:57
2005,Lampe Salle à manger,0.05,241.9,11.3,11.28,2026-01-26 22:00:00,2026-01-27 07:29:57
2006,PC Portable,0.0,242.8,0.0,0.0,2026-01-26 22:00:00,2026-01-27 07:29:57
2007,Lampe Cuisine,0.0,242.0,0.0,0.0,2026-01-26 22:00:00,2026-01-27 07:29:57
2008,Lampe Chambre,0.0,243.2,0.0,0.0,2026-01-26 22:00:00,2026-01-27 07:29:57
2001,TV Salle à manger,0.011,242.5,0.0,0.0,2026-01-26 23:00:00,2026-01-27 08:31:28
2002,Ecran,0.0,242.1,0.0,0.0,2026-01-26 23:00:00,2026-01-27 08:31:28
2003,Telephone / Tablette,0.0,241.7,0.0,0.0,2026-01-26 23:00:00,2026-01-27 08:31:28
2004,Cafetiere,0.0,241.7,0.0,0.0,2026-01-26 23:00:00,2026-01-27 08:31:28
2005,Lampe Salle à manger,0.05,241.5,11.3,11.29,2026-01-26 23:00:00,2026-01-27 08:31:28
2006,PC Portable,0.0,242.4,0.0,0.0,2026-01-26 23:00:00,2026-01-27 08:31:28
2007,Lampe Cuisine,0.0,241.5,0.0,0.0,2026-01-26 23:00:00,2026-01-27 08:31:28
2008,Lampe Chambre,0.0,242.8,0.0,0.0,2026-01-26 23:00:00,2026-01-27 08:31:28
2001,TV Salle à manger,0.012,242.2,0.0,0.0,2026-01-27 00:00:00,2026-01-27 09:32:06
2002,Ecran,0.033,241.7,4.1,4.05,2026-01-27 00:00:00,2026-01-27 09:32:06
2003,Telephone / Tablette,0.0,241.4,0.0,0.0,2026-01-27 00:00:00,2026-01-27 09:32:06
2004,Cafetiere,0.0,241.4,0.0,0.0,2026-01-27 00:00:00,2026-01-27 09:32:06
2005,Lampe Salle à manger,0.039,241.1,8.9,8.84,2026-01-27 00:00:00,2026-01-27 09:32:06
2006,PC Portable,0.079,242.1,9.8,9.83,2026-01-27 00:00:00,2026-01-27 09:32:06
2007,Lampe Cuisine,0.001,241.2,0.2,0.18,2026-01-27 00:00:00,2026-01-27 09:32:06
2008,Lampe Chambre,0.0,242.5,0.0,0.0,2026-01-27 00:00:00,2026-01-27 09:32:06
2001,TV Salle à manger,0.013,242.1,0.0,0.0,2026-01-27 01:00:00,2026-01-27 10:32:44
2002,Ecran,0.173,241.6,21.7,21.68,2026-01-27 01:00:00,2026-01-27 10:32:44
2003,Telephone / Tablette,0.0,241.3,0.0,0.0,2026-01-27 01:00:00,2026-01-27 10:32:44
2004,Cafetiere,0.107,241.3,25.6,25.61,2026-01-27 01:00:00,2026-01-27 10:32:44
2005,Lampe Salle à manger,0.0,241.1,0.0,0.0,2026-01-27 01:00:00,2026-01-27 10:32:44
2006,PC Portable,0.082,241.9,9.5,9.51,2026-01-27 01:00:00,2026-01-27 10:32:44
2007,Lampe Cuisine,0.008,241.1,1.1,1.06,2026-01-27 01:00:00,2026-01-27 10:32:44
2008,Lampe Chambre,0.0,242.4,0.0,0.0,2026-01-27 01:00:00,2026-01-27 10:32:44
2001,TV Salle à manger,0.011,241.6,0.0,0.0,2026-01-27 02:00:00,2026-01-27 11:33:20
2002,Ecran,0.175,241.2,21.6,21.65,2026-01-27 02:00:00,2026-01-27 11:33:20
2003,Telephone / Tablette,0.0,240.9,0.0,0.0,2026-01-27 02:00:00,2026-01-27 11:33:20
2004,Cafetiere,0.0,240.8,0.0,0.0,2026-01-27 02:00:00,2026-01-27 11:33:20
2005,Lampe Salle à manger,0.0,240.6,0.0,0.0,2026-01-27 02:00:00,2026-01-27 11:33:20
2006,PC Portable,0.0,241.5,0.0,0.0,2026-01-27 02:00:00,2026-01-27 11:33:20
2007,Lampe Cuisine,0.0,240.7,0.0,0.0,2026-01-27 02:00:00,2026-01-27 11:33:20
2008,Lampe Chambre,0.0,241.9,0.0,0.0,2026-01-27 02:00:00,2026-01-27 11:33:20
2001,TV Salle à manger,0.01,243.0,0.0,0.0,2026-01-27 03:00:00,2026-01-27 12:33:50
2002,Ecran,0.003,242.5,0.4,0.36,2026-01-27 03:00:00,2026-01-27 12:33:50
2003,Telephone / Tablette,0.0,242.1,0.0,0.0,2026-01-27 03:00:00,2026-01-27 12:33:50
2004,Cafetiere,0.0,242.1,0.0,0.0,2026-01-27 03:00:00,2026-01-27 12:33:50
2005,Lampe Salle à manger,0.0,241.9,0.0,0.0,2026-01-27 03:00:00,2026-01-27 12:33:50
2006,PC Portable,0.0,242.9,0.0,0.0,2026-01-27 03:00:00,2026-01-27 12:33:50
2007,Lampe Cuisine,0.0,242.0,0.0,0.0,2026-01-27 03:00:00,2026-01-27 12:33:50
2008,Lampe Chambre,0.0,243.2,0.0,0.0,2026-01-27 03:00:00,2026-01-27 12:33:50
2001,TV Salle à manger,0.01,244.9,0.0,0.0,2026-01-27 04:00:00,2026-01-27 13:34:16
2002,Ecran,0.0,244.5,0.0,0.0,2026-01-27 04:00:00,2026-01-27 13:34:16
2003,Telephone / Tablette,0.0,244.1,0.0,0.0,2026-01-27 04:00:00,2026-01-27 13:34:16
2004,Cafetiere,0.0,244.1,0.0,0.0,2026-01-27 04:00:00,2026-01-27 13:34:16
2005,Lampe Salle à manger,0.0,243.8,0.0,0.0,2026-01-27 04:00:00,2026-01-27 13:34:16
2006,PC Portable,0.0,244.8,0.0,0.0,2026-01-27 04:00:00,2026-01-27 13:34:16
2007,Lampe Cuisine,0.0,243.9,0.0,0.0,2026-01-27 04:00:00,2026-01-27 13:34:16
2008,Lampe Chambre,0.0,245.2,0.0,0.0,2026-01-27 04:00:00,2026-01-27 13:34:16
2001,TV Salle à manger,0.016,245.4,0.0,0.0,2026-01-27 05:00:00,2026-01-27 14:34:32
2002,Ecran,0.0,245.0,0.0,0.0,2026-01-27 05:00:00,2026-01-27 14:34:32
2003,Telephone / Tablette,0.0,244.6,0.0,0.0,2026-01-27 05:00:00,2026-01-27 14:34:32
2004,Cafetiere,0.0,244.6,0.0,0.0,2026-01-27 05:00:00,2026-01-27 14:34:32
2005,Lampe Salle à manger,0.0,244.3,0.0,0.0,2026-01-27 05:00:00,2026-01-27 14:34:32
2006,PC Portable,0.0,245.3,0.0,0.0,2026-01-27 05:00:00,2026-01-27 14:34:32
2007,Lampe Cuisine,0.0,244.4,0.0,0.0,2026-01-27 05:00:00,2026-01-27 14:34:32
2008,Lampe Chambre,0.0,245.7,0.0,0.0,2026-01-27 05:00:00,2026-01-27 14:34:32
2001,TV Salle à manger,0.008,246.0,0.0,0.0,2026-01-27 06:00:00,2026-01-27 15:34:52
2002,Ecran,0.082,245.5,10.5,10.53,2026-01-27 06:00:00,2026-01-27 15:34:52
2003,Telephone / Tablette,0.0,245.2,0.0,0.0,2026-01-27 06:00:00,2026-01-27 15:34:52
2004,Cafetiere,0.108,245.1,26.3,26.32,2026-01-27 06:00:00,2026-01-27 15:34:52
2005,Lampe Salle à manger,0.0,244.9,0.0,0.0,2026-01-27 06:00:00,2026-01-27 15:34:52
2006,PC Portable,0.0,245.9,0.0,0.0,2026-01-27 06:00:00,2026-01-27 15:34:52
2007,Lampe Cuisine,0.0,245.0,0.0,0.0,2026-01-27 06:00:00,2026-01-27 15:34:52
2008,Lampe Chambre,0.0,246.3,0.0,0.0,2026-01-27 06:00:00,2026-01-27 15:34:52
2001,TV Salle à manger,0.011,244.1,0.0,0.02,2026-01-27 07:00:00,2026-01-27 16:35:36
2002,Ecran,0.09,243.7,11.3,11.26,2026-01-27 07:00:00,2026-01-27 16:35:36
2003,Telephone / Tablette,0.0,243.3,0.0,0.0,2026-01-27 07:00:00,2026-01-27 16:35:36
2004,Cafetiere,0.0,243.3,0.0,0.0,2026-01-27 07:00:00,2026-01-27 16:35:36
2005,Lampe Salle à manger,0.0,243.1,0.0,0.0,2026-01-27 07:00:00,2026-01-27 16:35:36
2006,PC Portable,0.0,244.0,0.0,0.0,2026-01-27 07:00:00,2026-01-27 16:35:36
2007,Lampe Cuisine,0.0,243.1,0.0,0.0,2026-01-27 07:00:00,2026-01-27 16:35:36
2008,Lampe Chambre,0.0,244.4,0.0,0.0,2026-01-27 07:00:00,2026-01-27 16:35:36
2001,TV Salle à manger,0.009,243.3,0.0,0.0,2026-01-27 08:00:00,2026-01-27 17:36:04
2002,Ecran,0.174,242.8,21.7,21.72,2026-01-27 08:00:00,2026-01-27 17:36:04
2003,Telephone / Tablette,0.0,242.5,0.0,0.0,2026-01-27 08:00:00,2026-01-27 17:36:04
2004,Cafetiere,0.0,242.4,0.0,0.0,2026-01-27 08:00:00,2026-01-27 17:36:04
2005,Lampe Salle à manger,0.0,242.2,0.0,0.0,2026-01-27 08:00:00,2026-01-27 17:36:04
2006,PC Portable,0.0,243.1,0.0,0.0,2026-01-27 08:00:00,2026-01-27 17:36:04
2007,Lampe Cuisine,0.0,242.3,0.0,0.0,2026-01-27 08:00:00,2026-01-27 17:36:04
2008,Lampe Chambre,0.0,243.6,0.0,0.0,2026-01-27 08:00:00,2026-01-27 17:36:04
2001,TV Salle à manger,0.011,242.4,0.0,0.0,2026-01-27 09:00:00,2026-01-27 18:36:28
2002,Ecran,0.176,242.0,21.8,21.75,2026-01-27 09:00:00,2026-01-27 18:36:28
2003,Telephone / Tablette,0.0,241.7,0.0,0.0,2026-01-27 09:00:00,2026-01-27 18:36:28
2004,Cafetiere,0.0,241.6,0.0,0.0,2026-01-27 09:00:00,2026-01-27 18:36:28
2005,Lampe Salle à manger,0.0,241.4,0.0,0.0,2026-01-27 09:00:00,2026-01-27 18:36:28
2006,PC Portable,0.0,242.3,0.0,0.0,2026-01-27 09:00:00,2026-01-27 18:36:28
2007,Lampe Cuisine,0.022,241.5,3.1,3.09,2026-01-27 09:00:00,2026-01-27 18:36:28
2008,Lampe Chambre,0.02,242.7,2.8,2.81,2026-01-27 09:00:00,2026-01-27 18:36:28
2001,TV Salle à manger,0.01,244.6,0.0,0.02,2026-01-27 10:00:00,2026-01-27 19:36:47
2002,Ecran,0.175,244.1,21.8,21.79,2026-01-27 10:00:00,2026-01-27 19:36:47
2003,Telephone / Tablette,0.0,243.8,0.0,0.0,2026-01-27 10:00:00,2026-01-27 19:36:47
2004,Cafetiere,0.175,243.7,36.1,36.12,2026-01-27 10:00:00,2026-01-27 19:36:47
2005,Lampe Salle à manger,0.0,243.5,0.0,0.0,2026-01-27 10:00:00,2026-01-27 19:36:47
2006,PC Portable,0.0,244.4,0.0,0.0,2026-01-27 10:00:00,2026-01-27 19:36:47
2007,Lampe Cuisine,0.038,243.6,5.4,5.37,2026-01-27 10:00:00,2026-01-27 19:36:47
2008,Lampe Chambre,0.037,244.9,5.4,5.34,2026-01-27 10:00:00,2026-01-27 19:36:47
2001,TV Salle à manger,0.009,244.4,0.0,0.0,2026-01-27 11:00:00,2026-01-27 20:37:03
2002,Ecran,0.174,243.9,21.8,21.77,2026-01-27 11:00:00,2026-01-27 20:37:03
2003,Telephone / Tablette,0.0,243.6,0.0,0.0,2026-01-27 11:00:00,2026-01-27 20:37:03
2004,Cafetiere,0.0,243.5,0.0,0.0,2026-01-27 11:00:00,2026-01-27 20:37:03
2005,Lampe Salle à manger,0.0,243.3,0.0,0.0,2026-01-27 11:00:00,2026-01-27 20:37:03
2006,PC Portable,0.0,244.2,0.0,0.0,2026-01-27 11:00:00,2026-01-27 20:37:03
2007,Lampe Cuisine,0.038,243.4,5.4,5.37,2026-01-27 11:00:00,2026-01-27 20:37:03
2008,Lampe Chambre,0.037,244.7,5.3,5.33,2026-01-27 11:00:00,2026-01-27 20:37:03
2001,TV Salle à manger,0.01,245.8,0.0,0.0,2026-01-27 12:00:00,2026-01-27 21:37:25
2002,Ecran,0.173,245.3,21.8,21.78,2026-01-27 12:00:00,2026-01-27 21:37:25
2003,Telephone / Tablette,0.0,245.0,0.0,0.0,2026-01-27 12:00:00,2026-01-27 21:37:25
2004,Cafetiere,0.0,245.0,0.0,0.0,2026-01-27 12:00:00,2026-01-27 21:37:25
2005,Lampe Salle à manger,0.04,244.7,9.1,9.08,2026-01-27 12:00:00,2026-01-27 21:37:25
2006,PC Portable,0.0,245.6,0.0,0.0,2026-01-27 12:00:00,2026-01-27 21:37:25
2007,Lampe Cuisine,0.007,244.8,1.0,0.99,2026-01-27 12:00:00,2026-01-27 21:37:25
2008,Lampe Chambre,0.007,246.1,1.1,1.07,2026-01-27 12:00:00,2026-01-27 21:37:25
2001,TV Salle à manger,0.009,246.8,0.0,0.04,2026-01-27 13:00:00,2026-01-27 22:37:44
2002,Ecran,0.171,246.3,21.7,21.72,2026-01-27 13:00:00,2026-01-27 22:37:44
2003,Telephone / Tablette,0.0,246.0,0.0,0.0,2026-01-27 13:00:00,2026-01-27 22:37:44
2004,Cafetiere,0.0,245.9,0.0,0.0,2026-01-27 13:00:00,2026-01-27 22:37:44
2005,Lampe Salle à manger,0.049,245.7,11.3,11.29,2026-01-27 13:00:00,2026-01-27 22:37:44
2006,PC Portable,0.0,246.6,0.0,0.0,2026-01-27 13:00:00,2026-01-27 22:37:44
2007,Lampe Cuisine,0.0,245.8,0.0,0.0,2026-01-27 13:00:00,2026-01-27 22:37:44
2008,Lampe Chambre,0.0,247.1,0.0,0.0,2026-01-27 13:00:00,2026-01-27 22:37:44
2001,TV Salle à manger,0.012,246.1,0.0,0.0,2026-01-27 14:00:00,2026-01-27 23:38:14
2002,Ecran,0.137,245.7,17.4,17.42,2026-01-27 14:00:00,2026-01-27 23:38:14
2003,Telephone / Tablette,0.0,245.4,0.0,0.0,2026-01-27 14:00:00,2026-01-27 23:38:14
2004,Cafetiere,0.0,245.3,0.0,0.0,2026-01-27 14:00:00,2026-01-27 23:38:14
2005,Lampe Salle à manger,0.049,245.1,11.3,11.29,2026-01-27 14:00:00,2026-01-27 23:38:14
2006,PC Portable,0.0,246.0,0.0,0.0,2026-01-27 14:00:00,2026-01-27 23:38:14
2007,Lampe Cuisine,0.008,245.2,1.2,1.16,2026-01-27 14:00:00,2026-01-27 23:38:14
2008,Lampe Chambre,0.022,246.5,3.2,3.21,2026-01-27 14:00:00,2026-01-27 23:38:14
2001,TV Salle à manger,0.01,245.1,0.0,0.02,2026-01-27 15:00:00,2026-01-28 00:38:53
2002,Ecran,0.0,244.7,0.0,0.0,2026-01-27 15:00:00,2026-01-28 00:38:53
2003,Telephone / Tablette,0.0,244.3,0.0,0.0,2026-01-27 15:00:00,2026-01-28 00:38:53
2004,Cafetiere,0.0,244.3,0.0,0.0,2026-01-27 15:00:00,2026-01-28 00:38:53
2005,Lampe Salle à manger,0.001,244.1,0.2,0.19,2026-01-27 15:00:00,2026-01-28 00:38:53
2006,PC Portable,0.0,245.0,0.0,0.0,2026-01-27 15:00:00,2026-01-28 00:38:53
2007,Lampe Cuisine,0.0,244.1,0.0,0.0,2026-01-27 15:00:00,2026-01-28 00:38:53
2008,Lampe Chambre,0.028,245.4,4.1,4.09,2026-01-27 15:00:00,2026-01-28 00:38:53
2001,TV Salle à manger,0.011,244.4,0.0,0.0,2026-01-27 16:00:00,2026-01-28 01:39:23
2002,Ecran,0.0,243.9,0.0,0.0,2026-01-27 16:00:00,2026-01-28 01:39:23
2003,Telephone / Tablette,0.0,243.6,0.0,0.0,2026-01-27 16:00:00,2026-01-28 01:39:23
2004,Cafetiere,0.0,243.6,0.0,0.0,2026-01-27 16:00:00,2026-01-28 01:39:23
2005,Lampe Salle à manger,0.0,243.4,0.0,0.0,2026-01-27 16:00:00,2026-01-28 01:39:23
2006,PC Portable,0.0,244.3,0.0,0.0,2026-01-27 16:00:00,2026-01-28 01:39:23
2007,Lampe Cuisine,0.0,243.5,0.0,0.0,2026-01-27 16:00:00,2026-01-28 01:39:23
2008,Lampe Chambre,0.0,244.7,0.0,0.0,2026-01-27 16:00:00,2026-01-28 01:39:23
2001,TV Salle à manger,0.01,245.2,0.0,0.0,2026-01-27 17:00:00,2026-01-28 02:39:41
2002,Ecran,0.0,244.8,0.0,0.0,2026-01-27 17:00:00,2026-01-28 02:39:41
2003,Telephone / Tablette,0.0,244.4,0.0,0.0,2026-01-27 17:00:00,2026-01-28 02:39:41
2004,Cafetiere,0.0,244.4,0.0,0.0,2026-01-27 17:00:00,2026-01-28 02:39:41
2005,Lampe Salle à manger,0.0,244.2,0.0,0.0,2026-01-27 17:00:00,2026-01-28 02:39:41
2006,PC Portable,0.0,245.1,0.0,0.0,2026-01-27 17:00:00,2026-01-28 02:39:41
2007,Lampe Cuisine,0.0,244.3,0.0,0.0,2026-01-27 17:00:00,2026-01-28 02:39:41
2008,Lampe Chambre,0.0,245.5,0.0,0.0,2026-01-27 17:00:00,2026-01-28 02:39:41
2001,TV Salle à manger,0.011,245.6,0.0,0.0,2026-01-27 18:00:00,2026-01-28 03:40:36
2002,Ecran,0.0,245.2,0.0,0.0,2026-01-27 18:00:00,2026-01-28 03:40:36
2003,Telephone / Tablette,0.0,244.8,0.0,0.0,2026-01-27 18:00:00,2026-01-28 03:40:36
2004,Cafetiere,0.0,244.7,0.0,0.0,2026-01-27 18:00:00,2026-01-28 03:40:36
2005,Lampe Salle à manger,0.0,244.5,0.0,0.0,2026-01-27 18:00:00,2026-01-28 03:40:36
2006,PC Portable,0.0,245.5,0.0,0.0,2026-01-27 18:00:00,2026-01-28 03:40:36
2007,Lampe Cuisine,0.0,244.6,0.0,0.0,2026-01-27 18:00:00,2026-01-28 03:40:36
2008,Lampe Chambre,0.0,245.9,0.0,0.0,2026-01-27 18:00:00,2026-01-28 03:40:36
2001,TV Salle à manger,0.011,245.6,0.0,0.02,2026-01-27 19:00:00,2026-01-28 04:40:59
2002,Ecran,0.0,245.1,0.0,0.0,2026-01-27 19:00:00,2026-01-28 04:40:59
2003,Telephone / Tablette,0.0,244.8,0.0,0.0,2026-01-27 19:00:00,2026-01-28 04:40:59
2004,Cafetiere,0.0,244.7,0.0,0.0,2026-01-27 19:00:00,2026-01-28 04:40:59
2005,Lampe Salle à manger,0.0,244.5,0.0,0.0,2026-01-27 19:00:00,2026-01-28 04:40:59
2006,PC Portable,0.0,245.5,0.0,0.0,2026-01-27 19:00:00,2026-01-28 04:40:59
2007,Lampe Cuisine,0.0,244.6,0.0,0.0,2026-01-27 19:00:00,2026-01-28 04:40:59
2008,Lampe Chambre,0.0,245.9,0.0,0.0,2026-01-27 19:00:00,2026-01-28 04:40:59
2001,TV Salle à manger,0.01,244.2,0.0,0.0,2026-01-27 20:00:00,2026-01-28 05:41:37
2002,Ecran,0.0,243.8,0.0,0.0,2026-01-27 20:00:00,2026-01-28 05:41:37
2003,Telephone / Tablette,0.0,243.4,0.0,0.0,2026-01-27 20:00:00,2026-01-28 05:41:37
2004,Cafetiere,0.0,243.4,0.0,0.0,2026-01-27 20:00:00,2026-01-28 05:41:37
2005,Lampe Salle à manger,0.0,243.1,0.0,0.0,2026-01-27 20:00:00,2026-01-28 05:41:37
2006,PC Portable,0.0,244.1,0.0,0.0,2026-01-27 20:00:00,2026-01-28 05:41:37
2007,Lampe Cuisine,0.0,243.2,0.0,0.0,2026-01-27 20:00:00,2026-01-28 05:41:37
2008,Lampe Chambre,0.0,244.5,0.0,0.0,2026-01-27 20:00:00,2026-01-28 05:41:37
2001,TV Salle à manger,0.01,242.9,0.0,0.0,2026-01-27 21:00:00,2026-01-28 06:41:51
2002,Ecran,0.0,242.4,0.0,0.0,2026-01-27 21:00:00,2026-01-28 06:41:51
2003,Telephone / Tablette,0.0,242.1,0.0,0.0,2026-01-27 21:00:00,2026-01-28 06:41:51
2004,Cafetiere,0.0,242.0,0.0,0.0,2026-01-27 21:00:00,2026-01-28 06:41:51
2005,Lampe Salle à manger,0.0,241.8,0.0,0.0,2026-01-27 21:00:00,2026-01-28 06:41:51
2006,PC Portable,0.0,242.7,0.0,0.0,2026-01-27 21:00:00,2026-01-28 06:41:51
2007,Lampe Cuisine,0.0,241.9,0.0,0.0,2026-01-27 21:00:00,2026-01-28 06:41:51
2008,Lampe Chambre,0.0,243.2,0.0,0.0,2026-01-27 21:00:00,2026-01-28 06:41:51
2001,TV Salle à manger,0.01,242.9,0.0,0.0,2026-01-27 22:00:00,2026-01-28 07:42:24
2002,Ecran,0.0,242.4,0.0,0.0,2026-01-27 22:00:00,2026-01-28 07:42:24
2003,Telephone / Tablette,0.0,242.1,0.0,0.0,2026-01-27 22:00:00,2026-01-28 07:42:24
2004,Cafetiere,0.0,242.1,0.0,0.0,2026-01-27 22:00:00,2026-01-28 07:42:24
2005,Lampe Salle à manger,0.0,241.8,0.0,0.0,2026-01-27 22:00:00,2026-01-28 07:42:24
2006,PC Portable,0.0,242.8,0.0,0.0,2026-01-27 22:00:00,2026-01-28 07:42:24
2007,Lampe Cuisine,0.0,241.9,0.0,0.0,2026-01-27 22:00:00,2026-01-28 07:42:24
2008,Lampe Chambre,0.0,243.2,0.0,0.0,2026-01-27 22:00:00,2026-01-28 07:42:24
2001,TV Salle à manger,0.011,243.3,0.0,0.02,2026-01-27 23:00:00,2026-01-28 08:42:56
2002,Ecran,0.0,242.9,0.0,0.0,2026-01-27 23:00:00,2026-01-28 08:42:56
2003,Telephone / Tablette,0.0,242.5,0.0,0.0,2026-01-27 23:00:00,2026-01-28 08:42:56
2004,Cafetiere,0.0,242.5,0.0,0.0,2026-01-27 23:00:00,2026-01-28 08:42:56
2005,Lampe Salle à manger,0.0,242.3,0.0,0.0,2026-01-27 23:00:00,2026-01-28 08:42:56
2006,PC Portable,0.0,243.2,0.0,0.0,2026-01-27 23:00:00,2026-01-28 08:42:56
2007,Lampe Cuisine,0.0,242.4,0.0,0.0,2026-01-27 23:00:00,2026-01-28 08:42:56
2008,Lampe Chambre,0.0,243.6,0.0,0.0,2026-01-27 23:00:00,2026-01-28 08:42:56
2001,TV Salle à manger,0.01,243.4,0.0,0.0,2026-01-28 00:00:00,2026-01-28 09:43:10
2002,Ecran,0.0,243.0,0.0,0.0,2026-01-28 00:00:00,2026-01-28 09:43:10
2003,Telephone / Tablette,0.0,242.6,0.0,0.0,2026-01-28 00:00:00,2026-01-28 09:43:10
2004,Cafetiere,0.0,242.6,0.0,0.0,2026-01-28 00:00:00,2026-01-28 09:43:10
2005,Lampe Salle à manger,0.0,242.3,0.0,0.0,2026-01-28 00:00:00,2026-01-28 09:43:10
2006,PC Portable,0.0,243.3,0.0,0.0,2026-01-28 00:00:00,2026-01-28 09:43:10
2007,Lampe Cuisine,0.0,242.4,0.0,0.0,2026-01-28 00:00:00,2026-01-28 09:43:10
2008,Lampe Chambre,0.0,243.7,0.0,0.0,2026-01-28 00:00:00,2026-01-28 09:43:10
2001,TV Salle à manger,0.011,242.8,0.0,0.02,2026-01-28 01:00:00,2026-01-28 10:43:24
2002,Ecran,0.0,242.3,0.0,0.0,2026-01-28 01:00:00,2026-01-28 10:43:24
2003,Telephone / Tablette,0.0,242.0,0.0,0.0,2026-01-28 01:00:00,2026-01-28 10:43:24
2004,Cafetiere,0.0,241.9,0.0,0.0,2026-01-28 01:00:00,2026-01-28 10:43:24
2005,Lampe Salle à manger,0.0,241.7,0.0,0.0,2026-01-28 01:00:00,2026-01-28 10:43:24
2006,PC Portable,0.0,242.7,0.0,0.0,2026-01-28 01:00:00,2026-01-28 10:43:24
2007,Lampe Cuisine,0.0,241.8,0.0,0.0,2026-01-28 01:00:00,2026-01-28 10:43:24
2008,Lampe Chambre,0.0,243.1,0.0,0.0,2026-01-28 01:00:00,2026-01-28 10:43:24
2001,TV Salle à manger,0.012,242.5,0.0,0.0,2026-01-28 02:00:00,2026-01-28 11:43:39
2002,Ecran,0.063,242.1,7.8,7.77,2026-01-28 02:00:00,2026-01-28 11:43:39
2003,Telephone / Tablette,0.006,241.7,0.5,0.47,2026-01-28 02:00:00,2026-01-28 11:43:39
2004,Cafetiere,0.0,241.7,0.0,0.0,2026-01-28 02:00:00,2026-01-28 11:43:39
2005,Lampe Salle à manger,0.0,241.5,0.0,0.0,2026-01-28 02:00:00,2026-01-28 11:43:39
2006,PC Portable,0.0,242.4,0.0,0.0,2026-01-28 02:00:00,2026-01-28 11:43:39
2007,Lampe Cuisine,0.016,241.6,2.2,2.2,2026-01-28 02:00:00,2026-01-28 11:43:39
2008,Lampe Chambre,0.0,242.8,0.0,0.0,2026-01-28 02:00:00,2026-01-28 11:43:39
2001,TV Salle à manger,0.01,242.3,0.0,0.0,2026-01-28 03:00:00,2026-01-28 12:43:59
2002,Ecran,0.0,241.8,0.0,0.0,2026-01-28 03:00:00,2026-01-28 12:43:59
2003,Telephone / Tablette,0.038,241.5,4.2,4.18,2026-01-28 03:00:00,2026-01-28 12:43:59
2004,Cafetiere,0.0,241.4,0.0,0.0,2026-01-28 03:00:00,2026-01-28 12:43:59
2005,Lampe Salle à manger,0.0,241.2,0.0,0.0,2026-01-28 03:00:00,2026-01-28 12:43:59
2006,PC Portable,0.0,242.1,0.0,0.0,2026-01-28 03:00:00,2026-01-28 12:43:59
2007,Lampe Cuisine,0.0,241.3,0.0,0.0,2026-01-28 03:00:00,2026-01-28 12:43:59
2008,Lampe Chambre,0.0,242.5,0.0,0.0,2026-01-28 03:00:00,2026-01-28 12:43:59
2001,TV Salle à manger,0.01,242.4,0.0,0.0,2026-01-28 04:00:00,2026-01-28 13:44:15
2002,Ecran,0.0,241.9,0.0,0.0,2026-01-28 04:00:00,2026-01-28 13:44:15
2003,Telephone / Tablette,0.007,241.6,0.7,0.74,2026-01-28 04:00:00,2026-01-28 13:44:15
2004,Cafetiere,0.0,241.5,0.0,0.0,2026-01-28 04:00:00,2026-01-28 13:44:15
2005,Lampe Salle à manger,0.0,241.3,0.0,0.0,2026-01-28 04:00:00,2026-01-28 13:44:15
2006,PC Portable,0.0,242.3,0.0,0.0,2026-01-28 04:00:00,2026-01-28 13:44:15
2007,Lampe Cuisine,0.023,241.4,3.2,3.17,2026-01-28 04:00:00,2026-01-28 13:44:15
2008,Lampe Chambre,0.0,242.7,0.0,0.0,2026-01-28 04:00:00,2026-01-28 13:44:15
2001,TV Salle à manger,0.011,243.4,0.0,0.02,2026-01-28 05:00:00,2026-01-28 14:44:30
2002,Ecran,0.0,242.9,0.0,0.0,2026-01-28 05:00:00,2026-01-28 14:44:30
2003,Telephone / Tablette,0.0,242.6,0.0,0.0,2026-01-28 05:00:00,2026-01-28 14:44:30
2004,Cafetiere,0.0,242.5,0.0,0.0,2026-01-28 05:00:00,2026-01-28 14:44:30
2005,Lampe Salle à manger,0.0,242.3,0.0,0.0,2026-01-28 05:00:00,2026-01-28 14:44:30
2006,PC Portable,0.0,243.3,0.0,0.0,2026-01-28 05:00:00,2026-01-28 14:44:30
2007,Lampe Cuisine,0.039,242.4,5.3,5.33,2026-01-28 05:00:00,2026-01-28 14:44:30
2008,Lampe Chambre,0.0,243.7,0.0,0.0,2026-01-28 05:00:00,2026-01-28 14:44:30
2001,TV Salle à manger,0.009,243.9,0.0,0.0,2026-01-28 06:00:00,2026-01-28 15:44:44
2002,Ecran,0.0,243.5,0.0,0.0,2026-01-28 06:00:00,2026-01-28 15:44:44
2003,Telephone / Tablette,0.004,243.1,0.4,0.44,2026-01-28 06:00:00,2026-01-28 15:44:44
2004,Cafetiere,0.0,243.0,0.0,0.0,2026-01-28 06:00:00,2026-01-28 15:44:44
2005,Lampe Salle à manger,0.0,242.9,0.0,0.0,2026-01-28 06:00:00,2026-01-28 15:44:44
2006,PC Portable,0.0,243.8,0.0,0.0,2026-01-28 06:00:00,2026-01-28 15:44:44
2007,Lampe Cuisine,0.027,242.9,3.7,3.74,2026-01-28 06:00:00,2026-01-28 15:44:44
2008,Lampe Chambre,0.0,244.2,0.0,0.0,2026-01-28 06:00:00,2026-01-28 15:44:44
2001,TV Salle à manger,0.011,244.0,0.0,0.0,2026-01-28 07:00:00,2026-01-28 16:44:58
2002,Ecran,0.0,243.5,0.0,0.0,2026-01-28 07:00:00,2026-01-28 16:44:58
2003,Telephone / Tablette,0.04,243.2,4.5,4.45,2026-01-28 07:00:00,2026-01-28 16:44:58
2004,Cafetiere,0.0,243.1,0.0,0.0,2026-01-28 07:00:00,2026-01-28 16:44:58
2005,Lampe Salle à manger,0.0,242.9,0.0,0.0,2026-01-28 07:00:00,2026-01-28 16:44:58
2006,PC Portable,0.0,243.9,0.0,0.0,2026-01-28 07:00:00,2026-01-28 16:44:58
2007,Lampe Cuisine,0.001,243.0,0.1,0.09,2026-01-28 07:00:00,2026-01-28 16:44:58
2008,Lampe Chambre,0.0,244.3,0.0,0.0,2026-01-28 07:00:00,2026-01-28 16:44:58
2001,TV Salle à manger,0.012,243.9,0.0,0.0,2026-01-28 08:00:00,2026-01-28 17:45:12
2002,Ecran,0.0,243.5,0.0,0.0,2026-01-28 08:00:00,2026-01-28 17:45:12
2003,Telephone / Tablette,0.039,243.1,4.2,4.22,2026-01-28 08:00:00,2026-01-28 17:45:12
2004,Cafetiere,0.0,243.1,0.0,0.0,2026-01-28 08:00:00,2026-01-28 17:45:12
2005,Lampe Salle à manger,0.0,242.8,0.0,0.0,2026-01-28 08:00:00,2026-01-28 17:45:12
2006,PC Portable,0.0,243.8,0.0,0.0,2026-01-28 08:00:00,2026-01-28 17:45:12
2007,Lampe Cuisine,0.028,243.0,3.9,3.91,2026-01-28 08:00:00,2026-01-28 17:45:12
2008,Lampe Chambre,0.0,244.2,0.0,0.0,2026-01-28 08:00:00,2026-01-28 17:45:12
2001,TV Salle à manger,0.01,243.4,0.0,0.0,2026-01-28 09:00:00,2026-01-28 18:45:27
2002,Ecran,0.0,242.9,0.0,0.0,2026-01-28 09:00:00,2026-01-28 18:45:27
2003,Telephone / Tablette,0.036,242.6,3.9,3.85,2026-01-28 09:00:00,2026-01-28 18:45:27
2004,Cafetiere,0.0,242.5,0.0,0.0,2026-01-28 09:00:00,2026-01-28 18:45:27
2005,Lampe Salle à manger,0.009,242.3,2.1,2.12,2026-01-28 09:00:00,2026-01-28 18:45:27
2006,PC Portable,0.0,243.3,0.0,0.0,2026-01-28 09:00:00,2026-01-28 18:45:27
2007,Lampe Cuisine,0.013,242.4,1.8,1.78,2026-01-28 09:00:00,2026-01-28 18:45:27
2008,Lampe Chambre,0.0,243.6,0.0,0.0,2026-01-28 09:00:00,2026-01-28 18:45:27
2001,TV Salle à manger,0.393,245.2,88.1,88.11,2026-01-28 10:00:00,2026-01-28 19:46:07
2002,Ecran,0.0,244.9,0.0,0.0,2026-01-28 10:00:00,2026-01-28 19:46:07
2003,Telephone / Tablette,0.0,244.5,0.0,0.0,2026-01-28 10:00:00,2026-01-28 19:46:07
2004,Cafetiere,0.0,244.4,0.0,0.0,2026-01-28 10:00:00,2026-01-28 19:46:07
2005,Lampe Salle à manger,0.05,244.1,11.3,11.3,2026-01-28 10:00:00,2026-01-28 19:46:07
2006,PC Portable,0.0,245.2,0.0,0.0,2026-01-28 10:00:00,2026-01-28 19:46:07
2007,Lampe Cuisine,0.039,244.3,5.4,5.39,2026-01-28 10:00:00,2026-01-28 19:46:07
2008,Lampe Chambre,0.0,245.6,0.0,0.0,2026-01-28 10:00:00,2026-01-28 19:46:07
2001,TV Salle à manger,0.711,244.2,161.0,161.04,2026-01-28 11:00:00,2026-01-28 20:46:45
2002,Ecran,0.0,244.0,0.0,0.0,2026-01-28 11:00:00,2026-01-28 20:46:45
2003,Telephone / Tablette,0.0,243.6,0.0,0.0,2026-01-28 11:00:00,2026-01-28 20:46:45
2004,Cafetiere,0.0,243.6,0.0,0.0,2026-01-28 11:00:00,2026-01-28 20:46:45
2005,Lampe Salle à manger,0.05,243.2,11.3,11.27,2026-01-28 11:00:00,2026-01-28 20:46:45
2006,PC Portable,0.0,244.3,0.0,0.0,2026-01-28 11:00:00,2026-01-28 20:46:45
2007,Lampe Cuisine,0.021,243.5,2.9,2.87,2026-01-28 11:00:00,2026-01-28 20:46:45
2008,Lampe Chambre,0.0,244.7,0.0,0.03,2026-01-28 11:00:00,2026-01-28 20:46:45
2001,TV Salle à manger,0.165,244.3,35.1,35.06,2026-01-28 12:00:00,2026-01-28 21:47:52
2002,Ecran,0.039,243.9,4.8,4.84,2026-01-28 12:00:00,2026-01-28 21:47:52
2003,Telephone / Tablette,0.0,243.5,0.0,0.0,2026-01-28 12:00:00,2026-01-28 21:47:52
2004,Cafetiere,0.0,243.5,0.0,0.0,2026-01-28 12:00:00,2026-01-28 21:47:52
2005,Lampe Salle à manger,0.05,243.2,11.3,11.28,2026-01-28 12:00:00,2026-01-28 21:47:52
2006,PC Portable,0.0,244.2,0.0,0.0,2026-01-28 12:00:00,2026-01-28 21:47:52
2007,Lampe Cuisine,0.0,243.4,0.0,0.0,2026-01-28 12:00:00,2026-01-28 21:47:52
2008,Lampe Chambre,0.0,244.6,0.0,0.0,2026-01-28 12:00:00,2026-01-28 21:47:52
2001,TV Salle à manger,0.01,243.5,0.0,0.0,2026-01-28 13:00:00,2026-01-28 22:48:26
2002,Ecran,0.173,243.0,21.6,21.6,2026-01-28 13:00:00,2026-01-28 22:48:26
2003,Telephone / Tablette,0.0,242.7,0.0,0.0,2026-01-28 13:00:00,2026-01-28 22:48:26
2004,Cafetiere,0.0,242.7,0.0,0.0,2026-01-28 13:00:00,2026-01-28 22:48:26
2005,Lampe Salle à manger,0.05,242.4,11.3,11.28,2026-01-28 13:00:00,2026-01-28 22:48:26
2006,PC Portable,0.0,243.3,0.0,0.0,2026-01-28 13:00:00,2026-01-28 22:48:26
2007,Lampe Cuisine,0.0,242.6,0.0,0.0,2026-01-28 13:00:00,2026-01-28 22:48:26
2008,Lampe Chambre,0.0,243.8,0.0,0.0,2026-01-28 13:00:00,2026-01-28 22:48:26
2001,TV Salle à manger,0.011,244.0,0.0,0.02,2026-01-28 14:00:00,2026-01-28 23:48:49
2002,Ecran,0.164,243.5,20.3,20.3,2026-01-28 14:00:00,2026-01-28 23:48:49
2003,Telephone / Tablette,0.0,243.2,0.0,0.0,2026-01-28 14:00:00,2026-01-28 23:48:49
2004,Cafetiere,0.0,243.2,0.0,0.0,2026-01-28 14:00:00,2026-01-28 23:48:49
2005,Lampe Salle à manger,0.047,242.9,10.5,10.52,2026-01-28 14:00:00,2026-01-28 23:48:49
2006,PC Portable,0.0,243.8,0.0,0.0,2026-01-28 14:00:00,2026-01-28 23:48:49
2007,Lampe Cuisine,0.001,243.1,0.1,0.09,2026-01-28 14:00:00,2026-01-28 23:48:49
2008,Lampe Chambre,0.0,244.3,0.0,0.0,2026-01-28 14:00:00,2026-01-28 23:48:49
2001,TV Salle à manger,0.009,244.1,0.0,0.02,2026-01-28 15:00:00,2026-01-29 00:49:26
2002,Ecran,0.0,243.6,0.0,0.0,2026-01-28 15:00:00,2026-01-29 00:49:26
2003,Telephone / Tablette,0.0,243.3,0.0,0.0,2026-01-28 15:00:00,2026-01-29 00:49:26
2004,Cafetiere,0.0,243.2,0.0,0.0,2026-01-28 15:00:00,2026-01-29 00:49:26
2005,Lampe Salle à manger,0.0,243.0,0.0,0.0,2026-01-28 15:00:00,2026-01-29 00:49:26
2006,PC Portable,0.0,244.0,0.0,0.0,2026-01-28 15:00:00,2026-01-29 00:49:26
2007,Lampe Cuisine,0.001,243.1,0.1,0.09,2026-01-28 15:00:00,2026-01-29 00:49:26
2008,Lampe Chambre,0.004,244.4,0.6,0.61,2026-01-28 15:00:00,2026-01-29 00:49:26
2001,TV Salle à manger,0.011,243.1,0.0,0.0,2026-01-28 16:00:00,2026-01-29 01:50:46
2002,Ecran,0.0,242.7,0.0,0.0,2026-01-28 16:00:00,2026-01-29 01:50:46
2003,Telephone / Tablette,0.0,242.4,0.0,0.0,2026-01-28 16:00:00,2026-01-29 01:50:46
2004,Cafetiere,0.0,242.3,0.0,0.0,2026-01-28 16:00:00,2026-01-29 01:50:46
2005,Lampe Salle à manger,0.022,242.1,4.9,4.93,2026-01-28 16:00:00,2026-01-29 01:50:46
2006,PC Portable,0.0,243.1,0.0,0.0,2026-01-28 16:00:00,2026-01-29 01:50:46
2007,Lampe Cuisine,0.0,242.2,0.0,0.0,2026-01-28 16:00:00,2026-01-29 01:50:46
2008,Lampe Chambre,0.0,243.4,0.0,0.0,2026-01-28 16:00:00,2026-01-29 01:50:46
2001,TV Salle à manger,0.011,242.8,0.0,0.02,2026-01-28 17:00:00,2026-01-29 02:51:07
2002,Ecran,0.0,242.4,0.0,0.0,2026-01-28 17:00:00,2026-01-29 02:51:07
2003,Telephone / Tablette,0.0,242.1,0.0,0.0,2026-01-28 17:00:00,2026-01-29 02:51:07
2004,Cafetiere,0.0,242.0,0.0,0.0,2026-01-28 17:00:00,2026-01-29 02:51:07
2005,Lampe Salle à manger,0.05,241.8,11.3,11.29,2026-01-28 17:00:00,2026-01-29 02:51:07
2006,PC Portable,0.0,242.7,0.0,0.0,2026-01-28 17:00:00,2026-01-29 02:51:07
2007,Lampe Cuisine,0.009,241.9,1.2,1.23,2026-01-28 17:00:00,2026-01-29 02:51:07
2008,Lampe Chambre,0.0,243.1,0.0,0.0,2026-01-28 17:00:00,2026-01-29 02:51:07
2001,TV Salle à manger,0.01,243.0,0.0,0.0,2026-01-28 18:00:00,2026-01-29 03:52:41
2002,Ecran,0.0,242.6,0.0,0.0,2026-01-28 18:00:00,2026-01-29 03:52:41
2003,Telephone / Tablette,0.0,242.3,0.0,0.0,2026-01-28 18:00:00,2026-01-29 03:52:41
2004,Cafetiere,0.0,242.2,0.0,0.0,2026-01-28 18:00:00,2026-01-29 03:52:41
2005,Lampe Salle à manger,0.001,242.0,0.2,0.19,2026-01-28 18:00:00,2026-01-29 03:52:41
2006,PC Portable,0.0,243.0,0.0,0.0,2026-01-28 18:00:00,2026-01-29 03:52:41
2007,Lampe Cuisine,0.0,242.1,0.0,0.0,2026-01-28 18:00:00,2026-01-29 03:52:41
2008,Lampe Chambre,0.0,243.3,0.0,0.0,2026-01-28 18:00:00,2026-01-29 03:52:41
2001,TV Salle à manger,0.008,243.0,0.0,0.0,2026-01-28 19:00:00,2026-01-29 04:54:25
2002,Ecran,0.0,242.5,0.0,0.0,2026-01-28 19:00:00,2026-01-29 04:54:25
2003,Telephone / Tablette,0.0,242.2,0.0,0.0,2026-01-28 19:00:00,2026-01-29 04:54:25
2004,Cafetiere,0.0,242.2,0.0,0.0,2026-01-28 19:00:00,2026-01-29 04:54:25
2005,Lampe Salle à manger,0.0,241.9,0.0,0.0,2026-01-28 19:00:00,2026-01-29 04:54:25
2006,PC Portable,0.0,242.9,0.0,0.0,2026-01-28 19:00:00,2026-01-29 04:54:25
2007,Lampe Cuisine,0.0,242.1,0.0,0.0,2026-01-28 19:00:00,2026-01-29 04:54:25
2008,Lampe Chambre,0.0,243.3,0.0,0.0,2026-01-28 19:00:00,2026-01-29 04:54:25
2001,TV Salle à manger,0.011,242.2,0.0,0.02,2026-01-28 20:00:00,2026-01-29 05:55:22
2002,Ecran,0.0,241.7,0.0,0.0,2026-01-28 20:00:00,2026-01-29 05:55:22
2003,Telephone / Tablette,0.0,241.4,0.0,0.0,2026-01-28 20:00:00,2026-01-29 05:55:22
2004,Cafetiere,0.0,241.3,0.0,0.0,2026-01-28 20:00:00,2026-01-29 05:55:22
2005,Lampe Salle à manger,0.0,241.1,0.0,0.0,2026-01-28 20:00:00,2026-01-29 05:55:22
2006,PC Portable,0.0,242.1,0.0,0.0,2026-01-28 20:00:00,2026-01-29 05:55:22
2007,Lampe Cuisine,0.0,241.2,0.0,0.0,2026-01-28 20:00:00,2026-01-29 05:55:22
2008,Lampe Chambre,0.0,242.4,0.0,0.0,2026-01-28 20:00:00,2026-01-29 05:55:22
2001,TV Salle à manger,0.01,244.9,0.0,0.0,2026-01-28 21:00:00,2026-01-29 06:56:44
2002,Ecran,0.0,244.4,0.0,0.0,2026-01-28 21:00:00,2026-01-29 06:56:44
2003,Telephone / Tablette,0.0,244.1,0.0,0.0,2026-01-28 21:00:00,2026-01-29 06:56:44
2004,Cafetiere,0.0,244.1,0.0,0.0,2026-01-28 21:00:00,2026-01-29 06:56:44
2005,Lampe Salle à manger,0.0,243.8,0.0,0.0,2026-01-28 21:00:00,2026-01-29 06:56:44
2006,PC Portable,0.0,244.8,0.0,0.0,2026-01-28 21:00:00,2026-01-29 06:56:44
2007,Lampe Cuisine,0.0,243.9,0.0,0.0,2026-01-28 21:00:00,2026-01-29 06:56:44
2008,Lampe Chambre,0.0,245.2,0.0,0.0,2026-01-28 21:00:00,2026-01-29 06:56:44
2001,TV Salle à manger,0.008,243.8,0.0,0.0,2026-01-28 22:00:00,2026-01-29 07:58:11
2002,Ecran,0.0,243.4,0.0,0.0,2026-01-28 22:00:00,2026-01-29 07:58:11
2003,Telephone / Tablette,0.0,243.1,0.0,0.0,2026-01-28 22:00:00,2026-01-29 07:58:11
2004,Cafetiere,0.0,243.0,0.0,0.0,2026-01-28 22:00:00,2026-01-29 07:58:11
2005,Lampe Salle à manger,0.0,242.8,0.0,0.0,2026-01-28 22:00:00,2026-01-29 07:58:11
2006,PC Portable,0.0,243.7,0.0,0.0,2026-01-28 22:00:00,2026-01-29 07:58:11
2007,Lampe Cuisine,0.0,242.9,0.0,0.0,2026-01-28 22:00:00,2026-01-29 07:58:11
2008,Lampe Chambre,0.0,244.1,0.0,0.0,2026-01-28 22:00:00,2026-01-29 07:58:11
2001,TV Salle à manger,0.011,242.9,0.0,0.0,2026-01-28 23:00:00,2026-01-29 08:59:47
2002,Ecran,0.0,242.4,0.0,0.0,2026-01-28 23:00:00,2026-01-29 08:59:47
2003,Telephone / Tablette,0.0,242.1,0.0,0.0,2026-01-28 23:00:00,2026-01-29 08:59:47
2004,Cafetiere,0.0,242.1,0.0,0.0,2026-01-28 23:00:00,2026-01-29 08:59:47
2005,Lampe Salle à manger,0.021,241.8,4.8,4.75,2026-01-28 23:00:00,2026-01-29 08:59:47
2006,PC Portable,0.0,242.8,0.0,0.0,2026-01-28 23:00:00,2026-01-29 08:59:47
2007,Lampe Cuisine,0.0,242.0,0.0,0.0,2026-01-28 23:00:00,2026-01-29 08:59:47
2008,Lampe Chambre,0.0,243.2,0.0,0.0,2026-01-28 23:00:00,2026-01-29 08:59:47
2001,TV Salle à manger,0.012,242.5,0.0,0.0,2026-01-29 00:00:00,2026-01-29 10:01:02
2002,Ecran,0.0,242.0,0.0,0.0,2026-01-29 00:00:00,2026-01-29 10:01:02
2003,Telephone / Tablette,0.0,241.7,0.0,0.0,2026-01-29 00:00:00,2026-01-29 10:01:02
2004,Cafetiere,0.0,241.6,0.0,0.0,2026-01-29 00:00:00,2026-01-29 10:01:02
2005,Lampe Salle à manger,0.0,241.4,0.0,0.0,2026-01-29 00:00:00,2026-01-29 10:01:02
2006,PC Portable,0.0,242.4,0.0,0.0,2026-01-29 00:00:00,2026-01-29 10:01:02
2007,Lampe Cuisine,0.0,241.5,0.0,0.0,2026-01-29 00:00:00,2026-01-29 10:01:02
2008,Lampe Chambre,0.0,242.8,0.0,0.0,2026-01-29 00:00:00,2026-01-29 10:01:02
2001,TV Salle à manger,0.011,241.5,0.0,0.0,2026-01-29 01:00:00,2026-01-29 11:02:43
2002,Ecran,0.0,241.1,0.0,0.0,2026-01-29 01:00:00,2026-01-29 11:02:43
2003,Telephone / Tablette,0.0,240.8,0.0,0.0,2026-01-29 01:00:00,2026-01-29 11:02:43
2004,Cafetiere,0.0,240.7,0.0,0.0,2026-01-29 01:00:00,2026-01-29 11:02:43
2005,Lampe Salle à manger,0.0,240.5,0.0,0.0,2026-01-29 01:00:00,2026-01-29 11:02:43
2006,PC Portable,0.0,241.4,0.0,0.0,2026-01-29 01:00:00,2026-01-29 11:02:43
2007,Lampe Cuisine,0.0,240.6,0.0,0.0,2026-01-29 01:00:00,2026-01-29 11:02:43
2008,Lampe Chambre,0.0,241.8,0.0,0.0,2026-01-29 01:00:00,2026-01-29 11:02:43
2001,TV Salle à manger,0.009,243.1,0.0,0.0,2026-01-29 02:00:00,2026-01-29 12:03:58
2002,Ecran,0.0,242.7,0.0,0.0,2026-01-29 02:00:00,2026-01-29 12:03:58
2003,Telephone / Tablette,0.0,242.3,0.0,0.0,2026-01-29 02:00:00,2026-01-29 12:03:58
2004,Cafetiere,0.0,242.3,0.0,0.0,2026-01-29 02:00:00,2026-01-29 12:03:58
2005,Lampe Salle à manger,0.0,242.1,0.0,0.0,2026-01-29 02:00:00,2026-01-29 12:03:58
2006,PC Portable,0.0,243.0,0.0,0.0,2026-01-29 02:00:00,2026-01-29 12:03:58
2007,Lampe Cuisine,0.0,242.2,0.0,0.0,2026-01-29 02:00:00,2026-01-29 12:03:58
2008,Lampe Chambre,0.0,243.4,0.0,0.0,2026-01-29 02:00:00,2026-01-29 12:03:58
2001,TV Salle à manger,0.01,242.6,0.0,0.0,2026-01-29 03:00:00,2026-01-29 13:04:44
2002,Ecran,0.0,242.2,0.0,0.0,2026-01-29 03:00:00,2026-01-29 13:04:44
2003,Telephone / Tablette,0.0,241.9,0.0,0.0,2026-01-29 03:00:00,2026-01-29 13:04:44
2004,Cafetiere,0.0,241.8,0.0,0.0,2026-01-29 03:00:00,2026-01-29 13:04:44
2005,Lampe Salle à manger,0.0,241.6,0.0,0.0,2026-01-29 03:00:00,2026-01-29 13:04:44
2006,PC Portable,0.0,242.5,0.0,0.0,2026-01-29 03:00:00,2026-01-29 13:04:44
2007,Lampe Cuisine,0.0,241.7,0.0,0.0,2026-01-29 03:00:00,2026-01-29 13:04:44
2008,Lampe Chambre,0.0,242.9,0.0,0.0,2026-01-29 03:00:00,2026-01-29 13:04:44
