timestamp,device_id,device_name,current_a,voltage_v,power_w,energy_minute_wh
2026-01-12 19:14:43,2001,TV Salle à manger,0.701,243.1,158.2,2.637
2026-01-12 19:14:43,2002,Ecran,0.0,242.7,0.0,0.0
2026-01-12 19:14:43,2003,Telephone / Tablette,0.012,242.3,1.3,0.022
2026-01-12 19:14:43,2004,Cafetiere,1.256,243.3,61.9,1.032
2026-01-12 19:14:43,2005,Lampe Salle à manger,0.05,242.1,11.2,0.187
2026-01-12 19:14:43,2006,PC Portable,0.178,243.1,21.6,0.36
2026-01-12 19:14:43,2007,Lampe Cuisine,0.038,242.3,5.3,0.088
2026-01-12 19:14:43,2008,Lampe Chambre,0.036,243.5,5.3,0.088
2026-01-12 19:15:44,2001,TV Salle à manger,0.706,242.0,158.6,2.643
2026-01-12 19:15:44,2002,Ecran,0.0,241.6,0.0,0.0
2026-01-12 19:15:44,2003,Telephone / Tablette,0.012,241.2,1.3,0.022
2026-01-12 19:15:44,2004,Cafetiere,0.0,242.2,0.0,0.0
2026-01-12 19:15:44,2005,Lampe Salle à manger,0.05,240.9,11.3,0.188
2026-01-12 19:15:44,2006,PC Portable,0.166,242.0,19.9,0.332
2026-01-12 19:15:44,2007,Lampe Cuisine,0.038,241.1,5.3,0.088
2026-01-12 19:15:44,2008,Lampe Chambre,0.036,242.3,5.3,0.088
2026-01-12 19:16:44,2001,TV Salle à manger,0.705,242.5,158.6,2.643
2026-01-12 19:16:44,2002,Ecran,0.0,242.3,0.0,0.0
2026-01-12 19:16:44,2003,Telephone / Tablette,0.012,241.9,1.3,0.022
2026-01-12 19:16:44,2004,Cafetiere,0.0,242.9,0.0,0.0
2026-01-12 19:16:44,2005,Lampe Salle à manger,0.05,241.7,11.3,0.188
2026-01-12 19:16:44,2006,PC Portable,0.17,242.7,20.3,0.338
2026-01-12 19:16:44,2007,Lampe Cuisine,0.038,241.8,5.4,0.09
2026-01-12 19:16:44,2008,Lampe Chambre,0.036,243.0,5.3,0.088
2026-01-12 19:17:44,2001,TV Salle à manger,0.705,241.7,158.2,2.637
2026-01-12 19:17:44,2002,Ecran,0.0,241.4,0.0,0.0
2026-01-12 19:17:44,2003,Telephone / Tablette,0.012,241.0,1.3,0.022
2026-01-12 19:17:44,2004,Cafetiere,0.0,241.9,0.0,0.0
2026-01-12 19:17:44,2005,Lampe Salle à manger,0.05,240.7,11.3,0.188
2026-01-12 19:17:44,2006,PC Portable,0.182,241.7,21.7,0.362
2026-01-12 19:17:44,2007,Lampe Cuisine,0.038,240.9,5.3,0.088
2026-01-12 19:17:44,2008,Lampe Chambre,0.036,242.1,5.2,0.087
2026-01-12 19:18:45,2001,TV Salle à manger,0.708,241.3,158.7,2.645
2026-01-12 19:18:45,2002,Ecran,0.0,240.7,0.0,0.0
2026-01-12 19:18:45,2003,Telephone / Tablette,0.013,240.4,1.4,0.023
2026-01-12 19:18:45,2004,Cafetiere,0.0,241.4,0.0,0.0
2026-01-12 19:18:45,2005,Lampe Salle à manger,0.05,240.2,11.3,0.188
2026-01-12 19:18:45,2006,PC Portable,0.244,241.0,29.9,0.498
2026-01-12 19:18:45,2007,Lampe Cuisine,0.038,240.2,5.3,0.088
2026-01-12 19:18:45,2008,Lampe Chambre,0.036,241.4,5.2,0.087
2026-01-12 19:19:45,2001,TV Salle à manger,0.703,242.1,158.0,2.633
2026-01-12 19:19:45,2002,Ecran,0.0,241.8,0.0,0.0
2026-01-12 19:19:45,2003,Telephone / Tablette,0.013,241.3,1.3,0.022
2026-01-12 19:19:45,2004,Cafetiere,1.188,242.1,57.1,0.952
2026-01-12 19:19:45,2005,Lampe Salle à manger,0.05,241.1,11.3,0.188
2026-01-12 19:19:45,2006,PC Portable,0.161,242.2,19.2,0.32
2026-01-12 19:19:45,2007,Lampe Cuisine,0.038,241.2,5.3,0.088
2026-01-12 19:19:45,2008,Lampe Chambre,0.037,242.5,5.3,0.088
2026-01-12 19:20:46,2001,TV Salle à manger,0.706,242.5,158.7,2.645
2026-01-12 19:20:46,2002,Ecran,0.0,241.9,0.0,0.0
2026-01-12 19:20:46,2003,Telephone / Tablette,0.013,241.5,1.4,0.023
2026-01-12 19:20:46,2004,Cafetiere,0.0,242.4,0.0,0.0
2026-01-12 19:20:46,2005,Lampe Salle à manger,0.05,241.5,11.3,0.188
2026-01-12 19:20:46,2006,PC Portable,0.144,242.4,17.0,0.283
2026-01-12 19:20:46,2007,Lampe Cuisine,0.038,241.6,5.3,0.088
2026-01-12 19:20:46,2008,Lampe Chambre,0.036,242.8,5.3,0.088
2026-01-12 19:21:46,2001,TV Salle à manger,0.704,242.4,158.4,2.64
2026-01-12 19:21:46,2002,Ecran,0.0,242.2,0.0,0.0
2026-01-12 19:21:46,2003,Telephone / Tablette,0.013,241.8,1.3,0.022
2026-01-12 19:21:46,2004,Cafetiere,0.0,242.5,0.0,0.0
2026-01-12 19:21:46,2005,Lampe Salle à manger,0.05,241.5,11.3,0.188
2026-01-12 19:21:46,2006,PC Portable,0.151,242.4,17.8,0.297
2026-01-12 19:21:46,2007,Lampe Cuisine,0.038,241.5,5.3,0.088
2026-01-12 19:21:46,2008,Lampe Chambre,0.036,242.7,5.3,0.088
2026-01-12 19:22:46,2001,TV Salle à manger,0.706,241.7,158.2,2.637
2026-01-12 19:22:46,2002,Ecran,0.0,241.4,0.0,0.0
2026-01-12 19:22:46,2003,Telephone / Tablette,0.013,241.1,1.4,0.023
2026-01-12 19:22:46,2004,Cafetiere,0.0,241.6,0.0,0.0
2026-01-12 19:22:46,2005,Lampe Salle à manger,0.05,240.8,11.3,0.188
2026-01-12 19:22:46,2006,PC Portable,0.14,241.7,16.4,0.273
2026-01-12 19:22:46,2007,Lampe Cuisine,0.038,240.9,5.3,0.088
2026-01-12 19:22:46,2008,Lampe Chambre,0.036,242.1,5.3,0.088
2026-01-12 19:23:47,2001,TV Salle à manger,0.703,242.3,158.1,2.635
2026-01-12 19:23:47,2002,Ecran,0.0,241.8,0.0,0.0
2026-01-12 19:23:47,2003,Telephone / Tablette,0.013,241.5,1.3,0.022
2026-01-12 19:23:47,2004,Cafetiere,0.0,242.2,0.0,0.0
2026-01-12 19:23:47,2005,Lampe Salle à manger,0.05,241.2,11.3,0.188
2026-01-12 19:23:47,2006,PC Portable,0.137,242.3,16.0,0.267
2026-01-12 19:23:47,2007,Lampe Cuisine,0.038,241.4,5.3,0.088
2026-01-12 19:23:47,2008,Lampe Chambre,0.036,242.7,5.3,0.088
2026-01-12 19:24:47,2001,TV Salle à manger,0.705,242.6,158.7,2.645
2026-01-12 19:24:47,2002,Ecran,0.0,242.3,0.0,0.0
2026-01-12 19:24:47,2003,Telephone / Tablette,0.013,241.9,1.3,0.022
2026-01-12 19:24:47,2004,Cafetiere,0.0,242.6,0.0,0.0
2026-01-12 19:24:47,2005,Lampe Salle à manger,0.05,241.5,11.3,0.188
2026-01-12 19:24:47,2006,PC Portable,0.133,242.5,15.5,0.258
2026-01-12 19:24:47,2007,Lampe Cuisine,0.038,241.7,5.3,0.088
2026-01-12 19:24:47,2008,Lampe Chambre,0.036,242.9,5.3,0.088
2026-01-12 19:25:47,2001,TV Salle à manger,0.704,242.0,158.2,2.637
2026-01-12 19:25:47,2002,Ecran,0.0,241.6,0.0,0.0
2026-01-12 19:25:47,2003,Telephone / Tablette,0.013,241.3,1.3,0.022
2026-01-12 19:25:47,2004,Cafetiere,0.0,242.0,0.0,0.0
2026-01-12 19:25:47,2005,Lampe Salle à manger,0.05,241.0,11.3,0.188
2026-01-12 19:25:47,2006,PC Portable,0.129,242.0,14.9,0.248
2026-01-12 19:25:47,2007,Lampe Cuisine,0.037,241.1,5.2,0.087
2026-01-12 19:25:47,2008,Lampe Chambre,0.036,242.3,5.3,0.088
2026-01-12 19:26:48,2001,TV Salle à manger,0.704,242.8,158.6,2.643
2026-01-12 19:26:48,2002,Ecran,0.0,242.4,0.0,0.0
2026-01-12 19:26:48,2003,Telephone / Tablette,0.012,242.0,1.4,0.023
2026-01-12 19:26:48,2004,Cafetiere,0.0,242.7,0.0,0.0
2026-01-12 19:26:48,2005,Lampe Salle à manger,0.05,241.8,11.3,0.188
2026-01-12 19:26:48,2006,PC Portable,0.132,242.7,15.2,0.253
2026-01-12 19:26:48,2007,Lampe Cuisine,0.038,241.9,5.4,0.09
2026-01-12 19:26:48,2008,Lampe Chambre,0.037,243.2,5.4,0.09
2026-01-12 19:27:48,2001,TV Salle à manger,0.707,241.0,158.1,2.635
2026-01-12 19:27:48,2002,Ecran,0.0,240.6,0.0,0.0
2026-01-12 19:27:48,2003,Telephone / Tablette,0.012,240.2,1.3,0.022
2026-01-12 19:27:48,2004,Cafetiere,0.0,240.8,0.0,0.0
2026-01-12 19:27:48,2005,Lampe Salle à manger,0.05,240.0,11.3,0.188
2026-01-12 19:27:48,2006,PC Portable,0.124,240.9,14.2,0.237
2026-01-12 19:27:48,2007,Lampe Cuisine,0.038,240.1,5.3,0.088
2026-01-12 19:27:48,2008,Lampe Chambre,0.037,241.4,5.3,0.088
2026-01-12 19:28:48,2001,TV Salle à manger,0.704,243.5,159.1,2.652
2026-01-12 19:28:48,2002,Ecran,0.0,243.1,0.0,0.0
2026-01-12 19:28:48,2003,Telephone / Tablette,0.012,242.7,1.4,0.023
2026-01-12 19:28:48,2004,Cafetiere,0.0,243.4,0.0,0.0
2026-01-12 19:28:48,2005,Lampe Salle à manger,0.05,242.4,11.3,0.188
2026-01-12 19:28:48,2006,PC Portable,0.121,243.4,13.9,0.232
2026-01-12 19:28:48,2007,Lampe Cuisine,0.038,242.5,5.3,0.088
2026-01-12 19:28:48,2008,Lampe Chambre,0.036,243.8,5.3,0.088
2026-01-12 19:29:49,2001,TV Salle à manger,0.706,242.5,158.9,2.648
2026-01-12 19:29:49,2002,Ecran,0.0,242.1,0.0,0.0
2026-01-12 19:29:49,2003,Telephone / Tablette,0.013,241.8,1.3,0.022
2026-01-12 19:29:49,2004,Cafetiere,0.0,242.5,0.0,0.0
2026-01-12 19:29:49,2005,Lampe Salle à manger,0.05,241.5,11.3,0.188
2026-01-12 19:29:49,2006,PC Portable,0.12,242.5,13.7,0.228
2026-01-12 19:29:49,2007,Lampe Cuisine,0.038,241.6,5.3,0.088
2026-01-12 19:29:49,2008,Lampe Chambre,0.037,242.9,5.3,0.088
2026-01-12 19:30:49,2001,TV Salle à manger,0.705,242.7,158.8,2.647
2026-01-12 19:30:49,2002,Ecran,0.0,242.5,0.0,0.0
2026-01-12 19:30:49,2003,Telephone / Tablette,0.012,242.3,1.3,0.022
2026-01-12 19:30:49,2004,Cafetiere,0.0,242.9,0.0,0.0
2026-01-12 19:30:49,2005,Lampe Salle à manger,0.05,242.0,11.3,0.188
2026-01-12 19:30:49,2006,PC Portable,0.117,242.9,13.4,0.223
2026-01-12 19:30:49,2007,Lampe Cuisine,0.038,241.8,5.3,0.088
2026-01-12 19:30:49,2008,Lampe Chambre,0.037,242.9,5.3,0.088
2026-01-12 19:31:50,2001,TV Salle à manger,0.703,243.0,158.5,2.642
2026-01-12 19:31:50,2002,Ecran,0.0,242.5,0.0,0.0
2026-01-12 19:31:50,2003,Telephone / Tablette,0.012,242.2,1.3,0.022
2026-01-12 19:31:50,2004,Cafetiere,0.0,242.9,0.0,0.0
2026-01-12 19:31:50,2005,Lampe Salle à manger,0.05,241.9,11.3,0.188
2026-01-12 19:31:50,2006,PC Portable,0.117,242.9,13.3,0.222
2026-01-12 19:31:50,2007,Lampe Cuisine,0.037,242.1,5.4,0.09
2026-01-12 19:31:50,2008,Lampe Chambre,0.036,243.3,5.3,0.088
2026-01-12 19:32:50,2001,TV Salle à manger,0.703,243.1,158.5,2.642
2026-01-12 19:32:50,2002,Ecran,0.0,242.6,0.0,0.0
2026-01-12 19:32:50,2003,Telephone / Tablette,0.012,242.1,1.3,0.022
2026-01-12 19:32:50,2004,Cafetiere,0.0,242.6,0.0,0.0
2026-01-12 19:32:50,2005,Lampe Salle à manger,0.05,242.0,11.4,0.19
2026-01-12 19:32:50,2006,PC Portable,0.112,243.0,12.7,0.212
2026-01-12 19:32:50,2007,Lampe Cuisine,0.038,241.9,5.3,0.088
2026-01-12 19:32:50,2008,Lampe Chambre,0.036,243.2,5.3,0.088
2026-01-12 19:33:50,2001,TV Salle à manger,0.702,243.0,158.3,2.638
2026-01-12 19:33:50,2002,Ecran,0.0,242.5,0.0,0.0
2026-01-12 19:33:50,2003,Telephone / Tablette,0.013,242.1,1.3,0.022
2026-01-12 19:33:50,2004,Cafetiere,0.0,242.5,0.0,0.0
2026-01-12 19:33:50,2005,Lampe Salle à manger,0.05,241.8,11.3,0.188
2026-01-12 19:33:50,2006,PC Portable,0.11,242.9,12.4,0.207
2026-01-12 19:33:50,2007,Lampe Cuisine,0.038,242.1,5.3,0.088
2026-01-12 19:33:50,2008,Lampe Chambre,0.037,243.2,5.3,0.088
2026-01-12 19:34:51,2001,TV Salle à manger,0.702,242.8,158.1,2.635
2026-01-12 19:34:51,2002,Ecran,0.0,242.4,0.0,0.0
2026-01-12 19:34:51,2003,Telephone / Tablette,0.012,241.9,1.3,0.022
2026-01-12 19:34:51,2004,Cafetiere,0.0,242.4,0.0,0.0
2026-01-12 19:34:51,2005,Lampe Salle à manger,0.05,241.7,11.3,0.188
2026-01-12 19:34:51,2006,PC Portable,0.112,242.8,12.6,0.21
2026-01-12 19:34:51,2007,Lampe Cuisine,0.038,241.9,5.3,0.088
2026-01-12 19:34:51,2008,Lampe Chambre,0.037,243.0,5.3,0.088
2026-01-12 19:35:51,2001,TV Salle à manger,0.701,243.9,158.5,2.642
2026-01-12 19:35:51,2002,Ecran,0.0,243.4,0.0,0.0
2026-01-12 19:35:51,2003,Telephone / Tablette,0.012,243.0,1.3,0.022
2026-01-12 19:35:51,2004,Cafetiere,0.0,243.5,0.0,0.0
2026-01-12 19:35:51,2005,Lampe Salle à manger,0.05,242.7,11.3,0.188
2026-01-12 19:35:51,2006,PC Portable,0.112,243.9,12.5,0.208
2026-01-12 19:35:51,2007,Lampe Cuisine,0.038,242.9,5.4,0.09
2026-01-12 19:35:51,2008,Lampe Chambre,0.037,244.1,5.3,0.088
2026-01-12 19:36:52,2001,TV Salle à manger,0.702,243.5,158.6,2.643
2026-01-12 19:36:52,2002,Ecran,0.0,243.1,0.0,0.0
2026-01-12 19:36:52,2003,Telephone / Tablette,0.013,242.7,1.4,0.023
2026-01-12 19:36:52,2004,Cafetiere,0.0,243.0,0.0,0.0
2026-01-12 19:36:52,2005,Lampe Salle à manger,0.054,242.4,11.2,0.187
2026-01-12 19:36:52,2006,PC Portable,0.106,243.3,11.8,0.197
2026-01-12 19:36:52,2007,Lampe Cuisine,0.038,242.6,5.3,0.088
2026-01-12 19:36:52,2008,Lampe Chambre,0.036,243.8,5.3,0.088
2026-01-12 19:37:52,2001,TV Salle à manger,0.704,242.4,158.3,2.638
2026-01-12 19:37:52,2002,Ecran,0.0,242.4,0.0,0.0
2026-01-12 19:37:52,2003,Telephone / Tablette,0.013,242.1,1.4,0.023
2026-01-12 19:37:52,2004,Cafetiere,0.0,242.3,0.0,0.0
2026-01-12 19:37:52,2005,Lampe Salle à manger,0.05,242.0,11.3,0.188
2026-01-12 19:37:52,2006,PC Portable,0.105,242.8,11.6,0.193
2026-01-12 19:37:52,2007,Lampe Cuisine,0.038,242.2,5.3,0.088
2026-01-12 19:37:52,2008,Lampe Chambre,0.036,243.4,5.4,0.09
2026-01-12 19:38:52,2001,TV Salle à manger,0.702,243.4,158.4,2.64
2026-01-12 19:38:52,2002,Ecran,0.0,243.0,0.0,0.0
2026-01-12 19:38:52,2003,Telephone / Tablette,0.013,242.6,1.3,0.022
2026-01-12 19:38:52,2004,Cafetiere,0.0,243.0,0.0,0.0
2026-01-12 19:38:52,2005,Lampe Salle à manger,0.05,242.2,11.3,0.188
2026-01-12 19:38:52,2006,PC Portable,0.125,243.3,13.7,0.228
2026-01-12 19:38:52,2007,Lampe Cuisine,0.038,242.6,5.4,0.09
2026-01-12 19:38:52,2008,Lampe Chambre,0.036,243.5,5.3,0.088
2026-01-12 19:39:53,2001,TV Salle à manger,0.705,242.7,158.6,2.643
2026-01-12 19:39:53,2002,Ecran,0.0,242.3,0.0,0.0
2026-01-12 19:39:53,2003,Telephone / Tablette,0.012,241.9,1.3,0.022
2026-01-12 19:39:53,2004,Cafetiere,0.0,242.3,0.0,0.0
2026-01-12 19:39:53,2005,Lampe Salle à manger,0.05,241.7,11.3,0.188
2026-01-12 19:39:53,2006,PC Portable,0.103,242.7,11.4,0.19
2026-01-12 19:39:53,2007,Lampe Cuisine,0.038,241.8,5.3,0.088
2026-01-12 19:39:53,2008,Lampe Chambre,0.036,243.1,5.3,0.088
2026-01-12 19:40:53,2001,TV Salle à manger,0.7,243.9,158.4,2.64
2026-01-12 19:40:53,2002,Ecran,0.0,243.5,0.0,0.0
2026-01-12 19:40:53,2003,Telephone / Tablette,0.012,243.1,1.3,0.022
2026-01-12 19:40:53,2004,Cafetiere,0.0,243.4,0.0,0.0
2026-01-12 19:40:53,2005,Lampe Salle à manger,0.05,242.8,11.3,0.188
2026-01-12 19:40:53,2006,PC Portable,0.101,243.9,11.2,0.187
2026-01-12 19:40:53,2007,Lampe Cuisine,0.038,243.0,5.3,0.088
2026-01-12 19:40:53,2008,Lampe Chambre,0.037,244.1,5.4,0.09
2026-01-12 19:41:54,2001,TV Salle à manger,0.704,242.9,158.6,2.643
2026-01-12 19:41:54,2002,Ecran,0.0,242.5,0.0,0.0
2026-01-12 19:41:54,2003,Telephone / Tablette,0.012,242.2,1.3,0.022
2026-01-12 19:41:54,2004,Cafetiere,0.0,242.5,0.0,0.0
2026-01-12 19:41:54,2005,Lampe Salle à manger,0.05,241.9,11.2,0.187
2026-01-12 19:41:54,2006,PC Portable,0.099,242.8,10.8,0.18
2026-01-12 19:41:54,2007,Lampe Cuisine,0.038,242.1,5.3,0.088
2026-01-12 19:41:54,2008,Lampe Chambre,0.036,243.3,5.3,0.088
2026-01-12 19:42:54,2001,TV Salle à manger,0.703,243.8,158.9,2.648
2026-01-12 19:42:54,2002,Ecran,0.0,243.4,0.0,0.0
2026-01-12 19:42:54,2003,Telephone / Tablette,0.012,243.2,1.3,0.022
2026-01-12 19:42:54,2004,Cafetiere,0.0,243.3,0.0,0.0
2026-01-12 19:42:54,2005,Lampe Salle à manger,0.05,242.7,11.2,0.187
2026-01-12 19:42:54,2006,PC Portable,0.103,243.7,11.3,0.188
2026-01-12 19:42:54,2007,Lampe Cuisine,0.038,242.9,5.4,0.09
2026-01-12 19:42:54,2008,Lampe Chambre,0.037,244.0,5.3,0.088
2026-01-12 19:43:54,2001,TV Salle à manger,0.7,243.9,158.2,2.637
2026-01-12 19:43:54,2002,Ecran,0.0,243.5,0.0,0.0
2026-01-12 19:43:54,2003,Telephone / Tablette,0.012,243.1,1.3,0.022
2026-01-12 19:43:54,2004,Cafetiere,0.0,243.5,0.0,0.0
2026-01-12 19:43:54,2005,Lampe Salle à manger,0.05,242.9,11.3,0.188
2026-01-12 19:43:54,2006,PC Portable,0.103,243.8,11.1,0.185
2026-01-12 19:43:54,2007,Lampe Cuisine,0.038,243.0,5.3,0.088
2026-01-12 19:43:54,2008,Lampe Chambre,0.037,244.3,5.4,0.09
2026-01-12 19:44:55,2001,TV Salle à manger,0.701,243.0,158.0,2.633
2026-01-12 19:44:55,2002,Ecran,0.0,242.5,0.0,0.0
2026-01-12 19:44:55,2003,Telephone / Tablette,0.012,241.8,1.3,0.022
2026-01-12 19:44:55,2004,Cafetiere,0.0,242.7,0.0,0.0
2026-01-12 19:44:55,2005,Lampe Salle à manger,0.05,241.8,11.3,0.188
2026-01-12 19:44:55,2006,PC Portable,0.093,242.9,10.1,0.168
2026-01-12 19:44:55,2007,Lampe Cuisine,0.038,242.0,5.4,0.09
2026-01-12 19:44:55,2008,Lampe Chambre,0.037,243.4,5.3,0.088
2026-01-12 19:45:55,2001,TV Salle à manger,0.7,244.0,158.4,2.64
2026-01-12 19:45:55,2002,Ecran,0.0,243.8,0.0,0.0
2026-01-12 19:45:55,2003,Telephone / Tablette,0.013,243.3,1.4,0.023
2026-01-12 19:45:55,2004,Cafetiere,0.0,243.6,0.0,0.0
2026-01-12 19:45:55,2005,Lampe Salle à manger,0.05,243.0,11.4,0.19
2026-01-12 19:45:55,2006,PC Portable,0.095,244.1,10.3,0.172
2026-01-12 19:45:55,2007,Lampe Cuisine,0.038,243.2,5.4,0.09
2026-01-12 19:45:55,2008,Lampe Chambre,0.036,244.5,5.4,0.09
2026-01-12 19:46:55,2001,TV Salle à manger,0.7,243.8,158.2,2.637
2026-01-12 19:46:55,2002,Ecran,0.0,243.4,0.0,0.0
2026-01-12 19:46:55,2003,Telephone / Tablette,0.011,243.0,1.2,0.02
2026-01-12 19:46:55,2004,Cafetiere,0.0,243.5,0.0,0.0
2026-01-12 19:46:55,2005,Lampe Salle à manger,0.05,242.8,11.3,0.188
2026-01-12 19:46:55,2006,PC Portable,0.09,243.7,9.7,0.162
2026-01-12 19:46:55,2007,Lampe Cuisine,0.038,243.0,5.3,0.088
2026-01-12 19:46:55,2008,Lampe Chambre,0.036,244.1,5.3,0.088
2026-01-12 19:47:56,2001,TV Salle à manger,0.703,242.1,157.9,2.632
2026-01-12 19:47:56,2002,Ecran,0.0,241.7,0.0,0.0
2026-01-12 19:47:56,2003,Telephone / Tablette,0.012,241.3,1.3,0.022
2026-01-12 19:47:56,2004,Cafetiere,0.0,240.8,0.0,0.0
2026-01-12 19:47:56,2005,Lampe Salle à manger,0.05,241.0,11.3,0.188
2026-01-12 19:47:56,2006,PC Portable,0.091,242.0,9.8,0.163
2026-01-12 19:47:56,2007,Lampe Cuisine,0.038,241.2,5.2,0.087
2026-01-12 19:47:56,2008,Lampe Chambre,0.036,242.4,5.2,0.087
2026-01-12 19:48:56,2001,TV Salle à manger,0.701,243.4,158.3,2.638
2026-01-12 19:48:56,2002,Ecran,0.0,243.0,0.0,0.0
2026-01-12 19:48:56,2003,Telephone / Tablette,0.012,242.6,1.3,0.022
2026-01-12 19:48:56,2004,Cafetiere,0.0,242.0,0.0,0.0
2026-01-12 19:48:56,2005,Lampe Salle à manger,0.05,242.3,11.2,0.187
2026-01-12 19:48:56,2006,PC Portable,0.089,243.3,9.5,0.158
2026-01-12 19:48:56,2007,Lampe Cuisine,0.038,242.5,5.4,0.09
2026-01-12 19:48:56,2008,Lampe Chambre,0.036,243.7,5.2,0.087
2026-01-12 19:49:56,2001,TV Salle à manger,0.702,243.1,158.3,2.638
2026-01-12 19:49:56,2002,Ecran,0.0,242.6,0.0,0.0
2026-01-12 19:49:56,2003,Telephone / Tablette,0.012,242.2,1.3,0.022
2026-01-12 19:49:56,2004,Cafetiere,0.0,241.8,0.0,0.0
2026-01-12 19:49:56,2005,Lampe Salle à manger,0.05,242.0,11.2,0.187
2026-01-12 19:49:56,2006,PC Portable,0.091,243.0,9.7,0.162
2026-01-12 19:49:56,2007,Lampe Cuisine,0.038,242.2,5.3,0.088
2026-01-12 19:49:56,2008,Lampe Chambre,0.036,243.3,5.3,0.088
2026-01-12 19:50:58,2001,TV Salle à manger,0.709,242.4,159.4,2.657
2026-01-12 19:50:58,2002,Ecran,0.0,242.1,0.0,0.0
2026-01-12 19:50:58,2003,Telephone / Tablette,0.013,241.7,1.4,0.023
2026-01-12 19:50:58,2004,Cafetiere,0.0,241.2,0.0,0.0
2026-01-12 19:50:58,2005,Lampe Salle à manger,0.05,241.5,11.3,0.188
2026-01-12 19:50:58,2006,PC Portable,0.088,242.4,9.2,0.153
2026-01-12 19:50:58,2007,Lampe Cuisine,0.037,241.6,5.3,0.088
2026-01-12 19:50:58,2008,Lampe Chambre,0.036,242.7,5.3,0.088
2026-01-12 19:52:01,2001,TV Salle à manger,0.704,242.7,158.7,2.645
2026-01-12 19:52:01,2002,Ecran,0.0,242.3,0.0,0.0
2026-01-12 19:52:01,2003,Telephone / Tablette,0.013,242.0,1.3,0.022
2026-01-12 19:52:01,2004,Cafetiere,0.0,241.5,0.0,0.0
2026-01-12 19:52:01,2005,Lampe Salle à manger,0.05,241.7,11.3,0.188
2026-01-12 19:52:01,2006,PC Portable,0.104,242.7,10.9,0.182
2026-01-12 19:52:01,2007,Lampe Cuisine,0.038,241.9,5.2,0.087
2026-01-12 19:52:01,2008,Lampe Chambre,0.037,243.1,5.3,0.088
2026-01-12 19:53:02,2001,TV Salle à manger,0.7,243.2,158.0,2.633
2026-01-12 19:53:02,2002,Ecran,0.0,242.8,0.0,0.0
2026-01-12 19:53:02,2003,Telephone / Tablette,0.012,242.4,1.3,0.022
2026-01-12 19:53:02,2004,Cafetiere,0.0,242.8,0.0,0.0
2026-01-12 19:53:02,2005,Lampe Salle à manger,0.05,242.1,11.3,0.188
2026-01-12 19:53:02,2006,PC Portable,0.088,243.2,9.3,0.155
2026-01-12 19:53:02,2007,Lampe Cuisine,0.038,242.3,5.3,0.088
2026-01-12 19:53:02,2008,Lampe Chambre,0.036,243.5,5.3,0.088
2026-01-12 19:54:02,2001,TV Salle à manger,0.702,243.2,158.3,2.638
2026-01-12 19:54:02,2002,Ecran,0.0,242.5,0.0,0.0
2026-01-12 19:54:02,2003,Telephone / Tablette,0.013,242.2,1.3,0.022
2026-01-12 19:54:02,2004,Cafetiere,0.0,242.6,0.0,0.0
2026-01-12 19:54:02,2005,Lampe Salle à manger,0.05,241.8,11.3,0.188
2026-01-12 19:54:02,2006,PC Portable,0.095,242.9,9.9,0.165
2026-01-12 19:54:02,2007,Lampe Cuisine,0.038,241.9,5.3,0.088
2026-01-12 19:54:02,2008,Lampe Chambre,0.037,243.2,5.3,0.088
2026-01-12 19:55:03,2001,TV Salle à manger,0.703,243.0,158.4,2.64
2026-01-12 19:55:03,2002,Ecran,0.0,242.7,0.0,0.0
2026-01-12 19:55:03,2003,Telephone / Tablette,0.013,242.3,1.3,0.022
2026-01-12 19:55:03,2004,Cafetiere,0.0,242.5,0.0,0.0
2026-01-12 19:55:03,2005,Lampe Salle à manger,0.05,241.9,11.3,0.188
2026-01-12 19:55:03,2006,PC Portable,0.093,242.9,9.7,0.162
2026-01-12 19:55:03,2007,Lampe Cuisine,0.038,242.1,5.4,0.09
2026-01-12 19:55:03,2008,Lampe Chambre,0.036,243.3,5.3,0.088
2026-01-12 19:56:03,2001,TV Salle à manger,0.702,243.5,158.5,2.642
2026-01-12 19:56:03,2002,Ecran,0.0,243.0,0.0,0.0
2026-01-12 19:56:03,2003,Telephone / Tablette,0.012,242.7,1.3,0.022
2026-01-12 19:56:03,2004,Cafetiere,0.0,243.0,0.0,0.0
2026-01-12 19:56:03,2005,Lampe Salle à manger,0.05,242.4,11.3,0.188
2026-01-12 19:56:03,2006,PC Portable,0.08,243.4,8.3,0.138
2026-01-12 19:56:03,2007,Lampe Cuisine,0.038,242.5,5.3,0.088
2026-01-12 19:56:03,2008,Lampe Chambre,0.037,243.7,5.3,0.088
2026-01-12 19:57:04,2001,TV Salle à manger,0.704,243.2,158.9,2.648
2026-01-12 19:57:04,2002,Ecran,0.0,242.8,0.0,0.0
2026-01-12 19:57:04,2003,Telephone / Tablette,0.0,242.4,0.0,0.0
2026-01-12 19:57:04,2004,Cafetiere,0.0,242.7,0.0,0.0
2026-01-12 19:57:04,2005,Lampe Salle à manger,0.05,242.1,11.3,0.188
2026-01-12 19:57:04,2006,PC Portable,0.103,243.2,10.9,0.182
2026-01-12 19:57:04,2007,Lampe Cuisine,0.038,242.4,5.3,0.088
2026-01-12 19:57:04,2008,Lampe Chambre,0.0,243.6,0.0,0.0
2026-01-12 19:58:06,2001,TV Salle à manger,0.7,244.3,158.5,2.642
2026-01-12 19:58:06,2002,Ecran,0.0,243.9,0.0,0.0
2026-01-12 19:58:06,2003,Telephone / Tablette,0.0,243.4,0.0,0.0
2026-01-12 19:58:06,2004,Cafetiere,0.0,243.9,0.0,0.0
2026-01-12 19:58:06,2005,Lampe Salle à manger,0.05,243.2,11.3,0.188
2026-01-12 19:58:06,2006,PC Portable,0.09,244.2,9.3,0.155
2026-01-12 19:58:06,2007,Lampe Cuisine,0.0,243.4,0.0,0.0
2026-01-12 19:58:06,2008,Lampe Chambre,0.0,244.6,0.0,0.0
2026-01-12 19:59:07,2001,TV Salle à manger,0.226,244.5,47.6,0.793
2026-01-12 19:59:07,2002,Ecran,0.0,244.1,0.0,0.0
2026-01-12 19:59:07,2003,Telephone / Tablette,0.0,243.7,0.0,0.0
2026-01-12 19:59:07,2004,Cafetiere,0.0,243.8,0.0,0.0
2026-01-12 19:59:07,2005,Lampe Salle à manger,0.05,243.4,11.3,0.188
2026-01-12 19:59:07,2006,PC Portable,0.097,244.6,10.3,0.172
2026-01-12 19:59:07,2007,Lampe Cuisine,0.0,243.6,0.0,0.0
2026-01-12 19:59:07,2008,Lampe Chambre,0.0,244.8,0.0,0.0
2026-01-12 20:00:09,2001,TV Salle à manger,0.576,244.7,128.8,2.147
2026-01-12 20:00:09,2002,Ecran,0.0,244.4,0.0,0.0
2026-01-12 20:00:09,2003,Telephone / Tablette,0.0,244.1,0.0,0.0
2026-01-12 20:00:09,2004,Cafetiere,0.0,244.2,0.0,0.0
2026-01-12 20:00:09,2005,Lampe Salle à manger,0.05,243.7,11.3,0.188
2026-01-12 20:00:09,2006,PC Portable,0.096,244.6,9.8,0.163
2026-01-12 20:00:09,2007,Lampe Cuisine,0.0,243.9,0.0,0.0
2026-01-12 20:00:09,2008,Lampe Chambre,0.0,244.9,0.0,0.0
2026-01-12 20:01:11,2001,TV Salle à manger,0.414,242.7,89.7,1.495
2026-01-12 20:01:11,2002,Ecran,0.0,242.4,0.0,0.0
2026-01-12 20:01:11,2003,Telephone / Tablette,0.0,242.0,0.0,0.0
2026-01-12 20:01:11,2004,Cafetiere,0.0,242.3,0.0,0.0
2026-01-12 20:01:11,2005,Lampe Salle à manger,0.05,241.8,11.3,0.188
2026-01-12 20:01:11,2006,PC Portable,0.065,242.8,5.9,0.098
2026-01-12 20:01:11,2007,Lampe Cuisine,0.0,241.9,0.0,0.0
2026-01-12 20:01:11,2008,Lampe Chambre,0.0,243.1,0.0,0.0
2026-01-12 20:02:13,2001,TV Salle à manger,0.409,245.0,89.6,1.493
2026-01-12 20:02:13,2002,Ecran,0.0,244.7,0.0,0.0
2026-01-12 20:02:13,2003,Telephone / Tablette,0.0,244.3,0.0,0.0
2026-01-12 20:02:13,2004,Cafetiere,0.0,244.6,0.0,0.0
2026-01-12 20:02:13,2005,Lampe Salle à manger,0.05,244.2,11.3,0.188
2026-01-12 20:02:13,2006,PC Portable,0.053,245.2,4.9,0.082
2026-01-12 20:02:13,2007,Lampe Cuisine,0.0,244.3,0.0,0.0
2026-01-12 20:02:13,2008,Lampe Chambre,0.0,245.6,0.0,0.0
2026-01-12 20:03:15,2001,TV Salle à manger,0.41,245.0,89.7,1.495
2026-01-12 20:03:15,2002,Ecran,0.0,244.9,0.0,0.0
2026-01-12 20:03:15,2003,Telephone / Tablette,0.0,244.5,0.0,0.0
2026-01-12 20:03:15,2004,Cafetiere,0.0,244.7,0.0,0.0
2026-01-12 20:03:15,2005,Lampe Salle à manger,0.05,244.1,11.3,0.188
2026-01-12 20:03:15,2006,PC Portable,0.059,245.1,5.5,0.092
2026-01-12 20:03:15,2007,Lampe Cuisine,0.0,244.3,0.0,0.0
2026-01-12 20:03:15,2008,Lampe Chambre,0.0,245.6,0.0,0.0
2026-01-12 20:04:16,2001,TV Salle à manger,0.415,245.0,91.0,1.517
2026-01-12 20:04:16,2002,Ecran,0.0,244.6,0.0,0.0
2026-01-12 20:04:16,2003,Telephone / Tablette,0.0,244.3,0.0,0.0
2026-01-12 20:04:16,2004,Cafetiere,0.0,244.5,0.0,0.0
2026-01-12 20:04:16,2005,Lampe Salle à manger,0.05,244.0,11.3,0.188
2026-01-12 20:04:16,2006,PC Portable,0.093,245.1,9.5,0.158
2026-01-12 20:04:16,2007,Lampe Cuisine,0.0,244.2,0.0,0.0
2026-01-12 20:04:16,2008,Lampe Chambre,0.0,245.4,0.0,0.0
2026-01-12 20:05:17,2001,TV Salle à manger,0.423,245.5,93.0,1.55
2026-01-12 20:05:17,2002,Ecran,0.0,245.0,0.0,0.0
2026-01-12 20:05:17,2003,Telephone / Tablette,0.0,244.6,0.0,0.0
2026-01-12 20:05:17,2004,Cafetiere,0.0,244.7,0.0,0.0
2026-01-12 20:05:17,2005,Lampe Salle à manger,0.05,244.3,11.3,0.188
2026-01-12 20:05:17,2006,PC Portable,0.114,245.1,12.0,0.2
2026-01-12 20:05:17,2007,Lampe Cuisine,0.0,244.2,0.0,0.0
2026-01-12 20:05:17,2008,Lampe Chambre,0.0,245.4,0.0,0.0
2026-01-12 20:06:19,2001,TV Salle à manger,0.51,245.0,113.4,1.89
2026-01-12 20:06:19,2002,Ecran,0.0,244.6,0.0,0.0
2026-01-12 20:06:19,2003,Telephone / Tablette,0.0,244.2,0.0,0.0
2026-01-12 20:06:19,2004,Cafetiere,0.0,244.4,0.0,0.0
2026-01-12 20:06:19,2005,Lampe Salle à manger,0.05,243.9,11.3,0.188
2026-01-12 20:06:19,2006,PC Portable,0.1,244.9,9.9,0.165
2026-01-12 20:06:19,2007,Lampe Cuisine,0.0,244.1,0.0,0.0
2026-01-12 20:06:19,2008,Lampe Chambre,0.0,245.3,0.0,0.0
2026-01-12 20:07:19,2001,TV Salle à manger,0.489,245.6,108.7,1.812
2026-01-12 20:07:19,2002,Ecran,0.0,245.3,0.0,0.0
2026-01-12 20:07:19,2003,Telephone / Tablette,0.0,244.9,0.0,0.0
2026-01-12 20:07:19,2004,Cafetiere,0.0,245.1,0.0,0.0
2026-01-12 20:07:19,2005,Lampe Salle à manger,0.05,244.6,11.3,0.188
2026-01-12 20:07:19,2006,PC Portable,0.095,245.6,9.5,0.158
2026-01-12 20:07:19,2007,Lampe Cuisine,0.0,244.8,0.0,0.0
2026-01-12 20:07:19,2008,Lampe Chambre,0.0,246.0,0.0,0.0
2026-01-12 20:08:19,2001,TV Salle à manger,0.434,245.1,95.4,1.59
2026-01-12 20:08:19,2002,Ecran,0.0,244.6,0.0,0.0
2026-01-12 20:08:19,2003,Telephone / Tablette,0.0,244.2,0.0,0.0
2026-01-12 20:08:19,2004,Cafetiere,0.0,244.5,0.0,0.0
2026-01-12 20:08:19,2005,Lampe Salle à manger,0.05,244.0,11.3,0.188
2026-01-12 20:08:19,2006,PC Portable,0.119,245.0,12.1,0.202
2026-01-12 20:08:19,2007,Lampe Cuisine,0.0,244.2,0.0,0.0
2026-01-12 20:08:19,2008,Lampe Chambre,0.0,245.4,0.0,0.0
2026-01-12 20:09:19,2001,TV Salle à manger,0.411,245.0,89.8,1.497
2026-01-12 20:09:19,2002,Ecran,0.0,244.6,0.0,0.0
2026-01-12 20:09:19,2003,Telephone / Tablette,0.0,244.2,0.0,0.0
2026-01-12 20:09:19,2004,Cafetiere,0.0,244.3,0.0,0.0
2026-01-12 20:09:19,2005,Lampe Salle à manger,0.05,243.9,11.3,0.188
2026-01-12 20:09:19,2006,PC Portable,0.068,244.9,6.0,0.1
2026-01-12 20:09:19,2007,Lampe Cuisine,0.0,244.0,0.0,0.0
2026-01-12 20:09:19,2008,Lampe Chambre,0.0,245.3,0.0,0.0
2026-01-12 20:10:20,2001,TV Salle à manger,0.71,244.9,161.4,2.69
2026-01-12 20:10:20,2002,Ecran,0.0,244.5,0.0,0.0
2026-01-12 20:10:20,2003,Telephone / Tablette,0.0,244.0,0.0,0.0
2026-01-12 20:10:20,2004,Cafetiere,0.0,244.4,0.0,0.0
2026-01-12 20:10:20,2005,Lampe Salle à manger,0.05,243.8,11.3,0.188
2026-01-12 20:10:20,2006,PC Portable,0.074,244.8,7.1,0.118
2026-01-12 20:10:20,2007,Lampe Cuisine,0.0,243.9,0.0,0.0
2026-01-12 20:10:20,2008,Lampe Chambre,0.0,245.3,0.0,0.0
2026-01-12 20:11:22,2001,TV Salle à manger,0.434,245.0,95.3,1.588
2026-01-12 20:11:22,2002,Ecran,0.0,244.6,0.0,0.0
2026-01-12 20:11:22,2003,Telephone / Tablette,0.0,244.2,0.0,0.0
2026-01-12 20:11:22,2004,Cafetiere,0.0,244.4,0.0,0.0
2026-01-12 20:11:22,2005,Lampe Salle à manger,0.05,244.0,11.3,0.188
2026-01-12 20:11:22,2006,PC Portable,0.061,245.0,5.7,0.095
2026-01-12 20:11:22,2007,Lampe Cuisine,0.0,244.1,0.0,0.0
2026-01-12 20:11:22,2008,Lampe Chambre,0.0,245.4,0.0,0.0
2026-01-12 20:12:23,2001,TV Salle à manger,0.484,244.9,107.0,1.783
2026-01-12 20:12:23,2002,Ecran,0.0,244.6,0.0,0.0
2026-01-12 20:12:23,2003,Telephone / Tablette,0.0,244.1,0.0,0.0
2026-01-12 20:12:23,2004,Cafetiere,0.0,244.3,0.0,0.0
2026-01-12 20:12:23,2005,Lampe Salle à manger,0.05,243.9,11.3,0.188
2026-01-12 20:12:23,2006,PC Portable,0.083,244.7,8.0,0.133
2026-01-12 20:12:23,2007,Lampe Cuisine,0.0,244.0,0.0,0.0
2026-01-12 20:12:23,2008,Lampe Chambre,0.0,245.2,0.0,0.0
2026-01-12 20:13:23,2001,TV Salle à manger,0.465,244.6,102.2,1.703
2026-01-12 20:13:23,2002,Ecran,0.0,244.2,0.0,0.0
2026-01-12 20:13:23,2003,Telephone / Tablette,0.0,243.8,0.0,0.0
2026-01-12 20:13:23,2004,Cafetiere,0.0,244.1,0.0,0.0
2026-01-12 20:13:23,2005,Lampe Salle à manger,0.05,243.5,11.3,0.188
2026-01-12 20:13:23,2006,PC Portable,0.06,244.6,5.6,0.093
2026-01-12 20:13:23,2007,Lampe Cuisine,0.0,243.8,0.0,0.0
2026-01-12 20:13:23,2008,Lampe Chambre,0.0,245.0,0.0,0.0
2026-01-12 20:14:23,2001,TV Salle à manger,0.42,244.5,91.9,1.532
2026-01-12 20:14:23,2002,Ecran,0.0,244.2,0.0,0.0
2026-01-12 20:14:23,2003,Telephone / Tablette,0.0,243.7,0.0,0.0
2026-01-12 20:14:23,2004,Cafetiere,0.0,244.0,0.0,0.0
2026-01-12 20:14:23,2005,Lampe Salle à manger,0.05,243.5,11.4,0.19
2026-01-12 20:14:23,2006,PC Portable,0.063,244.4,5.9,0.098
2026-01-12 20:14:23,2007,Lampe Cuisine,0.0,243.6,0.0,0.0
2026-01-12 20:14:23,2008,Lampe Chambre,0.0,244.5,0.0,0.0
2026-01-12 20:15:25,2001,TV Salle à manger,0.557,244.7,124.4,2.073
2026-01-12 20:15:25,2002,Ecran,0.0,244.3,0.0,0.0
2026-01-12 20:15:25,2003,Telephone / Tablette,0.0,244.0,0.0,0.0
2026-01-12 20:15:25,2004,Cafetiere,0.0,244.1,0.0,0.0
2026-01-12 20:15:25,2005,Lampe Salle à manger,0.05,243.7,11.3,0.188
2026-01-12 20:15:25,2006,PC Portable,0.065,244.7,6.2,0.103
2026-01-12 20:15:25,2007,Lampe Cuisine,0.0,243.8,0.0,0.0
2026-01-12 20:15:25,2008,Lampe Chambre,0.0,245.1,0.0,0.0
2026-01-12 20:16:25,2001,TV Salle à manger,0.491,244.4,108.4,1.807
2026-01-12 20:16:25,2002,Ecran,0.0,244.0,0.0,0.0
2026-01-12 20:16:25,2003,Telephone / Tablette,0.0,243.6,0.0,0.0
2026-01-12 20:16:25,2004,Cafetiere,0.0,243.8,0.0,0.0
2026-01-12 20:16:25,2005,Lampe Salle à manger,0.05,243.3,11.3,0.188
2026-01-12 20:16:25,2006,PC Portable,0.071,244.3,6.7,0.112
2026-01-12 20:16:25,2007,Lampe Cuisine,0.0,243.5,0.0,0.0
2026-01-12 20:16:25,2008,Lampe Chambre,0.0,244.7,0.0,0.0
2026-01-12 20:17:26,2001,TV Salle à manger,0.412,244.4,89.9,1.498
2026-01-12 20:17:26,2002,Ecran,0.0,244.0,0.0,0.0
2026-01-12 20:17:26,2003,Telephone / Tablette,0.0,243.6,0.0,0.0
2026-01-12 20:17:26,2004,Cafetiere,0.0,243.7,0.0,0.0
2026-01-12 20:17:26,2005,Lampe Salle à manger,0.05,243.4,11.3,0.188
2026-01-12 20:17:26,2006,PC Portable,0.056,244.4,4.7,0.078
2026-01-12 20:17:26,2007,Lampe Cuisine,0.0,243.5,0.0,0.0
2026-01-12 20:17:26,2008,Lampe Chambre,0.0,244.8,0.0,0.0
2026-01-12 20:18:26,2001,TV Salle à manger,0.411,244.8,89.8,1.497
2026-01-12 20:18:26,2002,Ecran,0.0,244.7,0.0,0.0
2026-01-12 20:18:26,2003,Telephone / Tablette,0.0,244.3,0.0,0.0
2026-01-12 20:18:26,2004,Cafetiere,0.0,244.3,0.0,0.0
2026-01-12 20:18:26,2005,Lampe Salle à manger,0.05,243.9,11.3,0.188
2026-01-12 20:18:26,2006,PC Portable,0.046,245.0,4.1,0.068
2026-01-12 20:18:26,2007,Lampe Cuisine,0.0,244.1,0.0,0.0
2026-01-12 20:18:26,2008,Lampe Chambre,0.0,245.4,0.0,0.0
2026-01-12 20:19:27,2001,TV Salle à manger,0.41,244.7,89.7,1.495
2026-01-12 20:19:27,2002,Ecran,0.0,244.4,0.0,0.0
2026-01-12 20:19:27,2003,Telephone / Tablette,0.0,244.0,0.0,0.0
2026-01-12 20:19:27,2004,Cafetiere,0.0,244.2,0.0,0.0
2026-01-12 20:19:27,2005,Lampe Salle à manger,0.05,243.7,11.3,0.188
2026-01-12 20:19:27,2006,PC Portable,0.049,244.7,4.3,0.072
2026-01-12 20:19:27,2007,Lampe Cuisine,0.0,243.9,0.0,0.0
2026-01-12 20:19:27,2008,Lampe Chambre,0.0,245.2,0.0,0.0
2026-01-12 20:20:28,2001,TV Salle à manger,0.437,243.4,95.4,1.59
2026-01-12 20:20:28,2002,Ecran,0.0,243.0,0.0,0.0
2026-01-12 20:20:28,2003,Telephone / Tablette,0.0,242.6,0.0,0.0
2026-01-12 20:20:28,2004,Cafetiere,0.0,242.7,0.0,0.0
2026-01-12 20:20:28,2005,Lampe Salle à manger,0.05,242.3,11.3,0.188
2026-01-12 20:20:28,2006,PC Portable,0.106,243.3,9.7,0.162
2026-01-12 20:20:28,2007,Lampe Cuisine,0.0,242.3,0.0,0.0
2026-01-12 20:20:28,2008,Lampe Chambre,0.0,243.7,0.0,0.0
2026-01-12 20:21:28,2001,TV Salle à manger,0.413,243.8,89.9,1.498
2026-01-12 20:21:28,2002,Ecran,0.0,243.3,0.0,0.0
2026-01-12 20:21:28,2003,Telephone / Tablette,0.0,243.0,0.0,0.0
2026-01-12 20:21:28,2004,Cafetiere,0.0,243.3,0.0,0.0
2026-01-12 20:21:28,2005,Lampe Salle à manger,0.05,242.8,11.3,0.188
2026-01-12 20:21:28,2006,PC Portable,0.179,243.7,20.6,0.343
2026-01-12 20:21:28,2007,Lampe Cuisine,0.0,243.0,0.0,0.0
2026-01-12 20:21:28,2008,Lampe Chambre,0.0,244.1,0.0,0.0
2026-01-12 20:22:28,2001,TV Salle à manger,0.412,244.4,90.0,1.5
2026-01-12 20:22:28,2002,Ecran,0.0,243.8,0.0,0.0
2026-01-12 20:22:28,2003,Telephone / Tablette,0.0,243.4,0.0,0.0
2026-01-12 20:22:28,2004,Cafetiere,0.0,243.7,0.0,0.0
2026-01-12 20:22:28,2005,Lampe Salle à manger,0.05,243.2,11.4,0.19
2026-01-12 20:22:28,2006,PC Portable,0.039,244.2,3.0,0.05
2026-01-12 20:22:28,2007,Lampe Cuisine,0.0,243.4,0.0,0.0
2026-01-12 20:22:28,2008,Lampe Chambre,0.0,244.6,0.0,0.0
2026-01-12 20:23:28,2001,TV Salle à manger,0.437,243.7,95.6,1.593
2026-01-12 20:23:28,2002,Ecran,0.0,243.3,0.0,0.0
2026-01-12 20:23:28,2003,Telephone / Tablette,0.0,242.9,0.0,0.0
2026-01-12 20:23:28,2004,Cafetiere,0.0,243.2,0.0,0.0
2026-01-12 20:23:28,2005,Lampe Salle à manger,0.05,242.7,11.3,0.188
2026-01-12 20:23:28,2006,PC Portable,0.041,243.7,3.2,0.053
2026-01-12 20:23:28,2007,Lampe Cuisine,0.0,242.9,0.0,0.0
2026-01-12 20:23:28,2008,Lampe Chambre,0.0,244.1,0.0,0.0
2026-01-12 20:24:29,2001,TV Salle à manger,0.494,244.4,109.2,1.82
2026-01-12 20:24:29,2002,Ecran,0.0,243.9,0.0,0.0
2026-01-12 20:24:29,2003,Telephone / Tablette,0.0,243.6,0.0,0.0
2026-01-12 20:24:29,2004,Cafetiere,0.0,243.9,0.0,0.0
2026-01-12 20:24:29,2005,Lampe Salle à manger,0.05,243.4,11.3,0.188
2026-01-12 20:24:29,2006,PC Portable,0.043,244.4,3.3,0.055
2026-01-12 20:24:29,2007,Lampe Cuisine,0.0,243.6,0.0,0.0
2026-01-12 20:24:29,2008,Lampe Chambre,0.0,244.7,0.0,0.0
2026-01-12 20:25:30,2001,TV Salle à manger,0.415,243.7,90.2,1.503
2026-01-12 20:25:30,2002,Ecran,0.0,243.3,0.0,0.0
2026-01-12 20:25:30,2003,Telephone / Tablette,0.0,242.9,0.0,0.0
2026-01-12 20:25:30,2004,Cafetiere,0.0,243.2,0.0,0.0
2026-01-12 20:25:30,2005,Lampe Salle à manger,0.05,242.7,11.4,0.19
2026-01-12 20:25:30,2006,PC Portable,0.036,243.7,2.5,0.042
2026-01-12 20:25:30,2007,Lampe Cuisine,0.0,242.9,0.0,0.0
2026-01-12 20:25:30,2008,Lampe Chambre,0.0,244.1,0.0,0.0
2026-01-12 20:26:31,2001,TV Salle à manger,0.413,243.1,89.8,1.497
2026-01-12 20:26:31,2002,Ecran,0.0,242.8,0.0,0.0
2026-01-12 20:26:31,2003,Telephone / Tablette,0.0,242.4,0.0,0.0
2026-01-12 20:26:31,2004,Cafetiere,0.0,242.6,0.0,0.0
2026-01-12 20:26:31,2005,Lampe Salle à manger,0.05,242.1,11.3,0.188
2026-01-12 20:26:31,2006,PC Portable,0.075,243.2,5.6,0.093
2026-01-12 20:26:31,2007,Lampe Cuisine,0.0,242.3,0.0,0.0
2026-01-12 20:26:31,2008,Lampe Chambre,0.0,243.6,0.0,0.0
2026-01-12 20:27:31,2001,TV Salle à manger,0.415,243.8,90.3,1.505
2026-01-12 20:27:31,2002,Ecran,0.0,243.4,0.0,0.0
2026-01-12 20:27:31,2003,Telephone / Tablette,0.0,243.0,0.0,0.0
2026-01-12 20:27:31,2004,Cafetiere,0.0,243.3,0.0,0.0
2026-01-12 20:27:31,2005,Lampe Salle à manger,0.05,242.8,11.3,0.188
2026-01-12 20:27:31,2006,PC Portable,0.036,243.8,2.5,0.042
2026-01-12 20:27:31,2007,Lampe Cuisine,0.0,242.9,0.0,0.0
2026-01-12 20:27:31,2008,Lampe Chambre,0.0,244.2,0.0,0.0
2026-01-12 20:28:32,2001,TV Salle à manger,0.423,244.3,92.5,1.542
2026-01-12 20:28:32,2002,Ecran,0.0,243.9,0.0,0.0
2026-01-12 20:28:32,2003,Telephone / Tablette,0.0,243.5,0.0,0.0
2026-01-12 20:28:32,2004,Cafetiere,0.0,243.7,0.0,0.0
2026-01-12 20:28:32,2005,Lampe Salle à manger,0.05,243.2,11.3,0.188
2026-01-12 20:28:32,2006,PC Portable,0.098,244.2,8.8,0.147
2026-01-12 20:28:32,2007,Lampe Cuisine,0.0,243.1,0.0,0.0
2026-01-12 20:28:32,2008,Lampe Chambre,0.0,244.6,0.0,0.0
2026-01-12 20:29:32,2001,TV Salle à manger,0.482,244.0,106.3,1.772
2026-01-12 20:29:32,2002,Ecran,0.0,243.6,0.0,0.0
2026-01-12 20:29:32,2003,Telephone / Tablette,0.0,243.2,0.0,0.0
2026-01-12 20:29:32,2004,Cafetiere,0.0,243.4,0.0,0.0
2026-01-12 20:29:32,2005,Lampe Salle à manger,0.05,243.0,11.3,0.188
2026-01-12 20:29:32,2006,PC Portable,0.057,244.1,4.1,0.068
2026-01-12 20:29:32,2007,Lampe Cuisine,0.0,243.1,0.0,0.0
2026-01-12 20:29:32,2008,Lampe Chambre,0.0,244.5,0.0,0.0
2026-01-12 20:30:32,2001,TV Salle à manger,0.413,243.8,89.8,1.497
2026-01-12 20:30:32,2002,Ecran,0.0,243.5,0.0,0.0
2026-01-12 20:30:32,2003,Telephone / Tablette,0.0,243.1,0.0,0.0
2026-01-12 20:30:32,2004,Cafetiere,0.0,243.3,0.0,0.0
2026-01-12 20:30:32,2005,Lampe Salle à manger,0.05,242.8,11.3,0.188
2026-01-12 20:30:32,2006,PC Portable,0.079,243.8,6.0,0.1
2026-01-12 20:30:32,2007,Lampe Cuisine,0.0,243.0,0.0,0.0
2026-01-12 20:30:32,2008,Lampe Chambre,0.0,244.2,0.0,0.0
2026-01-12 20:31:33,2001,TV Salle à manger,0.411,244.3,89.8,1.497
2026-01-12 20:31:33,2002,Ecran,0.0,244.1,0.0,0.0
2026-01-12 20:31:33,2003,Telephone / Tablette,0.0,243.6,0.0,0.0
2026-01-12 20:31:33,2004,Cafetiere,0.0,243.8,0.0,0.0
2026-01-12 20:31:33,2005,Lampe Salle à manger,0.05,243.3,11.3,0.188
2026-01-12 20:31:33,2006,PC Portable,0.0,244.3,0.0,0.0
2026-01-12 20:31:33,2007,Lampe Cuisine,0.0,243.5,0.0,0.0
2026-01-12 20:31:33,2008,Lampe Chambre,0.0,244.9,0.0,0.0
2026-01-12 20:32:33,2001,TV Salle à manger,0.414,244.6,90.5,1.508
2026-01-12 20:32:33,2002,Ecran,0.0,244.3,0.0,0.0
2026-01-12 20:32:33,2003,Telephone / Tablette,0.0,243.9,0.0,0.0
2026-01-12 20:32:33,2004,Cafetiere,0.0,244.1,0.0,0.0
2026-01-12 20:32:33,2005,Lampe Salle à manger,0.05,243.5,11.3,0.188
2026-01-12 20:32:33,2006,PC Portable,0.0,244.6,0.0,0.0
2026-01-12 20:32:33,2007,Lampe Cuisine,0.0,243.8,0.0,0.0
2026-01-12 20:32:33,2008,Lampe Chambre,0.0,245.0,0.0,0.0
2026-01-12 20:33:34,2001,TV Salle à manger,0.412,244.9,90.3,1.505
2026-01-12 20:33:34,2002,Ecran,0.0,244.6,0.0,0.0
2026-01-12 20:33:34,2003,Telephone / Tablette,0.0,244.1,0.0,0.0
2026-01-12 20:33:34,2004,Cafetiere,0.0,244.3,0.0,0.0
2026-01-12 20:33:34,2005,Lampe Salle à manger,0.05,243.9,11.3,0.188
2026-01-12 20:33:34,2006,PC Portable,0.0,244.9,0.0,0.0
2026-01-12 20:33:34,2007,Lampe Cuisine,0.0,244.0,0.0,0.0
2026-01-12 20:33:34,2008,Lampe Chambre,0.0,245.3,0.0,0.0
2026-01-12 20:34:34,2001,TV Salle à manger,0.414,244.1,90.4,1.507
2026-01-12 20:34:34,2002,Ecran,0.0,243.8,0.0,0.0
2026-01-12 20:34:34,2003,Telephone / Tablette,0.0,243.4,0.0,0.0
2026-01-12 20:34:34,2004,Cafetiere,0.0,243.7,0.0,0.0
2026-01-12 20:34:34,2005,Lampe Salle à manger,0.05,243.2,11.3,0.188
2026-01-12 20:34:34,2006,PC Portable,0.0,244.2,0.0,0.0
2026-01-12 20:34:34,2007,Lampe Cuisine,0.0,243.4,0.0,0.0
2026-01-12 20:34:34,2008,Lampe Chambre,0.0,244.6,0.0,0.0
2026-01-12 20:35:35,2001,TV Salle à manger,0.41,245.4,89.8,1.497
2026-01-12 20:35:35,2002,Ecran,0.0,245.1,0.0,0.0
2026-01-12 20:35:35,2003,Telephone / Tablette,0.0,244.7,0.0,0.0
2026-01-12 20:35:35,2004,Cafetiere,0.0,244.9,0.0,0.0
2026-01-12 20:35:35,2005,Lampe Salle à manger,0.05,244.5,11.3,0.188
2026-01-12 20:35:35,2006,PC Portable,0.0,245.5,0.0,0.0
2026-01-12 20:35:35,2007,Lampe Cuisine,0.0,244.6,0.0,0.0
2026-01-12 20:35:35,2008,Lampe Chambre,0.0,245.9,0.0,0.0
2026-01-12 20:36:35,2001,TV Salle à manger,0.486,245.0,107.5,1.792
2026-01-12 20:36:35,2002,Ecran,0.0,244.6,0.0,0.0
2026-01-12 20:36:35,2003,Telephone / Tablette,0.0,244.2,0.0,0.0
2026-01-12 20:36:35,2004,Cafetiere,0.0,244.4,0.0,0.0
2026-01-12 20:36:35,2005,Lampe Salle à manger,0.05,244.0,11.3,0.188
2026-01-12 20:36:35,2006,PC Portable,0.0,245.0,0.0,0.0
2026-01-12 20:36:35,2007,Lampe Cuisine,0.0,244.1,0.0,0.0
2026-01-12 20:36:35,2008,Lampe Chambre,0.0,245.4,0.0,0.0
2026-01-12 20:37:36,2001,TV Salle à manger,0.547,245.1,122.3,2.038
2026-01-12 20:37:36,2002,Ecran,0.0,244.5,0.0,0.0
2026-01-12 20:37:36,2003,Telephone / Tablette,0.0,244.2,0.0,0.0
2026-01-12 20:37:36,2004,Cafetiere,0.0,244.7,0.0,0.0
2026-01-12 20:37:36,2005,Lampe Salle à manger,0.049,244.2,11.2,0.187
2026-01-12 20:37:36,2006,PC Portable,0.0,245.2,0.0,0.0
2026-01-12 20:37:36,2007,Lampe Cuisine,0.0,244.3,0.0,0.0
2026-01-12 20:37:36,2008,Lampe Chambre,0.0,245.5,0.0,0.0
2026-01-12 20:38:36,2001,TV Salle à manger,0.423,245.0,92.7,1.545
2026-01-12 20:38:36,2002,Ecran,0.0,244.6,0.0,0.0
2026-01-12 20:38:36,2003,Telephone / Tablette,0.0,244.2,0.0,0.0
2026-01-12 20:38:36,2004,Cafetiere,0.0,244.3,0.0,0.0
2026-01-12 20:38:36,2005,Lampe Salle à manger,0.05,243.9,11.3,0.188
2026-01-12 20:38:36,2006,PC Portable,0.0,244.9,0.0,0.0
2026-01-12 20:38:36,2007,Lampe Cuisine,0.0,244.0,0.0,0.0
2026-01-12 20:38:36,2008,Lampe Chambre,0.0,245.3,0.0,0.0
2026-01-12 20:39:36,2001,TV Salle à manger,0.422,245.1,92.5,1.542
2026-01-12 20:39:36,2002,Ecran,0.0,244.7,0.0,0.0
2026-01-12 20:39:36,2003,Telephone / Tablette,0.0,244.3,0.0,0.0
2026-01-12 20:39:36,2004,Cafetiere,0.0,244.4,0.0,0.0
2026-01-12 20:39:36,2005,Lampe Salle à manger,0.05,244.1,11.3,0.188
2026-01-12 20:39:36,2006,PC Portable,0.0,245.0,0.0,0.0
2026-01-12 20:39:36,2007,Lampe Cuisine,0.0,244.1,0.0,0.0
2026-01-12 20:39:36,2008,Lampe Chambre,0.0,245.4,0.0,0.0
2026-01-12 20:40:37,2001,TV Salle à manger,0.411,245.6,90.2,1.503
2026-01-12 20:40:37,2002,Ecran,0.0,245.2,0.0,0.0
2026-01-12 20:40:37,2003,Telephone / Tablette,0.0,244.7,0.0,0.0
2026-01-12 20:40:37,2004,Cafetiere,0.0,245.1,0.0,0.0
2026-01-12 20:40:37,2005,Lampe Salle à manger,0.05,244.6,11.3,0.188
2026-01-12 20:40:37,2006,PC Portable,0.0,245.6,0.0,0.0
2026-01-12 20:40:37,2007,Lampe Cuisine,0.0,244.6,0.0,0.0
2026-01-12 20:40:37,2008,Lampe Chambre,0.0,245.8,0.0,0.0
2026-01-12 20:41:38,2001,TV Salle à manger,0.419,245.9,92.3,1.538
2026-01-12 20:41:38,2002,Ecran,0.0,245.5,0.0,0.0
2026-01-12 20:41:38,2003,Telephone / Tablette,0.0,245.1,0.0,0.0
2026-01-12 20:41:38,2004,Cafetiere,0.0,245.3,0.0,0.0
2026-01-12 20:41:38,2005,Lampe Salle à manger,0.05,244.8,11.3,0.188
2026-01-12 20:41:38,2006,PC Portable,0.0,245.8,0.0,0.0
2026-01-12 20:41:38,2007,Lampe Cuisine,0.0,244.9,0.0,0.0
2026-01-12 20:41:38,2008,Lampe Chambre,0.0,246.3,0.0,0.0
2026-01-12 20:42:39,2001,TV Salle à manger,0.41,245.4,90.0,1.5
2026-01-12 20:42:39,2002,Ecran,0.0,245.0,0.0,0.0
2026-01-12 20:42:39,2003,Telephone / Tablette,0.0,244.6,0.0,0.0
2026-01-12 20:42:39,2004,Cafetiere,0.0,244.6,0.0,0.0
2026-01-12 20:42:39,2005,Lampe Salle à manger,0.05,244.2,11.3,0.188
2026-01-12 20:42:39,2006,PC Portable,0.0,245.2,0.0,0.0
2026-01-12 20:42:39,2007,Lampe Cuisine,0.0,244.4,0.0,0.0
2026-01-12 20:42:39,2008,Lampe Chambre,0.0,245.6,0.0,0.0
2026-01-12 20:43:42,2001,TV Salle à manger,0.41,245.4,89.7,1.495
2026-01-12 20:43:42,2002,Ecran,0.0,245.0,0.0,0.0
2026-01-12 20:43:42,2003,Telephone / Tablette,0.0,244.6,0.0,0.0
2026-01-12 20:43:42,2004,Cafetiere,0.0,244.9,0.0,0.0
2026-01-12 20:43:42,2005,Lampe Salle à manger,0.049,244.4,11.3,0.188
2026-01-12 20:43:42,2006,PC Portable,0.0,245.5,0.0,0.0
2026-01-12 20:43:42,2007,Lampe Cuisine,0.0,244.6,0.0,0.0
2026-01-12 20:43:42,2008,Lampe Chambre,0.0,245.8,0.0,0.0
2026-01-12 20:44:43,2001,TV Salle à manger,0.486,246.3,108.1,1.802
2026-01-12 20:44:43,2002,Ecran,0.0,246.0,0.0,0.0
2026-01-12 20:44:43,2003,Telephone / Tablette,,,,
2026-01-12 20:44:43,2004,Cafetiere,0.0,246.2,0.0,0.0
2026-01-12 20:44:43,2005,Lampe Salle à manger,0.049,245.7,11.3,0.188
2026-01-12 20:44:43,2006,PC Portable,0.0,246.8,0.0,0.0
2026-01-12 20:44:43,2007,Lampe Cuisine,0.0,245.9,0.0,0.0
2026-01-12 20:44:43,2008,Lampe Chambre,0.0,247.1,0.0,0.0
2026-01-12 20:45:48,2001,TV Salle à manger,0.441,246.4,97.5,1.625
2026-01-12 20:45:48,2002,Ecran,0.0,246.0,0.0,0.0
2026-01-12 20:45:48,2003,Telephone / Tablette,0.0,245.6,0.0,0.0
2026-01-12 20:45:48,2004,Cafetiere,0.0,245.8,0.0,0.0
2026-01-12 20:45:48,2005,Lampe Salle à manger,0.05,245.4,11.3,0.188
2026-01-12 20:45:48,2006,PC Portable,0.0,246.4,0.0,0.0
2026-01-12 20:45:48,2007,Lampe Cuisine,0.0,245.5,0.0,0.0
2026-01-12 20:45:48,2008,Lampe Chambre,0.0,246.7,0.0,0.0
2026-01-12 20:46:48,2001,TV Salle à manger,0.424,245.6,93.3,1.555
2026-01-12 20:46:48,2002,Ecran,0.0,245.2,0.0,0.0
2026-01-12 20:46:48,2003,Telephone / Tablette,0.0,244.8,0.0,0.0
2026-01-12 20:46:48,2004,Cafetiere,0.0,245.1,0.0,0.0
2026-01-12 20:46:48,2005,Lampe Salle à manger,0.049,244.6,11.3,0.188
2026-01-12 20:46:48,2006,PC Portable,0.08,245.5,7.9,0.132
2026-01-12 20:46:48,2007,Lampe Cuisine,0.0,244.7,0.0,0.0
2026-01-12 20:46:48,2008,Lampe Chambre,0.0,245.9,0.0,0.0
2026-01-12 20:47:49,2001,TV Salle à manger,0.521,245.7,116.1,1.935
2026-01-12 20:47:49,2002,Ecran,0.0,245.3,0.0,0.0
2026-01-12 20:47:49,2003,Telephone / Tablette,0.0,244.9,0.0,0.0
2026-01-12 20:47:49,2004,Cafetiere,0.0,245.2,0.0,0.0
2026-01-12 20:47:49,2005,Lampe Salle à manger,0.05,244.6,11.4,0.19
2026-01-12 20:47:49,2006,PC Portable,0.041,245.7,3.3,0.055
2026-01-12 20:47:49,2007,Lampe Cuisine,0.0,244.8,0.0,0.0
2026-01-12 20:47:49,2008,Lampe Chambre,0.0,246.1,0.0,0.0
2026-01-12 20:48:49,2001,TV Salle à manger,0.558,246.6,125.5,2.092
2026-01-12 20:48:49,2002,Ecran,0.0,246.2,0.0,0.0
2026-01-12 20:48:49,2003,Telephone / Tablette,0.0,245.8,0.0,0.0
2026-01-12 20:48:49,2004,Cafetiere,0.0,246.1,0.0,0.0
2026-01-12 20:48:49,2005,Lampe Salle à manger,0.049,245.5,11.3,0.188
2026-01-12 20:48:49,2006,PC Portable,0.0,246.6,0.0,0.0
2026-01-12 20:48:49,2007,Lampe Cuisine,0.0,245.7,0.0,0.0
2026-01-12 20:48:49,2008,Lampe Chambre,0.0,247.0,0.0,0.0
2026-01-12 20:49:49,2001,TV Salle à manger,0.566,246.4,127.6,2.127
2026-01-12 20:49:49,2002,Ecran,0.17,246.0,21.7,0.362
2026-01-12 20:49:49,2003,Telephone / Tablette,0.0,245.6,0.0,0.0
2026-01-12 20:49:49,2004,Cafetiere,0.0,246.0,0.0,0.0
2026-01-12 20:49:49,2005,Lampe Salle à manger,0.05,245.4,11.3,0.188
2026-01-12 20:49:49,2006,PC Portable,0.0,246.4,0.0,0.0
2026-01-12 20:49:49,2007,Lampe Cuisine,0.0,245.5,0.0,0.0
2026-01-12 20:49:49,2008,Lampe Chambre,0.0,246.8,0.0,0.0
2026-01-12 20:50:49,2001,TV Salle à manger,0.413,245.6,90.7,1.512
2026-01-12 20:50:49,2002,Ecran,0.035,245.2,2.5,0.042
2026-01-12 20:50:49,2003,Telephone / Tablette,0.0,244.8,0.0,0.0
2026-01-12 20:50:49,2004,Cafetiere,0.0,245.0,0.0,0.0
2026-01-12 20:50:49,2005,Lampe Salle à manger,0.049,244.6,11.3,0.188
2026-01-12 20:50:49,2006,PC Portable,0.0,245.5,0.0,0.0
2026-01-12 20:50:49,2007,Lampe Cuisine,0.0,244.7,0.0,0.0
2026-01-12 20:50:49,2008,Lampe Chambre,0.0,245.9,0.0,0.0
2026-01-12 20:51:50,2001,TV Salle à manger,0.408,246.0,89.5,1.492
2026-01-12 20:51:50,2002,Ecran,0.171,245.6,21.6,0.36
2026-01-12 20:51:50,2003,Telephone / Tablette,0.0,245.6,0.0,0.0
2026-01-12 20:51:50,2004,Cafetiere,0.0,245.5,0.0,0.0
2026-01-12 20:51:50,2005,Lampe Salle à manger,0.05,245.1,11.3,0.188
2026-01-12 20:51:50,2006,PC Portable,0.0,246.1,0.0,0.0
2026-01-12 20:51:50,2007,Lampe Cuisine,0.0,245.3,0.0,0.0
2026-01-12 20:51:50,2008,Lampe Chambre,0.0,246.4,0.0,0.0
2026-01-12 20:52:50,2001,TV Salle à manger,0.407,246.1,89.4,1.49
2026-01-12 20:52:50,2002,Ecran,0.035,245.6,2.4,0.04
2026-01-12 20:52:50,2003,Telephone / Tablette,0.0,245.2,0.0,0.0
2026-01-12 20:52:50,2004,Cafetiere,0.0,245.5,0.0,0.0
2026-01-12 20:52:50,2005,Lampe Salle à manger,0.05,245.0,11.3,0.188
2026-01-12 20:52:50,2006,PC Portable,0.0,245.9,0.0,0.0
2026-01-12 20:52:50,2007,Lampe Cuisine,0.0,245.2,0.0,0.0
2026-01-12 20:52:50,2008,Lampe Chambre,0.0,246.4,0.0,0.0
2026-01-12 20:53:50,2001,TV Salle à manger,0.409,246.4,90.0,1.5
2026-01-12 20:53:50,2002,Ecran,0.0,246.0,0.0,0.0
2026-01-12 20:53:50,2003,Telephone / Tablette,0.0,245.6,0.0,0.0
2026-01-12 20:53:50,2004,Cafetiere,0.0,245.9,0.0,0.0
2026-01-12 20:53:50,2005,Lampe Salle à manger,0.049,245.3,11.3,0.188
2026-01-12 20:53:50,2006,PC Portable,0.0,246.3,0.0,0.0
2026-01-12 20:53:50,2007,Lampe Cuisine,0.0,245.6,0.0,0.0
2026-01-12 20:53:50,2008,Lampe Chambre,0.0,246.7,0.0,0.0
2026-01-12 20:54:51,2001,TV Salle à manger,0.575,246.1,129.3,2.155
2026-01-12 20:54:51,2002,Ecran,0.0,245.7,0.0,0.0
2026-01-12 20:54:51,2003,Telephone / Tablette,0.0,245.3,0.0,0.0
2026-01-12 20:54:51,2004,Cafetiere,0.0,245.5,0.0,0.0
2026-01-12 20:54:51,2005,Lampe Salle à manger,0.05,245.0,11.3,0.188
2026-01-12 20:54:51,2006,PC Portable,0.0,246.0,0.0,0.0
2026-01-12 20:54:51,2007,Lampe Cuisine,0.0,245.2,0.0,0.0
2026-01-12 20:54:51,2008,Lampe Chambre,0.0,246.4,0.0,0.0
2026-01-12 20:55:51,2001,TV Salle à manger,0.432,246.1,95.4,1.59
2026-01-12 20:55:51,2002,Ecran,0.0,245.7,0.0,0.0
2026-01-12 20:55:51,2003,Telephone / Tablette,0.0,245.3,0.0,0.0
2026-01-12 20:55:51,2004,Cafetiere,0.0,245.5,0.0,0.0
2026-01-12 20:55:51,2005,Lampe Salle à manger,0.05,245.2,11.3,0.188
2026-01-12 20:55:51,2006,PC Portable,0.0,246.2,0.0,0.0
2026-01-12 20:55:51,2007,Lampe Cuisine,0.0,245.3,0.0,0.0
2026-01-12 20:55:51,2008,Lampe Chambre,0.0,246.4,0.0,0.0
2026-01-12 20:56:51,2001,TV Salle à manger,0.574,245.3,128.7,2.145
2026-01-12 20:56:51,2002,Ecran,0.0,244.9,0.0,0.0
2026-01-12 20:56:51,2003,Telephone / Tablette,0.0,244.6,0.0,0.0
2026-01-12 20:56:51,2004,Cafetiere,0.0,244.8,0.0,0.0
2026-01-12 20:56:51,2005,Lampe Salle à manger,0.05,244.3,11.3,0.188
2026-01-12 20:56:51,2006,PC Portable,0.0,245.3,0.0,0.0
2026-01-12 20:56:51,2007,Lampe Cuisine,0.0,244.5,0.0,0.0
2026-01-12 20:56:51,2008,Lampe Chambre,0.0,245.7,0.0,0.0
2026-01-12 20:57:51,2001,TV Salle à manger,0.507,246.1,113.0,1.883
2026-01-12 20:57:51,2002,Ecran,0.0,245.7,0.0,0.0
2026-01-12 20:57:51,2003,Telephone / Tablette,0.0,245.3,0.0,0.0
2026-01-12 20:57:51,2004,Cafetiere,0.0,245.6,0.0,0.0
2026-01-12 20:57:51,2005,Lampe Salle à manger,0.049,245.1,11.3,0.188
2026-01-12 20:57:51,2006,PC Portable,0.0,246.1,0.0,0.0
2026-01-12 20:57:51,2007,Lampe Cuisine,0.0,245.3,0.0,0.0
2026-01-12 20:57:51,2008,Lampe Chambre,0.0,246.5,0.0,0.0
2026-01-12 20:58:52,2001,TV Salle à manger,0.474,246.4,105.3,1.755
2026-01-12 20:58:52,2002,Ecran,0.0,246.0,0.0,0.0
2026-01-12 20:58:52,2003,Telephone / Tablette,0.0,245.6,0.0,0.0
2026-01-12 20:58:52,2004,Cafetiere,0.0,245.9,0.0,0.0
2026-01-12 20:58:52,2005,Lampe Salle à manger,0.05,245.4,11.3,0.188
2026-01-12 20:58:52,2006,PC Portable,0.0,246.4,0.0,0.0
2026-01-12 20:58:52,2007,Lampe Cuisine,0.0,245.6,0.0,0.0
2026-01-12 20:58:52,2008,Lampe Chambre,0.0,246.7,0.0,0.0
2026-01-12 20:59:52,2001,TV Salle à manger,0.41,246.2,90.2,1.503
2026-01-12 20:59:52,2002,Ecran,0.0,245.9,0.0,0.0
2026-01-12 20:59:52,2003,Telephone / Tablette,0.0,245.4,0.0,0.0
2026-01-12 20:59:52,2004,Cafetiere,0.0,245.7,0.0,0.0
2026-01-12 20:59:52,2005,Lampe Salle à manger,0.05,245.1,11.4,0.19
2026-01-12 20:59:52,2006,PC Portable,0.0,246.1,0.0,0.0
2026-01-12 20:59:52,2007,Lampe Cuisine,0.0,245.3,0.0,0.0
2026-01-12 20:59:52,2008,Lampe Chambre,0.037,246.5,5.4,0.09
2026-01-12 21:00:52,2001,TV Salle à manger,0.523,245.8,116.9,1.948
2026-01-12 21:00:52,2002,Ecran,0.0,245.4,0.0,0.0
2026-01-12 21:00:52,2003,Telephone / Tablette,0.0,245.0,0.0,0.0
2026-01-12 21:00:52,2004,Cafetiere,0.0,245.3,0.0,0.0
2026-01-12 21:00:52,2005,Lampe Salle à manger,0.05,244.7,11.3,0.188
2026-01-12 21:00:52,2006,PC Portable,0.0,245.7,0.0,0.0
2026-01-12 21:00:52,2007,Lampe Cuisine,0.0,245.0,0.0,0.0
2026-01-12 21:00:52,2008,Lampe Chambre,0.036,246.2,5.3,0.088
2026-01-12 21:01:52,2001,TV Salle à manger,0.42,246.0,92.5,1.542
2026-01-12 21:01:52,2002,Ecran,0.0,245.6,0.0,0.0
2026-01-12 21:01:52,2003,Telephone / Tablette,0.0,245.2,0.0,0.0
2026-01-12 21:01:52,2004,Cafetiere,0.0,245.5,0.0,0.0
2026-01-12 21:01:52,2005,Lampe Salle à manger,0.05,244.9,11.3,0.188
2026-01-12 21:01:52,2006,PC Portable,0.0,246.0,0.0,0.0
2026-01-12 21:01:52,2007,Lampe Cuisine,0.0,245.1,0.0,0.0
2026-01-12 21:01:52,2008,Lampe Chambre,0.036,246.3,5.4,0.09
2026-01-12 21:02:53,2001,TV Salle à manger,0.579,245.5,130.1,2.168
2026-01-12 21:02:53,2002,Ecran,0.0,245.1,0.0,0.0
2026-01-12 21:02:53,2003,Telephone / Tablette,0.0,244.7,0.0,0.0
2026-01-12 21:02:53,2004,Cafetiere,0.0,245.0,0.0,0.0
2026-01-12 21:02:53,2005,Lampe Salle à manger,0.049,244.4,11.3,0.188
2026-01-12 21:02:53,2006,PC Portable,0.0,245.4,0.0,0.0
2026-01-12 21:02:53,2007,Lampe Cuisine,0.0,244.8,0.0,0.0
2026-01-12 21:02:53,2008,Lampe Chambre,0.0,245.8,0.0,0.0
2026-01-12 21:03:53,2001,TV Salle à manger,0.462,245.8,102.3,1.705
2026-01-12 21:03:53,2002,Ecran,0.0,245.4,0.0,0.0
2026-01-12 21:03:53,2003,Telephone / Tablette,0.0,244.9,0.0,0.0
2026-01-12 21:03:53,2004,Cafetiere,0.0,245.3,0.0,0.0
2026-01-12 21:03:53,2005,Lampe Salle à manger,0.05,244.6,11.3,0.188
2026-01-12 21:03:53,2006,PC Portable,0.0,245.7,0.0,0.0
2026-01-12 21:03:53,2007,Lampe Cuisine,0.0,244.8,0.0,0.0
2026-01-12 21:03:53,2008,Lampe Chambre,0.0,246.1,0.0,0.0
2026-01-12 21:04:53,2001,TV Salle à manger,0.432,245.5,95.0,1.583
2026-01-12 21:04:53,2002,Ecran,0.0,245.1,0.0,0.0
2026-01-12 21:04:53,2003,Telephone / Tablette,0.0,244.7,0.0,0.0
2026-01-12 21:04:53,2004,Cafetiere,0.0,244.9,0.0,0.0
2026-01-12 21:04:53,2005,Lampe Salle à manger,0.05,244.4,11.3,0.188
2026-01-12 21:04:53,2006,PC Portable,0.0,245.4,0.0,0.0
2026-01-12 21:04:53,2007,Lampe Cuisine,0.0,244.6,0.0,0.0
2026-01-12 21:04:53,2008,Lampe Chambre,0.0,245.7,0.0,0.0
2026-01-12 21:05:54,2001,TV Salle à manger,0.57,245.6,128.1,2.135
2026-01-12 21:05:54,2002,Ecran,0.0,245.2,0.0,0.0
2026-01-12 21:05:54,2003,Telephone / Tablette,0.0,244.8,0.0,0.0
2026-01-12 21:05:54,2004,Cafetiere,0.0,245.0,0.0,0.0
2026-01-12 21:05:54,2005,Lampe Salle à manger,0.05,244.5,11.3,0.188
2026-01-12 21:05:54,2006,PC Portable,0.0,245.5,0.0,0.0
2026-01-12 21:05:54,2007,Lampe Cuisine,0.0,244.7,0.0,0.0
2026-01-12 21:05:54,2008,Lampe Chambre,0.0,245.9,0.0,0.0
2026-01-12 21:06:54,2001,TV Salle à manger,0.412,245.7,90.5,1.508
2026-01-12 21:06:54,2002,Ecran,0.0,245.4,0.0,0.0
2026-01-12 21:06:54,2003,Telephone / Tablette,0.0,245.0,0.0,0.0
2026-01-12 21:06:54,2004,Cafetiere,0.0,245.2,0.0,0.0
2026-01-12 21:06:54,2005,Lampe Salle à manger,0.05,244.6,11.3,0.188
2026-01-12 21:06:54,2006,PC Portable,0.0,245.6,0.0,0.0
2026-01-12 21:06:54,2007,Lampe Cuisine,0.0,244.9,0.0,0.0
2026-01-12 21:06:54,2008,Lampe Chambre,0.0,246.1,0.0,0.0
2026-01-12 21:07:54,2001,TV Salle à manger,0.581,244.5,129.9,2.165
2026-01-12 21:07:54,2002,Ecran,0.0,244.2,0.0,0.0
2026-01-12 21:07:54,2003,Telephone / Tablette,0.0,243.8,0.0,0.0
2026-01-12 21:07:54,2004,Cafetiere,0.0,244.0,0.0,0.0
2026-01-12 21:07:54,2005,Lampe Salle à manger,0.05,243.5,11.3,0.188
2026-01-12 21:07:54,2006,PC Portable,0.0,244.4,0.0,0.0
2026-01-12 21:07:54,2007,Lampe Cuisine,0.0,243.6,0.0,0.0
2026-01-12 21:07:54,2008,Lampe Chambre,0.0,244.9,0.0,0.0
2026-01-12 21:08:54,2001,TV Salle à manger,0.411,245.0,90.0,1.5
2026-01-12 21:08:54,2002,Ecran,0.0,244.7,0.0,0.0
2026-01-12 21:08:54,2003,Telephone / Tablette,0.0,244.3,0.0,0.0
2026-01-12 21:08:54,2004,Cafetiere,0.0,244.4,0.0,0.0
2026-01-12 21:08:54,2005,Lampe Salle à manger,0.05,243.9,11.4,0.19
2026-01-12 21:08:54,2006,PC Portable,0.0,244.9,0.0,0.0
2026-01-12 21:08:54,2007,Lampe Cuisine,0.0,244.1,0.0,0.0
2026-01-12 21:08:54,2008,Lampe Chambre,0.0,245.4,0.0,0.0
2026-01-12 21:09:55,2001,TV Salle à manger,0.57,244.2,127.0,2.117
2026-01-12 21:09:55,2002,Ecran,0.0,243.9,0.0,0.0
2026-01-12 21:09:55,2003,Telephone / Tablette,0.0,243.5,0.0,0.0
2026-01-12 21:09:55,2004,Cafetiere,0.0,243.8,0.0,0.0
2026-01-12 21:09:55,2005,Lampe Salle à manger,0.05,243.2,11.4,0.19
2026-01-12 21:09:55,2006,PC Portable,0.0,244.2,0.0,0.0
2026-01-12 21:09:55,2007,Lampe Cuisine,0.0,243.4,0.0,0.0
2026-01-12 21:09:55,2008,Lampe Chambre,0.0,244.7,0.0,0.0
2026-01-12 21:10:55,2001,TV Salle à manger,0.572,244.4,127.7,2.128
2026-01-12 21:10:55,2002,Ecran,0.0,244.1,0.0,0.0
2026-01-12 21:10:55,2003,Telephone / Tablette,0.0,243.7,0.0,0.0
2026-01-12 21:10:55,2004,Cafetiere,0.0,244.0,0.0,0.0
2026-01-12 21:10:55,2005,Lampe Salle à manger,0.05,243.5,11.3,0.188
2026-01-12 21:10:55,2006,PC Portable,0.0,244.4,0.0,0.0
2026-01-12 21:10:55,2007,Lampe Cuisine,0.0,243.6,0.0,0.0
2026-01-12 21:10:55,2008,Lampe Chambre,0.0,244.8,0.0,0.0
2026-01-12 21:11:55,2001,TV Salle à manger,0.44,245.0,96.5,1.608
2026-01-12 21:11:55,2002,Ecran,0.0,244.6,0.0,0.0
2026-01-12 21:11:55,2003,Telephone / Tablette,0.0,244.2,0.0,0.0
2026-01-12 21:11:55,2004,Cafetiere,0.0,244.4,0.0,0.0
2026-01-12 21:11:55,2005,Lampe Salle à manger,0.05,243.8,11.4,0.19
2026-01-12 21:11:55,2006,PC Portable,0.0,244.9,0.0,0.0
2026-01-12 21:11:55,2007,Lampe Cuisine,0.0,243.9,0.0,0.0
2026-01-12 21:11:55,2008,Lampe Chambre,0.0,245.3,0.0,0.0
2026-01-12 21:12:56,2001,TV Salle à manger,0.425,244.8,93.2,1.553
2026-01-12 21:12:56,2002,Ecran,0.0,244.4,0.0,0.0
2026-01-12 21:12:56,2003,Telephone / Tablette,0.0,244.0,0.0,0.0
2026-01-12 21:12:56,2004,Cafetiere,0.0,244.3,0.0,0.0
2026-01-12 21:12:56,2005,Lampe Salle à manger,0.05,243.8,11.3,0.188
2026-01-12 21:12:56,2006,PC Portable,0.0,244.7,0.0,0.0
2026-01-12 21:12:56,2007,Lampe Cuisine,0.0,243.9,0.0,0.0
2026-01-12 21:12:56,2008,Lampe Chambre,0.0,245.2,0.0,0.0
2026-01-12 21:13:56,2001,TV Salle à manger,0.42,245.1,92.2,1.537
2026-01-12 21:13:56,2002,Ecran,0.0,244.7,0.0,0.0
2026-01-12 21:13:56,2003,Telephone / Tablette,0.0,244.3,0.0,0.0
2026-01-12 21:13:56,2004,Cafetiere,0.0,244.5,0.0,0.0
2026-01-12 21:13:56,2005,Lampe Salle à manger,0.05,244.1,11.3,0.188
2026-01-12 21:13:56,2006,PC Portable,0.0,245.0,0.0,0.0
2026-01-12 21:13:56,2007,Lampe Cuisine,0.0,244.2,0.0,0.0
2026-01-12 21:13:56,2008,Lampe Chambre,0.0,245.5,0.0,0.0
2026-01-12 21:14:56,2001,TV Salle à manger,0.408,245.7,89.5,1.492
2026-01-12 21:14:56,2002,Ecran,0.0,245.4,0.0,0.0
2026-01-12 21:14:56,2003,Telephone / Tablette,0.0,244.9,0.0,0.0
2026-01-12 21:14:56,2004,Cafetiere,0.0,245.2,0.0,0.0
2026-01-12 21:14:56,2005,Lampe Salle à manger,0.05,244.8,11.3,0.188
2026-01-12 21:14:56,2006,PC Portable,0.0,245.7,0.0,0.0
2026-01-12 21:14:56,2007,Lampe Cuisine,0.0,245.0,0.0,0.0
2026-01-12 21:14:56,2008,Lampe Chambre,0.0,246.1,0.0,0.0
2026-01-12 21:15:56,2001,TV Salle à manger,0.409,246.1,90.0,1.5
2026-01-12 21:15:56,2002,Ecran,0.0,245.6,0.0,0.0
2026-01-12 21:15:56,2003,Telephone / Tablette,0.0,245.2,0.0,0.0
2026-01-12 21:15:56,2004,Cafetiere,0.0,245.5,0.0,0.0
2026-01-12 21:15:56,2005,Lampe Salle à manger,0.05,245.0,11.3,0.188
2026-01-12 21:15:56,2006,PC Portable,0.0,245.9,0.0,0.0
2026-01-12 21:15:56,2007,Lampe Cuisine,0.0,245.2,0.0,0.0
2026-01-12 21:15:56,2008,Lampe Chambre,0.0,246.5,0.0,0.0
2026-01-12 21:16:57,2001,TV Salle à manger,0.475,245.7,105.1,1.752
2026-01-12 21:16:57,2002,Ecran,0.0,245.2,0.0,0.0
2026-01-12 21:16:57,2003,Telephone / Tablette,0.0,244.8,0.0,0.0
2026-01-12 21:16:57,2004,Cafetiere,0.0,245.1,0.0,0.0
2026-01-12 21:16:57,2005,Lampe Salle à manger,0.05,244.5,11.3,0.188
2026-01-12 21:16:57,2006,PC Portable,0.0,245.5,0.0,0.0
2026-01-12 21:16:57,2007,Lampe Cuisine,0.0,244.8,0.0,0.0
2026-01-12 21:16:57,2008,Lampe Chambre,0.0,246.0,0.0,0.0
2026-01-12 21:17:57,2001,TV Salle à manger,0.432,245.9,95.3,1.588
2026-01-12 21:17:57,2002,Ecran,0.0,245.5,0.0,0.0
2026-01-12 21:17:57,2003,Telephone / Tablette,0.0,245.1,0.0,0.0
2026-01-12 21:17:57,2004,Cafetiere,0.0,245.4,0.0,0.0
2026-01-12 21:17:57,2005,Lampe Salle à manger,0.05,244.9,11.3,0.188
2026-01-12 21:17:57,2006,PC Portable,0.0,245.9,0.0,0.0
2026-01-12 21:17:57,2007,Lampe Cuisine,0.0,245.1,0.0,0.0
2026-01-12 21:17:57,2008,Lampe Chambre,0.0,246.2,0.0,0.0
2026-01-12 21:18:57,2001,TV Salle à manger,0.408,245.7,89.4,1.49
2026-01-12 21:18:57,2002,Ecran,0.0,245.1,0.0,0.0
2026-01-12 21:18:57,2003,Telephone / Tablette,0.0,245.0,0.0,0.0
2026-01-12 21:18:57,2004,Cafetiere,0.0,244.8,0.0,0.0
2026-01-12 21:18:57,2005,Lampe Salle à manger,0.05,244.5,11.3,0.188
2026-01-12 21:18:57,2006,PC Portable,0.0,245.3,0.0,0.0
2026-01-12 21:18:57,2007,Lampe Cuisine,0.0,244.8,0.0,0.0
2026-01-12 21:18:57,2008,Lampe Chambre,0.0,246.0,0.0,0.0
2026-01-12 21:19:58,2001,TV Salle à manger,0.407,246.2,89.3,1.488
2026-01-12 21:19:58,2002,Ecran,0.0,245.8,0.0,0.0
2026-01-12 21:19:58,2003,Telephone / Tablette,0.0,245.4,0.0,0.0
2026-01-12 21:19:58,2004,Cafetiere,0.0,245.7,0.0,0.0
2026-01-12 21:19:58,2005,Lampe Salle à manger,0.05,245.2,11.3,0.188
2026-01-12 21:19:58,2006,PC Portable,0.0,246.2,0.0,0.0
2026-01-12 21:19:58,2007,Lampe Cuisine,0.0,245.3,0.0,0.0
2026-01-12 21:19:58,2008,Lampe Chambre,0.0,246.6,0.0,0.0
2026-01-12 21:20:58,2001,TV Salle à manger,0.562,246.1,126.3,2.105
2026-01-12 21:20:58,2002,Ecran,0.0,245.7,0.0,0.0
2026-01-12 21:20:58,2003,Telephone / Tablette,0.0,245.3,0.0,0.0
2026-01-12 21:20:58,2004,Cafetiere,0.0,245.6,0.0,0.0
2026-01-12 21:20:58,2005,Lampe Salle à manger,0.049,245.1,11.3,0.188
2026-01-12 21:20:58,2006,PC Portable,0.0,246.1,0.0,0.0
2026-01-12 21:20:58,2007,Lampe Cuisine,0.0,245.3,0.0,0.0
2026-01-12 21:20:58,2008,Lampe Chambre,0.0,246.5,0.0,0.0
2026-01-12 21:21:58,2001,TV Salle à manger,0.419,247.4,92.5,1.542
2026-01-12 21:21:58,2002,Ecran,0.0,247.0,0.0,0.0
2026-01-12 21:21:58,2003,Telephone / Tablette,0.0,246.6,0.0,0.0
2026-01-12 21:21:58,2004,Cafetiere,0.0,246.8,0.0,0.0
2026-01-12 21:21:58,2005,Lampe Salle à manger,0.049,246.3,11.3,0.188
2026-01-12 21:21:58,2006,PC Portable,0.0,247.3,0.0,0.0
2026-01-12 21:21:58,2007,Lampe Cuisine,0.0,246.5,0.0,0.0
2026-01-12 21:21:58,2008,Lampe Chambre,0.0,247.7,0.0,0.0
2026-01-12 21:22:59,2001,TV Salle à manger,0.42,246.4,92.5,1.542
2026-01-12 21:22:59,2002,Ecran,0.0,245.9,0.0,0.0
2026-01-12 21:22:59,2003,Telephone / Tablette,0.0,245.5,0.0,0.0
2026-01-12 21:22:59,2004,Cafetiere,0.0,245.8,0.0,0.0
2026-01-12 21:22:59,2005,Lampe Salle à manger,0.05,245.3,11.3,0.188
2026-01-12 21:22:59,2006,PC Portable,0.0,246.3,0.0,0.0
2026-01-12 21:22:59,2007,Lampe Cuisine,0.0,245.5,0.0,0.0
2026-01-12 21:22:59,2008,Lampe Chambre,0.0,246.7,0.0,0.0
2026-01-12 21:23:59,2001,TV Salle à manger,0.546,245.7,122.2,2.037
2026-01-12 21:23:59,2002,Ecran,0.0,245.3,0.0,0.0
2026-01-12 21:23:59,2003,Telephone / Tablette,0.0,244.9,0.0,0.0
2026-01-12 21:23:59,2004,Cafetiere,0.0,245.0,0.0,0.0
2026-01-12 21:23:59,2005,Lampe Salle à manger,0.05,244.6,11.3,0.188
2026-01-12 21:23:59,2006,PC Portable,0.0,245.5,0.0,0.0
2026-01-12 21:23:59,2007,Lampe Cuisine,0.0,244.7,0.0,0.0
2026-01-12 21:23:59,2008,Lampe Chambre,0.0,246.0,0.0,0.0
2026-01-12 21:24:59,2001,TV Salle à manger,0.48,245.8,106.6,1.777
2026-01-12 21:24:59,2002,Ecran,0.0,245.4,0.0,0.0
2026-01-12 21:24:59,2003,Telephone / Tablette,0.0,245.0,0.0,0.0
2026-01-12 21:24:59,2004,Cafetiere,0.0,245.2,0.0,0.0
2026-01-12 21:24:59,2005,Lampe Salle à manger,0.05,244.7,11.4,0.19
2026-01-12 21:24:59,2006,PC Portable,0.0,245.7,0.0,0.0
2026-01-12 21:24:59,2007,Lampe Cuisine,0.0,244.9,0.0,0.0
2026-01-12 21:24:59,2008,Lampe Chambre,0.0,246.2,0.0,0.0
2026-01-12 21:25:59,2001,TV Salle à manger,0.426,245.7,93.7,1.562
2026-01-12 21:25:59,2002,Ecran,0.0,245.2,0.0,0.0
2026-01-12 21:25:59,2003,Telephone / Tablette,0.0,244.9,0.0,0.0
2026-01-12 21:25:59,2004,Cafetiere,0.0,245.1,0.0,0.0
2026-01-12 21:25:59,2005,Lampe Salle à manger,0.049,244.7,11.3,0.188
2026-01-12 21:25:59,2006,PC Portable,0.0,245.5,0.0,0.0
2026-01-12 21:25:59,2007,Lampe Cuisine,0.0,244.7,0.0,0.0
2026-01-12 21:25:59,2008,Lampe Chambre,0.0,245.9,0.0,0.0
2026-01-12 21:27:00,2001,TV Salle à manger,0.471,246.0,104.4,1.74
2026-01-12 21:27:00,2002,Ecran,0.0,245.6,0.0,0.0
2026-01-12 21:27:00,2003,Telephone / Tablette,0.0,245.2,0.0,0.0
2026-01-12 21:27:00,2004,Cafetiere,0.0,245.5,0.0,0.0
2026-01-12 21:27:00,2005,Lampe Salle à manger,0.05,245.0,11.4,0.19
2026-01-12 21:27:00,2006,PC Portable,0.0,245.9,0.0,0.0
2026-01-12 21:27:00,2007,Lampe Cuisine,0.0,245.2,0.0,0.0
2026-01-12 21:27:00,2008,Lampe Chambre,0.0,246.4,0.0,0.0
2026-01-12 21:28:00,2001,TV Salle à manger,0.443,246.5,98.1,1.635
2026-01-12 21:28:00,2002,Ecran,0.0,245.7,0.0,0.0
2026-01-12 21:28:00,2003,Telephone / Tablette,0.0,245.5,0.0,0.0
2026-01-12 21:28:00,2004,Cafetiere,0.0,245.6,0.0,0.0
2026-01-12 21:28:00,2005,Lampe Salle à manger,0.05,244.9,11.4,0.19
2026-01-12 21:28:00,2006,PC Portable,0.0,245.9,0.0,0.0
2026-01-12 21:28:00,2007,Lampe Cuisine,0.0,245.2,0.0,0.0
2026-01-12 21:28:00,2008,Lampe Chambre,0.0,246.7,0.0,0.0
2026-01-12 21:29:00,2001,TV Salle à manger,0.545,246.0,122.1,2.035
2026-01-12 21:29:00,2002,Ecran,0.0,245.6,0.0,0.0
2026-01-12 21:29:00,2003,Telephone / Tablette,0.0,245.2,0.0,0.0
2026-01-12 21:29:00,2004,Cafetiere,0.0,245.4,0.0,0.0
2026-01-12 21:29:00,2005,Lampe Salle à manger,0.049,244.9,11.3,0.188
2026-01-12 21:29:00,2006,PC Portable,0.0,245.8,0.0,0.0
2026-01-12 21:29:00,2007,Lampe Cuisine,0.0,245.1,0.0,0.0
2026-01-12 21:29:00,2008,Lampe Chambre,0.0,246.3,0.0,0.0
2026-01-12 21:30:00,2001,TV Salle à manger,0.439,246.1,96.9,1.615
2026-01-12 21:30:00,2002,Ecran,0.0,245.7,0.0,0.0
2026-01-12 21:30:00,2003,Telephone / Tablette,0.0,245.3,0.0,0.0
2026-01-12 21:30:00,2004,Cafetiere,0.0,245.5,0.0,0.0
2026-01-12 21:30:00,2005,Lampe Salle à manger,0.05,245.1,11.3,0.188
2026-01-12 21:30:00,2006,PC Portable,0.0,245.9,0.0,0.0
2026-01-12 21:30:00,2007,Lampe Cuisine,0.0,245.2,0.0,0.0
2026-01-12 21:30:00,2008,Lampe Chambre,0.0,246.5,0.0,0.0
2026-01-12 21:31:01,2001,TV Salle à manger,0.411,246.2,90.5,1.508
2026-01-12 21:31:01,2002,Ecran,0.0,245.5,0.0,0.0
2026-01-12 21:31:01,2003,Telephone / Tablette,0.0,245.3,0.0,0.0
2026-01-12 21:31:01,2004,Cafetiere,0.0,245.6,0.0,0.0
2026-01-12 21:31:01,2005,Lampe Salle à manger,0.05,244.9,11.4,0.19
2026-01-12 21:31:01,2006,PC Portable,0.0,245.9,0.0,0.0
2026-01-12 21:31:01,2007,Lampe Cuisine,0.0,245.1,0.0,0.0
2026-01-12 21:31:01,2008,Lampe Chambre,0.0,246.4,0.0,0.0
2026-01-12 21:32:01,2001,TV Salle à manger,0.409,246.6,90.0,1.5
2026-01-12 21:32:01,2002,Ecran,0.0,246.1,0.0,0.0
2026-01-12 21:32:01,2003,Telephone / Tablette,0.0,245.7,0.0,0.0
2026-01-12 21:32:01,2004,Cafetiere,0.0,246.0,0.0,0.0
2026-01-12 21:32:01,2005,Lampe Salle à manger,0.05,245.5,11.3,0.188
2026-01-12 21:32:01,2006,PC Portable,0.0,246.5,0.0,0.0
2026-01-12 21:32:01,2007,Lampe Cuisine,0.0,245.6,0.0,0.0
2026-01-12 21:32:01,2008,Lampe Chambre,0.0,246.9,0.0,0.0
2026-01-12 21:33:01,2001,TV Salle à manger,0.41,246.1,90.1,1.502
2026-01-12 21:33:01,2002,Ecran,0.0,245.7,0.0,0.0
2026-01-12 21:33:01,2003,Telephone / Tablette,0.0,245.3,0.0,0.0
2026-01-12 21:33:01,2004,Cafetiere,0.0,245.4,0.0,0.0
2026-01-12 21:33:01,2005,Lampe Salle à manger,0.05,245.0,11.3,0.188
2026-01-12 21:33:01,2006,PC Portable,0.0,246.0,0.0,0.0
2026-01-12 21:33:01,2007,Lampe Cuisine,0.0,245.3,0.0,0.0
2026-01-12 21:33:01,2008,Lampe Chambre,0.0,246.4,0.0,0.0
2026-01-12 21:34:02,2001,TV Salle à manger,0.414,244.3,90.4,1.507
2026-01-12 21:34:02,2002,Ecran,0.0,243.8,0.0,0.0
2026-01-12 21:34:02,2003,Telephone / Tablette,0.0,243.4,0.0,0.0
2026-01-12 21:34:02,2004,Cafetiere,0.0,243.7,0.0,0.0
2026-01-12 21:34:02,2005,Lampe Salle à manger,0.05,243.2,11.3,0.188
2026-01-12 21:34:02,2006,PC Portable,0.0,244.2,0.0,0.0
2026-01-12 21:34:02,2007,Lampe Cuisine,0.0,243.4,0.0,0.0
2026-01-12 21:34:02,2008,Lampe Chambre,0.0,244.5,0.0,0.0
2026-01-12 21:35:02,2001,TV Salle à manger,0.414,243.7,90.2,1.503
2026-01-12 21:35:02,2002,Ecran,0.0,243.5,0.0,0.0
2026-01-12 21:35:02,2003,Telephone / Tablette,0.0,243.1,0.0,0.0
2026-01-12 21:35:02,2004,Cafetiere,0.0,243.1,0.0,0.0
2026-01-12 21:35:02,2005,Lampe Salle à manger,0.05,242.8,11.3,0.188
2026-01-12 21:35:02,2006,PC Portable,0.0,243.7,0.0,0.0
2026-01-12 21:35:02,2007,Lampe Cuisine,0.0,243.0,0.0,0.0
2026-01-12 21:35:02,2008,Lampe Chambre,0.0,244.2,0.0,0.0
2026-01-12 21:36:02,2001,TV Salle à manger,0.434,244.2,95.0,1.583
2026-01-12 21:36:02,2002,Ecran,0.0,243.9,0.0,0.0
2026-01-12 21:36:02,2003,Telephone / Tablette,0.0,243.5,0.0,0.0
2026-01-12 21:36:02,2004,Cafetiere,0.0,243.6,0.0,0.0
2026-01-12 21:36:02,2005,Lampe Salle à manger,0.05,243.1,11.3,0.188
2026-01-12 21:36:02,2006,PC Portable,0.0,244.1,0.0,0.0
2026-01-12 21:36:02,2007,Lampe Cuisine,0.0,243.3,0.0,0.0
2026-01-12 21:36:02,2008,Lampe Chambre,0.0,244.6,0.0,0.0
2026-01-12 21:37:03,2001,TV Salle à manger,0.468,244.2,102.8,1.713
2026-01-12 21:37:03,2002,Ecran,0.0,243.8,0.0,0.0
2026-01-12 21:37:03,2003,Telephone / Tablette,0.0,243.4,0.0,0.0
2026-01-12 21:37:03,2004,Cafetiere,0.0,243.6,0.0,0.0
2026-01-12 21:37:03,2005,Lampe Salle à manger,0.05,243.1,11.3,0.188
2026-01-12 21:37:03,2006,PC Portable,0.0,244.1,0.0,0.0
2026-01-12 21:37:03,2007,Lampe Cuisine,0.0,243.3,0.0,0.0
2026-01-12 21:37:03,2008,Lampe Chambre,0.0,244.5,0.0,0.0
2026-01-12 21:38:03,2001,TV Salle à manger,0.486,243.9,106.9,1.782
2026-01-12 21:38:03,2002,Ecran,0.0,243.5,0.0,0.0
2026-01-12 21:38:03,2003,Telephone / Tablette,0.0,243.1,0.0,0.0
2026-01-12 21:38:03,2004,Cafetiere,0.0,243.3,0.0,0.0
2026-01-12 21:38:03,2005,Lampe Salle à manger,0.05,242.8,11.3,0.188
2026-01-12 21:38:03,2006,PC Portable,0.0,243.8,0.0,0.0
2026-01-12 21:38:03,2007,Lampe Cuisine,0.0,243.0,0.0,0.0
2026-01-12 21:38:03,2008,Lampe Chambre,0.0,244.2,0.0,0.0
2026-01-12 21:39:03,2001,TV Salle à manger,0.412,244.5,89.8,1.497
2026-01-12 21:39:03,2002,Ecran,0.0,244.1,0.0,0.0
2026-01-12 21:39:03,2003,Telephone / Tablette,0.0,243.7,0.0,0.0
2026-01-12 21:39:03,2004,Cafetiere,0.0,243.9,0.0,0.0
2026-01-12 21:39:03,2005,Lampe Salle à manger,0.05,243.4,11.3,0.188
2026-01-12 21:39:03,2006,PC Portable,0.0,244.4,0.0,0.0
2026-01-12 21:39:03,2007,Lampe Cuisine,0.0,243.6,0.0,0.0
2026-01-12 21:39:03,2008,Lampe Chambre,0.0,244.8,0.0,0.0
2026-01-12 21:40:04,2001,TV Salle à manger,0.417,244.4,91.1,1.518
2026-01-12 21:40:04,2002,Ecran,0.0,244.2,0.0,0.0
2026-01-12 21:40:04,2003,Telephone / Tablette,0.0,243.8,0.0,0.0
2026-01-12 21:40:04,2004,Cafetiere,0.0,243.9,0.0,0.0
2026-01-12 21:40:04,2005,Lampe Salle à manger,0.05,243.6,11.3,0.188
2026-01-12 21:40:04,2006,PC Portable,0.0,244.3,0.0,0.0
2026-01-12 21:40:04,2007,Lampe Cuisine,0.0,243.8,0.0,0.0
2026-01-12 21:40:04,2008,Lampe Chambre,0.0,245.0,0.0,0.0
2026-01-12 21:41:04,2001,TV Salle à manger,0.411,244.9,89.7,1.495
2026-01-12 21:41:04,2002,Ecran,0.0,244.4,0.0,0.0
2026-01-12 21:41:04,2003,Telephone / Tablette,0.0,244.0,0.0,0.0
2026-01-12 21:41:04,2004,Cafetiere,0.0,244.3,0.0,0.0
2026-01-12 21:41:04,2005,Lampe Salle à manger,0.049,243.8,11.2,0.187
2026-01-12 21:41:04,2006,PC Portable,0.0,244.8,0.0,0.0
2026-01-12 21:41:04,2007,Lampe Cuisine,0.0,243.9,0.0,0.0
2026-01-12 21:41:04,2008,Lampe Chambre,0.0,245.2,0.0,0.0
2026-01-12 21:42:04,2001,TV Salle à manger,0.415,244.3,90.6,1.51
2026-01-12 21:42:04,2002,Ecran,0.0,243.9,0.0,0.0
2026-01-12 21:42:04,2003,Telephone / Tablette,0.0,243.4,0.0,0.0
2026-01-12 21:42:04,2004,Cafetiere,0.0,243.6,0.0,0.0
2026-01-12 21:42:04,2005,Lampe Salle à manger,0.05,243.2,11.3,0.188
2026-01-12 21:42:04,2006,PC Portable,0.0,244.2,0.0,0.0
2026-01-12 21:42:04,2007,Lampe Cuisine,0.0,243.3,0.0,0.0
2026-01-12 21:42:04,2008,Lampe Chambre,0.0,244.6,0.0,0.0
2026-01-12 21:43:05,2001,TV Salle à manger,0.511,243.6,113.0,1.883
2026-01-12 21:43:05,2002,Ecran,0.0,243.2,0.0,0.0
2026-01-12 21:43:05,2003,Telephone / Tablette,0.0,242.8,0.0,0.0
2026-01-12 21:43:05,2004,Cafetiere,0.0,243.1,0.0,0.0
2026-01-12 21:43:05,2005,Lampe Salle à manger,0.05,242.5,11.3,0.188
2026-01-12 21:43:05,2006,PC Portable,0.0,243.5,0.0,0.0
2026-01-12 21:43:05,2007,Lampe Cuisine,0.0,242.7,0.0,0.0
2026-01-12 21:43:05,2008,Lampe Chambre,0.0,243.9,0.0,0.0
2026-01-12 21:44:05,2001,TV Salle à manger,0.411,244.3,89.7,1.495
2026-01-12 21:44:05,2002,Ecran,0.0,243.9,0.0,0.0
2026-01-12 21:44:05,2003,Telephone / Tablette,0.0,243.5,0.0,0.0
2026-01-12 21:44:05,2004,Cafetiere,0.0,243.7,0.0,0.0
2026-01-12 21:44:05,2005,Lampe Salle à manger,0.05,243.3,11.3,0.188
2026-01-12 21:44:05,2006,PC Portable,0.0,244.2,0.0,0.0
2026-01-12 21:44:05,2007,Lampe Cuisine,0.0,243.4,0.0,0.0
2026-01-12 21:44:05,2008,Lampe Chambre,0.0,244.6,0.0,0.0
2026-01-12 21:45:05,2001,TV Salle à manger,0.427,243.8,93.3,1.555
2026-01-12 21:45:05,2002,Ecran,0.0,243.2,0.0,0.0
2026-01-12 21:45:05,2003,Telephone / Tablette,0.0,242.9,0.0,0.0
2026-01-12 21:45:05,2004,Cafetiere,0.0,243.1,0.0,0.0
2026-01-12 21:45:05,2005,Lampe Salle à manger,0.05,242.6,11.3,0.188
2026-01-12 21:45:05,2006,PC Portable,0.0,243.6,0.0,0.0
2026-01-12 21:45:05,2007,Lampe Cuisine,0.0,242.8,0.0,0.0
2026-01-12 21:45:05,2008,Lampe Chambre,0.0,244.0,0.0,0.0
2026-01-12 21:46:06,2001,TV Salle à manger,0.415,244.5,90.7,1.512
2026-01-12 21:46:06,2002,Ecran,0.0,244.2,0.0,0.0
2026-01-12 21:46:06,2003,Telephone / Tablette,0.0,243.8,0.0,0.0
2026-01-12 21:46:06,2004,Cafetiere,0.0,244.1,0.0,0.0
2026-01-12 21:46:06,2005,Lampe Salle à manger,0.049,243.5,11.2,0.187
2026-01-12 21:46:06,2006,PC Portable,0.0,244.5,0.0,0.0
2026-01-12 21:46:06,2007,Lampe Cuisine,0.0,243.8,0.0,0.0
2026-01-12 21:46:06,2008,Lampe Chambre,0.0,245.0,0.0,0.0
2026-01-12 21:47:06,2001,TV Salle à manger,0.414,243.8,90.3,1.505
2026-01-12 21:47:06,2002,Ecran,0.0,243.4,0.0,0.0
2026-01-12 21:47:06,2003,Telephone / Tablette,0.0,243.0,0.0,0.0
2026-01-12 21:47:06,2004,Cafetiere,0.0,243.2,0.0,0.0
2026-01-12 21:47:06,2005,Lampe Salle à manger,0.05,242.8,11.4,0.19
2026-01-12 21:47:06,2006,PC Portable,0.0,243.7,0.0,0.0
2026-01-12 21:47:06,2007,Lampe Cuisine,0.0,242.9,0.0,0.0
2026-01-12 21:47:06,2008,Lampe Chambre,0.0,244.1,0.0,0.0
2026-01-12 21:48:06,2001,TV Salle à manger,0.512,243.7,113.2,1.887
2026-01-12 21:48:06,2002,Ecran,0.0,243.2,0.0,0.0
2026-01-12 21:48:06,2003,Telephone / Tablette,0.0,242.7,0.0,0.0
2026-01-12 21:48:06,2004,Cafetiere,0.0,243.1,0.0,0.0
2026-01-12 21:48:06,2005,Lampe Salle à manger,0.05,242.6,11.3,0.188
2026-01-12 21:48:06,2006,PC Portable,0.0,243.4,0.0,0.0
2026-01-12 21:48:06,2007,Lampe Cuisine,0.0,242.7,0.0,0.0
2026-01-12 21:48:06,2008,Lampe Chambre,0.0,243.9,0.0,0.0
2026-01-12 21:49:06,2001,TV Salle à manger,0.539,243.9,119.5,1.992
2026-01-12 21:49:06,2002,Ecran,0.0,243.6,0.0,0.0
2026-01-12 21:49:06,2003,Telephone / Tablette,0.0,243.2,0.0,0.0
2026-01-12 21:49:06,2004,Cafetiere,0.0,243.4,0.0,0.0
2026-01-12 21:49:06,2005,Lampe Salle à manger,0.05,242.9,11.3,0.188
2026-01-12 21:49:06,2006,PC Portable,0.0,243.9,0.0,0.0
2026-01-12 21:49:06,2007,Lampe Cuisine,0.0,243.1,0.0,0.0
2026-01-12 21:49:06,2008,Lampe Chambre,0.0,244.3,0.0,0.0
2026-01-12 21:50:07,2001,TV Salle à manger,0.525,244.4,116.6,1.943
2026-01-12 21:50:07,2002,Ecran,0.0,244.1,0.0,0.0
2026-01-12 21:50:07,2003,Telephone / Tablette,0.0,243.9,0.0,0.0
2026-01-12 21:50:07,2004,Cafetiere,0.0,244.3,0.0,0.0
2026-01-12 21:50:07,2005,Lampe Salle à manger,0.05,243.9,11.3,0.188
2026-01-12 21:50:07,2006,PC Portable,0.0,244.8,0.0,0.0
2026-01-12 21:50:07,2007,Lampe Cuisine,0.0,243.7,0.0,0.0
2026-01-12 21:50:07,2008,Lampe Chambre,0.0,244.9,0.0,0.0
2026-01-12 21:51:07,2001,TV Salle à manger,0.541,244.3,120.4,2.007
2026-01-12 21:51:07,2002,Ecran,0.0,244.0,0.0,0.0
2026-01-12 21:51:07,2003,Telephone / Tablette,0.0,243.5,0.0,0.0
2026-01-12 21:51:07,2004,Cafetiere,0.0,243.7,0.0,0.0
2026-01-12 21:51:07,2005,Lampe Salle à manger,0.05,243.3,11.3,0.188
2026-01-12 21:51:07,2006,PC Portable,0.0,244.2,0.0,0.0
2026-01-12 21:51:07,2007,Lampe Cuisine,0.0,243.4,0.0,0.0
2026-01-12 21:51:07,2008,Lampe Chambre,0.0,244.6,0.0,0.0
2026-01-12 21:52:07,2001,TV Salle à manger,0.516,244.5,114.3,1.905
2026-01-12 21:52:07,2002,Ecran,0.0,244.1,0.0,0.0
2026-01-12 21:52:07,2003,Telephone / Tablette,0.0,243.7,0.0,0.0
2026-01-12 21:52:07,2004,Cafetiere,0.0,244.0,0.0,0.0
2026-01-12 21:52:07,2005,Lampe Salle à manger,0.05,243.5,11.3,0.188
2026-01-12 21:52:07,2006,PC Portable,0.0,244.4,0.0,0.0
2026-01-12 21:52:07,2007,Lampe Cuisine,0.0,243.6,0.0,0.0
2026-01-12 21:52:07,2008,Lampe Chambre,0.0,244.9,0.0,0.0
2026-01-12 21:53:08,2001,TV Salle à manger,0.466,245.2,102.9,1.715
2026-01-12 21:53:08,2002,Ecran,0.0,244.8,0.0,0.0
2026-01-12 21:53:08,2003,Telephone / Tablette,0.0,244.4,0.0,0.0
2026-01-12 21:53:08,2004,Cafetiere,0.0,244.6,0.0,0.0
2026-01-12 21:53:08,2005,Lampe Salle à manger,0.05,244.1,11.4,0.19
2026-01-12 21:53:08,2006,PC Portable,0.0,245.1,0.0,0.0
2026-01-12 21:53:08,2007,Lampe Cuisine,0.0,244.3,0.0,0.0
2026-01-12 21:53:08,2008,Lampe Chambre,0.0,245.6,0.0,0.0
2026-01-12 21:54:08,2001,TV Salle à manger,0.474,245.4,104.9,1.748
2026-01-12 21:54:08,2002,Ecran,0.0,244.9,0.0,0.0
2026-01-12 21:54:08,2003,Telephone / Tablette,0.0,244.6,0.0,0.0
2026-01-12 21:54:08,2004,Cafetiere,0.0,244.8,0.0,0.0
2026-01-12 21:54:08,2005,Lampe Salle à manger,0.05,244.3,11.3,0.188
2026-01-12 21:54:08,2006,PC Portable,0.0,245.3,0.0,0.0
2026-01-12 21:54:08,2007,Lampe Cuisine,0.0,244.5,0.0,0.0
2026-01-12 21:54:08,2008,Lampe Chambre,0.0,245.7,0.0,0.0
2026-01-12 21:55:08,2001,TV Salle à manger,0.552,244.8,123.4,2.057
2026-01-12 21:55:08,2002,Ecran,0.0,244.4,0.0,0.0
2026-01-12 21:55:08,2003,Telephone / Tablette,0.0,244.2,0.0,0.0
2026-01-12 21:55:08,2004,Cafetiere,0.0,244.5,0.0,0.0
2026-01-12 21:55:08,2005,Lampe Salle à manger,0.05,243.8,11.4,0.19
2026-01-12 21:55:08,2006,PC Portable,0.0,244.9,0.0,0.0
2026-01-12 21:55:08,2007,Lampe Cuisine,0.0,244.0,0.0,0.0
2026-01-12 21:55:08,2008,Lampe Chambre,0.0,245.3,0.0,0.0
2026-01-12 21:56:08,2001,TV Salle à manger,0.409,245.1,89.7,1.495
2026-01-12 21:56:08,2002,Ecran,0.0,244.6,0.0,0.0
2026-01-12 21:56:08,2003,Telephone / Tablette,0.0,244.3,0.0,0.0
2026-01-12 21:56:08,2004,Cafetiere,0.0,244.5,0.0,0.0
2026-01-12 21:56:08,2005,Lampe Salle à manger,0.05,244.0,11.3,0.188
2026-01-12 21:56:08,2006,PC Portable,0.0,245.0,0.0,0.0
2026-01-12 21:56:08,2007,Lampe Cuisine,0.0,244.2,0.0,0.0
2026-01-12 21:56:08,2008,Lampe Chambre,0.0,245.4,0.0,0.0
2026-01-12 21:57:09,2001,TV Salle à manger,0.411,244.3,89.8,1.497
2026-01-12 21:57:09,2002,Ecran,0.0,243.9,0.0,0.0
2026-01-12 21:57:09,2003,Telephone / Tablette,0.0,243.5,0.0,0.0
2026-01-12 21:57:09,2004,Cafetiere,0.0,243.7,0.0,0.0
2026-01-12 21:57:09,2005,Lampe Salle à manger,0.05,243.2,11.2,0.187
2026-01-12 21:57:09,2006,PC Portable,0.0,244.3,0.0,0.0
2026-01-12 21:57:09,2007,Lampe Cuisine,0.0,243.4,0.0,0.0
2026-01-12 21:57:09,2008,Lampe Chambre,0.0,244.6,0.0,0.0
2026-01-12 21:58:09,2001,TV Salle à manger,0.532,244.8,118.5,1.975
2026-01-12 21:58:09,2002,Ecran,0.0,244.4,0.0,0.0
2026-01-12 21:58:09,2003,Telephone / Tablette,0.0,244.0,0.0,0.0
2026-01-12 21:58:09,2004,Cafetiere,0.0,244.3,0.0,0.0
2026-01-12 21:58:09,2005,Lampe Salle à manger,0.05,243.7,11.4,0.19
2026-01-12 21:58:09,2006,PC Portable,0.0,244.8,0.0,0.0
2026-01-12 21:58:09,2007,Lampe Cuisine,0.0,244.0,0.0,0.0
2026-01-12 21:58:09,2008,Lampe Chambre,0.0,245.1,0.0,0.0
2026-01-12 21:59:09,2001,TV Salle à manger,0.412,244.8,90.1,1.502
2026-01-12 21:59:09,2002,Ecran,0.0,244.2,0.0,0.0
2026-01-12 21:59:09,2003,Telephone / Tablette,0.0,243.9,0.0,0.0
2026-01-12 21:59:09,2004,Cafetiere,0.0,244.1,0.0,0.0
2026-01-12 21:59:09,2005,Lampe Salle à manger,0.0,243.6,0.0,0.0
2026-01-12 21:59:09,2006,PC Portable,0.0,244.6,0.0,0.0
2026-01-12 21:59:09,2007,Lampe Cuisine,0.0,243.8,0.0,0.0
2026-01-12 21:59:09,2008,Lampe Chambre,0.0,244.9,0.0,0.0
2026-01-12 22:00:10,2001,TV Salle à manger,0.0,241.2,0.0,0.0
2026-01-12 22:00:10,2002,Ecran,0.0,240.7,0.0,0.0
2026-01-12 22:00:10,2003,Telephone / Tablette,0.0,240.4,0.0,0.0
2026-01-12 22:00:10,2004,Cafetiere,0.0,240.4,0.0,0.0
2026-01-12 22:00:10,2005,Lampe Salle à manger,0.0,240.2,0.0,0.0
2026-01-12 22:00:10,2006,PC Portable,0.0,241.0,0.0,0.0
2026-01-12 22:00:10,2007,Lampe Cuisine,0.0,240.3,0.0,0.0
2026-01-12 22:00:10,2008,Lampe Chambre,0.0,241.5,0.0,0.0
2026-01-12 22:01:10,2001,TV Salle à manger,0.0,243.0,0.0,0.0
2026-01-12 22:01:10,2002,Ecran,0.0,242.5,0.0,0.0
2026-01-12 22:01:10,2003,Telephone / Tablette,0.0,242.2,0.0,0.0
2026-01-12 22:01:10,2004,Cafetiere,0.0,242.2,0.0,0.0
2026-01-12 22:01:10,2005,Lampe Salle à manger,0.0,241.9,0.0,0.0
2026-01-12 22:01:10,2006,PC Portable,0.0,242.8,0.0,0.0
2026-01-12 22:01:10,2007,Lampe Cuisine,0.0,242.1,0.0,0.0
2026-01-12 22:01:10,2008,Lampe Chambre,0.0,243.3,0.0,0.0
2026-01-12 22:02:10,2001,TV Salle à manger,0.0,242.2,0.0,0.0
2026-01-12 22:02:10,2002,Ecran,0.0,241.8,0.0,0.0
2026-01-12 22:02:10,2003,Telephone / Tablette,0.0,241.5,0.0,0.0
2026-01-12 22:02:10,2004,Cafetiere,0.0,241.4,0.0,0.0
2026-01-12 22:02:10,2005,Lampe Salle à manger,0.0,241.2,0.0,0.0
2026-01-12 22:02:10,2006,PC Portable,0.0,242.2,0.0,0.0
2026-01-12 22:02:10,2007,Lampe Cuisine,0.0,241.4,0.0,0.0
2026-01-12 22:02:10,2008,Lampe Chambre,0.0,242.6,0.0,0.0
2026-01-12 22:03:10,2001,TV Salle à manger,0.0,242.6,0.0,0.0
2026-01-12 22:03:10,2002,Ecran,0.0,242.3,0.0,0.0
2026-01-12 22:03:10,2003,Telephone / Tablette,0.0,241.8,0.0,0.0
2026-01-12 22:03:10,2004,Cafetiere,0.0,241.8,0.0,0.0
2026-01-12 22:03:10,2005,Lampe Salle à manger,0.0,241.5,0.0,0.0
2026-01-12 22:03:10,2006,PC Portable,0.0,242.5,0.0,0.0
2026-01-12 22:03:10,2007,Lampe Cuisine,0.0,241.8,0.0,0.0
2026-01-12 22:03:10,2008,Lampe Chambre,0.0,242.8,0.0,0.0
2026-01-12 22:04:11,2001,TV Salle à manger,0.0,242.8,0.0,0.0
2026-01-12 22:04:11,2002,Ecran,0.0,242.3,0.0,0.0
2026-01-12 22:04:11,2003,Telephone / Tablette,0.0,241.9,0.0,0.0
2026-01-12 22:04:11,2004,Cafetiere,0.0,242.0,0.0,0.0
2026-01-12 22:04:11,2005,Lampe Salle à manger,0.0,241.7,0.0,0.0
2026-01-12 22:04:11,2006,PC Portable,0.0,242.6,0.0,0.0
2026-01-12 22:04:11,2007,Lampe Cuisine,0.0,241.8,0.0,0.0
2026-01-12 22:04:11,2008,Lampe Chambre,0.0,243.1,0.0,0.0
2026-01-12 22:05:11,2001,TV Salle à manger,0.0,243.0,0.0,0.0
2026-01-12 22:05:11,2002,Ecran,0.0,242.5,0.0,0.0
2026-01-12 22:05:11,2003,Telephone / Tablette,0.0,242.1,0.0,0.0
2026-01-12 22:05:11,2004,Cafetiere,0.0,242.2,0.0,0.0
2026-01-12 22:05:11,2005,Lampe Salle à manger,0.0,241.9,0.0,0.0
2026-01-12 22:05:11,2006,PC Portable,0.0,242.8,0.0,0.0
2026-01-12 22:05:11,2007,Lampe Cuisine,0.0,242.0,0.0,0.0
2026-01-12 22:05:11,2008,Lampe Chambre,0.0,243.1,0.0,0.0
2026-01-12 22:06:11,2001,TV Salle à manger,0.0,243.0,0.0,0.0
2026-01-12 22:06:11,2002,Ecran,0.0,242.6,0.0,0.0
2026-01-12 22:06:11,2003,Telephone / Tablette,0.0,242.1,0.0,0.0
2026-01-12 22:06:11,2004,Cafetiere,0.0,242.2,0.0,0.0
2026-01-12 22:06:11,2005,Lampe Salle à manger,0.0,241.9,0.0,0.0
2026-01-12 22:06:11,2006,PC Portable,0.0,242.9,0.0,0.0
2026-01-12 22:06:11,2007,Lampe Cuisine,0.0,242.1,0.0,0.0
2026-01-12 22:06:11,2008,Lampe Chambre,0.0,243.3,0.0,0.0
2026-01-12 22:07:12,2001,TV Salle à manger,0.0,242.4,0.0,0.0
2026-01-12 22:07:12,2002,Ecran,0.0,241.9,0.0,0.0
2026-01-12 22:07:12,2003,Telephone / Tablette,0.0,241.6,0.0,0.0
2026-01-12 22:07:12,2004,Cafetiere,0.0,241.6,0.0,0.0
2026-01-12 22:07:12,2005,Lampe Salle à manger,0.0,241.5,0.0,0.0
2026-01-12 22:07:12,2006,PC Portable,0.0,242.3,0.0,0.0
2026-01-12 22:07:12,2007,Lampe Cuisine,0.0,241.5,0.0,0.0
2026-01-12 22:07:12,2008,Lampe Chambre,0.0,242.7,0.0,0.0
2026-01-12 22:08:12,2001,TV Salle à manger,0.0,243.0,0.0,0.0
2026-01-12 22:08:12,2002,Ecran,0.0,242.5,0.0,0.0
2026-01-12 22:08:12,2003,Telephone / Tablette,0.0,242.2,0.0,0.0
2026-01-12 22:08:12,2004,Cafetiere,0.0,242.2,0.0,0.0
2026-01-12 22:08:12,2005,Lampe Salle à manger,0.0,241.9,0.0,0.0
2026-01-12 22:08:12,2006,PC Portable,0.0,242.9,0.0,0.0
2026-01-12 22:08:12,2007,Lampe Cuisine,0.0,242.4,0.0,0.0
2026-01-12 22:08:12,2008,Lampe Chambre,0.0,243.4,0.0,0.0
2026-01-12 22:09:13,2001,TV Salle à manger,0.0,243.6,0.0,0.0
2026-01-12 22:09:13,2002,Ecran,0.0,243.1,0.0,0.0
2026-01-12 22:09:13,2003,Telephone / Tablette,0.0,242.7,0.0,0.0
2026-01-12 22:09:13,2004,Cafetiere,0.0,242.8,0.0,0.0
2026-01-12 22:09:13,2005,Lampe Salle à manger,0.0,242.6,0.0,0.0
2026-01-12 22:09:13,2006,PC Portable,0.0,243.5,0.0,0.0
2026-01-12 22:09:13,2007,Lampe Cuisine,0.0,242.7,0.0,0.0
2026-01-12 22:09:13,2008,Lampe Chambre,0.0,243.8,0.0,0.0
2026-01-12 22:10:13,2001,TV Salle à manger,0.03,243.3,0.0,0.0
2026-01-12 22:10:13,2002,Ecran,0.0,242.8,0.0,0.0
2026-01-12 22:10:13,2003,Telephone / Tablette,0.0,242.3,0.0,0.0
2026-01-12 22:10:13,2004,Cafetiere,0.0,242.5,0.0,0.0
2026-01-12 22:10:13,2005,Lampe Salle à manger,0.0,242.1,0.0,0.0
2026-01-12 22:10:13,2006,PC Portable,0.0,243.1,0.0,0.0
2026-01-12 22:10:13,2007,Lampe Cuisine,0.0,242.4,0.0,0.0
2026-01-12 22:10:13,2008,Lampe Chambre,0.0,243.5,0.0,0.0
2026-01-12 22:11:13,2001,TV Salle à manger,0.0,243.2,0.0,0.0
2026-01-12 22:11:13,2002,Ecran,0.0,242.7,0.0,0.0
2026-01-12 22:11:13,2003,Telephone / Tablette,0.0,242.4,0.0,0.0
2026-01-12 22:11:13,2004,Cafetiere,0.0,242.4,0.0,0.0
2026-01-12 22:11:13,2005,Lampe Salle à manger,0.0,242.2,0.0,0.0
2026-01-12 22:11:13,2006,PC Portable,0.0,243.1,0.0,0.0
2026-01-12 22:11:13,2007,Lampe Cuisine,0.0,242.3,0.0,0.0
2026-01-12 22:11:13,2008,Lampe Chambre,0.0,243.5,0.0,0.0
2026-01-12 22:12:14,2001,TV Salle à manger,0.0,243.8,0.0,0.0
2026-01-12 22:12:14,2002,Ecran,0.0,243.3,0.0,0.0
2026-01-12 22:12:14,2003,Telephone / Tablette,0.0,243.0,0.0,0.0
2026-01-12 22:12:14,2004,Cafetiere,0.0,243.0,0.0,0.0
2026-01-12 22:12:14,2005,Lampe Salle à manger,0.0,242.7,0.0,0.0
2026-01-12 22:12:14,2006,PC Portable,0.0,243.7,0.0,0.0
2026-01-12 22:12:14,2007,Lampe Cuisine,0.0,242.9,0.0,0.0
2026-01-12 22:12:14,2008,Lampe Chambre,0.0,244.1,0.0,0.0
2026-01-12 22:13:14,2001,TV Salle à manger,0.023,243.4,0.0,0.0
2026-01-12 22:13:14,2002,Ecran,0.0,242.9,0.0,0.0
2026-01-12 22:13:14,2003,Telephone / Tablette,0.0,242.6,0.0,0.0
2026-01-12 22:13:14,2004,Cafetiere,0.0,242.7,0.0,0.0
2026-01-12 22:13:14,2005,Lampe Salle à manger,0.0,242.3,0.0,0.0
2026-01-12 22:13:14,2006,PC Portable,0.0,243.3,0.0,0.0
2026-01-12 22:13:14,2007,Lampe Cuisine,0.0,242.5,0.0,0.0
2026-01-12 22:13:14,2008,Lampe Chambre,0.0,243.7,0.0,0.0
2026-01-12 22:14:14,2001,TV Salle à manger,0.0,243.3,0.0,0.0
2026-01-12 22:14:14,2002,Ecran,0.0,242.6,0.0,0.0
2026-01-12 22:14:14,2003,Telephone / Tablette,0.0,242.3,0.0,0.0
2026-01-12 22:14:14,2004,Cafetiere,0.0,242.6,0.0,0.0
2026-01-12 22:14:14,2005,Lampe Salle à manger,0.0,242.0,0.0,0.0
2026-01-12 22:14:14,2006,PC Portable,0.0,243.2,0.0,0.0
2026-01-12 22:14:14,2007,Lampe Cuisine,0.0,242.3,0.0,0.0
2026-01-12 22:14:14,2008,Lampe Chambre,0.0,243.4,0.0,0.0
2026-01-12 22:15:14,2001,TV Salle à manger,0.0,243.8,0.0,0.0
2026-01-12 22:15:14,2002,Ecran,0.0,243.4,0.0,0.0
2026-01-12 22:15:14,2003,Telephone / Tablette,0.0,243.0,0.0,0.0
2026-01-12 22:15:14,2004,Cafetiere,0.0,243.1,0.0,0.0
2026-01-12 22:15:14,2005,Lampe Salle à manger,0.0,242.8,0.0,0.0
2026-01-12 22:15:14,2006,PC Portable,0.0,243.7,0.0,0.0
2026-01-12 22:15:14,2007,Lampe Cuisine,0.0,243.0,0.0,0.0
2026-01-12 22:15:14,2008,Lampe Chambre,0.0,244.1,0.0,0.0
2026-01-12 22:16:15,2001,TV Salle à manger,0.0,242.7,0.0,0.0
2026-01-12 22:16:15,2002,Ecran,0.0,242.2,0.0,0.0
2026-01-12 22:16:15,2003,Telephone / Tablette,0.0,241.9,0.0,0.0
2026-01-12 22:16:15,2004,Cafetiere,0.0,241.9,0.0,0.0
2026-01-12 22:16:15,2005,Lampe Salle à manger,0.0,241.6,0.0,0.0
2026-01-12 22:16:15,2006,PC Portable,0.0,242.6,0.0,0.0
2026-01-12 22:16:15,2007,Lampe Cuisine,0.0,241.8,0.0,0.0
2026-01-12 22:16:15,2008,Lampe Chambre,0.0,243.0,0.0,0.0
2026-01-12 22:17:15,2001,TV Salle à manger,0.0,243.3,0.0,0.0
2026-01-12 22:17:15,2002,Ecran,0.0,242.8,0.0,0.0
2026-01-12 22:17:15,2003,Telephone / Tablette,0.0,242.3,0.0,0.0
2026-01-12 22:17:15,2004,Cafetiere,0.0,242.5,0.0,0.0
2026-01-12 22:17:15,2005,Lampe Salle à manger,0.0,242.2,0.0,0.0
2026-01-12 22:17:15,2006,PC Portable,0.0,243.1,0.0,0.0
2026-01-12 22:17:15,2007,Lampe Cuisine,0.0,242.3,0.0,0.0
2026-01-12 22:17:15,2008,Lampe Chambre,0.0,243.5,0.0,0.0
2026-01-12 22:18:15,2001,TV Salle à manger,0.0,242.7,0.0,0.0
2026-01-12 22:18:15,2002,Ecran,0.0,242.5,0.0,0.0
2026-01-12 22:18:15,2003,Telephone / Tablette,0.0,242.0,0.0,0.0
2026-01-12 22:18:15,2004,Cafetiere,0.0,241.9,0.0,0.0
2026-01-12 22:18:15,2005,Lampe Salle à manger,0.0,241.8,0.0,0.0
2026-01-12 22:18:15,2006,PC Portable,0.0,242.8,0.0,0.0
2026-01-12 22:18:15,2007,Lampe Cuisine,0.0,242.2,0.0,0.0
2026-01-12 22:18:15,2008,Lampe Chambre,0.0,243.1,0.0,0.0
2026-01-12 22:19:16,2001,TV Salle à manger,0.0,243.9,0.0,0.0
2026-01-12 22:19:16,2002,Ecran,0.0,243.3,0.0,0.0
2026-01-12 22:19:16,2003,Telephone / Tablette,0.0,242.9,0.0,0.0
2026-01-12 22:19:16,2004,Cafetiere,0.0,243.0,0.0,0.0
2026-01-12 22:19:16,2005,Lampe Salle à manger,0.0,242.7,0.0,0.0
2026-01-12 22:19:16,2006,PC Portable,0.0,243.6,0.0,0.0
2026-01-12 22:19:16,2007,Lampe Cuisine,0.0,242.9,0.0,0.0
2026-01-12 22:19:16,2008,Lampe Chambre,0.0,244.1,0.0,0.0
2026-01-12 22:20:16,2001,TV Salle à manger,0.0,243.5,0.0,0.0
2026-01-12 22:20:16,2002,Ecran,0.0,243.0,0.0,0.0
2026-01-12 22:20:16,2003,Telephone / Tablette,0.0,242.7,0.0,0.0
2026-01-12 22:20:16,2004,Cafetiere,0.0,242.7,0.0,0.0
2026-01-12 22:20:16,2005,Lampe Salle à manger,0.0,242.4,0.0,0.0
2026-01-12 22:20:16,2006,PC Portable,0.0,243.3,0.0,0.0
2026-01-12 22:20:16,2007,Lampe Cuisine,0.0,242.6,0.0,0.0
2026-01-12 22:20:16,2008,Lampe Chambre,0.0,243.8,0.0,0.0
2026-01-12 22:21:16,2001,TV Salle à manger,0.0,243.4,0.0,0.0
2026-01-12 22:21:16,2002,Ecran,0.0,242.9,0.0,0.0
2026-01-12 22:21:16,2003,Telephone / Tablette,0.0,242.6,0.0,0.0
2026-01-12 22:21:16,2004,Cafetiere,0.0,242.6,0.0,0.0
2026-01-12 22:21:16,2005,Lampe Salle à manger,0.0,242.3,0.0,0.0
2026-01-12 22:21:16,2006,PC Portable,0.0,243.3,0.0,0.0
2026-01-12 22:21:16,2007,Lampe Cuisine,0.0,242.5,0.0,0.0
2026-01-12 22:21:16,2008,Lampe Chambre,0.0,243.7,0.0,0.0
2026-01-12 22:22:16,2001,TV Salle à manger,0.0,242.7,0.0,0.0
2026-01-12 22:22:16,2002,Ecran,0.0,242.2,0.0,0.0
2026-01-12 22:22:16,2003,Telephone / Tablette,0.0,241.8,0.0,0.0
2026-01-12 22:22:16,2004,Cafetiere,0.0,241.9,0.0,0.0
2026-01-12 22:22:16,2005,Lampe Salle à manger,0.0,241.6,0.0,0.0
2026-01-12 22:22:16,2006,PC Portable,0.0,242.5,0.0,0.0
2026-01-12 22:22:16,2007,Lampe Cuisine,0.0,241.7,0.0,0.0
2026-01-12 22:22:16,2008,Lampe Chambre,0.0,242.9,0.0,0.0
2026-01-12 22:23:17,2001,TV Salle à manger,0.016,242.6,0.0,0.0
2026-01-12 22:23:17,2002,Ecran,0.0,242.1,0.0,0.0
2026-01-12 22:23:17,2003,Telephone / Tablette,0.0,241.6,0.0,0.0
2026-01-12 22:23:17,2004,Cafetiere,0.0,241.7,0.0,0.0
2026-01-12 22:23:17,2005,Lampe Salle à manger,0.0,241.4,0.0,0.0
2026-01-12 22:23:17,2006,PC Portable,0.0,242.3,0.0,0.0
2026-01-12 22:23:17,2007,Lampe Cuisine,0.0,241.6,0.0,0.0
2026-01-12 22:23:17,2008,Lampe Chambre,0.0,242.8,0.0,0.0
2026-01-12 22:24:17,2001,TV Salle à manger,0.0,242.6,0.0,0.0
2026-01-12 22:24:17,2002,Ecran,0.0,242.1,0.0,0.0
2026-01-12 22:24:17,2003,Telephone / Tablette,0.0,241.8,0.0,0.0
2026-01-12 22:24:17,2004,Cafetiere,0.0,241.8,0.0,0.0
2026-01-12 22:24:17,2005,Lampe Salle à manger,0.0,241.5,0.0,0.0
2026-01-12 22:24:17,2006,PC Portable,0.0,242.5,0.0,0.0
2026-01-12 22:24:17,2007,Lampe Cuisine,0.0,241.7,0.0,0.0
2026-01-12 22:24:17,2008,Lampe Chambre,0.0,242.9,0.0,0.0
2026-01-12 22:25:17,2001,TV Salle à manger,0.016,242.8,0.0,0.0
2026-01-12 22:25:17,2002,Ecran,0.0,242.4,0.0,0.0
2026-01-12 22:25:17,2003,Telephone / Tablette,0.0,242.0,0.0,0.0
2026-01-12 22:25:17,2004,Cafetiere,0.0,242.1,0.0,0.0
2026-01-12 22:25:17,2005,Lampe Salle à manger,0.0,241.8,0.0,0.0
2026-01-12 22:25:17,2006,PC Portable,0.0,242.8,0.0,0.0
2026-01-12 22:25:17,2007,Lampe Cuisine,0.0,241.9,0.0,0.0
2026-01-12 22:25:17,2008,Lampe Chambre,0.0,243.2,0.0,0.0
2026-01-12 22:26:18,2001,TV Salle à manger,0.0,242.8,0.0,0.0
2026-01-12 22:26:18,2002,Ecran,0.0,242.4,0.0,0.0
2026-01-12 22:26:18,2003,Telephone / Tablette,0.0,242.0,0.0,0.0
2026-01-12 22:26:18,2004,Cafetiere,0.0,242.0,0.0,0.0
2026-01-12 22:26:18,2005,Lampe Salle à manger,0.0,241.8,0.0,0.0
2026-01-12 22:26:18,2006,PC Portable,0.0,242.7,0.0,0.0
2026-01-12 22:26:18,2007,Lampe Cuisine,0.0,241.9,0.0,0.0
2026-01-12 22:26:18,2008,Lampe Chambre,0.0,243.1,0.0,0.0
2026-01-12 22:27:18,2001,TV Salle à manger,0.015,242.5,0.0,0.0
2026-01-12 22:27:18,2002,Ecran,0.0,242.3,0.0,0.0
2026-01-12 22:27:18,2003,Telephone / Tablette,0.0,241.9,0.0,0.0
2026-01-12 22:27:18,2004,Cafetiere,0.0,241.7,0.0,0.0
2026-01-12 22:27:18,2005,Lampe Salle à manger,0.0,241.8,0.0,0.0
2026-01-12 22:27:18,2006,PC Portable,0.0,242.6,0.0,0.0
2026-01-12 22:27:18,2007,Lampe Cuisine,0.0,241.9,0.0,0.0
2026-01-12 22:27:18,2008,Lampe Chambre,0.0,243.1,0.0,0.0
2026-01-12 22:28:18,2001,TV Salle à manger,0.0,242.8,0.0,0.0
2026-01-12 22:28:18,2002,Ecran,0.0,242.5,0.0,0.0
2026-01-12 22:28:18,2003,Telephone / Tablette,0.0,242.2,0.0,0.0
2026-01-12 22:28:18,2004,Cafetiere,0.0,242.1,0.0,0.0
2026-01-12 22:28:18,2005,Lampe Salle à manger,0.0,241.9,0.0,0.0
2026-01-12 22:28:18,2006,PC Portable,0.0,242.7,0.0,0.0
2026-01-12 22:28:18,2007,Lampe Cuisine,0.0,242.0,0.0,0.0
2026-01-12 22:28:18,2008,Lampe Chambre,0.0,243.3,0.0,0.0
2026-01-12 22:29:19,2001,TV Salle à manger,0.0,242.6,0.0,0.0
2026-01-12 22:29:19,2002,Ecran,0.0,242.1,0.0,0.0
2026-01-12 22:29:19,2003,Telephone / Tablette,0.0,241.8,0.0,0.0
2026-01-12 22:29:19,2004,Cafetiere,0.0,241.8,0.0,0.0
2026-01-12 22:29:19,2005,Lampe Salle à manger,0.0,241.7,0.0,0.0
2026-01-12 22:29:19,2006,PC Portable,0.0,242.5,0.0,0.0
2026-01-12 22:29:19,2007,Lampe Cuisine,0.0,241.6,0.0,0.0
2026-01-12 22:29:19,2008,Lampe Chambre,0.0,242.8,0.0,0.0
2026-01-12 22:30:19,2001,TV Salle à manger,0.0,242.0,0.0,0.0
2026-01-12 22:30:19,2002,Ecran,0.0,241.5,0.0,0.0
2026-01-12 22:30:19,2003,Telephone / Tablette,0.0,241.2,0.0,0.0
2026-01-12 22:30:19,2004,Cafetiere,0.0,241.2,0.0,0.0
2026-01-12 22:30:19,2005,Lampe Salle à manger,0.0,241.0,0.0,0.0
2026-01-12 22:30:19,2006,PC Portable,0.0,241.9,0.0,0.0
2026-01-12 22:30:19,2007,Lampe Cuisine,0.0,241.1,0.0,0.0
2026-01-12 22:30:19,2008,Lampe Chambre,0.0,242.3,0.0,0.0
2026-01-12 22:31:19,2001,TV Salle à manger,0.0,241.7,0.0,0.0
2026-01-12 22:31:19,2002,Ecran,0.0,241.3,0.0,0.0
2026-01-12 22:31:19,2003,Telephone / Tablette,0.0,240.9,0.0,0.0
2026-01-12 22:31:19,2004,Cafetiere,0.0,241.0,0.0,0.0
2026-01-12 22:31:19,2005,Lampe Salle à manger,0.0,240.7,0.0,0.0
2026-01-12 22:31:19,2006,PC Portable,0.0,241.7,0.0,0.0
2026-01-12 22:31:19,2007,Lampe Cuisine,0.0,240.8,0.0,0.0
2026-01-12 22:31:19,2008,Lampe Chambre,0.0,242.0,0.0,0.0
2026-01-12 22:32:19,2001,TV Salle à manger,0.0,242.4,0.0,0.0
2026-01-12 22:32:19,2002,Ecran,0.0,242.0,0.0,0.0
2026-01-12 22:32:19,2003,Telephone / Tablette,0.0,241.6,0.0,0.0
2026-01-12 22:32:19,2004,Cafetiere,0.0,241.6,0.0,0.0
2026-01-12 22:32:19,2005,Lampe Salle à manger,0.0,241.3,0.0,0.0
2026-01-12 22:32:19,2006,PC Portable,0.0,242.3,0.0,0.0
2026-01-12 22:32:19,2007,Lampe Cuisine,0.0,241.5,0.0,0.0
2026-01-12 22:32:19,2008,Lampe Chambre,0.0,242.7,0.0,0.0
2026-01-12 22:33:20,2001,TV Salle à manger,0.0,242.0,0.0,0.0
2026-01-12 22:33:20,2002,Ecran,0.0,241.6,0.0,0.0
2026-01-12 22:33:20,2003,Telephone / Tablette,0.0,241.2,0.0,0.0
2026-01-12 22:33:20,2004,Cafetiere,0.0,241.3,0.0,0.0
2026-01-12 22:33:20,2005,Lampe Salle à manger,0.0,241.0,0.0,0.0
2026-01-12 22:33:20,2006,PC Portable,0.0,241.9,0.0,0.0
2026-01-12 22:33:20,2007,Lampe Cuisine,0.0,241.1,0.0,0.0
2026-01-12 22:33:20,2008,Lampe Chambre,0.0,242.3,0.0,0.0
2026-01-12 22:34:20,2001,TV Salle à manger,0.0,241.9,0.0,0.0
2026-01-12 22:34:20,2002,Ecran,0.0,241.4,0.0,0.0
2026-01-12 22:34:20,2003,Telephone / Tablette,0.0,241.1,0.0,0.0
2026-01-12 22:34:20,2004,Cafetiere,0.0,241.1,0.0,0.0
2026-01-12 22:34:20,2005,Lampe Salle à manger,0.0,240.8,0.0,0.0
2026-01-12 22:34:20,2006,PC Portable,0.0,241.8,0.0,0.0
2026-01-12 22:34:20,2007,Lampe Cuisine,0.0,240.9,0.0,0.0
2026-01-12 22:34:20,2008,Lampe Chambre,0.0,242.2,0.0,0.0
2026-01-12 22:35:20,2001,TV Salle à manger,0.0,242.3,0.0,0.0
2026-01-12 22:35:20,2002,Ecran,0.0,241.8,0.0,0.0
2026-01-12 22:35:20,2003,Telephone / Tablette,0.0,241.4,0.0,0.0
2026-01-12 22:35:20,2004,Cafetiere,0.0,241.4,0.0,0.0
2026-01-12 22:35:20,2005,Lampe Salle à manger,0.0,241.2,0.0,0.0
2026-01-12 22:35:20,2006,PC Portable,0.0,242.1,0.0,0.0
2026-01-12 22:35:20,2007,Lampe Cuisine,0.0,241.3,0.0,0.0
2026-01-12 22:35:20,2008,Lampe Chambre,0.0,242.5,0.0,0.0
2026-01-12 22:36:21,2001,TV Salle à manger,0.0,241.5,0.0,0.0
2026-01-12 22:36:21,2002,Ecran,0.0,241.0,0.0,0.0
2026-01-12 22:36:21,2003,Telephone / Tablette,0.0,240.7,0.0,0.0
2026-01-12 22:36:21,2004,Cafetiere,0.0,240.7,0.0,0.0
2026-01-12 22:36:21,2005,Lampe Salle à manger,0.0,240.4,0.0,0.0
2026-01-12 22:36:21,2006,PC Portable,0.0,241.4,0.0,0.0
2026-01-12 22:36:21,2007,Lampe Cuisine,0.0,240.6,0.0,0.0
2026-01-12 22:36:21,2008,Lampe Chambre,0.0,241.8,0.0,0.0
2026-01-12 22:37:21,2001,TV Salle à manger,0.0,241.9,0.0,0.0
2026-01-12 22:37:21,2002,Ecran,0.0,241.4,0.0,0.0
2026-01-12 22:37:21,2003,Telephone / Tablette,0.0,241.0,0.0,0.0
2026-01-12 22:37:21,2004,Cafetiere,0.0,241.1,0.0,0.0
2026-01-12 22:37:21,2005,Lampe Salle à manger,0.0,240.8,0.0,0.0
2026-01-12 22:37:21,2006,PC Portable,0.0,241.8,0.0,0.0
2026-01-12 22:37:21,2007,Lampe Cuisine,0.0,240.9,0.0,0.0
2026-01-12 22:37:21,2008,Lampe Chambre,0.0,242.1,0.0,0.0
2026-01-12 22:38:21,2001,TV Salle à manger,0.0,241.4,0.0,0.0
2026-01-12 22:38:21,2002,Ecran,0.0,241.0,0.0,0.0
2026-01-12 22:38:21,2003,Telephone / Tablette,0.0,240.7,0.0,0.0
2026-01-12 22:38:21,2004,Cafetiere,0.0,240.7,0.0,0.0
2026-01-12 22:38:21,2005,Lampe Salle à manger,0.0,240.4,0.0,0.0
2026-01-12 22:38:21,2006,PC Portable,0.0,241.3,0.0,0.0
2026-01-12 22:38:21,2007,Lampe Cuisine,0.0,240.8,0.0,0.0
2026-01-12 22:38:21,2008,Lampe Chambre,0.0,241.8,0.0,0.0
2026-01-12 22:39:22,2001,TV Salle à manger,0.021,242.0,0.0,0.0
2026-01-12 22:39:22,2002,Ecran,0.0,241.6,0.0,0.0
2026-01-12 22:39:22,2003,Telephone / Tablette,0.0,241.2,0.0,0.0
2026-01-12 22:39:22,2004,Cafetiere,0.0,241.3,0.0,0.0
2026-01-12 22:39:22,2005,Lampe Salle à manger,0.0,241.0,0.0,0.0
2026-01-12 22:39:22,2006,PC Portable,0.0,241.9,0.0,0.0
2026-01-12 22:39:22,2007,Lampe Cuisine,0.0,241.1,0.0,0.0
2026-01-12 22:39:22,2008,Lampe Chambre,0.0,242.3,0.0,0.0
2026-01-12 22:40:22,2001,TV Salle à manger,0.0,241.5,0.0,0.0
2026-01-12 22:40:22,2002,Ecran,0.0,240.9,0.0,0.0
2026-01-12 22:40:22,2003,Telephone / Tablette,0.0,240.6,0.0,0.0
2026-01-12 22:40:22,2004,Cafetiere,0.0,240.6,0.0,0.0
2026-01-12 22:40:22,2005,Lampe Salle à manger,0.0,240.4,0.0,0.0
2026-01-12 22:40:22,2006,PC Portable,0.0,241.4,0.0,0.0
2026-01-12 22:40:22,2007,Lampe Cuisine,0.0,240.5,0.0,0.0
2026-01-12 22:40:22,2008,Lampe Chambre,0.0,241.7,0.0,0.0
2026-01-12 22:41:22,2001,TV Salle à manger,0.03,242.3,0.0,0.0
2026-01-12 22:41:22,2002,Ecran,0.0,241.8,0.0,0.0
2026-01-12 22:41:22,2003,Telephone / Tablette,0.0,241.4,0.0,0.0
2026-01-12 22:41:22,2004,Cafetiere,0.0,241.5,0.0,0.0
2026-01-12 22:41:22,2005,Lampe Salle à manger,0.0,241.2,0.0,0.0
2026-01-12 22:41:22,2006,PC Portable,0.0,242.1,0.0,0.0
2026-01-12 22:41:22,2007,Lampe Cuisine,0.0,241.3,0.0,0.0
2026-01-12 22:41:22,2008,Lampe Chambre,0.0,242.6,0.0,0.0
2026-01-12 22:42:22,2001,TV Salle à manger,0.019,241.4,0.0,0.0
2026-01-12 22:42:22,2002,Ecran,0.0,240.9,0.0,0.0
2026-01-12 22:42:22,2003,Telephone / Tablette,0.0,240.6,0.0,0.0
2026-01-12 22:42:22,2004,Cafetiere,0.0,240.6,0.0,0.0
2026-01-12 22:42:22,2005,Lampe Salle à manger,0.0,240.4,0.0,0.0
2026-01-12 22:42:22,2006,PC Portable,0.0,241.3,0.0,0.0
2026-01-12 22:42:22,2007,Lampe Cuisine,0.0,240.5,0.0,0.0
2026-01-12 22:42:22,2008,Lampe Chambre,0.0,241.7,0.0,0.0
2026-01-12 22:43:23,2001,TV Salle à manger,0.0,242.0,0.0,0.0
2026-01-12 22:43:23,2002,Ecran,0.0,241.5,0.0,0.0
2026-01-12 22:43:23,2003,Telephone / Tablette,0.0,241.2,0.0,0.0
2026-01-12 22:43:23,2004,Cafetiere,0.0,241.3,0.0,0.0
2026-01-12 22:43:23,2005,Lampe Salle à manger,0.0,240.9,0.0,0.0
2026-01-12 22:43:23,2006,PC Portable,0.0,242.0,0.0,0.0
2026-01-12 22:43:23,2007,Lampe Cuisine,0.0,241.0,0.0,0.0
2026-01-12 22:43:23,2008,Lampe Chambre,0.0,242.3,0.0,0.0
2026-01-12 22:44:23,2001,TV Salle à manger,0.0,241.7,0.0,0.0
2026-01-12 22:44:23,2002,Ecran,0.0,241.3,0.0,0.0
2026-01-12 22:44:23,2003,Telephone / Tablette,0.0,240.9,0.0,0.0
2026-01-12 22:44:23,2004,Cafetiere,0.0,240.9,0.0,0.0
2026-01-12 22:44:23,2005,Lampe Salle à manger,0.0,240.7,0.0,0.0
2026-01-12 22:44:23,2006,PC Portable,0.0,241.6,0.0,0.0
2026-01-12 22:44:23,2007,Lampe Cuisine,0.0,240.8,0.0,0.0
2026-01-12 22:44:23,2008,Lampe Chambre,0.0,242.0,0.0,0.0
2026-01-12 22:45:23,2001,TV Salle à manger,0.0,241.6,0.0,0.0
2026-01-12 22:45:23,2002,Ecran,0.0,241.1,0.0,0.0
2026-01-12 22:45:23,2003,Telephone / Tablette,0.0,240.8,0.0,0.0
2026-01-12 22:45:23,2004,Cafetiere,0.0,240.8,0.0,0.0
2026-01-12 22:45:23,2005,Lampe Salle à manger,0.0,240.5,0.0,0.0
2026-01-12 22:45:23,2006,PC Portable,0.0,241.5,0.0,0.0
2026-01-12 22:45:23,2007,Lampe Cuisine,0.0,240.7,0.0,0.0
2026-01-12 22:45:23,2008,Lampe Chambre,0.0,241.9,0.0,0.0
2026-01-12 22:46:23,2001,TV Salle à manger,0.018,242.1,0.0,0.0
2026-01-12 22:46:23,2002,Ecran,0.0,241.6,0.0,0.0
2026-01-12 22:46:23,2003,Telephone / Tablette,0.0,241.2,0.0,0.0
2026-01-12 22:46:23,2004,Cafetiere,0.0,241.3,0.0,0.0
2026-01-12 22:46:23,2005,Lampe Salle à manger,0.0,241.0,0.0,0.0
2026-01-12 22:46:23,2006,PC Portable,0.0,241.9,0.0,0.0
2026-01-12 22:46:23,2007,Lampe Cuisine,0.0,241.1,0.0,0.0
2026-01-12 22:46:23,2008,Lampe Chambre,0.0,242.3,0.0,0.0
2026-01-12 22:47:24,2001,TV Salle à manger,0.0,242.5,0.0,0.0
2026-01-12 22:47:24,2002,Ecran,0.0,242.0,0.0,0.0
2026-01-12 22:47:24,2003,Telephone / Tablette,0.0,241.6,0.0,0.0
2026-01-12 22:47:24,2004,Cafetiere,0.0,241.7,0.0,0.0
2026-01-12 22:47:24,2005,Lampe Salle à manger,0.0,241.5,0.0,0.0
2026-01-12 22:47:24,2006,PC Portable,0.0,242.3,0.0,0.0
2026-01-12 22:47:24,2007,Lampe Cuisine,0.0,241.6,0.0,0.0
2026-01-12 22:47:24,2008,Lampe Chambre,0.0,242.8,0.0,0.0
2026-01-12 22:48:24,2001,TV Salle à manger,0.0,242.3,0.0,0.0
2026-01-12 22:48:24,2002,Ecran,0.0,241.9,0.0,0.0
2026-01-12 22:48:24,2003,Telephone / Tablette,0.0,241.4,0.0,0.0
2026-01-12 22:48:24,2004,Cafetiere,0.0,241.5,0.0,0.0
2026-01-12 22:48:24,2005,Lampe Salle à manger,0.0,241.2,0.0,0.0
2026-01-12 22:48:24,2006,PC Portable,0.0,242.1,0.0,0.0
2026-01-12 22:48:24,2007,Lampe Cuisine,0.0,241.4,0.0,0.0
2026-01-12 22:48:24,2008,Lampe Chambre,0.0,242.6,0.0,0.0
2026-01-12 22:49:24,2001,TV Salle à manger,0.0,242.5,0.0,0.0
2026-01-12 22:49:24,2002,Ecran,0.0,242.0,0.0,0.0
2026-01-12 22:49:24,2003,Telephone / Tablette,0.0,241.7,0.0,0.0
2026-01-12 22:49:24,2004,Cafetiere,0.0,241.8,0.0,0.0
2026-01-12 22:49:24,2005,Lampe Salle à manger,0.0,241.5,0.0,0.0
2026-01-12 22:49:24,2006,PC Portable,0.0,242.4,0.0,0.0
2026-01-12 22:49:24,2007,Lampe Cuisine,0.0,241.5,0.0,0.0
2026-01-12 22:49:24,2008,Lampe Chambre,0.0,242.7,0.0,0.0
2026-01-12 22:50:24,2001,TV Salle à manger,0.0,242.5,0.0,0.0
2026-01-12 22:50:24,2002,Ecran,0.0,242.0,0.0,0.0
2026-01-12 22:50:24,2003,Telephone / Tablette,0.0,241.7,0.0,0.0
2026-01-12 22:50:24,2004,Cafetiere,0.0,241.8,0.0,0.0
2026-01-12 22:50:24,2005,Lampe Salle à manger,0.0,241.5,0.0,0.0
2026-01-12 22:50:24,2006,PC Portable,0.0,242.3,0.0,0.0
2026-01-12 22:50:24,2007,Lampe Cuisine,0.0,241.6,0.0,0.0
2026-01-12 22:50:24,2008,Lampe Chambre,0.0,242.8,0.0,0.0
2026-01-12 22:51:25,2001,TV Salle à manger,0.02,242.8,0.0,0.0
2026-01-12 22:51:25,2002,Ecran,0.0,242.3,0.0,0.0
2026-01-12 22:51:25,2003,Telephone / Tablette,0.0,241.9,0.0,0.0
2026-01-12 22:51:25,2004,Cafetiere,0.0,241.9,0.0,0.0
2026-01-12 22:51:25,2005,Lampe Salle à manger,0.0,241.7,0.0,0.0
2026-01-12 22:51:25,2006,PC Portable,0.0,242.6,0.0,0.0
2026-01-12 22:51:25,2007,Lampe Cuisine,0.0,241.8,0.0,0.0
2026-01-12 22:51:25,2008,Lampe Chambre,0.0,243.0,0.0,0.0
2026-01-12 22:52:25,2001,TV Salle à manger,0.0,242.3,0.0,0.0
2026-01-12 22:52:25,2002,Ecran,0.0,241.8,0.0,0.0
2026-01-12 22:52:25,2003,Telephone / Tablette,0.0,241.5,0.0,0.0
2026-01-12 22:52:25,2004,Cafetiere,0.0,241.5,0.0,0.0
2026-01-12 22:52:25,2005,Lampe Salle à manger,0.0,241.3,0.0,0.0
2026-01-12 22:52:25,2006,PC Portable,0.0,242.2,0.0,0.0
2026-01-12 22:52:25,2007,Lampe Cuisine,0.0,241.4,0.0,0.0
2026-01-12 22:52:25,2008,Lampe Chambre,0.0,242.6,0.0,0.0
2026-01-12 22:53:25,2001,TV Salle à manger,0.0,242.4,0.0,0.0
2026-01-12 22:53:25,2002,Ecran,0.0,242.0,0.0,0.0
2026-01-12 22:53:25,2003,Telephone / Tablette,0.0,241.7,0.0,0.0
2026-01-12 22:53:25,2004,Cafetiere,0.0,241.8,0.0,0.0
2026-01-12 22:53:25,2005,Lampe Salle à manger,0.0,241.5,0.0,0.0
2026-01-12 22:53:25,2006,PC Portable,0.0,242.3,0.0,0.0
2026-01-12 22:53:25,2007,Lampe Cuisine,0.0,241.5,0.0,0.0
2026-01-12 22:53:25,2008,Lampe Chambre,0.0,242.8,0.0,0.0
2026-01-12 22:54:26,2001,TV Salle à manger,0.0,243.1,0.0,0.0
2026-01-12 22:54:26,2002,Ecran,0.0,242.6,0.0,0.0
2026-01-12 22:54:26,2003,Telephone / Tablette,0.0,242.3,0.0,0.0
2026-01-12 22:54:26,2004,Cafetiere,0.0,242.3,0.0,0.0
2026-01-12 22:54:26,2005,Lampe Salle à manger,0.0,242.1,0.0,0.0
2026-01-12 22:54:26,2006,PC Portable,0.0,243.0,0.0,0.0
2026-01-12 22:54:26,2007,Lampe Cuisine,0.0,242.2,0.0,0.0
2026-01-12 22:54:26,2008,Lampe Chambre,0.0,243.4,0.0,0.0
2026-01-12 22:55:26,2001,TV Salle à manger,0.0,242.6,0.0,0.0
2026-01-12 22:55:26,2002,Ecran,0.0,242.2,0.0,0.0
2026-01-12 22:55:26,2003,Telephone / Tablette,0.0,241.9,0.0,0.0
2026-01-12 22:55:26,2004,Cafetiere,0.0,242.0,0.0,0.0
2026-01-12 22:55:26,2005,Lampe Salle à manger,0.0,241.5,0.0,0.0
2026-01-12 22:55:26,2006,PC Portable,0.0,242.5,0.0,0.0
2026-01-12 22:55:26,2007,Lampe Cuisine,0.0,241.8,0.0,0.0
2026-01-12 22:55:26,2008,Lampe Chambre,0.0,242.9,0.0,0.0
2026-01-12 22:56:26,2001,TV Salle à manger,0.022,242.4,0.0,0.0
2026-01-12 22:56:26,2002,Ecran,0.0,242.0,0.0,0.0
2026-01-12 22:56:26,2003,Telephone / Tablette,0.0,241.7,0.0,0.0
2026-01-12 22:56:26,2004,Cafetiere,0.0,241.7,0.0,0.0
2026-01-12 22:56:26,2005,Lampe Salle à manger,0.0,241.5,0.0,0.0
2026-01-12 22:56:26,2006,PC Portable,0.0,242.4,0.0,0.0
2026-01-12 22:56:26,2007,Lampe Cuisine,0.0,241.6,0.0,0.0
2026-01-12 22:56:26,2008,Lampe Chambre,0.0,242.7,0.0,0.0
2026-01-12 22:57:26,2001,TV Salle à manger,0.0,242.6,0.0,0.0
2026-01-12 22:57:26,2002,Ecran,0.0,242.1,0.0,0.0
2026-01-12 22:57:26,2003,Telephone / Tablette,0.0,241.8,0.0,0.0
2026-01-12 22:57:26,2004,Cafetiere,0.0,241.8,0.0,0.0
2026-01-12 22:57:26,2005,Lampe Salle à manger,0.0,241.6,0.0,0.0
2026-01-12 22:57:26,2006,PC Portable,0.0,242.5,0.0,0.0
2026-01-12 22:57:26,2007,Lampe Cuisine,0.0,241.8,0.0,0.0
2026-01-12 22:57:26,2008,Lampe Chambre,0.0,242.9,0.0,0.0
2026-01-12 22:58:27,2001,TV Salle à manger,0.025,242.5,0.0,0.0
2026-01-12 22:58:27,2002,Ecran,0.0,242.0,0.0,0.0
2026-01-12 22:58:27,2003,Telephone / Tablette,0.0,241.7,0.0,0.0
2026-01-12 22:58:27,2004,Cafetiere,0.0,241.7,0.0,0.0
2026-01-12 22:58:27,2005,Lampe Salle à manger,0.0,241.4,0.0,0.0
2026-01-12 22:58:27,2006,PC Portable,0.0,242.4,0.0,0.0
2026-01-12 22:58:27,2007,Lampe Cuisine,0.0,241.5,0.0,0.0
2026-01-12 22:58:27,2008,Lampe Chambre,0.0,242.8,0.0,0.0
2026-01-12 22:59:27,2001,TV Salle à manger,0.023,242.2,0.0,0.0
2026-01-12 22:59:27,2002,Ecran,0.0,241.8,0.0,0.0
2026-01-12 22:59:27,2003,Telephone / Tablette,0.0,241.5,0.0,0.0
2026-01-12 22:59:27,2004,Cafetiere,0.0,241.5,0.0,0.0
2026-01-12 22:59:27,2005,Lampe Salle à manger,0.0,241.2,0.0,0.0
2026-01-12 22:59:27,2006,PC Portable,0.0,242.1,0.0,0.0
2026-01-12 22:59:27,2007,Lampe Cuisine,0.0,241.3,0.0,0.0
2026-01-12 22:59:27,2008,Lampe Chambre,0.0,242.5,0.0,0.0
2026-01-12 23:00:27,2001,TV Salle à manger,0.0,242.4,0.0,0.0
2026-01-12 23:00:27,2002,Ecran,0.0,242.0,0.0,0.0
2026-01-12 23:00:27,2003,Telephone / Tablette,0.0,241.7,0.0,0.0
2026-01-12 23:00:27,2004,Cafetiere,0.0,241.8,0.0,0.0
2026-01-12 23:00:27,2005,Lampe Salle à manger,0.0,241.4,0.0,0.0
2026-01-12 23:00:27,2006,PC Portable,0.0,242.4,0.0,0.0
2026-01-12 23:00:27,2007,Lampe Cuisine,0.0,241.5,0.0,0.0
2026-01-12 23:00:27,2008,Lampe Chambre,0.0,242.8,0.0,0.0
2026-01-12 23:01:28,2001,TV Salle à manger,0.0,243.2,0.0,0.0
2026-01-12 23:01:28,2002,Ecran,0.0,242.7,0.0,0.0
2026-01-12 23:01:28,2003,Telephone / Tablette,0.0,242.3,0.0,0.0
2026-01-12 23:01:28,2004,Cafetiere,0.0,242.4,0.0,0.0
2026-01-12 23:01:28,2005,Lampe Salle à manger,0.0,242.1,0.0,0.0
2026-01-12 23:01:28,2006,PC Portable,0.0,243.1,0.0,0.0
2026-01-12 23:01:28,2007,Lampe Cuisine,0.0,242.3,0.0,0.0
2026-01-12 23:01:28,2008,Lampe Chambre,0.0,243.4,0.0,0.0
2026-01-12 23:02:28,2001,TV Salle à manger,0.022,242.5,0.0,0.0
2026-01-12 23:02:28,2002,Ecran,0.0,242.2,0.0,0.0
2026-01-12 23:02:28,2003,Telephone / Tablette,0.0,241.6,0.0,0.0
2026-01-12 23:02:28,2004,Cafetiere,0.0,241.9,0.0,0.0
2026-01-12 23:02:28,2005,Lampe Salle à manger,0.0,241.4,0.0,0.0
2026-01-12 23:02:28,2006,PC Portable,0.0,242.5,0.0,0.0
2026-01-12 23:02:28,2007,Lampe Cuisine,0.0,241.7,0.0,0.0
2026-01-12 23:02:28,2008,Lampe Chambre,0.0,242.7,0.0,0.0
2026-01-12 23:03:28,2001,TV Salle à manger,0.026,242.3,0.0,0.0
2026-01-12 23:03:28,2002,Ecran,0.0,241.7,0.0,0.0
2026-01-12 23:03:28,2003,Telephone / Tablette,0.0,241.4,0.0,0.0
2026-01-12 23:03:28,2004,Cafetiere,0.0,241.5,0.0,0.0
2026-01-12 23:03:28,2005,Lampe Salle à manger,0.0,241.1,0.0,0.0
2026-01-12 23:03:28,2006,PC Portable,0.0,242.1,0.0,0.0
2026-01-12 23:03:28,2007,Lampe Cuisine,0.0,241.3,0.0,0.0
2026-01-12 23:03:28,2008,Lampe Chambre,0.0,242.5,0.0,0.0
2026-01-12 23:04:28,2001,TV Salle à manger,0.02,242.5,0.0,0.0
2026-01-12 23:04:28,2002,Ecran,0.0,242.0,0.0,0.0
2026-01-12 23:04:28,2003,Telephone / Tablette,0.0,241.7,0.0,0.0
2026-01-12 23:04:28,2004,Cafetiere,0.0,241.7,0.0,0.0
2026-01-12 23:04:28,2005,Lampe Salle à manger,0.0,241.4,0.0,0.0
2026-01-12 23:04:28,2006,PC Portable,0.0,242.4,0.0,0.0
2026-01-12 23:04:28,2007,Lampe Cuisine,0.0,241.6,0.0,0.0
2026-01-12 23:04:28,2008,Lampe Chambre,0.0,242.8,0.0,0.0
2026-01-12 23:05:29,2001,TV Salle à manger,0.0,242.5,0.0,0.0
2026-01-12 23:05:29,2002,Ecran,0.0,242.0,0.0,0.0
2026-01-12 23:05:29,2003,Telephone / Tablette,0.0,241.6,0.0,0.0
2026-01-12 23:05:29,2004,Cafetiere,0.0,241.7,0.0,0.0
2026-01-12 23:05:29,2005,Lampe Salle à manger,0.0,241.5,0.0,0.0
2026-01-12 23:05:29,2006,PC Portable,0.0,242.3,0.0,0.0
2026-01-12 23:05:29,2007,Lampe Cuisine,0.0,241.5,0.0,0.0
2026-01-12 23:05:29,2008,Lampe Chambre,0.0,242.8,0.0,0.0
2026-01-12 23:06:29,2001,TV Salle à manger,0.0,242.8,0.0,0.0
2026-01-12 23:06:29,2002,Ecran,0.0,242.3,0.0,0.0
2026-01-12 23:06:29,2003,Telephone / Tablette,0.0,241.9,0.0,0.0
2026-01-12 23:06:29,2004,Cafetiere,0.0,242.0,0.0,0.0
2026-01-12 23:06:29,2005,Lampe Salle à manger,0.0,241.7,0.0,0.0
2026-01-12 23:06:29,2006,PC Portable,0.0,242.6,0.0,0.0
2026-01-12 23:06:29,2007,Lampe Cuisine,0.0,241.8,0.0,0.0
2026-01-12 23:06:29,2008,Lampe Chambre,0.0,243.1,0.0,0.0
2026-01-12 23:07:29,2001,TV Salle à manger,0.0,242.9,0.0,0.0
2026-01-12 23:07:29,2002,Ecran,0.0,242.4,0.0,0.0
2026-01-12 23:07:29,2003,Telephone / Tablette,0.0,242.1,0.0,0.0
2026-01-12 23:07:29,2004,Cafetiere,0.0,242.1,0.0,0.0
2026-01-12 23:07:29,2005,Lampe Salle à manger,0.0,241.8,0.0,0.0
2026-01-12 23:07:29,2006,PC Portable,0.0,242.7,0.0,0.0
2026-01-12 23:07:29,2007,Lampe Cuisine,0.0,242.0,0.0,0.0
2026-01-12 23:07:29,2008,Lampe Chambre,0.0,243.1,0.0,0.0
2026-01-12 23:08:30,2001,TV Salle à manger,0.0,243.2,0.0,0.0
2026-01-12 23:08:30,2002,Ecran,0.0,242.7,0.0,0.0
2026-01-12 23:08:30,2003,Telephone / Tablette,0.0,242.3,0.0,0.0
2026-01-12 23:08:30,2004,Cafetiere,0.0,242.4,0.0,0.0
2026-01-12 23:08:30,2005,Lampe Salle à manger,0.0,242.2,0.0,0.0
2026-01-12 23:08:30,2006,PC Portable,0.0,243.1,0.0,0.0
2026-01-12 23:08:30,2007,Lampe Cuisine,0.0,242.3,0.0,0.0
2026-01-12 23:08:30,2008,Lampe Chambre,0.0,243.4,0.0,0.0
2026-01-12 23:09:30,2001,TV Salle à manger,0.0,243.0,0.0,0.0
2026-01-12 23:09:30,2002,Ecran,0.0,242.5,0.0,0.0
2026-01-12 23:09:30,2003,Telephone / Tablette,0.0,242.1,0.0,0.0
2026-01-12 23:09:30,2004,Cafetiere,0.0,242.2,0.0,0.0
2026-01-12 23:09:30,2005,Lampe Salle à manger,0.0,242.0,0.0,0.0
2026-01-12 23:09:30,2006,PC Portable,0.0,242.7,0.0,0.0
2026-01-12 23:09:30,2007,Lampe Cuisine,0.0,242.1,0.0,0.0
2026-01-12 23:09:30,2008,Lampe Chambre,0.0,243.2,0.0,0.0
2026-01-12 23:10:30,2001,TV Salle à manger,0.0,243.0,0.0,0.0
2026-01-12 23:10:30,2002,Ecran,0.0,242.5,0.0,0.0
2026-01-12 23:10:30,2003,Telephone / Tablette,0.0,242.2,0.0,0.0
2026-01-12 23:10:30,2004,Cafetiere,0.0,242.2,0.0,0.0
2026-01-12 23:10:30,2005,Lampe Salle à manger,0.0,242.0,0.0,0.0
2026-01-12 23:10:30,2006,PC Portable,0.0,242.9,0.0,0.0
2026-01-12 23:10:30,2007,Lampe Cuisine,0.0,242.1,0.0,0.0
2026-01-12 23:10:30,2008,Lampe Chambre,0.0,243.3,0.0,0.0
2026-01-12 23:11:31,2001,TV Salle à manger,0.0,243.2,0.0,0.0
2026-01-12 23:11:31,2002,Ecran,0.0,242.8,0.0,0.0
2026-01-12 23:11:31,2003,Telephone / Tablette,0.0,242.3,0.0,0.0
2026-01-12 23:11:31,2004,Cafetiere,0.0,242.4,0.0,0.0
2026-01-12 23:11:31,2005,Lampe Salle à manger,0.0,242.2,0.0,0.0
2026-01-12 23:11:31,2006,PC Portable,0.0,243.0,0.0,0.0
2026-01-12 23:11:31,2007,Lampe Cuisine,0.0,242.2,0.0,0.0
2026-01-12 23:11:31,2008,Lampe Chambre,0.0,243.4,0.0,0.0
2026-01-12 23:12:31,2001,TV Salle à manger,0.02,243.1,0.0,0.0
2026-01-12 23:12:31,2002,Ecran,0.0,242.5,0.0,0.0
2026-01-12 23:12:31,2003,Telephone / Tablette,0.0,242.2,0.0,0.0
2026-01-12 23:12:31,2004,Cafetiere,0.0,242.2,0.0,0.0
2026-01-12 23:12:31,2005,Lampe Salle à manger,0.0,241.9,0.0,0.0
2026-01-12 23:12:31,2006,PC Portable,0.0,242.9,0.0,0.0
2026-01-12 23:12:31,2007,Lampe Cuisine,0.0,242.0,0.0,0.0
2026-01-12 23:12:31,2008,Lampe Chambre,0.0,243.3,0.0,0.0
2026-01-12 23:13:31,2001,TV Salle à manger,0.0,243.2,0.0,0.0
2026-01-12 23:13:31,2002,Ecran,0.0,242.8,0.0,0.0
2026-01-12 23:13:31,2003,Telephone / Tablette,0.0,242.3,0.0,0.0
2026-01-12 23:13:31,2004,Cafetiere,0.0,242.4,0.0,0.0
2026-01-12 23:13:31,2005,Lampe Salle à manger,0.0,242.2,0.0,0.0
2026-01-12 23:13:31,2006,PC Portable,0.0,243.1,0.0,0.0
2026-01-12 23:13:31,2007,Lampe Cuisine,0.0,242.3,0.0,0.0
2026-01-12 23:13:31,2008,Lampe Chambre,0.0,243.6,0.0,0.0
2026-01-12 23:14:31,2001,TV Salle à manger,0.0,243.0,0.0,0.0
2026-01-12 23:14:31,2002,Ecran,0.0,242.5,0.0,0.0
2026-01-12 23:14:31,2003,Telephone / Tablette,0.0,242.2,0.0,0.0
2026-01-12 23:14:31,2004,Cafetiere,0.0,242.2,0.0,0.0
2026-01-12 23:14:31,2005,Lampe Salle à manger,0.0,242.0,0.0,0.0
2026-01-12 23:14:31,2006,PC Portable,0.0,242.9,0.0,0.0
2026-01-12 23:14:31,2007,Lampe Cuisine,0.0,242.1,0.0,0.0
2026-01-12 23:14:31,2008,Lampe Chambre,0.0,243.3,0.0,0.0
2026-01-12 23:15:32,2001,TV Salle à manger,0.0,243.0,0.0,0.0
2026-01-12 23:15:32,2002,Ecran,0.0,242.5,0.0,0.0
2026-01-12 23:15:32,2003,Telephone / Tablette,0.0,242.2,0.0,0.0
2026-01-12 23:15:32,2004,Cafetiere,0.0,242.4,0.0,0.0
2026-01-12 23:15:32,2005,Lampe Salle à manger,0.0,242.1,0.0,0.0
2026-01-12 23:15:32,2006,PC Portable,0.0,242.9,0.0,0.0
2026-01-12 23:15:32,2007,Lampe Cuisine,0.0,242.3,0.0,0.0
2026-01-12 23:15:32,2008,Lampe Chambre,0.0,243.3,0.0,0.0
2026-01-12 23:16:32,2001,TV Salle à manger,0.0,243.2,0.0,0.0
2026-01-12 23:16:32,2002,Ecran,0.0,242.7,0.0,0.0
2026-01-12 23:16:32,2003,Telephone / Tablette,0.0,242.3,0.0,0.0
2026-01-12 23:16:32,2004,Cafetiere,0.0,242.4,0.0,0.0
2026-01-12 23:16:32,2005,Lampe Salle à manger,0.0,242.1,0.0,0.0
2026-01-12 23:16:32,2006,PC Portable,0.0,243.1,0.0,0.0
2026-01-12 23:16:32,2007,Lampe Cuisine,0.0,242.3,0.0,0.0
2026-01-12 23:16:32,2008,Lampe Chambre,0.0,243.5,0.0,0.0
2026-01-12 23:17:33,2001,TV Salle à manger,0.0,243.3,0.0,0.0
2026-01-12 23:17:33,2002,Ecran,0.0,242.9,0.0,0.0
2026-01-12 23:17:33,2003,Telephone / Tablette,0.0,242.5,0.0,0.0
2026-01-12 23:17:33,2004,Cafetiere,0.0,242.5,0.0,0.0
2026-01-12 23:17:33,2005,Lampe Salle à manger,0.0,242.3,0.0,0.0
2026-01-12 23:17:33,2006,PC Portable,0.0,243.2,0.0,0.0
2026-01-12 23:17:33,2007,Lampe Cuisine,0.0,242.4,0.0,0.0
2026-01-12 23:17:33,2008,Lampe Chambre,0.0,243.6,0.0,0.0
2026-01-12 23:18:33,2001,TV Salle à manger,0.0,243.5,0.0,0.0
2026-01-12 23:18:33,2002,Ecran,0.0,243.0,0.0,0.0
2026-01-12 23:18:33,2003,Telephone / Tablette,0.0,242.6,0.0,0.0
2026-01-12 23:18:33,2004,Cafetiere,0.0,242.7,0.0,0.0
2026-01-12 23:18:33,2005,Lampe Salle à manger,0.0,242.4,0.0,0.0
2026-01-12 23:18:33,2006,PC Portable,0.0,243.4,0.0,0.0
2026-01-12 23:18:33,2007,Lampe Cuisine,0.0,242.6,0.0,0.0
2026-01-12 23:18:33,2008,Lampe Chambre,0.0,243.8,0.0,0.0
2026-01-12 23:19:33,2001,TV Salle à manger,0.028,243.6,0.0,0.0
2026-01-12 23:19:33,2002,Ecran,0.0,243.2,0.0,0.0
2026-01-12 23:19:33,2003,Telephone / Tablette,0.0,242.8,0.0,0.0
2026-01-12 23:19:33,2004,Cafetiere,0.0,242.9,0.0,0.0
2026-01-12 23:19:33,2005,Lampe Salle à manger,0.0,242.6,0.0,0.0
2026-01-12 23:19:33,2006,PC Portable,0.0,243.5,0.0,0.0
2026-01-12 23:19:33,2007,Lampe Cuisine,0.0,242.8,0.0,0.0
2026-01-12 23:19:33,2008,Lampe Chambre,0.0,244.0,0.0,0.0
2026-01-12 23:20:34,2001,TV Salle à manger,0.0,243.7,0.0,0.0
2026-01-12 23:20:34,2002,Ecran,0.0,243.2,0.0,0.0
2026-01-12 23:20:34,2003,Telephone / Tablette,0.0,242.9,0.0,0.0
2026-01-12 23:20:34,2004,Cafetiere,0.0,243.0,0.0,0.0
2026-01-12 23:20:34,2005,Lampe Salle à manger,0.0,242.7,0.0,0.0
2026-01-12 23:20:34,2006,PC Portable,0.0,243.6,0.0,0.0
2026-01-12 23:20:34,2007,Lampe Cuisine,0.0,242.8,0.0,0.0
2026-01-12 23:20:34,2008,Lampe Chambre,0.0,244.0,0.0,0.0
2026-01-12 23:21:34,2001,TV Salle à manger,0.023,243.6,0.0,0.0
2026-01-12 23:21:34,2002,Ecran,0.0,243.1,0.0,0.0
2026-01-12 23:21:34,2003,Telephone / Tablette,0.0,242.7,0.0,0.0
2026-01-12 23:21:34,2004,Cafetiere,0.0,242.8,0.0,0.0
2026-01-12 23:21:34,2005,Lampe Salle à manger,0.0,242.6,0.0,0.0
2026-01-12 23:21:34,2006,PC Portable,0.0,243.4,0.0,0.0
2026-01-12 23:21:34,2007,Lampe Cuisine,0.0,242.7,0.0,0.0
2026-01-12 23:21:34,2008,Lampe Chambre,0.0,243.9,0.0,0.0
2026-01-12 23:22:34,2001,TV Salle à manger,0.0,243.5,0.0,0.0
2026-01-12 23:22:34,2002,Ecran,0.0,243.1,0.0,0.0
2026-01-12 23:22:34,2003,Telephone / Tablette,0.0,242.7,0.0,0.0
2026-01-12 23:22:34,2004,Cafetiere,0.0,242.7,0.0,0.0
2026-01-12 23:22:34,2005,Lampe Salle à manger,0.0,242.4,0.0,0.0
2026-01-12 23:22:34,2006,PC Portable,0.0,243.4,0.0,0.0
2026-01-12 23:22:34,2007,Lampe Cuisine,0.0,242.6,0.0,0.0
2026-01-12 23:22:34,2008,Lampe Chambre,0.0,243.8,0.0,0.0
2026-01-12 23:23:35,2001,TV Salle à manger,0.0,243.8,0.0,0.0
2026-01-12 23:23:35,2002,Ecran,0.0,243.3,0.0,0.0
2026-01-12 23:23:35,2003,Telephone / Tablette,0.0,242.9,0.0,0.0
2026-01-12 23:23:35,2004,Cafetiere,0.0,243.0,0.0,0.0
2026-01-12 23:23:35,2005,Lampe Salle à manger,0.0,242.9,0.0,0.0
2026-01-12 23:23:35,2006,PC Portable,0.0,243.8,0.0,0.0
2026-01-12 23:23:35,2007,Lampe Cuisine,0.0,243.0,0.0,0.0
2026-01-12 23:23:35,2008,Lampe Chambre,0.0,244.1,0.0,0.0
2026-01-12 23:24:35,2001,TV Salle à manger,0.026,244.1,0.0,0.0
2026-01-12 23:24:35,2002,Ecran,0.0,243.6,0.0,0.0
2026-01-12 23:24:35,2003,Telephone / Tablette,0.0,243.2,0.0,0.0
2026-01-12 23:24:35,2004,Cafetiere,0.0,243.2,0.0,0.0
2026-01-12 23:24:35,2005,Lampe Salle à manger,0.0,243.0,0.0,0.0
2026-01-12 23:24:35,2006,PC Portable,0.0,244.0,0.0,0.0
2026-01-12 23:24:35,2007,Lampe Cuisine,0.0,243.1,0.0,0.0
2026-01-12 23:24:35,2008,Lampe Chambre,0.0,244.4,0.0,0.0
2026-01-12 23:25:35,2001,TV Salle à manger,0.02,243.6,0.0,0.0
2026-01-12 23:25:35,2002,Ecran,0.0,243.1,0.0,0.0
2026-01-12 23:25:35,2003,Telephone / Tablette,0.0,242.7,0.0,0.0
2026-01-12 23:25:35,2004,Cafetiere,0.0,242.8,0.0,0.0
2026-01-12 23:25:35,2005,Lampe Salle à manger,0.0,242.5,0.0,0.0
2026-01-12 23:25:35,2006,PC Portable,0.0,243.5,0.0,0.0
2026-01-12 23:25:35,2007,Lampe Cuisine,0.0,242.7,0.0,0.0
2026-01-12 23:25:35,2008,Lampe Chambre,0.0,243.9,0.0,0.0
2026-01-12 23:26:35,2001,TV Salle à manger,0.0,243.3,0.0,0.0
2026-01-12 23:26:35,2002,Ecran,0.0,242.8,0.0,0.0
2026-01-12 23:26:35,2003,Telephone / Tablette,0.0,242.4,0.0,0.0
2026-01-12 23:26:35,2004,Cafetiere,0.0,242.5,0.0,0.0
2026-01-12 23:26:35,2005,Lampe Salle à manger,0.0,242.2,0.0,0.0
2026-01-12 23:26:35,2006,PC Portable,0.0,243.1,0.0,0.0
2026-01-12 23:26:35,2007,Lampe Cuisine,0.0,242.4,0.0,0.0
2026-01-12 23:26:35,2008,Lampe Chambre,0.0,243.6,0.0,0.0
2026-01-12 23:27:36,2001,TV Salle à manger,0.0,243.5,0.0,0.0
2026-01-12 23:27:36,2002,Ecran,0.0,243.1,0.0,0.0
2026-01-12 23:27:36,2003,Telephone / Tablette,0.0,242.6,0.0,0.0
2026-01-12 23:27:36,2004,Cafetiere,0.0,242.6,0.0,0.0
2026-01-12 23:27:36,2005,Lampe Salle à manger,0.0,242.4,0.0,0.0
2026-01-12 23:27:36,2006,PC Portable,0.0,243.2,0.0,0.0
2026-01-12 23:27:36,2007,Lampe Cuisine,0.0,242.5,0.0,0.0
2026-01-12 23:27:36,2008,Lampe Chambre,0.0,243.8,0.0,0.0
2026-01-12 23:28:36,2001,TV Salle à manger,0.032,243.6,0.0,0.0
2026-01-12 23:28:36,2002,Ecran,0.0,243.2,0.0,0.0
2026-01-12 23:28:36,2003,Telephone / Tablette,0.0,242.8,0.0,0.0
2026-01-12 23:28:36,2004,Cafetiere,0.0,242.8,0.0,0.0
2026-01-12 23:28:36,2005,Lampe Salle à manger,0.0,242.5,0.0,0.0
2026-01-12 23:28:36,2006,PC Portable,0.0,243.6,0.0,0.0
2026-01-12 23:28:36,2007,Lampe Cuisine,0.0,242.7,0.0,0.0
2026-01-12 23:28:36,2008,Lampe Chambre,0.0,244.0,0.0,0.0
2026-01-12 23:29:36,2001,TV Salle à manger,0.022,243.8,0.0,0.0
2026-01-12 23:29:36,2002,Ecran,0.0,243.2,0.0,0.0
2026-01-12 23:29:36,2003,Telephone / Tablette,0.0,243.0,0.0,0.0
2026-01-12 23:29:36,2004,Cafetiere,0.0,243.0,0.0,0.0
2026-01-12 23:29:36,2005,Lampe Salle à manger,0.0,242.6,0.0,0.0
2026-01-12 23:29:36,2006,PC Portable,0.0,243.6,0.0,0.0
2026-01-12 23:29:36,2007,Lampe Cuisine,0.0,242.9,0.0,0.0
2026-01-12 23:29:36,2008,Lampe Chambre,0.0,243.9,0.0,0.0
2026-01-12 23:30:37,2001,TV Salle à manger,0.0,243.5,0.0,0.0
2026-01-12 23:30:37,2002,Ecran,0.0,243.0,0.0,0.0
2026-01-12 23:30:37,2003,Telephone / Tablette,0.0,242.7,0.0,0.0
2026-01-12 23:30:37,2004,Cafetiere,0.0,242.7,0.0,0.0
2026-01-12 23:30:37,2005,Lampe Salle à manger,0.0,242.5,0.0,0.0
2026-01-12 23:30:37,2006,PC Portable,0.0,243.3,0.0,0.0
2026-01-12 23:30:37,2007,Lampe Cuisine,0.0,242.6,0.0,0.0
2026-01-12 23:30:37,2008,Lampe Chambre,0.0,243.7,0.0,0.0
2026-01-12 23:31:37,2001,TV Salle à manger,0.0,243.4,0.0,0.0
2026-01-12 23:31:37,2002,Ecran,0.0,243.0,0.0,0.0
2026-01-12 23:31:37,2003,Telephone / Tablette,0.0,242.6,0.0,0.0
2026-01-12 23:31:37,2004,Cafetiere,0.0,242.6,0.0,0.0
2026-01-12 23:31:37,2005,Lampe Salle à manger,0.0,242.4,0.0,0.0
2026-01-12 23:31:37,2006,PC Portable,0.0,243.3,0.0,0.0
2026-01-12 23:31:37,2007,Lampe Cuisine,0.0,242.5,0.0,0.0
2026-01-12 23:31:37,2008,Lampe Chambre,0.0,243.7,0.0,0.0
2026-01-12 23:32:37,2001,TV Salle à manger,0.0,243.6,0.0,0.0
2026-01-12 23:32:37,2002,Ecran,0.0,243.1,0.0,0.0
2026-01-12 23:32:37,2003,Telephone / Tablette,0.0,242.7,0.0,0.0
2026-01-12 23:32:37,2004,Cafetiere,0.0,242.7,0.0,0.0
2026-01-12 23:32:37,2005,Lampe Salle à manger,0.0,242.5,0.0,0.0
2026-01-12 23:32:37,2006,PC Portable,0.0,243.4,0.0,0.0
2026-01-12 23:32:37,2007,Lampe Cuisine,0.0,242.6,0.0,0.0
2026-01-12 23:32:37,2008,Lampe Chambre,0.0,243.9,0.0,0.0
2026-01-12 23:33:38,2001,TV Salle à manger,0.031,243.4,0.0,0.0
2026-01-12 23:33:38,2002,Ecran,0.0,242.9,0.0,0.0
2026-01-12 23:33:38,2003,Telephone / Tablette,0.0,242.6,0.0,0.0
2026-01-12 23:33:38,2004,Cafetiere,0.0,242.6,0.0,0.0
2026-01-12 23:33:38,2005,Lampe Salle à manger,0.0,242.4,0.0,0.0
2026-01-12 23:33:38,2006,PC Portable,0.0,243.3,0.0,0.0
2026-01-12 23:33:38,2007,Lampe Cuisine,0.0,242.5,0.0,0.0
2026-01-12 23:33:38,2008,Lampe Chambre,0.0,243.8,0.0,0.0
2026-01-12 23:34:38,2001,TV Salle à manger,0.0,243.6,0.0,0.0
2026-01-12 23:34:38,2002,Ecran,0.0,243.1,0.0,0.0
2026-01-12 23:34:38,2003,Telephone / Tablette,0.0,242.7,0.0,0.0
2026-01-12 23:34:38,2004,Cafetiere,0.0,242.8,0.0,0.0
2026-01-12 23:34:38,2005,Lampe Salle à manger,0.0,242.5,0.0,0.0
2026-01-12 23:34:38,2006,PC Portable,0.0,243.5,0.0,0.0
2026-01-12 23:34:38,2007,Lampe Cuisine,0.0,242.6,0.0,0.0
2026-01-12 23:34:38,2008,Lampe Chambre,0.0,243.9,0.0,0.0
2026-01-12 23:35:38,2001,TV Salle à manger,0.0,243.5,0.0,0.0
2026-01-12 23:35:38,2002,Ecran,0.0,243.1,0.0,0.0
2026-01-12 23:35:38,2003,Telephone / Tablette,0.0,242.7,0.0,0.0
2026-01-12 23:35:38,2004,Cafetiere,0.0,242.7,0.0,0.0
2026-01-12 23:35:38,2005,Lampe Salle à manger,0.0,242.5,0.0,0.0
2026-01-12 23:35:38,2006,PC Portable,0.0,243.4,0.0,0.0
2026-01-12 23:35:38,2007,Lampe Cuisine,0.0,242.6,0.0,0.0
2026-01-12 23:35:38,2008,Lampe Chambre,0.0,243.8,0.0,0.0
2026-01-12 23:36:39,2001,TV Salle à manger,0.0,243.9,0.0,0.0
2026-01-12 23:36:39,2002,Ecran,0.0,243.3,0.0,0.0
2026-01-12 23:36:39,2003,Telephone / Tablette,0.0,243.0,0.0,0.0
2026-01-12 23:36:39,2004,Cafetiere,0.0,243.1,0.0,0.0
2026-01-12 23:36:39,2005,Lampe Salle à manger,0.0,242.7,0.0,0.0
2026-01-12 23:36:39,2006,PC Portable,0.0,243.7,0.0,0.0
2026-01-12 23:36:39,2007,Lampe Cuisine,0.0,242.9,0.0,0.0
2026-01-12 23:36:39,2008,Lampe Chambre,0.0,244.2,0.0,0.0
2026-01-12 23:37:39,2001,TV Salle à manger,0.0,243.6,0.0,0.0
2026-01-12 23:37:39,2002,Ecran,0.0,243.2,0.0,0.0
2026-01-12 23:37:39,2003,Telephone / Tablette,0.0,242.9,0.0,0.0
2026-01-12 23:37:39,2004,Cafetiere,0.0,242.9,0.0,0.0
2026-01-12 23:37:39,2005,Lampe Salle à manger,0.0,242.6,0.0,0.0
2026-01-12 23:37:39,2006,PC Portable,0.0,243.6,0.0,0.0
2026-01-12 23:37:39,2007,Lampe Cuisine,0.0,242.7,0.0,0.0
2026-01-12 23:37:39,2008,Lampe Chambre,0.0,243.9,0.0,0.0
2026-01-12 23:38:39,2001,TV Salle à manger,0.0,243.4,0.0,0.0
2026-01-12 23:38:39,2002,Ecran,0.0,243.1,0.0,0.0
2026-01-12 23:38:39,2003,Telephone / Tablette,0.0,242.6,0.0,0.0
2026-01-12 23:38:39,2004,Cafetiere,0.0,242.5,0.0,0.0
2026-01-12 23:38:39,2005,Lampe Salle à manger,0.0,242.4,0.0,0.0
2026-01-12 23:38:39,2006,PC Portable,0.0,243.3,0.0,0.0
2026-01-12 23:38:39,2007,Lampe Cuisine,0.0,242.4,0.0,0.0
2026-01-12 23:38:39,2008,Lampe Chambre,0.0,243.7,0.0,0.0
2026-01-12 23:39:40,2001,TV Salle à manger,0.019,244.0,0.0,0.0
2026-01-12 23:39:40,2002,Ecran,0.0,243.5,0.0,0.0
2026-01-12 23:39:40,2003,Telephone / Tablette,0.0,243.2,0.0,0.0
2026-01-12 23:39:40,2004,Cafetiere,0.0,243.2,0.0,0.0
2026-01-12 23:39:40,2005,Lampe Salle à manger,0.0,243.0,0.0,0.0
2026-01-12 23:39:40,2006,PC Portable,0.0,243.8,0.0,0.0
2026-01-12 23:39:40,2007,Lampe Cuisine,0.0,243.1,0.0,0.0
2026-01-12 23:39:40,2008,Lampe Chambre,0.0,244.3,0.0,0.0
2026-01-12 23:40:40,2001,TV Salle à manger,0.0,243.9,0.0,0.0
2026-01-12 23:40:40,2002,Ecran,0.0,243.5,0.0,0.0
2026-01-12 23:40:40,2003,Telephone / Tablette,0.0,243.1,0.0,0.0
2026-01-12 23:40:40,2004,Cafetiere,0.0,243.1,0.0,0.0
2026-01-12 23:40:40,2005,Lampe Salle à manger,0.0,242.9,0.0,0.0
2026-01-12 23:40:40,2006,PC Portable,0.0,243.8,0.0,0.0
2026-01-12 23:40:40,2007,Lampe Cuisine,0.0,243.0,0.0,0.0
2026-01-12 23:40:40,2008,Lampe Chambre,0.0,244.2,0.0,0.0
2026-01-12 23:41:40,2001,TV Salle à manger,0.021,244.1,0.0,0.0
2026-01-12 23:41:40,2002,Ecran,0.0,243.6,0.0,0.0
2026-01-12 23:41:40,2003,Telephone / Tablette,0.0,243.2,0.0,0.0
2026-01-12 23:41:40,2004,Cafetiere,0.0,243.3,0.0,0.0
2026-01-12 23:41:40,2005,Lampe Salle à manger,0.0,243.0,0.0,0.0
2026-01-12 23:41:40,2006,PC Portable,0.0,244.0,0.0,0.0
2026-01-12 23:41:40,2007,Lampe Cuisine,0.0,243.1,0.0,0.0
2026-01-12 23:41:40,2008,Lampe Chambre,0.0,244.4,0.0,0.0
2026-01-12 23:42:40,2001,TV Salle à manger,0.0,244.4,0.0,0.0
2026-01-12 23:42:40,2002,Ecran,0.0,244.0,0.0,0.0
2026-01-12 23:42:40,2003,Telephone / Tablette,0.0,243.6,0.0,0.0
2026-01-12 23:42:40,2004,Cafetiere,0.0,243.6,0.0,0.0
2026-01-12 23:42:40,2005,Lampe Salle à manger,0.0,243.4,0.0,0.0
2026-01-12 23:42:40,2006,PC Portable,0.0,244.3,0.0,0.0
2026-01-12 23:42:40,2007,Lampe Cuisine,0.0,243.5,0.0,0.0
2026-01-12 23:42:40,2008,Lampe Chambre,0.0,244.7,0.0,0.0
2026-01-12 23:43:41,2001,TV Salle à manger,0.017,244.7,0.0,0.0
2026-01-12 23:43:41,2002,Ecran,0.0,244.3,0.0,0.0
2026-01-12 23:43:41,2003,Telephone / Tablette,0.0,243.9,0.0,0.0
2026-01-12 23:43:41,2004,Cafetiere,0.0,243.9,0.0,0.0
2026-01-12 23:43:41,2005,Lampe Salle à manger,0.0,243.7,0.0,0.0
2026-01-12 23:43:41,2006,PC Portable,0.0,244.6,0.0,0.0
2026-01-12 23:43:41,2007,Lampe Cuisine,0.0,243.8,0.0,0.0
2026-01-12 23:43:41,2008,Lampe Chambre,0.0,245.0,0.0,0.0
2026-01-12 23:44:41,2001,TV Salle à manger,0.0,244.7,0.0,0.0
2026-01-12 23:44:41,2002,Ecran,0.0,244.2,0.0,0.0
2026-01-12 23:44:41,2003,Telephone / Tablette,0.0,243.8,0.0,0.0
2026-01-12 23:44:41,2004,Cafetiere,0.0,243.9,0.0,0.0
2026-01-12 23:44:41,2005,Lampe Salle à manger,0.0,243.6,0.0,0.0
2026-01-12 23:44:41,2006,PC Portable,0.0,244.5,0.0,0.0
2026-01-12 23:44:41,2007,Lampe Cuisine,0.0,243.7,0.0,0.0
2026-01-12 23:44:41,2008,Lampe Chambre,0.0,245.0,0.0,0.0
2026-01-12 23:45:41,2001,TV Salle à manger,0.0,244.4,0.0,0.0
2026-01-12 23:45:41,2002,Ecran,0.0,244.0,0.0,0.0
2026-01-12 23:45:41,2003,Telephone / Tablette,0.0,243.5,0.0,0.0
2026-01-12 23:45:41,2004,Cafetiere,0.0,243.6,0.0,0.0
2026-01-12 23:45:41,2005,Lampe Salle à manger,0.0,243.4,0.0,0.0
2026-01-12 23:45:41,2006,PC Portable,0.0,244.3,0.0,0.0
2026-01-12 23:45:41,2007,Lampe Cuisine,0.0,243.5,0.0,0.0
2026-01-12 23:45:41,2008,Lampe Chambre,0.0,244.7,0.0,0.0
2026-01-12 23:46:42,2001,TV Salle à manger,0.0,244.6,0.0,0.0
2026-01-12 23:46:42,2002,Ecran,0.0,244.2,0.0,0.0
2026-01-12 23:46:42,2003,Telephone / Tablette,0.0,243.8,0.0,0.0
2026-01-12 23:46:42,2004,Cafetiere,0.0,243.9,0.0,0.0
2026-01-12 23:46:42,2005,Lampe Salle à manger,0.0,243.6,0.0,0.0
2026-01-12 23:46:42,2006,PC Portable,0.0,244.5,0.0,0.0
2026-01-12 23:46:42,2007,Lampe Cuisine,0.0,243.7,0.0,0.0
2026-01-12 23:46:42,2008,Lampe Chambre,0.0,244.9,0.0,0.0
2026-01-12 23:47:42,2001,TV Salle à manger,0.035,244.4,0.0,0.0
2026-01-12 23:47:42,2002,Ecran,0.0,243.9,0.0,0.0
2026-01-12 23:47:42,2003,Telephone / Tablette,0.0,243.5,0.0,0.0
2026-01-12 23:47:42,2004,Cafetiere,0.0,243.6,0.0,0.0
2026-01-12 23:47:42,2005,Lampe Salle à manger,0.0,243.3,0.0,0.0
2026-01-12 23:47:42,2006,PC Portable,0.0,244.3,0.0,0.0
2026-01-12 23:47:42,2007,Lampe Cuisine,0.0,243.4,0.0,0.0
2026-01-12 23:47:42,2008,Lampe Chambre,0.0,244.7,0.0,0.0
2026-01-12 23:48:42,2001,TV Salle à manger,0.0,244.6,0.0,0.0
2026-01-12 23:48:42,2002,Ecran,0.0,244.2,0.0,0.0
2026-01-12 23:48:42,2003,Telephone / Tablette,0.0,243.8,0.0,0.0
2026-01-12 23:48:42,2004,Cafetiere,0.0,243.9,0.0,0.0
2026-01-12 23:48:42,2005,Lampe Salle à manger,0.0,243.6,0.0,0.0
2026-01-12 23:48:42,2006,PC Portable,0.0,244.5,0.0,0.0
2026-01-12 23:48:42,2007,Lampe Cuisine,0.0,243.7,0.0,0.0
2026-01-12 23:48:42,2008,Lampe Chambre,0.0,244.9,0.0,0.0
2026-01-12 23:49:43,2001,TV Salle à manger,0.0,244.8,0.0,0.0
2026-01-12 23:49:43,2002,Ecran,0.0,244.3,0.0,0.0
2026-01-12 23:49:43,2003,Telephone / Tablette,0.0,243.8,0.0,0.0
2026-01-12 23:49:43,2004,Cafetiere,0.0,243.9,0.0,0.0
2026-01-12 23:49:43,2005,Lampe Salle à manger,0.0,243.7,0.0,0.0
2026-01-12 23:49:43,2006,PC Portable,0.0,244.5,0.0,0.0
2026-01-12 23:49:43,2007,Lampe Cuisine,0.0,243.8,0.0,0.0
2026-01-12 23:49:43,2008,Lampe Chambre,0.0,244.9,0.0,0.0
2026-01-12 23:50:43,2001,TV Salle à manger,0.0,244.6,0.0,0.0
2026-01-12 23:50:43,2002,Ecran,0.0,244.1,0.0,0.0
2026-01-12 23:50:43,2003,Telephone / Tablette,0.0,243.8,0.0,0.0
2026-01-12 23:50:43,2004,Cafetiere,0.0,243.8,0.0,0.0
2026-01-12 23:50:43,2005,Lampe Salle à manger,0.0,243.5,0.0,0.0
2026-01-12 23:50:43,2006,PC Portable,0.0,244.5,0.0,0.0
2026-01-12 23:50:43,2007,Lampe Cuisine,0.0,243.7,0.0,0.0
2026-01-12 23:50:43,2008,Lampe Chambre,0.0,244.9,0.0,0.0
2026-01-12 23:51:43,2001,TV Salle à manger,0.0,244.8,0.0,0.0
2026-01-12 23:51:43,2002,Ecran,0.0,244.4,0.0,0.0
2026-01-12 23:51:43,2003,Telephone / Tablette,0.0,243.9,0.0,0.0
2026-01-12 23:51:43,2004,Cafetiere,0.0,244.0,0.0,0.0
2026-01-12 23:51:43,2005,Lampe Salle à manger,0.0,243.7,0.0,0.0
2026-01-12 23:51:43,2006,PC Portable,0.0,244.6,0.0,0.0
2026-01-12 23:51:43,2007,Lampe Cuisine,0.0,243.8,0.0,0.0
2026-01-12 23:51:43,2008,Lampe Chambre,0.0,245.0,0.0,0.0
2026-01-12 23:52:44,2001,TV Salle à manger,0.0,244.9,0.0,0.0
2026-01-12 23:52:44,2002,Ecran,0.0,244.4,0.0,0.0
2026-01-12 23:52:44,2003,Telephone / Tablette,0.0,244.0,0.0,0.0
2026-01-12 23:52:44,2004,Cafetiere,0.0,244.1,0.0,0.0
2026-01-12 23:52:44,2005,Lampe Salle à manger,0.0,243.8,0.0,0.0
2026-01-12 23:52:44,2006,PC Portable,0.0,244.8,0.0,0.0
2026-01-12 23:52:44,2007,Lampe Cuisine,0.0,244.0,0.0,0.0
2026-01-12 23:52:44,2008,Lampe Chambre,0.0,245.2,0.0,0.0
2026-01-12 23:53:44,2001,TV Salle à manger,0.0,245.0,0.0,0.0
2026-01-12 23:53:44,2002,Ecran,0.0,244.5,0.0,0.0
2026-01-12 23:53:44,2003,Telephone / Tablette,0.0,244.1,0.0,0.0
2026-01-12 23:53:44,2004,Cafetiere,0.0,244.1,0.0,0.0
2026-01-12 23:53:44,2005,Lampe Salle à manger,0.0,243.9,0.0,0.0
2026-01-12 23:53:44,2006,PC Portable,0.0,244.8,0.0,0.0
2026-01-12 23:53:44,2007,Lampe Cuisine,0.0,244.0,0.0,0.0
2026-01-12 23:53:44,2008,Lampe Chambre,0.0,245.3,0.0,0.0
2026-01-12 23:54:44,2001,TV Salle à manger,0.0,244.9,0.0,0.0
2026-01-12 23:54:44,2002,Ecran,0.0,244.4,0.0,0.0
2026-01-12 23:54:44,2003,Telephone / Tablette,0.0,244.0,0.0,0.0
2026-01-12 23:54:44,2004,Cafetiere,0.0,244.1,0.0,0.0
2026-01-12 23:54:44,2005,Lampe Salle à manger,0.0,243.8,0.0,0.0
2026-01-12 23:54:44,2006,PC Portable,0.0,244.7,0.0,0.0
2026-01-12 23:54:44,2007,Lampe Cuisine,0.0,244.0,0.0,0.0
2026-01-12 23:54:44,2008,Lampe Chambre,0.0,245.1,0.0,0.0
2026-01-12 23:55:44,2001,TV Salle à manger,0.019,244.9,0.0,0.0
2026-01-12 23:55:44,2002,Ecran,0.0,244.5,0.0,0.0
2026-01-12 23:55:44,2003,Telephone / Tablette,0.0,244.1,0.0,0.0
2026-01-12 23:55:44,2004,Cafetiere,0.0,244.2,0.0,0.0
2026-01-12 23:55:44,2005,Lampe Salle à manger,0.0,243.8,0.0,0.0
2026-01-12 23:55:44,2006,PC Portable,0.0,244.9,0.0,0.0
2026-01-12 23:55:44,2007,Lampe Cuisine,0.0,244.0,0.0,0.0
2026-01-12 23:55:44,2008,Lampe Chambre,0.0,245.3,0.0,0.0
2026-01-12 23:56:45,2001,TV Salle à manger,0.0,245.0,0.0,0.0
2026-01-12 23:56:45,2002,Ecran,0.0,244.5,0.0,0.0
2026-01-12 23:56:45,2003,Telephone / Tablette,0.0,244.1,0.0,0.0
2026-01-12 23:56:45,2004,Cafetiere,0.0,244.2,0.0,0.0
2026-01-12 23:56:45,2005,Lampe Salle à manger,0.0,243.9,0.0,0.0
2026-01-12 23:56:45,2006,PC Portable,0.0,244.9,0.0,0.0
2026-01-12 23:56:45,2007,Lampe Cuisine,0.0,244.1,0.0,0.0
2026-01-12 23:56:45,2008,Lampe Chambre,0.0,245.3,0.0,0.0
2026-01-12 23:57:45,2001,TV Salle à manger,0.011,245.1,0.0,0.0
2026-01-12 23:57:45,2002,Ecran,0.0,244.6,0.0,0.0
2026-01-12 23:57:45,2003,Telephone / Tablette,0.0,244.2,0.0,0.0
2026-01-12 23:57:45,2004,Cafetiere,0.0,244.3,0.0,0.0
2026-01-12 23:57:45,2005,Lampe Salle à manger,0.0,244.0,0.0,0.0
2026-01-12 23:57:45,2006,PC Portable,0.0,244.9,0.0,0.0
2026-01-12 23:57:45,2007,Lampe Cuisine,0.0,244.1,0.0,0.0
2026-01-12 23:57:45,2008,Lampe Chambre,0.0,245.4,0.0,0.0
2026-01-12 23:58:45,2001,TV Salle à manger,0.024,244.6,0.0,0.0
2026-01-12 23:58:45,2002,Ecran,0.0,244.2,0.0,0.0
2026-01-12 23:58:45,2003,Telephone / Tablette,0.0,243.7,0.0,0.0
2026-01-12 23:58:45,2004,Cafetiere,0.0,243.8,0.0,0.0
2026-01-12 23:58:45,2005,Lampe Salle à manger,0.0,243.6,0.0,0.0
2026-01-12 23:58:45,2006,PC Portable,0.0,244.5,0.0,0.0
2026-01-12 23:58:45,2007,Lampe Cuisine,0.0,243.7,0.0,0.0
2026-01-12 23:58:45,2008,Lampe Chambre,0.0,244.9,0.0,0.0
2026-01-12 23:59:45,2001,TV Salle à manger,0.0,244.5,0.0,0.0
2026-01-12 23:59:45,2002,Ecran,0.0,244.4,0.0,0.0
2026-01-12 23:59:45,2003,Telephone / Tablette,0.0,243.7,0.0,0.0
2026-01-12 23:59:45,2004,Cafetiere,0.0,243.8,0.0,0.0
2026-01-12 23:59:45,2005,Lampe Salle à manger,0.0,243.5,0.0,0.0
2026-01-12 23:59:45,2006,PC Portable,0.0,244.5,0.0,0.0
2026-01-12 23:59:45,2007,Lampe Cuisine,0.0,243.6,0.0,0.0
2026-01-12 23:59:45,2008,Lampe Chambre,0.0,245.0,0.0,0.0
2026-01-13 00:00:46,2001,TV Salle à manger,0.0,244.7,0.0,0.0
2026-01-13 00:00:46,2002,Ecran,0.0,244.2,0.0,0.0
2026-01-13 00:00:46,2003,Telephone / Tablette,0.0,243.9,0.0,0.0
2026-01-13 00:00:46,2004,Cafetiere,0.0,244.0,0.0,0.0
2026-01-13 00:00:46,2005,Lampe Salle à manger,0.0,243.7,0.0,0.0
2026-01-13 00:00:46,2006,PC Portable,0.0,244.6,0.0,0.0
2026-01-13 00:00:46,2007,Lampe Cuisine,0.0,243.8,0.0,0.0
2026-01-13 00:00:46,2008,Lampe Chambre,0.0,245.0,0.0,0.0
2026-01-13 00:01:46,2001,TV Salle à manger,0.0,244.6,0.0,0.0
2026-01-13 00:01:46,2002,Ecran,0.0,244.2,0.0,0.0
2026-01-13 00:01:46,2003,Telephone / Tablette,0.0,243.8,0.0,0.0
2026-01-13 00:01:46,2004,Cafetiere,0.0,243.9,0.0,0.0
2026-01-13 00:01:46,2005,Lampe Salle à manger,0.0,243.6,0.0,0.0
2026-01-13 00:01:46,2006,PC Portable,0.0,244.4,0.0,0.0
2026-01-13 00:01:46,2007,Lampe Cuisine,0.0,243.7,0.0,0.0
2026-01-13 00:01:46,2008,Lampe Chambre,0.0,244.9,0.0,0.0
2026-01-13 00:02:46,2001,TV Salle à manger,0.022,244.7,0.0,0.0
2026-01-13 00:02:46,2002,Ecran,0.0,244.2,0.0,0.0
2026-01-13 00:02:46,2003,Telephone / Tablette,0.0,243.8,0.0,0.0
2026-01-13 00:02:46,2004,Cafetiere,0.0,243.9,0.0,0.0
2026-01-13 00:02:46,2005,Lampe Salle à manger,0.0,243.6,0.0,0.0
2026-01-13 00:02:46,2006,PC Portable,0.0,244.6,0.0,0.0
2026-01-13 00:02:46,2007,Lampe Cuisine,0.0,243.8,0.0,0.0
2026-01-13 00:02:46,2008,Lampe Chambre,0.0,245.0,0.0,0.0
2026-01-13 00:03:47,2001,TV Salle à manger,0.013,245.0,0.0,0.0
2026-01-13 00:03:47,2002,Ecran,0.0,244.5,0.0,0.0
2026-01-13 00:03:47,2003,Telephone / Tablette,0.0,244.2,0.0,0.0
2026-01-13 00:03:47,2004,Cafetiere,0.0,244.2,0.0,0.0
2026-01-13 00:03:47,2005,Lampe Salle à manger,0.0,244.0,0.0,0.0
2026-01-13 00:03:47,2006,PC Portable,0.0,244.9,0.0,0.0
2026-01-13 00:03:47,2007,Lampe Cuisine,0.0,244.1,0.0,0.0
2026-01-13 00:03:47,2008,Lampe Chambre,0.0,245.3,0.0,0.0
2026-01-13 00:04:47,2001,TV Salle à manger,0.0,244.5,0.0,0.0
2026-01-13 00:04:47,2002,Ecran,0.0,244.0,0.0,0.0
2026-01-13 00:04:47,2003,Telephone / Tablette,0.0,243.6,0.0,0.0
2026-01-13 00:04:47,2004,Cafetiere,0.0,243.7,0.0,0.0
2026-01-13 00:04:47,2005,Lampe Salle à manger,0.0,243.4,0.0,0.0
2026-01-13 00:04:47,2006,PC Portable,0.0,244.3,0.0,0.0
2026-01-13 00:04:47,2007,Lampe Cuisine,0.0,243.5,0.0,0.0
2026-01-13 00:04:47,2008,Lampe Chambre,0.0,244.7,0.0,0.0
2026-01-13 00:05:47,2001,TV Salle à manger,0.022,244.5,0.0,0.0
2026-01-13 00:05:47,2002,Ecran,0.0,244.0,0.0,0.0
2026-01-13 00:05:47,2003,Telephone / Tablette,0.0,243.7,0.0,0.0
2026-01-13 00:05:47,2004,Cafetiere,0.0,243.7,0.0,0.0
2026-01-13 00:05:47,2005,Lampe Salle à manger,0.0,243.4,0.0,0.0
2026-01-13 00:05:47,2006,PC Portable,0.0,244.4,0.0,0.0
2026-01-13 00:05:47,2007,Lampe Cuisine,0.0,243.6,0.0,0.0
2026-01-13 00:05:47,2008,Lampe Chambre,0.0,244.8,0.0,0.0
2026-01-13 00:06:47,2001,TV Salle à manger,0.0,244.9,0.0,0.0
2026-01-13 00:06:47,2002,Ecran,0.0,244.4,0.0,0.0
2026-01-13 00:06:47,2003,Telephone / Tablette,0.0,244.0,0.0,0.0
2026-01-13 00:06:47,2004,Cafetiere,0.0,244.0,0.0,0.0
2026-01-13 00:06:47,2005,Lampe Salle à manger,0.0,243.8,0.0,0.0
2026-01-13 00:06:47,2006,PC Portable,0.0,244.7,0.0,0.0
2026-01-13 00:06:47,2007,Lampe Cuisine,0.0,243.9,0.0,0.0
2026-01-13 00:06:47,2008,Lampe Chambre,0.0,245.1,0.0,0.0
2026-01-13 00:07:48,2001,TV Salle à manger,0.0,244.6,0.0,0.0
2026-01-13 00:07:48,2002,Ecran,0.0,244.2,0.0,0.0
2026-01-13 00:07:48,2003,Telephone / Tablette,0.0,243.9,0.0,0.0
2026-01-13 00:07:48,2004,Cafetiere,0.0,243.7,0.0,0.0
2026-01-13 00:07:48,2005,Lampe Salle à manger,0.0,243.6,0.0,0.0
2026-01-13 00:07:48,2006,PC Portable,0.0,244.6,0.0,0.0
2026-01-13 00:07:48,2007,Lampe Cuisine,0.0,243.8,0.0,0.0
2026-01-13 00:07:48,2008,Lampe Chambre,0.0,245.0,0.0,0.0
2026-01-13 00:08:48,2001,TV Salle à manger,0.0,244.8,0.0,0.0
2026-01-13 00:08:48,2002,Ecran,0.0,244.2,0.0,0.0
2026-01-13 00:08:48,2003,Telephone / Tablette,0.0,243.9,0.0,0.0
2026-01-13 00:08:48,2004,Cafetiere,0.0,244.0,0.0,0.0
2026-01-13 00:08:48,2005,Lampe Salle à manger,0.0,243.7,0.0,0.0
2026-01-13 00:08:48,2006,PC Portable,0.0,244.7,0.0,0.0
2026-01-13 00:08:48,2007,Lampe Cuisine,0.0,243.9,0.0,0.0
2026-01-13 00:08:48,2008,Lampe Chambre,0.0,245.1,0.0,0.0
2026-01-13 00:09:48,2001,TV Salle à manger,0.031,244.8,0.0,0.0
2026-01-13 00:09:48,2002,Ecran,0.0,244.3,0.0,0.0
2026-01-13 00:09:48,2003,Telephone / Tablette,0.0,244.0,0.0,0.0
2026-01-13 00:09:48,2004,Cafetiere,0.0,244.0,0.0,0.0
2026-01-13 00:09:48,2005,Lampe Salle à manger,0.0,243.7,0.0,0.0
2026-01-13 00:09:48,2006,PC Portable,0.0,244.7,0.0,0.0
2026-01-13 00:09:48,2007,Lampe Cuisine,0.0,243.9,0.0,0.0
2026-01-13 00:09:48,2008,Lampe Chambre,0.0,245.1,0.0,0.0
2026-01-13 00:10:49,2001,TV Salle à manger,0.0,245.1,0.0,0.0
2026-01-13 00:10:49,2002,Ecran,0.0,244.6,0.0,0.0
2026-01-13 00:10:49,2003,Telephone / Tablette,0.0,244.3,0.0,0.0
2026-01-13 00:10:49,2004,Cafetiere,0.0,244.3,0.0,0.0
2026-01-13 00:10:49,2005,Lampe Salle à manger,0.0,244.0,0.0,0.0
2026-01-13 00:10:49,2006,PC Portable,0.0,245.0,0.0,0.0
2026-01-13 00:10:49,2007,Lampe Cuisine,0.0,244.2,0.0,0.0
2026-01-13 00:10:49,2008,Lampe Chambre,0.0,245.4,0.0,0.0
2026-01-13 00:11:49,2001,TV Salle à manger,0.0,244.9,0.0,0.0
2026-01-13 00:11:49,2002,Ecran,0.0,244.4,0.0,0.0
2026-01-13 00:11:49,2003,Telephone / Tablette,0.0,244.1,0.0,0.0
2026-01-13 00:11:49,2004,Cafetiere,0.0,244.1,0.0,0.0
2026-01-13 00:11:49,2005,Lampe Salle à manger,0.0,243.9,0.0,0.0
2026-01-13 00:11:49,2006,PC Portable,0.0,244.8,0.0,0.0
2026-01-13 00:11:49,2007,Lampe Cuisine,0.0,243.9,0.0,0.0
2026-01-13 00:11:49,2008,Lampe Chambre,0.0,245.2,0.0,0.0
2026-01-13 00:12:49,2001,TV Salle à manger,0.026,245.2,0.0,0.0
2026-01-13 00:12:49,2002,Ecran,0.0,244.7,0.0,0.0
2026-01-13 00:12:49,2003,Telephone / Tablette,0.0,244.3,0.0,0.0
2026-01-13 00:12:49,2004,Cafetiere,0.0,244.4,0.0,0.0
2026-01-13 00:12:49,2005,Lampe Salle à manger,0.0,244.1,0.0,0.0
2026-01-13 00:12:49,2006,PC Portable,0.0,245.0,0.0,0.0
2026-01-13 00:12:49,2007,Lampe Cuisine,0.0,244.2,0.0,0.0
2026-01-13 00:12:49,2008,Lampe Chambre,0.0,245.4,0.0,0.0
2026-01-13 00:13:50,2001,TV Salle à manger,0.0,245.1,0.0,0.0
2026-01-13 00:13:50,2002,Ecran,0.0,244.7,0.0,0.0
2026-01-13 00:13:50,2003,Telephone / Tablette,0.0,244.3,0.0,0.0
2026-01-13 00:13:50,2004,Cafetiere,0.0,244.4,0.0,0.0
2026-01-13 00:13:50,2005,Lampe Salle à manger,0.0,244.1,0.0,0.0
2026-01-13 00:13:50,2006,PC Portable,0.0,245.1,0.0,0.0
2026-01-13 00:13:50,2007,Lampe Cuisine,0.0,244.2,0.0,0.0
2026-01-13 00:13:50,2008,Lampe Chambre,0.0,245.5,0.0,0.0
2026-01-13 00:14:50,2001,TV Salle à manger,0.0,245.5,0.0,0.0
2026-01-13 00:14:50,2002,Ecran,0.0,245.1,0.0,0.0
2026-01-13 00:14:50,2003,Telephone / Tablette,0.0,244.7,0.0,0.0
2026-01-13 00:14:50,2004,Cafetiere,0.0,244.7,0.0,0.0
2026-01-13 00:14:50,2005,Lampe Salle à manger,0.0,244.5,0.0,0.0
2026-01-13 00:14:50,2006,PC Portable,0.0,245.4,0.0,0.0
2026-01-13 00:14:50,2007,Lampe Cuisine,0.0,244.5,0.0,0.0
2026-01-13 00:14:50,2008,Lampe Chambre,0.0,245.8,0.0,0.0
2026-01-13 00:15:50,2001,TV Salle à manger,0.0,245.1,0.0,0.0
2026-01-13 00:15:50,2002,Ecran,0.0,244.6,0.0,0.0
2026-01-13 00:15:50,2003,Telephone / Tablette,0.0,244.3,0.0,0.0
2026-01-13 00:15:50,2004,Cafetiere,0.0,244.3,0.0,0.0
2026-01-13 00:15:50,2005,Lampe Salle à manger,0.0,244.0,0.0,0.0
2026-01-13 00:15:50,2006,PC Portable,0.0,245.0,0.0,0.0
2026-01-13 00:15:50,2007,Lampe Cuisine,0.0,244.2,0.0,0.0
2026-01-13 00:15:50,2008,Lampe Chambre,0.0,245.4,0.0,0.0
2026-01-13 00:16:51,2001,TV Salle à manger,0.0,245.4,0.0,0.0
2026-01-13 00:16:51,2002,Ecran,0.0,244.9,0.0,0.0
2026-01-13 00:16:51,2003,Telephone / Tablette,0.0,244.4,0.0,0.0
2026-01-13 00:16:51,2004,Cafetiere,0.0,244.4,0.0,0.0
2026-01-13 00:16:51,2005,Lampe Salle à manger,0.0,244.3,0.0,0.0
2026-01-13 00:16:51,2006,PC Portable,0.0,245.2,0.0,0.0
2026-01-13 00:16:51,2007,Lampe Cuisine,0.0,244.2,0.0,0.0
2026-01-13 00:16:51,2008,Lampe Chambre,0.0,245.6,0.0,0.0
2026-01-13 00:17:51,2001,TV Salle à manger,0.0,245.4,0.0,0.0
2026-01-13 00:17:51,2002,Ecran,0.0,244.9,0.0,0.0
2026-01-13 00:17:51,2003,Telephone / Tablette,0.0,244.6,0.0,0.0
2026-01-13 00:17:51,2004,Cafetiere,0.0,244.6,0.0,0.0
2026-01-13 00:17:51,2005,Lampe Salle à manger,0.0,244.3,0.0,0.0
2026-01-13 00:17:51,2006,PC Portable,0.0,245.3,0.0,0.0
2026-01-13 00:17:51,2007,Lampe Cuisine,0.0,244.5,0.0,0.0
2026-01-13 00:17:51,2008,Lampe Chambre,0.0,245.7,0.0,0.0
2026-01-13 00:18:51,2001,TV Salle à manger,0.0,245.3,0.0,0.0
2026-01-13 00:18:51,2002,Ecran,0.0,244.8,0.0,0.0
2026-01-13 00:18:51,2003,Telephone / Tablette,0.0,244.5,0.0,0.0
2026-01-13 00:18:51,2004,Cafetiere,0.0,244.5,0.0,0.0
2026-01-13 00:18:51,2005,Lampe Salle à manger,0.0,244.3,0.0,0.0
2026-01-13 00:18:51,2006,PC Portable,0.0,245.3,0.0,0.0
2026-01-13 00:18:51,2007,Lampe Cuisine,0.0,244.4,0.0,0.0
2026-01-13 00:18:51,2008,Lampe Chambre,0.0,245.7,0.0,0.0
2026-01-13 00:19:51,2001,TV Salle à manger,0.0,245.2,0.0,0.0
2026-01-13 00:19:51,2002,Ecran,0.0,244.7,0.0,0.0
2026-01-13 00:19:51,2003,Telephone / Tablette,0.0,244.3,0.0,0.0
2026-01-13 00:19:51,2004,Cafetiere,0.0,244.4,0.0,0.0
2026-01-13 00:19:51,2005,Lampe Salle à manger,0.0,244.1,0.0,0.0
2026-01-13 00:19:51,2006,PC Portable,0.0,245.1,0.0,0.0
2026-01-13 00:19:51,2007,Lampe Cuisine,0.0,244.3,0.0,0.0
2026-01-13 00:19:51,2008,Lampe Chambre,0.0,245.5,0.0,0.0
2026-01-13 00:20:52,2001,TV Salle à manger,0.014,245.5,0.0,0.0
2026-01-13 00:20:52,2002,Ecran,0.0,244.9,0.0,0.0
2026-01-13 00:20:52,2003,Telephone / Tablette,0.0,244.6,0.0,0.0
2026-01-13 00:20:52,2004,Cafetiere,0.0,244.7,0.0,0.0
2026-01-13 00:20:52,2005,Lampe Salle à manger,0.0,244.3,0.0,0.0
2026-01-13 00:20:52,2006,PC Portable,0.0,245.3,0.0,0.0
2026-01-13 00:20:52,2007,Lampe Cuisine,0.0,244.5,0.0,0.0
2026-01-13 00:20:52,2008,Lampe Chambre,0.0,245.8,0.0,0.0
2026-01-13 00:21:52,2001,TV Salle à manger,0.0,245.7,0.0,0.0
2026-01-13 00:21:52,2002,Ecran,0.0,245.2,0.0,0.0
2026-01-13 00:21:52,2003,Telephone / Tablette,0.0,244.8,0.0,0.0
2026-01-13 00:21:52,2004,Cafetiere,0.0,244.9,0.0,0.0
2026-01-13 00:21:52,2005,Lampe Salle à manger,0.0,244.6,0.0,0.0
2026-01-13 00:21:52,2006,PC Portable,0.0,245.6,0.0,0.0
2026-01-13 00:21:52,2007,Lampe Cuisine,0.0,244.8,0.0,0.0
2026-01-13 00:21:52,2008,Lampe Chambre,0.0,246.0,0.0,0.0
2026-01-13 00:22:52,2001,TV Salle à manger,0.021,245.5,0.0,0.0
2026-01-13 00:22:52,2002,Ecran,0.0,245.1,0.0,0.0
2026-01-13 00:22:52,2003,Telephone / Tablette,0.0,244.6,0.0,0.0
2026-01-13 00:22:52,2004,Cafetiere,0.0,244.7,0.0,0.0
2026-01-13 00:22:52,2005,Lampe Salle à manger,0.0,244.4,0.0,0.0
2026-01-13 00:22:52,2006,PC Portable,0.0,245.4,0.0,0.0
2026-01-13 00:22:52,2007,Lampe Cuisine,0.0,244.6,0.0,0.0
2026-01-13 00:22:52,2008,Lampe Chambre,0.0,245.8,0.0,0.0
2026-01-13 00:23:52,2001,TV Salle à manger,0.0,245.5,0.0,0.0
2026-01-13 00:23:52,2002,Ecran,0.0,244.8,0.0,0.0
2026-01-13 00:23:52,2003,Telephone / Tablette,0.0,244.7,0.0,0.0
2026-01-13 00:23:52,2004,Cafetiere,0.0,244.7,0.0,0.0
2026-01-13 00:23:52,2005,Lampe Salle à manger,0.0,244.3,0.0,0.0
2026-01-13 00:23:52,2006,PC Portable,0.0,245.4,0.0,0.0
2026-01-13 00:23:52,2007,Lampe Cuisine,0.0,244.6,0.0,0.0
2026-01-13 00:23:52,2008,Lampe Chambre,0.0,245.8,0.0,0.0
2026-01-13 00:24:53,2001,TV Salle à manger,0.0,245.6,0.0,0.0
2026-01-13 00:24:53,2002,Ecran,0.0,245.1,0.0,0.0
2026-01-13 00:24:53,2003,Telephone / Tablette,0.0,244.8,0.0,0.0
2026-01-13 00:24:53,2004,Cafetiere,0.0,244.8,0.0,0.0
2026-01-13 00:24:53,2005,Lampe Salle à manger,0.0,244.6,0.0,0.0
2026-01-13 00:24:53,2006,PC Portable,0.0,245.5,0.0,0.0
2026-01-13 00:24:53,2007,Lampe Cuisine,0.0,244.7,0.0,0.0
2026-01-13 00:24:53,2008,Lampe Chambre,0.0,245.9,0.0,0.0
2026-01-13 00:25:53,2001,TV Salle à manger,0.019,245.5,0.0,0.0
2026-01-13 00:25:53,2002,Ecran,0.0,245.0,0.0,0.0
2026-01-13 00:25:53,2003,Telephone / Tablette,0.0,244.7,0.0,0.0
2026-01-13 00:25:53,2004,Cafetiere,0.0,244.7,0.0,0.0
2026-01-13 00:25:53,2005,Lampe Salle à manger,0.0,244.5,0.0,0.0
2026-01-13 00:25:53,2006,PC Portable,0.0,245.4,0.0,0.0
2026-01-13 00:25:53,2007,Lampe Cuisine,0.0,244.6,0.0,0.0
2026-01-13 00:25:53,2008,Lampe Chambre,0.0,245.8,0.0,0.0
2026-01-13 00:26:53,2001,TV Salle à manger,0.0,246.0,0.0,0.0
2026-01-13 00:26:53,2002,Ecran,0.0,245.5,0.0,0.0
2026-01-13 00:26:53,2003,Telephone / Tablette,0.0,245.2,0.0,0.0
2026-01-13 00:26:53,2004,Cafetiere,0.0,245.2,0.0,0.0
2026-01-13 00:26:53,2005,Lampe Salle à manger,0.0,244.9,0.0,0.0
2026-01-13 00:26:53,2006,PC Portable,0.0,245.9,0.0,0.0
2026-01-13 00:26:53,2007,Lampe Cuisine,0.0,245.0,0.0,0.0
2026-01-13 00:26:53,2008,Lampe Chambre,0.0,246.3,0.0,0.0
2026-01-13 00:27:54,2001,TV Salle à manger,0.0,245.7,0.0,0.0
2026-01-13 00:27:54,2002,Ecran,0.0,245.2,0.0,0.0
2026-01-13 00:27:54,2003,Telephone / Tablette,0.0,245.0,0.0,0.0
2026-01-13 00:27:54,2004,Cafetiere,0.0,245.1,0.0,0.0
2026-01-13 00:27:54,2005,Lampe Salle à manger,0.0,244.6,0.0,0.0
2026-01-13 00:27:54,2006,PC Portable,0.0,245.6,0.0,0.0
2026-01-13 00:27:54,2007,Lampe Cuisine,0.0,244.8,0.0,0.0
2026-01-13 00:27:54,2008,Lampe Chambre,0.0,246.0,0.0,0.0
2026-01-13 00:28:55,2001,TV Salle à manger,0.0,246.2,0.0,0.0
2026-01-13 00:28:55,2002,Ecran,0.0,245.7,0.0,0.0
2026-01-13 00:28:55,2003,Telephone / Tablette,0.0,245.2,0.0,0.0
2026-01-13 00:28:55,2004,Cafetiere,0.0,245.3,0.0,0.0
2026-01-13 00:28:55,2005,Lampe Salle à manger,0.0,244.7,0.0,0.0
2026-01-13 00:28:55,2006,PC Portable,0.0,245.6,0.0,0.0
2026-01-13 00:28:55,2007,Lampe Cuisine,0.0,244.9,0.0,0.0
2026-01-13 00:28:55,2008,Lampe Chambre,0.0,246.1,0.0,0.0
2026-01-13 00:29:55,2001,TV Salle à manger,0.017,245.9,0.0,0.0
2026-01-13 00:29:55,2002,Ecran,0.0,245.4,0.0,0.0
2026-01-13 00:29:55,2003,Telephone / Tablette,0.0,245.1,0.0,0.0
2026-01-13 00:29:55,2004,Cafetiere,0.0,245.2,0.0,0.0
2026-01-13 00:29:55,2005,Lampe Salle à manger,0.0,244.9,0.0,0.0
2026-01-13 00:29:55,2006,PC Portable,0.0,245.8,0.0,0.0
2026-01-13 00:29:55,2007,Lampe Cuisine,0.0,245.1,0.0,0.0
2026-01-13 00:29:55,2008,Lampe Chambre,0.0,246.3,0.0,0.0
2026-01-13 00:30:55,2001,TV Salle à manger,0.0,245.4,0.0,0.0
2026-01-13 00:30:55,2002,Ecran,0.0,245.0,0.0,0.0
2026-01-13 00:30:55,2003,Telephone / Tablette,0.0,244.7,0.0,0.0
2026-01-13 00:30:55,2004,Cafetiere,0.0,244.8,0.0,0.0
2026-01-13 00:30:55,2005,Lampe Salle à manger,0.0,244.4,0.0,0.0
2026-01-13 00:30:55,2006,PC Portable,0.0,245.3,0.0,0.0
2026-01-13 00:30:55,2007,Lampe Cuisine,0.0,244.6,0.0,0.0
2026-01-13 00:30:55,2008,Lampe Chambre,0.0,245.8,0.0,0.0
2026-01-13 00:31:56,2001,TV Salle à manger,0.0,245.5,0.0,0.0
2026-01-13 00:31:56,2002,Ecran,0.0,245.1,0.0,0.0
2026-01-13 00:31:56,2003,Telephone / Tablette,0.0,244.6,0.0,0.0
2026-01-13 00:31:56,2004,Cafetiere,0.0,244.7,0.0,0.0
2026-01-13 00:31:56,2005,Lampe Salle à manger,0.0,244.4,0.0,0.0
2026-01-13 00:31:56,2006,PC Portable,0.0,245.3,0.0,0.0
2026-01-13 00:31:56,2007,Lampe Cuisine,0.0,244.6,0.0,0.0
2026-01-13 00:31:56,2008,Lampe Chambre,0.0,245.8,0.0,0.0
2026-01-13 00:32:56,2001,TV Salle à manger,0.0,244.3,0.0,0.0
2026-01-13 00:32:56,2002,Ecran,0.0,243.7,0.0,0.0
2026-01-13 00:32:56,2003,Telephone / Tablette,0.0,243.5,0.0,0.0
2026-01-13 00:32:56,2004,Cafetiere,0.0,243.5,0.0,0.0
2026-01-13 00:32:56,2005,Lampe Salle à manger,0.0,243.2,0.0,0.0
2026-01-13 00:32:56,2006,PC Portable,0.0,244.2,0.0,0.0
2026-01-13 00:32:56,2007,Lampe Cuisine,0.0,243.4,0.0,0.0
2026-01-13 00:32:56,2008,Lampe Chambre,0.0,244.6,0.0,0.0
2026-01-13 00:33:56,2001,TV Salle à manger,0.0,244.4,0.0,0.0
2026-01-13 00:33:56,2002,Ecran,0.0,243.9,0.0,0.0
2026-01-13 00:33:56,2003,Telephone / Tablette,0.0,243.5,0.0,0.0
2026-01-13 00:33:56,2004,Cafetiere,0.0,243.6,0.0,0.0
2026-01-13 00:33:56,2005,Lampe Salle à manger,0.0,243.3,0.0,0.0
2026-01-13 00:33:56,2006,PC Portable,0.0,244.2,0.0,0.0
2026-01-13 00:33:56,2007,Lampe Cuisine,0.0,243.4,0.0,0.0
2026-01-13 00:33:56,2008,Lampe Chambre,0.0,244.7,0.0,0.0
2026-01-13 00:34:56,2001,TV Salle à manger,0.0,244.4,0.0,0.0
2026-01-13 00:34:56,2002,Ecran,0.0,243.9,0.0,0.0
2026-01-13 00:34:56,2003,Telephone / Tablette,0.0,243.6,0.0,0.0
2026-01-13 00:34:56,2004,Cafetiere,0.0,243.6,0.0,0.0
2026-01-13 00:34:56,2005,Lampe Salle à manger,0.0,243.3,0.0,0.0
2026-01-13 00:34:56,2006,PC Portable,0.0,244.3,0.0,0.0
2026-01-13 00:34:56,2007,Lampe Cuisine,0.0,243.5,0.0,0.0
2026-01-13 00:34:56,2008,Lampe Chambre,0.0,244.8,0.0,0.0
2026-01-13 00:35:57,2001,TV Salle à manger,0.0,244.8,0.0,0.0
2026-01-13 00:35:57,2002,Ecran,0.0,244.4,0.0,0.0
2026-01-13 00:35:57,2003,Telephone / Tablette,0.0,244.0,0.0,0.0
2026-01-13 00:35:57,2004,Cafetiere,0.0,244.1,0.0,0.0
2026-01-13 00:35:57,2005,Lampe Salle à manger,0.0,243.8,0.0,0.0
2026-01-13 00:35:57,2006,PC Portable,0.0,244.8,0.0,0.0
2026-01-13 00:35:57,2007,Lampe Cuisine,0.0,243.8,0.0,0.0
2026-01-13 00:35:57,2008,Lampe Chambre,0.0,245.1,0.0,0.0
2026-01-13 00:36:57,2001,TV Salle à manger,0.0,244.5,0.0,0.0
2026-01-13 00:36:57,2002,Ecran,0.0,244.2,0.0,0.0
2026-01-13 00:36:57,2003,Telephone / Tablette,0.0,243.8,0.0,0.0
2026-01-13 00:36:57,2004,Cafetiere,0.0,243.7,0.0,0.0
2026-01-13 00:36:57,2005,Lampe Salle à manger,0.0,243.5,0.0,0.0
2026-01-13 00:36:57,2006,PC Portable,0.0,244.5,0.0,0.0
2026-01-13 00:36:57,2007,Lampe Cuisine,0.0,243.6,0.0,0.0
2026-01-13 00:36:57,2008,Lampe Chambre,0.0,244.8,0.0,0.0
2026-01-13 00:37:57,2001,TV Salle à manger,0.0,244.7,0.0,0.0
2026-01-13 00:37:57,2002,Ecran,0.0,244.2,0.0,0.0
2026-01-13 00:37:57,2003,Telephone / Tablette,0.0,243.8,0.0,0.0
2026-01-13 00:37:57,2004,Cafetiere,0.0,243.9,0.0,0.0
2026-01-13 00:37:57,2005,Lampe Salle à manger,0.0,243.6,0.0,0.0
2026-01-13 00:37:57,2006,PC Portable,0.0,244.6,0.0,0.0
2026-01-13 00:37:57,2007,Lampe Cuisine,0.0,243.7,0.0,0.0
2026-01-13 00:37:57,2008,Lampe Chambre,0.0,245.0,0.0,0.0
2026-01-13 00:38:57,2001,TV Salle à manger,0.0,244.6,0.0,0.0
2026-01-13 00:38:57,2002,Ecran,0.0,244.2,0.0,0.0
2026-01-13 00:38:57,2003,Telephone / Tablette,0.0,243.8,0.0,0.0
2026-01-13 00:38:57,2004,Cafetiere,0.0,243.9,0.0,0.0
2026-01-13 00:38:57,2005,Lampe Salle à manger,0.0,243.5,0.0,0.0
2026-01-13 00:38:57,2006,PC Portable,0.0,244.4,0.0,0.0
2026-01-13 00:38:57,2007,Lampe Cuisine,0.0,243.7,0.0,0.0
2026-01-13 00:38:57,2008,Lampe Chambre,0.0,244.9,0.0,0.0
2026-01-13 00:39:58,2001,TV Salle à manger,0.0,244.7,0.0,0.0
2026-01-13 00:39:58,2002,Ecran,0.0,244.4,0.0,0.0
2026-01-13 00:39:58,2003,Telephone / Tablette,0.0,244.0,0.0,0.0
2026-01-13 00:39:58,2004,Cafetiere,0.0,244.0,0.0,0.0
2026-01-13 00:39:58,2005,Lampe Salle à manger,0.0,243.7,0.0,0.0
2026-01-13 00:39:58,2006,PC Portable,0.0,244.6,0.0,0.0
2026-01-13 00:39:58,2007,Lampe Cuisine,0.0,243.7,0.0,0.0
2026-01-13 00:39:58,2008,Lampe Chambre,0.0,245.0,0.0,0.0
2026-01-13 00:40:58,2001,TV Salle à manger,0.0,244.6,0.0,0.0
2026-01-13 00:40:58,2002,Ecran,0.0,244.2,0.0,0.0
2026-01-13 00:40:58,2003,Telephone / Tablette,0.0,243.8,0.0,0.0
2026-01-13 00:40:58,2004,Cafetiere,0.0,243.8,0.0,0.0
2026-01-13 00:40:58,2005,Lampe Salle à manger,0.0,243.6,0.0,0.0
2026-01-13 00:40:58,2006,PC Portable,0.0,244.5,0.0,0.0
2026-01-13 00:40:58,2007,Lampe Cuisine,0.0,243.7,0.0,0.0
2026-01-13 00:40:58,2008,Lampe Chambre,0.0,244.9,0.0,0.0
2026-01-13 00:41:58,2001,TV Salle à manger,0.014,244.5,0.0,0.0
2026-01-13 00:41:58,2002,Ecran,0.0,244.1,0.0,0.0
2026-01-13 00:41:58,2003,Telephone / Tablette,0.0,243.7,0.0,0.0
2026-01-13 00:41:58,2004,Cafetiere,0.0,243.7,0.0,0.0
2026-01-13 00:41:58,2005,Lampe Salle à manger,0.0,243.5,0.0,0.0
2026-01-13 00:41:58,2006,PC Portable,0.0,244.4,0.0,0.0
2026-01-13 00:41:58,2007,Lampe Cuisine,0.0,243.6,0.0,0.0
2026-01-13 00:41:58,2008,Lampe Chambre,0.0,244.8,0.0,0.0
2026-01-13 00:42:58,2001,TV Salle à manger,0.0,244.8,0.0,0.0
2026-01-13 00:42:58,2002,Ecran,0.0,244.3,0.0,0.0
2026-01-13 00:42:58,2003,Telephone / Tablette,0.0,244.0,0.0,0.0
2026-01-13 00:42:58,2004,Cafetiere,0.0,244.0,0.0,0.0
2026-01-13 00:42:58,2005,Lampe Salle à manger,0.0,243.7,0.0,0.0
2026-01-13 00:42:58,2006,PC Portable,0.0,244.7,0.0,0.0
2026-01-13 00:42:58,2007,Lampe Cuisine,0.0,243.8,0.0,0.0
2026-01-13 00:42:58,2008,Lampe Chambre,0.0,245.1,0.0,0.0
2026-01-13 00:43:59,2001,TV Salle à manger,0.014,245.0,0.0,0.0
2026-01-13 00:43:59,2002,Ecran,0.0,244.6,0.0,0.0
2026-01-13 00:43:59,2003,Telephone / Tablette,0.0,244.2,0.0,0.0
2026-01-13 00:43:59,2004,Cafetiere,0.0,244.2,0.0,0.0
2026-01-13 00:43:59,2005,Lampe Salle à manger,0.0,243.9,0.0,0.0
2026-01-13 00:43:59,2006,PC Portable,0.0,244.9,0.0,0.0
2026-01-13 00:43:59,2007,Lampe Cuisine,0.0,244.1,0.0,0.0
2026-01-13 00:43:59,2008,Lampe Chambre,0.0,245.3,0.0,0.0
2026-01-13 00:44:59,2001,TV Salle à manger,0.027,245.3,0.0,0.0
2026-01-13 00:44:59,2002,Ecran,0.0,244.9,0.0,0.0
2026-01-13 00:44:59,2003,Telephone / Tablette,0.0,244.6,0.0,0.0
2026-01-13 00:44:59,2004,Cafetiere,0.0,244.5,0.0,0.0
2026-01-13 00:44:59,2005,Lampe Salle à manger,0.0,244.2,0.0,0.0
2026-01-13 00:44:59,2006,PC Portable,0.0,245.2,0.0,0.0
2026-01-13 00:44:59,2007,Lampe Cuisine,0.0,244.3,0.0,0.0
2026-01-13 00:44:59,2008,Lampe Chambre,0.0,245.6,0.0,0.0
2026-01-13 00:45:59,2001,TV Salle à manger,0.02,245.6,0.0,0.0
2026-01-13 00:45:59,2002,Ecran,0.0,245.0,0.0,0.0
2026-01-13 00:45:59,2003,Telephone / Tablette,0.0,244.7,0.0,0.0
2026-01-13 00:45:59,2004,Cafetiere,0.0,244.8,0.0,0.0
2026-01-13 00:45:59,2005,Lampe Salle à manger,0.0,244.5,0.0,0.0
2026-01-13 00:45:59,2006,PC Portable,0.0,245.5,0.0,0.0
2026-01-13 00:45:59,2007,Lampe Cuisine,0.0,244.6,0.0,0.0
2026-01-13 00:45:59,2008,Lampe Chambre,0.0,245.9,0.0,0.0
2026-01-13 00:47:00,2001,TV Salle à manger,0.023,245.0,0.0,0.0
2026-01-13 00:47:00,2002,Ecran,0.0,244.5,0.0,0.0
2026-01-13 00:47:00,2003,Telephone / Tablette,0.0,244.2,0.0,0.0
2026-01-13 00:47:00,2004,Cafetiere,0.0,244.2,0.0,0.0
2026-01-13 00:47:00,2005,Lampe Salle à manger,0.0,243.9,0.0,0.0
2026-01-13 00:47:00,2006,PC Portable,0.0,244.9,0.0,0.0
2026-01-13 00:47:00,2007,Lampe Cuisine,0.0,244.0,0.0,0.0
2026-01-13 00:47:00,2008,Lampe Chambre,0.0,245.3,0.0,0.0
2026-01-13 00:48:00,2001,TV Salle à manger,0.029,244.8,0.0,0.0
2026-01-13 00:48:00,2002,Ecran,0.0,244.5,0.0,0.0
2026-01-13 00:48:00,2003,Telephone / Tablette,0.0,244.0,0.0,0.0
2026-01-13 00:48:00,2004,Cafetiere,0.0,244.1,0.0,0.0
2026-01-13 00:48:00,2005,Lampe Salle à manger,0.0,243.7,0.0,0.0
2026-01-13 00:48:00,2006,PC Portable,0.0,244.7,0.0,0.0
2026-01-13 00:48:00,2007,Lampe Cuisine,0.0,243.8,0.0,0.0
2026-01-13 00:48:00,2008,Lampe Chambre,0.0,245.2,0.0,0.0
2026-01-13 00:49:00,2001,TV Salle à manger,0.0,244.8,0.0,0.0
2026-01-13 00:49:00,2002,Ecran,0.0,244.4,0.0,0.0
2026-01-13 00:49:00,2003,Telephone / Tablette,0.0,244.0,0.0,0.0
2026-01-13 00:49:00,2004,Cafetiere,0.0,244.1,0.0,0.0
2026-01-13 00:49:00,2005,Lampe Salle à manger,0.0,243.8,0.0,0.0
2026-01-13 00:49:00,2006,PC Portable,0.0,244.7,0.0,0.0
2026-01-13 00:49:00,2007,Lampe Cuisine,0.0,243.9,0.0,0.0
2026-01-13 00:49:00,2008,Lampe Chambre,0.0,245.2,0.0,0.0
2026-01-13 00:50:00,2001,TV Salle à manger,0.0,245.1,0.0,0.0
2026-01-13 00:50:00,2002,Ecran,0.0,244.7,0.0,0.0
2026-01-13 00:50:00,2003,Telephone / Tablette,0.0,244.2,0.0,0.0
2026-01-13 00:50:00,2004,Cafetiere,0.0,244.3,0.0,0.0
2026-01-13 00:50:00,2005,Lampe Salle à manger,0.0,244.1,0.0,0.0
2026-01-13 00:50:00,2006,PC Portable,0.0,245.0,0.0,0.0
2026-01-13 00:50:00,2007,Lampe Cuisine,0.0,244.1,0.0,0.0
2026-01-13 00:50:00,2008,Lampe Chambre,0.0,245.4,0.0,0.0
2026-01-13 00:51:01,2001,TV Salle à manger,0.031,244.7,1.5,0.025
2026-01-13 00:51:01,2002,Ecran,0.0,244.4,0.0,0.0
2026-01-13 00:51:01,2003,Telephone / Tablette,0.0,244.0,0.0,0.0
2026-01-13 00:51:01,2004,Cafetiere,0.0,244.0,0.0,0.0
2026-01-13 00:51:01,2005,Lampe Salle à manger,0.0,243.8,0.0,0.0
2026-01-13 00:51:01,2006,PC Portable,0.0,244.8,0.0,0.0
2026-01-13 00:51:01,2007,Lampe Cuisine,0.0,243.9,0.0,0.0
2026-01-13 00:51:01,2008,Lampe Chambre,0.0,245.1,0.0,0.0
2026-01-13 00:52:01,2001,TV Salle à manger,0.0,244.6,0.0,0.0
2026-01-13 00:52:01,2002,Ecran,0.0,244.1,0.0,0.0
2026-01-13 00:52:01,2003,Telephone / Tablette,0.0,243.8,0.0,0.0
2026-01-13 00:52:01,2004,Cafetiere,0.0,243.8,0.0,0.0
2026-01-13 00:52:01,2005,Lampe Salle à manger,0.0,243.6,0.0,0.0
2026-01-13 00:52:01,2006,PC Portable,0.0,244.5,0.0,0.0
2026-01-13 00:52:01,2007,Lampe Cuisine,0.0,243.7,0.0,0.0
2026-01-13 00:52:01,2008,Lampe Chambre,0.0,244.9,0.0,0.0
2026-01-13 00:53:01,2001,TV Salle à manger,0.0,244.3,0.0,0.0
2026-01-13 00:53:01,2002,Ecran,0.0,243.8,0.0,0.0
2026-01-13 00:53:01,2003,Telephone / Tablette,0.0,243.5,0.0,0.0
2026-01-13 00:53:01,2004,Cafetiere,0.0,243.5,0.0,0.0
2026-01-13 00:53:01,2005,Lampe Salle à manger,0.0,243.2,0.0,0.0
2026-01-13 00:53:01,2006,PC Portable,0.0,244.2,0.0,0.0
2026-01-13 00:53:01,2007,Lampe Cuisine,0.0,243.3,0.0,0.0
2026-01-13 00:53:01,2008,Lampe Chambre,0.0,244.6,0.0,0.0
2026-01-13 00:54:01,2001,TV Salle à manger,0.0,244.8,0.0,0.0
2026-01-13 00:54:01,2002,Ecran,0.0,244.3,0.0,0.0
2026-01-13 00:54:01,2003,Telephone / Tablette,0.0,243.9,0.0,0.0
2026-01-13 00:54:01,2004,Cafetiere,0.0,243.9,0.0,0.0
2026-01-13 00:54:01,2005,Lampe Salle à manger,0.0,243.7,0.0,0.0
2026-01-13 00:54:01,2006,PC Portable,0.0,244.6,0.0,0.0
2026-01-13 00:54:01,2007,Lampe Cuisine,0.0,243.8,0.0,0.0
2026-01-13 00:54:01,2008,Lampe Chambre,0.0,245.1,0.0,0.0
2026-01-13 00:55:02,2001,TV Salle à manger,0.017,245.0,0.0,0.0
2026-01-13 00:55:02,2002,Ecran,0.0,244.5,0.0,0.0
2026-01-13 00:55:02,2003,Telephone / Tablette,0.0,244.1,0.0,0.0
2026-01-13 00:55:02,2004,Cafetiere,0.0,244.1,0.0,0.0
2026-01-13 00:55:02,2005,Lampe Salle à manger,0.0,243.9,0.0,0.0
2026-01-13 00:55:02,2006,PC Portable,0.0,244.8,0.0,0.0
2026-01-13 00:55:02,2007,Lampe Cuisine,0.0,243.9,0.0,0.0
2026-01-13 00:55:02,2008,Lampe Chambre,0.0,245.3,0.0,0.0
2026-01-13 00:56:02,2001,TV Salle à manger,0.013,245.3,0.0,0.0
2026-01-13 00:56:02,2002,Ecran,0.0,244.9,0.0,0.0
2026-01-13 00:56:02,2003,Telephone / Tablette,0.0,244.5,0.0,0.0
2026-01-13 00:56:02,2004,Cafetiere,0.0,244.5,0.0,0.0
2026-01-13 00:56:02,2005,Lampe Salle à manger,0.0,244.3,0.0,0.0
2026-01-13 00:56:02,2006,PC Portable,0.0,245.3,0.0,0.0
2026-01-13 00:56:02,2007,Lampe Cuisine,0.0,244.4,0.0,0.0
2026-01-13 00:56:02,2008,Lampe Chambre,0.0,245.7,0.0,0.0
2026-01-13 00:57:02,2001,TV Salle à manger,0.0,244.6,0.0,0.0
2026-01-13 00:57:02,2002,Ecran,0.0,244.4,0.0,0.0
2026-01-13 00:57:02,2003,Telephone / Tablette,0.0,243.9,0.0,0.0
2026-01-13 00:57:02,2004,Cafetiere,0.0,243.9,0.0,0.0
2026-01-13 00:57:02,2005,Lampe Salle à manger,0.0,243.7,0.0,0.0
2026-01-13 00:57:02,2006,PC Portable,0.0,244.5,0.0,0.0
2026-01-13 00:57:02,2007,Lampe Cuisine,0.0,243.6,0.0,0.0
2026-01-13 00:57:02,2008,Lampe Chambre,0.0,244.9,0.0,0.0
2026-01-13 00:58:02,2001,TV Salle à manger,0.013,245.1,0.0,0.0
2026-01-13 00:58:02,2002,Ecran,0.0,244.5,0.0,0.0
2026-01-13 00:58:02,2003,Telephone / Tablette,0.0,244.2,0.0,0.0
2026-01-13 00:58:02,2004,Cafetiere,0.0,244.2,0.0,0.0
2026-01-13 00:58:02,2005,Lampe Salle à manger,0.0,244.0,0.0,0.0
2026-01-13 00:58:02,2006,PC Portable,0.0,244.9,0.0,0.0
2026-01-13 00:58:02,2007,Lampe Cuisine,0.0,244.1,0.0,0.0
2026-01-13 00:58:02,2008,Lampe Chambre,0.0,245.3,0.0,0.0
2026-01-13 00:59:03,2001,TV Salle à manger,0.02,245.0,0.0,0.0
2026-01-13 00:59:03,2002,Ecran,0.0,244.5,0.0,0.0
2026-01-13 00:59:03,2003,Telephone / Tablette,0.0,244.1,0.0,0.0
2026-01-13 00:59:03,2004,Cafetiere,0.0,244.1,0.0,0.0
2026-01-13 00:59:03,2005,Lampe Salle à manger,0.0,243.9,0.0,0.0
2026-01-13 00:59:03,2006,PC Portable,0.0,244.9,0.0,0.0
2026-01-13 00:59:03,2007,Lampe Cuisine,0.0,243.9,0.0,0.0
2026-01-13 00:59:03,2008,Lampe Chambre,0.0,245.3,0.0,0.0
2026-01-13 01:00:03,2001,TV Salle à manger,0.0,244.7,0.0,0.0
2026-01-13 01:00:03,2002,Ecran,0.0,244.4,0.0,0.0
2026-01-13 01:00:03,2003,Telephone / Tablette,0.0,243.8,0.0,0.0
2026-01-13 01:00:03,2004,Cafetiere,0.0,243.8,0.0,0.0
2026-01-13 01:00:03,2005,Lampe Salle à manger,0.0,243.7,0.0,0.0
2026-01-13 01:00:03,2006,PC Portable,0.0,244.5,0.0,0.0
2026-01-13 01:00:03,2007,Lampe Cuisine,0.0,243.7,0.0,0.0
2026-01-13 01:00:03,2008,Lampe Chambre,0.0,244.9,0.0,0.0
2026-01-13 01:01:03,2001,TV Salle à manger,0.017,244.7,0.0,0.0
2026-01-13 01:01:03,2002,Ecran,0.0,244.1,0.0,0.0
2026-01-13 01:01:03,2003,Telephone / Tablette,0.0,243.9,0.0,0.0
2026-01-13 01:01:03,2004,Cafetiere,0.0,243.9,0.0,0.0
2026-01-13 01:01:03,2005,Lampe Salle à manger,0.0,243.6,0.0,0.0
2026-01-13 01:01:03,2006,PC Portable,0.0,244.5,0.0,0.0
2026-01-13 01:01:03,2007,Lampe Cuisine,0.0,243.7,0.0,0.0
2026-01-13 01:01:03,2008,Lampe Chambre,0.0,244.9,0.0,0.0
2026-01-13 01:02:04,2001,TV Salle à manger,0.0,244.6,0.0,0.0
2026-01-13 01:02:04,2002,Ecran,0.0,244.3,0.0,0.0
2026-01-13 01:02:04,2003,Telephone / Tablette,0.0,243.8,0.0,0.0
2026-01-13 01:02:04,2004,Cafetiere,0.0,243.8,0.0,0.0
2026-01-13 01:02:04,2005,Lampe Salle à manger,0.0,243.7,0.0,0.0
2026-01-13 01:02:04,2006,PC Portable,0.0,244.4,0.0,0.0
2026-01-13 01:02:04,2007,Lampe Cuisine,0.0,243.6,0.0,0.0
2026-01-13 01:02:04,2008,Lampe Chambre,0.0,244.8,0.0,0.0
2026-01-13 01:03:04,2001,TV Salle à manger,0.024,245.1,0.0,0.0
2026-01-13 01:03:04,2002,Ecran,0.0,244.6,0.0,0.0
2026-01-13 01:03:04,2003,Telephone / Tablette,0.0,244.2,0.0,0.0
2026-01-13 01:03:04,2004,Cafetiere,0.0,244.3,0.0,0.0
2026-01-13 01:03:04,2005,Lampe Salle à manger,0.0,244.0,0.0,0.0
2026-01-13 01:03:04,2006,PC Portable,0.0,244.9,0.0,0.0
2026-01-13 01:03:04,2007,Lampe Cuisine,0.0,244.1,0.0,0.0
2026-01-13 01:03:04,2008,Lampe Chambre,0.0,245.4,0.0,0.0
2026-01-13 01:04:04,2001,TV Salle à manger,0.0,244.8,0.0,0.0
2026-01-13 01:04:04,2002,Ecran,0.0,244.4,0.0,0.0
2026-01-13 01:04:04,2003,Telephone / Tablette,0.0,244.1,0.0,0.0
2026-01-13 01:04:04,2004,Cafetiere,0.0,244.1,0.0,0.0
2026-01-13 01:04:04,2005,Lampe Salle à manger,0.0,243.8,0.0,0.0
2026-01-13 01:04:04,2006,PC Portable,0.0,244.8,0.0,0.0
2026-01-13 01:04:04,2007,Lampe Cuisine,0.0,244.0,0.0,0.0
2026-01-13 01:04:04,2008,Lampe Chambre,0.0,245.1,0.0,0.0
2026-01-13 01:05:04,2001,TV Salle à manger,0.0,244.7,0.0,0.0
2026-01-13 01:05:04,2002,Ecran,0.0,244.2,0.0,0.0
2026-01-13 01:05:04,2003,Telephone / Tablette,0.0,243.9,0.0,0.0
2026-01-13 01:05:04,2004,Cafetiere,0.0,243.9,0.0,0.0
2026-01-13 01:05:04,2005,Lampe Salle à manger,0.0,243.7,0.0,0.0
2026-01-13 01:05:04,2006,PC Portable,0.0,244.6,0.0,0.0
2026-01-13 01:05:04,2007,Lampe Cuisine,0.0,243.8,0.0,0.0
2026-01-13 01:05:04,2008,Lampe Chambre,0.0,245.0,0.0,0.0
2026-01-13 01:06:05,2001,TV Salle à manger,0.0,245.3,0.0,0.0
2026-01-13 01:06:05,2002,Ecran,0.0,244.9,0.0,0.0
2026-01-13 01:06:05,2003,Telephone / Tablette,0.0,244.5,0.0,0.0
2026-01-13 01:06:05,2004,Cafetiere,0.0,244.5,0.0,0.0
2026-01-13 01:06:05,2005,Lampe Salle à manger,0.0,244.3,0.0,0.0
2026-01-13 01:06:05,2006,PC Portable,0.0,245.2,0.0,0.0
2026-01-13 01:06:05,2007,Lampe Cuisine,0.0,244.3,0.0,0.0
2026-01-13 01:06:05,2008,Lampe Chambre,0.0,245.7,0.0,0.0
2026-01-13 01:07:05,2001,TV Salle à manger,0.0,245.3,0.0,0.0
2026-01-13 01:07:05,2002,Ecran,0.0,244.7,0.0,0.0
2026-01-13 01:07:05,2003,Telephone / Tablette,0.0,244.5,0.0,0.0
2026-01-13 01:07:05,2004,Cafetiere,0.0,244.6,0.0,0.0
2026-01-13 01:07:05,2005,Lampe Salle à manger,0.0,244.3,0.0,0.0
2026-01-13 01:07:05,2006,PC Portable,0.0,245.3,0.0,0.0
2026-01-13 01:07:05,2007,Lampe Cuisine,0.0,244.4,0.0,0.0
2026-01-13 01:07:05,2008,Lampe Chambre,0.0,245.6,0.0,0.0
2026-01-13 01:08:05,2001,TV Salle à manger,0.018,245.2,0.0,0.0
2026-01-13 01:08:05,2002,Ecran,0.0,244.9,0.0,0.0
2026-01-13 01:08:05,2003,Telephone / Tablette,0.0,244.4,0.0,0.0
2026-01-13 01:08:05,2004,Cafetiere,0.0,244.4,0.0,0.0
2026-01-13 01:08:05,2005,Lampe Salle à manger,0.0,244.3,0.0,0.0
2026-01-13 01:08:05,2006,PC Portable,0.0,245.1,0.0,0.0
2026-01-13 01:08:05,2007,Lampe Cuisine,0.0,244.3,0.0,0.0
2026-01-13 01:08:05,2008,Lampe Chambre,0.0,245.5,0.0,0.0
2026-01-13 01:09:05,2001,TV Salle à manger,0.0,245.5,0.0,0.0
2026-01-13 01:09:05,2002,Ecran,0.0,245.0,0.0,0.0
2026-01-13 01:09:05,2003,Telephone / Tablette,0.0,244.6,0.0,0.0
2026-01-13 01:09:05,2004,Cafetiere,0.0,244.6,0.0,0.0
2026-01-13 01:09:05,2005,Lampe Salle à manger,0.0,244.5,0.0,0.0
2026-01-13 01:09:05,2006,PC Portable,0.0,245.4,0.0,0.0
2026-01-13 01:09:05,2007,Lampe Cuisine,0.0,244.5,0.0,0.0
2026-01-13 01:09:05,2008,Lampe Chambre,0.0,245.7,0.0,0.0
2026-01-13 01:10:06,2001,TV Salle à manger,0.021,245.4,0.0,0.0
2026-01-13 01:10:06,2002,Ecran,0.0,244.9,0.0,0.0
2026-01-13 01:10:06,2003,Telephone / Tablette,0.0,244.5,0.0,0.0
2026-01-13 01:10:06,2004,Cafetiere,0.0,244.6,0.0,0.0
2026-01-13 01:10:06,2005,Lampe Salle à manger,0.0,244.4,0.0,0.0
2026-01-13 01:10:06,2006,PC Portable,0.0,245.3,0.0,0.0
2026-01-13 01:10:06,2007,Lampe Cuisine,0.0,244.5,0.0,0.0
2026-01-13 01:10:06,2008,Lampe Chambre,0.0,245.7,0.0,0.0
2026-01-13 01:11:06,2001,TV Salle à manger,0.0,245.6,0.0,0.0
2026-01-13 01:11:06,2002,Ecran,0.0,245.0,0.0,0.0
2026-01-13 01:11:06,2003,Telephone / Tablette,0.0,244.5,0.0,0.0
2026-01-13 01:11:06,2004,Cafetiere,0.0,244.7,0.0,0.0
2026-01-13 01:11:06,2005,Lampe Salle à manger,0.0,244.4,0.0,0.0
2026-01-13 01:11:06,2006,PC Portable,0.0,245.2,0.0,0.0
2026-01-13 01:11:06,2007,Lampe Cuisine,0.0,244.5,0.0,0.0
2026-01-13 01:11:06,2008,Lampe Chambre,0.0,245.7,0.0,0.0
2026-01-13 01:12:06,2001,TV Salle à manger,0.018,245.1,0.0,0.0
2026-01-13 01:12:06,2002,Ecran,0.0,244.6,0.0,0.0
2026-01-13 01:12:06,2003,Telephone / Tablette,0.0,244.3,0.0,0.0
2026-01-13 01:12:06,2004,Cafetiere,0.0,244.3,0.0,0.0
2026-01-13 01:12:06,2005,Lampe Salle à manger,0.0,244.1,0.0,0.0
2026-01-13 01:12:06,2006,PC Portable,0.0,245.0,0.0,0.0
2026-01-13 01:12:06,2007,Lampe Cuisine,0.0,244.2,0.0,0.0
2026-01-13 01:12:06,2008,Lampe Chambre,0.0,245.4,0.0,0.0
2026-01-13 01:13:06,2001,TV Salle à manger,0.0,245.3,0.0,0.0
2026-01-13 01:13:06,2002,Ecran,0.0,244.9,0.0,0.0
2026-01-13 01:13:06,2003,Telephone / Tablette,0.0,244.5,0.0,0.0
2026-01-13 01:13:06,2004,Cafetiere,0.0,244.5,0.0,0.0
2026-01-13 01:13:06,2005,Lampe Salle à manger,0.0,244.3,0.0,0.0
2026-01-13 01:13:06,2006,PC Portable,0.0,245.2,0.0,0.0
2026-01-13 01:13:06,2007,Lampe Cuisine,0.0,244.3,0.0,0.0
2026-01-13 01:13:06,2008,Lampe Chambre,0.0,245.6,0.0,0.0
2026-01-13 01:14:07,2001,TV Salle à manger,0.021,245.5,0.0,0.0
2026-01-13 01:14:07,2002,Ecran,0.0,245.1,0.0,0.0
2026-01-13 01:14:07,2003,Telephone / Tablette,0.0,244.7,0.0,0.0
2026-01-13 01:14:07,2004,Cafetiere,0.0,244.7,0.0,0.0
2026-01-13 01:14:07,2005,Lampe Salle à manger,0.0,244.5,0.0,0.0
2026-01-13 01:14:07,2006,PC Portable,0.0,245.4,0.0,0.0
2026-01-13 01:14:07,2007,Lampe Cuisine,0.0,244.6,0.0,0.0
2026-01-13 01:14:07,2008,Lampe Chambre,0.0,245.8,0.0,0.0
2026-01-13 01:15:07,2001,TV Salle à manger,0.016,245.6,0.0,0.0
2026-01-13 01:15:07,2002,Ecran,0.0,245.0,0.0,0.0
2026-01-13 01:15:07,2003,Telephone / Tablette,0.0,244.8,0.0,0.0
2026-01-13 01:15:07,2004,Cafetiere,0.0,244.9,0.0,0.0
2026-01-13 01:15:07,2005,Lampe Salle à manger,0.0,244.5,0.0,0.0
2026-01-13 01:15:07,2006,PC Portable,0.0,245.4,0.0,0.0
2026-01-13 01:15:07,2007,Lampe Cuisine,0.0,244.7,0.0,0.0
2026-01-13 01:15:07,2008,Lampe Chambre,0.0,246.0,0.0,0.0
2026-01-13 01:16:07,2001,TV Salle à manger,0.0,245.3,0.0,0.0
2026-01-13 01:16:07,2002,Ecran,0.0,244.8,0.0,0.0
2026-01-13 01:16:07,2003,Telephone / Tablette,0.0,244.5,0.0,0.0
2026-01-13 01:16:07,2004,Cafetiere,0.0,244.5,0.0,0.0
2026-01-13 01:16:07,2005,Lampe Salle à manger,0.0,244.3,0.0,0.0
2026-01-13 01:16:07,2006,PC Portable,0.0,245.3,0.0,0.0
2026-01-13 01:16:07,2007,Lampe Cuisine,0.0,244.4,0.0,0.0
2026-01-13 01:16:07,2008,Lampe Chambre,0.0,245.6,0.0,0.0
2026-01-13 01:17:08,2001,TV Salle à manger,0.0,245.5,0.0,0.0
2026-01-13 01:17:08,2002,Ecran,0.0,245.0,0.0,0.0
2026-01-13 01:17:08,2003,Telephone / Tablette,0.0,244.6,0.0,0.0
2026-01-13 01:17:08,2004,Cafetiere,0.0,244.6,0.0,0.0
2026-01-13 01:17:08,2005,Lampe Salle à manger,0.0,244.3,0.0,0.0
2026-01-13 01:17:08,2006,PC Portable,0.0,245.2,0.0,0.0
2026-01-13 01:17:08,2007,Lampe Cuisine,0.0,244.4,0.0,0.0
2026-01-13 01:17:08,2008,Lampe Chambre,0.0,245.7,0.0,0.0
2026-01-13 01:18:08,2001,TV Salle à manger,0.0,245.6,0.0,0.0
2026-01-13 01:18:08,2002,Ecran,0.0,245.1,0.0,0.0
2026-01-13 01:18:08,2003,Telephone / Tablette,0.0,244.7,0.0,0.0
2026-01-13 01:18:08,2004,Cafetiere,0.0,244.8,0.0,0.0
2026-01-13 01:18:08,2005,Lampe Salle à manger,0.0,244.5,0.0,0.0
2026-01-13 01:18:08,2006,PC Portable,0.0,245.4,0.0,0.0
2026-01-13 01:18:08,2007,Lampe Cuisine,0.0,244.6,0.0,0.0
2026-01-13 01:18:08,2008,Lampe Chambre,0.0,245.9,0.0,0.0
2026-01-13 01:19:08,2001,TV Salle à manger,0.0,245.6,0.0,0.0
2026-01-13 01:19:08,2002,Ecran,0.0,245.2,0.0,0.0
2026-01-13 01:19:08,2003,Telephone / Tablette,0.0,244.7,0.0,0.0
2026-01-13 01:19:08,2004,Cafetiere,0.0,244.7,0.0,0.0
2026-01-13 01:19:08,2005,Lampe Salle à manger,0.0,244.5,0.0,0.0
2026-01-13 01:19:08,2006,PC Portable,0.0,245.5,0.0,0.0
2026-01-13 01:19:08,2007,Lampe Cuisine,0.0,244.7,0.0,0.0
2026-01-13 01:19:08,2008,Lampe Chambre,0.0,245.9,0.0,0.0
2026-01-13 01:20:09,2001,TV Salle à manger,0.0,245.4,0.0,0.0
2026-01-13 01:20:09,2002,Ecran,0.0,245.0,0.0,0.0
2026-01-13 01:20:09,2003,Telephone / Tablette,0.0,244.6,0.0,0.0
2026-01-13 01:20:09,2004,Cafetiere,0.0,244.7,0.0,0.0
2026-01-13 01:20:09,2005,Lampe Salle à manger,0.0,244.4,0.0,0.0
2026-01-13 01:20:09,2006,PC Portable,0.0,245.3,0.0,0.0
2026-01-13 01:20:09,2007,Lampe Cuisine,0.0,244.4,0.0,0.0
2026-01-13 01:20:09,2008,Lampe Chambre,0.0,245.7,0.0,0.0
2026-01-13 01:21:09,2001,TV Salle à manger,0.0,245.3,0.0,0.0
2026-01-13 01:21:09,2002,Ecran,0.0,244.8,0.0,0.0
2026-01-13 01:21:09,2003,Telephone / Tablette,0.0,244.5,0.0,0.0
2026-01-13 01:21:09,2004,Cafetiere,0.0,244.5,0.0,0.0
2026-01-13 01:21:09,2005,Lampe Salle à manger,0.0,244.2,0.0,0.0
2026-01-13 01:21:09,2006,PC Portable,0.0,245.2,0.0,0.0
2026-01-13 01:21:09,2007,Lampe Cuisine,0.0,244.3,0.0,0.0
2026-01-13 01:21:09,2008,Lampe Chambre,0.0,245.6,0.0,0.0
2026-01-13 01:22:09,2001,TV Salle à manger,0.0,245.6,0.0,0.0
2026-01-13 01:22:09,2002,Ecran,0.0,245.2,0.0,0.0
2026-01-13 01:22:09,2003,Telephone / Tablette,0.0,244.8,0.0,0.0
2026-01-13 01:22:09,2004,Cafetiere,0.0,244.8,0.0,0.0
2026-01-13 01:22:09,2005,Lampe Salle à manger,0.0,244.6,0.0,0.0
2026-01-13 01:22:09,2006,PC Portable,0.0,245.5,0.0,0.0
2026-01-13 01:22:09,2007,Lampe Cuisine,0.0,244.7,0.0,0.0
2026-01-13 01:22:09,2008,Lampe Chambre,0.0,245.9,0.0,0.0
2026-01-13 01:23:09,2001,TV Salle à manger,0.0,245.3,0.0,0.0
2026-01-13 01:23:09,2002,Ecran,0.0,244.9,0.0,0.0
2026-01-13 01:23:09,2003,Telephone / Tablette,0.0,244.4,0.0,0.0
2026-01-13 01:23:09,2004,Cafetiere,0.0,244.5,0.0,0.0
2026-01-13 01:23:09,2005,Lampe Salle à manger,0.0,244.1,0.0,0.0
2026-01-13 01:23:09,2006,PC Portable,0.0,245.2,0.0,0.0
2026-01-13 01:23:09,2007,Lampe Cuisine,0.0,244.3,0.0,0.0
2026-01-13 01:23:09,2008,Lampe Chambre,0.0,245.6,0.0,0.0
2026-01-13 01:24:10,2001,TV Salle à manger,0.0,244.9,0.0,0.0
2026-01-13 01:24:10,2002,Ecran,0.0,244.5,0.0,0.0
2026-01-13 01:24:10,2003,Telephone / Tablette,0.0,244.1,0.0,0.0
2026-01-13 01:24:10,2004,Cafetiere,0.0,244.1,0.0,0.0
2026-01-13 01:24:10,2005,Lampe Salle à manger,0.0,243.9,0.0,0.0
2026-01-13 01:24:10,2006,PC Portable,0.0,244.8,0.0,0.0
2026-01-13 01:24:10,2007,Lampe Cuisine,0.0,243.9,0.0,0.0
2026-01-13 01:24:10,2008,Lampe Chambre,0.0,245.2,0.0,0.0
2026-01-13 01:25:10,2001,TV Salle à manger,0.0,244.9,0.0,0.0
2026-01-13 01:25:10,2002,Ecran,0.0,244.5,0.0,0.0
2026-01-13 01:25:10,2003,Telephone / Tablette,0.0,244.1,0.0,0.0
2026-01-13 01:25:10,2004,Cafetiere,0.0,244.1,0.0,0.0
2026-01-13 01:25:10,2005,Lampe Salle à manger,0.0,243.9,0.0,0.0
2026-01-13 01:25:10,2006,PC Portable,0.0,244.8,0.0,0.0
2026-01-13 01:25:10,2007,Lampe Cuisine,0.0,243.9,0.0,0.0
2026-01-13 01:25:10,2008,Lampe Chambre,0.0,245.2,0.0,0.0
2026-01-13 01:26:10,2001,TV Salle à manger,0.0,245.1,0.0,0.0
2026-01-13 01:26:10,2002,Ecran,0.0,244.6,0.0,0.0
2026-01-13 01:26:10,2003,Telephone / Tablette,0.0,244.3,0.0,0.0
2026-01-13 01:26:10,2004,Cafetiere,0.0,244.3,0.0,0.0
2026-01-13 01:26:10,2005,Lampe Salle à manger,0.0,244.0,0.0,0.0
2026-01-13 01:26:10,2006,PC Portable,0.0,245.0,0.0,0.0
2026-01-13 01:26:10,2007,Lampe Cuisine,0.0,244.1,0.0,0.0
2026-01-13 01:26:10,2008,Lampe Chambre,0.0,245.5,0.0,0.0
2026-01-13 01:27:10,2001,TV Salle à manger,0.0,244.7,0.0,0.0
2026-01-13 01:27:10,2002,Ecran,0.0,244.2,0.0,0.0
2026-01-13 01:27:10,2003,Telephone / Tablette,0.0,243.8,0.0,0.0
2026-01-13 01:27:10,2004,Cafetiere,0.0,243.9,0.0,0.0
2026-01-13 01:27:10,2005,Lampe Salle à manger,0.0,243.7,0.0,0.0
2026-01-13 01:27:10,2006,PC Portable,0.0,244.5,0.0,0.0
2026-01-13 01:27:10,2007,Lampe Cuisine,0.0,243.7,0.0,0.0
2026-01-13 01:27:10,2008,Lampe Chambre,0.0,245.0,0.0,0.0
2026-01-13 01:28:11,2001,TV Salle à manger,0.0,244.6,0.0,0.0
2026-01-13 01:28:11,2002,Ecran,0.0,244.1,0.0,0.0
2026-01-13 01:28:11,2003,Telephone / Tablette,0.0,243.7,0.0,0.0
2026-01-13 01:28:11,2004,Cafetiere,0.0,243.8,0.0,0.0
2026-01-13 01:28:11,2005,Lampe Salle à manger,0.0,243.6,0.0,0.0
2026-01-13 01:28:11,2006,PC Portable,0.0,244.5,0.0,0.0
2026-01-13 01:28:11,2007,Lampe Cuisine,0.0,243.6,0.0,0.0
2026-01-13 01:28:11,2008,Lampe Chambre,0.0,244.9,0.0,0.0
2026-01-13 01:29:11,2001,TV Salle à manger,0.0,244.5,0.0,0.0
2026-01-13 01:29:11,2002,Ecran,0.0,244.0,0.0,0.0
2026-01-13 01:29:11,2003,Telephone / Tablette,0.0,243.6,0.0,0.0
2026-01-13 01:29:11,2004,Cafetiere,0.0,243.7,0.0,0.0
2026-01-13 01:29:11,2005,Lampe Salle à manger,0.0,243.4,0.0,0.0
2026-01-13 01:29:11,2006,PC Portable,0.0,244.3,0.0,0.0
2026-01-13 01:29:11,2007,Lampe Cuisine,0.0,243.5,0.0,0.0
2026-01-13 01:29:11,2008,Lampe Chambre,0.0,244.8,0.0,0.0
2026-01-13 01:30:11,2001,TV Salle à manger,0.0,244.4,0.0,0.0
2026-01-13 01:30:11,2002,Ecran,0.0,243.9,0.0,0.0
2026-01-13 01:30:11,2003,Telephone / Tablette,0.0,243.6,0.0,0.0
2026-01-13 01:30:11,2004,Cafetiere,0.0,243.6,0.0,0.0
2026-01-13 01:30:11,2005,Lampe Salle à manger,0.0,243.4,0.0,0.0
2026-01-13 01:30:11,2006,PC Portable,0.0,244.3,0.0,0.0
2026-01-13 01:30:11,2007,Lampe Cuisine,0.0,243.5,0.0,0.0
2026-01-13 01:30:11,2008,Lampe Chambre,0.0,244.7,0.0,0.0
2026-01-13 01:31:12,2001,TV Salle à manger,0.0,244.6,0.0,0.0
2026-01-13 01:31:12,2002,Ecran,0.0,244.3,0.0,0.0
2026-01-13 01:31:12,2003,Telephone / Tablette,0.0,243.8,0.0,0.0
2026-01-13 01:31:12,2004,Cafetiere,0.0,243.8,0.0,0.0
2026-01-13 01:31:12,2005,Lampe Salle à manger,0.0,243.6,0.0,0.0
2026-01-13 01:31:12,2006,PC Portable,0.0,244.5,0.0,0.0
2026-01-13 01:31:12,2007,Lampe Cuisine,0.0,243.8,0.0,0.0
2026-01-13 01:31:12,2008,Lampe Chambre,0.0,244.9,0.0,0.0
2026-01-13 01:32:12,2001,TV Salle à manger,0.027,244.5,0.0,0.0
2026-01-13 01:32:12,2002,Ecran,0.0,244.0,0.0,0.0
2026-01-13 01:32:12,2003,Telephone / Tablette,0.0,243.7,0.0,0.0
2026-01-13 01:32:12,2004,Cafetiere,0.0,243.7,0.0,0.0
2026-01-13 01:32:12,2005,Lampe Salle à manger,0.0,243.4,0.0,0.0
2026-01-13 01:32:12,2006,PC Portable,0.0,244.3,0.0,0.0
2026-01-13 01:32:12,2007,Lampe Cuisine,0.0,243.5,0.0,0.0
2026-01-13 01:32:12,2008,Lampe Chambre,0.0,244.7,0.0,0.0
2026-01-13 01:33:12,2001,TV Salle à manger,0.026,244.6,0.0,0.0
2026-01-13 01:33:12,2002,Ecran,0.0,244.2,0.0,0.0
2026-01-13 01:33:12,2003,Telephone / Tablette,0.0,243.8,0.0,0.0
2026-01-13 01:33:12,2004,Cafetiere,0.0,243.8,0.0,0.0
2026-01-13 01:33:12,2005,Lampe Salle à manger,0.0,243.6,0.0,0.0
2026-01-13 01:33:12,2006,PC Portable,0.0,244.5,0.0,0.0
2026-01-13 01:33:12,2007,Lampe Cuisine,0.0,243.7,0.0,0.0
2026-01-13 01:33:12,2008,Lampe Chambre,0.0,244.9,0.0,0.0
2026-01-13 01:34:12,2001,TV Salle à manger,0.0,245.1,0.0,0.0
2026-01-13 01:34:12,2002,Ecran,0.0,244.6,0.0,0.0
2026-01-13 01:34:12,2003,Telephone / Tablette,0.0,244.3,0.0,0.0
2026-01-13 01:34:12,2004,Cafetiere,0.0,244.3,0.0,0.0
2026-01-13 01:34:12,2005,Lampe Salle à manger,0.0,244.0,0.0,0.0
2026-01-13 01:34:12,2006,PC Portable,0.0,244.9,0.0,0.0
2026-01-13 01:34:12,2007,Lampe Cuisine,0.0,244.1,0.0,0.0
2026-01-13 01:34:12,2008,Lampe Chambre,0.0,245.4,0.0,0.0
2026-01-13 01:35:13,2001,TV Salle à manger,0.0,244.8,0.0,0.0
2026-01-13 01:35:13,2002,Ecran,0.0,244.4,0.0,0.0
2026-01-13 01:35:13,2003,Telephone / Tablette,0.0,244.0,0.0,0.0
2026-01-13 01:35:13,2004,Cafetiere,0.0,244.0,0.0,0.0
2026-01-13 01:35:13,2005,Lampe Salle à manger,0.0,243.8,0.0,0.0
2026-01-13 01:35:13,2006,PC Portable,0.0,244.8,0.0,0.0
2026-01-13 01:35:13,2007,Lampe Cuisine,0.0,243.9,0.0,0.0
2026-01-13 01:35:13,2008,Lampe Chambre,0.0,245.2,0.0,0.0
2026-01-13 01:36:13,2001,TV Salle à manger,0.012,244.8,0.0,0.0
2026-01-13 01:36:13,2002,Ecran,0.0,244.5,0.0,0.0
2026-01-13 01:36:13,2003,Telephone / Tablette,0.0,244.1,0.0,0.0
2026-01-13 01:36:13,2004,Cafetiere,0.0,244.1,0.0,0.0
2026-01-13 01:36:13,2005,Lampe Salle à manger,0.0,243.8,0.0,0.0
2026-01-13 01:36:13,2006,PC Portable,0.0,244.7,0.0,0.0
2026-01-13 01:36:13,2007,Lampe Cuisine,0.0,243.9,0.0,0.0
2026-01-13 01:36:13,2008,Lampe Chambre,0.0,245.2,0.0,0.0
2026-01-13 01:37:13,2001,TV Salle à manger,0.0,245.0,0.0,0.0
2026-01-13 01:37:13,2002,Ecran,0.0,244.4,0.0,0.0
2026-01-13 01:37:13,2003,Telephone / Tablette,0.0,244.0,0.0,0.0
2026-01-13 01:37:13,2004,Cafetiere,0.0,244.1,0.0,0.0
2026-01-13 01:37:13,2005,Lampe Salle à manger,0.0,243.9,0.0,0.0
2026-01-13 01:37:13,2006,PC Portable,0.0,244.8,0.0,0.0
2026-01-13 01:37:13,2007,Lampe Cuisine,0.0,244.0,0.0,0.0
2026-01-13 01:37:13,2008,Lampe Chambre,0.0,245.2,0.0,0.0
2026-01-13 01:38:13,2001,TV Salle à manger,0.0,244.9,0.0,0.0
2026-01-13 01:38:13,2002,Ecran,0.0,244.5,0.0,0.0
2026-01-13 01:38:13,2003,Telephone / Tablette,0.0,244.1,0.0,0.0
2026-01-13 01:38:13,2004,Cafetiere,0.0,244.1,0.0,0.0
2026-01-13 01:38:13,2005,Lampe Salle à manger,0.0,243.9,0.0,0.0
2026-01-13 01:38:13,2006,PC Portable,0.0,244.8,0.0,0.0
2026-01-13 01:38:13,2007,Lampe Cuisine,0.0,244.0,0.0,0.0
2026-01-13 01:38:13,2008,Lampe Chambre,0.0,245.2,0.0,0.0
2026-01-13 01:39:14,2001,TV Salle à manger,0.0,244.6,0.0,0.0
2026-01-13 01:39:14,2002,Ecran,0.0,244.3,0.0,0.0
2026-01-13 01:39:14,2003,Telephone / Tablette,0.0,243.9,0.0,0.0
2026-01-13 01:39:14,2004,Cafetiere,0.0,243.8,0.0,0.0
2026-01-13 01:39:14,2005,Lampe Salle à manger,0.0,243.5,0.0,0.0
2026-01-13 01:39:14,2006,PC Portable,0.0,244.5,0.0,0.0
2026-01-13 01:39:14,2007,Lampe Cuisine,0.0,243.7,0.0,0.0
2026-01-13 01:39:14,2008,Lampe Chambre,0.0,244.9,0.0,0.0
2026-01-13 01:40:14,2001,TV Salle à manger,0.021,244.5,0.0,0.0
2026-01-13 01:40:14,2002,Ecran,0.0,244.1,0.0,0.0
2026-01-13 01:40:14,2003,Telephone / Tablette,0.0,243.7,0.0,0.0
2026-01-13 01:40:14,2004,Cafetiere,0.0,243.7,0.0,0.0
2026-01-13 01:40:14,2005,Lampe Salle à manger,0.0,243.5,0.0,0.0
2026-01-13 01:40:14,2006,PC Portable,0.0,244.4,0.0,0.0
2026-01-13 01:40:14,2007,Lampe Cuisine,0.0,243.5,0.0,0.0
2026-01-13 01:40:14,2008,Lampe Chambre,0.0,244.8,0.0,0.0
2026-01-13 01:41:14,2001,TV Salle à manger,0.0,245.0,0.0,0.0
2026-01-13 01:41:14,2002,Ecran,0.0,244.6,0.0,0.0
2026-01-13 01:41:14,2003,Telephone / Tablette,0.0,244.2,0.0,0.0
2026-01-13 01:41:14,2004,Cafetiere,0.0,244.2,0.0,0.0
2026-01-13 01:41:14,2005,Lampe Salle à manger,0.0,244.0,0.0,0.0
2026-01-13 01:41:14,2006,PC Portable,0.0,244.9,0.0,0.0
2026-01-13 01:41:14,2007,Lampe Cuisine,0.0,244.0,0.0,0.0
2026-01-13 01:41:14,2008,Lampe Chambre,0.0,245.3,0.0,0.0
2026-01-13 01:42:14,2001,TV Salle à manger,0.0,244.8,0.0,0.0
2026-01-13 01:42:14,2002,Ecran,0.0,244.3,0.0,0.0
2026-01-13 01:42:14,2003,Telephone / Tablette,0.0,244.0,0.0,0.0
2026-01-13 01:42:14,2004,Cafetiere,0.0,243.9,0.0,0.0
2026-01-13 01:42:14,2005,Lampe Salle à manger,0.0,243.8,0.0,0.0
2026-01-13 01:42:14,2006,PC Portable,0.0,244.7,0.0,0.0
2026-01-13 01:42:14,2007,Lampe Cuisine,0.0,243.9,0.0,0.0
2026-01-13 01:42:14,2008,Lampe Chambre,0.0,245.0,0.0,0.0
2026-01-13 01:43:15,2001,TV Salle à manger,0.0,245.1,0.0,0.0
2026-01-13 01:43:15,2002,Ecran,0.0,244.6,0.0,0.0
2026-01-13 01:43:15,2003,Telephone / Tablette,0.0,244.3,0.0,0.0
2026-01-13 01:43:15,2004,Cafetiere,0.0,244.3,0.0,0.0
2026-01-13 01:43:15,2005,Lampe Salle à manger,0.0,244.0,0.0,0.0
2026-01-13 01:43:15,2006,PC Portable,0.0,245.0,0.0,0.0
2026-01-13 01:43:15,2007,Lampe Cuisine,0.0,244.1,0.0,0.0
2026-01-13 01:43:15,2008,Lampe Chambre,0.0,245.4,0.0,0.0
2026-01-13 01:44:15,2001,TV Salle à manger,0.0,245.1,0.0,0.0
2026-01-13 01:44:15,2002,Ecran,0.0,244.6,0.0,0.0
2026-01-13 01:44:15,2003,Telephone / Tablette,0.0,244.2,0.0,0.0
2026-01-13 01:44:15,2004,Cafetiere,0.0,244.3,0.0,0.0
2026-01-13 01:44:15,2005,Lampe Salle à manger,0.0,244.0,0.0,0.0
2026-01-13 01:44:15,2006,PC Portable,0.0,245.0,0.0,0.0
2026-01-13 01:44:15,2007,Lampe Cuisine,0.0,244.2,0.0,0.0
2026-01-13 01:44:15,2008,Lampe Chambre,0.0,245.4,0.0,0.0
2026-01-13 01:45:15,2001,TV Salle à manger,0.0,244.6,0.0,0.0
2026-01-13 01:45:15,2002,Ecran,0.0,244.1,0.0,0.0
2026-01-13 01:45:15,2003,Telephone / Tablette,0.0,243.7,0.0,0.0
2026-01-13 01:45:15,2004,Cafetiere,0.0,243.9,0.0,0.0
2026-01-13 01:45:15,2005,Lampe Salle à manger,0.0,243.5,0.0,0.0
2026-01-13 01:45:15,2006,PC Portable,0.0,244.5,0.0,0.0
2026-01-13 01:45:15,2007,Lampe Cuisine,0.0,243.6,0.0,0.0
2026-01-13 01:45:15,2008,Lampe Chambre,0.0,244.9,0.0,0.0
2026-01-13 01:46:15,2001,TV Salle à manger,0.0,245.1,0.0,0.0
2026-01-13 01:46:15,2002,Ecran,0.0,244.7,0.0,0.0
2026-01-13 01:46:15,2003,Telephone / Tablette,0.0,244.2,0.0,0.0
2026-01-13 01:46:15,2004,Cafetiere,0.0,244.3,0.0,0.0
2026-01-13 01:46:15,2005,Lampe Salle à manger,0.0,244.0,0.0,0.0
2026-01-13 01:46:15,2006,PC Portable,0.0,244.9,0.0,0.0
2026-01-13 01:46:15,2007,Lampe Cuisine,0.0,244.1,0.0,0.0
2026-01-13 01:46:15,2008,Lampe Chambre,0.0,245.4,0.0,0.0
2026-01-13 01:47:16,2001,TV Salle à manger,0.027,244.7,0.0,0.0
2026-01-13 01:47:16,2002,Ecran,0.0,244.2,0.0,0.0
2026-01-13 01:47:16,2003,Telephone / Tablette,0.0,243.9,0.0,0.0
2026-01-13 01:47:16,2004,Cafetiere,0.0,243.9,0.0,0.0
2026-01-13 01:47:16,2005,Lampe Salle à manger,0.0,243.6,0.0,0.0
2026-01-13 01:47:16,2006,PC Portable,0.0,244.6,0.0,0.0
2026-01-13 01:47:16,2007,Lampe Cuisine,0.0,243.7,0.0,0.0
2026-01-13 01:47:16,2008,Lampe Chambre,0.0,245.0,0.0,0.0
2026-01-13 01:48:16,2001,TV Salle à manger,0.0,245.0,0.0,0.0
2026-01-13 01:48:16,2002,Ecran,0.0,244.6,0.0,0.0
2026-01-13 01:48:16,2003,Telephone / Tablette,0.0,244.3,0.0,0.0
2026-01-13 01:48:16,2004,Cafetiere,0.0,244.2,0.0,0.0
2026-01-13 01:48:16,2005,Lampe Salle à manger,0.0,243.9,0.0,0.0
2026-01-13 01:48:16,2006,PC Portable,0.0,244.9,0.0,0.0
2026-01-13 01:48:16,2007,Lampe Cuisine,0.0,244.1,0.0,0.0
2026-01-13 01:48:16,2008,Lampe Chambre,0.0,245.4,0.0,0.0
2026-01-13 01:49:16,2001,TV Salle à manger,0.0,245.0,0.0,0.0
2026-01-13 01:49:16,2002,Ecran,0.0,244.5,0.0,0.0
2026-01-13 01:49:16,2003,Telephone / Tablette,0.0,244.2,0.0,0.0
2026-01-13 01:49:16,2004,Cafetiere,0.0,244.2,0.0,0.0
2026-01-13 01:49:16,2005,Lampe Salle à manger,0.0,244.0,0.0,0.0
2026-01-13 01:49:16,2006,PC Portable,0.0,244.7,0.0,0.0
2026-01-13 01:49:16,2007,Lampe Cuisine,0.0,243.8,0.0,0.0
2026-01-13 01:49:16,2008,Lampe Chambre,0.0,245.3,0.0,0.0
2026-01-13 01:50:17,2001,TV Salle à manger,0.0,244.9,0.0,0.0
2026-01-13 01:50:17,2002,Ecran,0.0,244.4,0.0,0.0
2026-01-13 01:50:17,2003,Telephone / Tablette,0.0,244.1,0.0,0.0
2026-01-13 01:50:17,2004,Cafetiere,0.0,244.1,0.0,0.0
2026-01-13 01:50:17,2005,Lampe Salle à manger,0.0,243.8,0.0,0.0
2026-01-13 01:50:17,2006,PC Portable,0.0,244.8,0.0,0.0
2026-01-13 01:50:17,2007,Lampe Cuisine,0.0,244.0,0.0,0.0
2026-01-13 01:50:17,2008,Lampe Chambre,0.0,245.2,0.0,0.0
2026-01-13 01:51:17,2001,TV Salle à manger,0.014,245.0,0.0,0.0
2026-01-13 01:51:17,2002,Ecran,0.0,244.7,0.0,0.0
2026-01-13 01:51:17,2003,Telephone / Tablette,0.0,244.3,0.0,0.0
2026-01-13 01:51:17,2004,Cafetiere,0.0,244.4,0.0,0.0
2026-01-13 01:51:17,2005,Lampe Salle à manger,0.0,243.9,0.0,0.0
2026-01-13 01:51:17,2006,PC Portable,0.0,245.0,0.0,0.0
2026-01-13 01:51:17,2007,Lampe Cuisine,0.0,244.2,0.0,0.0
2026-01-13 01:51:17,2008,Lampe Chambre,0.0,245.5,0.0,0.0
2026-01-13 01:52:17,2001,TV Salle à manger,0.0,245.2,0.0,0.0
2026-01-13 01:52:17,2002,Ecran,0.0,244.7,0.0,0.0
2026-01-13 01:52:17,2003,Telephone / Tablette,0.0,244.3,0.0,0.0
2026-01-13 01:52:17,2004,Cafetiere,0.0,244.4,0.0,0.0
2026-01-13 01:52:17,2005,Lampe Salle à manger,0.0,244.0,0.0,0.0
2026-01-13 01:52:17,2006,PC Portable,0.0,244.9,0.0,0.0
2026-01-13 01:52:17,2007,Lampe Cuisine,0.0,244.1,0.0,0.0
2026-01-13 01:52:17,2008,Lampe Chambre,0.0,245.4,0.0,0.0
2026-01-13 01:53:17,2001,TV Salle à manger,0.0,244.9,0.0,0.0
2026-01-13 01:53:17,2002,Ecran,0.0,244.5,0.0,0.0
2026-01-13 01:53:17,2003,Telephone / Tablette,0.0,244.1,0.0,0.0
2026-01-13 01:53:17,2004,Cafetiere,0.0,244.1,0.0,0.0
2026-01-13 01:53:17,2005,Lampe Salle à manger,0.0,243.8,0.0,0.0
2026-01-13 01:53:17,2006,PC Portable,0.0,244.7,0.0,0.0
2026-01-13 01:53:17,2007,Lampe Cuisine,0.0,244.0,0.0,0.0
2026-01-13 01:53:17,2008,Lampe Chambre,0.0,245.3,0.0,0.0
2026-01-13 01:54:18,2001,TV Salle à manger,0.0,244.9,0.0,0.0
2026-01-13 01:54:18,2002,Ecran,0.0,244.3,0.0,0.0
2026-01-13 01:54:18,2003,Telephone / Tablette,0.0,244.0,0.0,0.0
2026-01-13 01:54:18,2004,Cafetiere,0.0,244.0,0.0,0.0
2026-01-13 01:54:18,2005,Lampe Salle à manger,0.0,243.7,0.0,0.0
2026-01-13 01:54:18,2006,PC Portable,0.0,244.7,0.0,0.0
2026-01-13 01:54:18,2007,Lampe Cuisine,0.0,243.8,0.0,0.0
2026-01-13 01:54:18,2008,Lampe Chambre,0.0,245.1,0.0,0.0
2026-01-13 01:55:18,2001,TV Salle à manger,0.0,244.5,0.0,0.0
2026-01-13 01:55:18,2002,Ecran,0.0,244.1,0.0,0.0
2026-01-13 01:55:18,2003,Telephone / Tablette,0.0,243.8,0.0,0.0
2026-01-13 01:55:18,2004,Cafetiere,0.0,243.7,0.0,0.0
2026-01-13 01:55:18,2005,Lampe Salle à manger,0.0,243.5,0.0,0.0
2026-01-13 01:55:18,2006,PC Portable,0.0,244.5,0.0,0.0
2026-01-13 01:55:18,2007,Lampe Cuisine,0.0,243.6,0.0,0.0
2026-01-13 01:55:18,2008,Lampe Chambre,0.0,244.9,0.0,0.0
2026-01-13 01:56:18,2001,TV Salle à manger,0.011,244.9,0.0,0.0
2026-01-13 01:56:18,2002,Ecran,0.0,244.5,0.0,0.0
2026-01-13 01:56:18,2003,Telephone / Tablette,0.0,244.1,0.0,0.0
2026-01-13 01:56:18,2004,Cafetiere,0.0,244.1,0.0,0.0
2026-01-13 01:56:18,2005,Lampe Salle à manger,0.0,243.9,0.0,0.0
2026-01-13 01:56:18,2006,PC Portable,0.0,244.9,0.0,0.0
2026-01-13 01:56:18,2007,Lampe Cuisine,0.0,244.1,0.0,0.0
2026-01-13 01:56:18,2008,Lampe Chambre,0.0,245.2,0.0,0.0
2026-01-13 01:57:18,2001,TV Salle à manger,0.0,244.9,0.0,0.0
2026-01-13 01:57:18,2002,Ecran,0.0,244.4,0.0,0.0
2026-01-13 01:57:18,2003,Telephone / Tablette,0.0,244.1,0.0,0.0
2026-01-13 01:57:18,2004,Cafetiere,0.0,244.1,0.0,0.0
2026-01-13 01:57:18,2005,Lampe Salle à manger,0.0,243.8,0.0,0.0
2026-01-13 01:57:18,2006,PC Portable,0.0,244.6,0.0,0.0
2026-01-13 01:57:18,2007,Lampe Cuisine,0.0,243.8,0.0,0.0
2026-01-13 01:57:18,2008,Lampe Chambre,0.0,245.2,0.0,0.0
2026-01-13 01:58:19,2001,TV Salle à manger,0.018,245.0,0.0,0.0
2026-01-13 01:58:19,2002,Ecran,0.0,244.6,0.0,0.0
2026-01-13 01:58:19,2003,Telephone / Tablette,0.0,244.2,0.0,0.0
2026-01-13 01:58:19,2004,Cafetiere,0.0,244.3,0.0,0.0
2026-01-13 01:58:19,2005,Lampe Salle à manger,0.0,244.0,0.0,0.0
2026-01-13 01:58:19,2006,PC Portable,0.0,244.9,0.0,0.0
2026-01-13 01:58:19,2007,Lampe Cuisine,0.0,244.1,0.0,0.0
2026-01-13 01:58:19,2008,Lampe Chambre,0.0,245.4,0.0,0.0
2026-01-13 01:59:19,2001,TV Salle à manger,0.0,245.2,0.0,0.0
2026-01-13 01:59:19,2002,Ecran,0.0,244.5,0.0,0.0
2026-01-13 01:59:19,2003,Telephone / Tablette,0.0,244.1,0.0,0.0
2026-01-13 01:59:19,2004,Cafetiere,0.0,244.3,0.0,0.0
2026-01-13 01:59:19,2005,Lampe Salle à manger,0.0,243.9,0.0,0.0
2026-01-13 01:59:19,2006,PC Portable,0.0,245.0,0.0,0.0
2026-01-13 01:59:19,2007,Lampe Cuisine,0.0,244.0,0.0,0.0
2026-01-13 01:59:19,2008,Lampe Chambre,0.0,245.3,0.0,0.0
2026-01-13 02:00:19,2001,TV Salle à manger,0.0,244.6,0.0,0.0
2026-01-13 02:00:19,2002,Ecran,0.0,244.2,0.0,0.0
2026-01-13 02:00:19,2003,Telephone / Tablette,0.0,243.9,0.0,0.0
2026-01-13 02:00:19,2004,Cafetiere,0.0,243.8,0.0,0.0
2026-01-13 02:00:19,2005,Lampe Salle à manger,0.0,243.6,0.0,0.0
2026-01-13 02:00:19,2006,PC Portable,0.0,244.5,0.0,0.0
2026-01-13 02:00:19,2007,Lampe Cuisine,0.0,243.7,0.0,0.0
2026-01-13 02:00:19,2008,Lampe Chambre,0.0,244.9,0.0,0.0
2026-01-13 02:01:19,2001,TV Salle à manger,0.0,244.7,0.0,0.0
2026-01-13 02:01:19,2002,Ecran,0.0,244.2,0.0,0.0
2026-01-13 02:01:19,2003,Telephone / Tablette,0.0,243.9,0.0,0.0
2026-01-13 02:01:19,2004,Cafetiere,0.0,243.9,0.0,0.0
2026-01-13 02:01:19,2005,Lampe Salle à manger,0.0,243.6,0.0,0.0
2026-01-13 02:01:19,2006,PC Portable,0.0,244.6,0.0,0.0
2026-01-13 02:01:19,2007,Lampe Cuisine,0.0,243.7,0.0,0.0
2026-01-13 02:01:19,2008,Lampe Chambre,0.0,245.0,0.0,0.0
2026-01-13 02:02:20,2001,TV Salle à manger,0.0,244.5,0.0,0.0
2026-01-13 02:02:20,2002,Ecran,0.0,244.1,0.0,0.0
2026-01-13 02:02:20,2003,Telephone / Tablette,0.0,243.8,0.0,0.0
2026-01-13 02:02:20,2004,Cafetiere,0.0,243.7,0.0,0.0
2026-01-13 02:02:20,2005,Lampe Salle à manger,0.0,243.5,0.0,0.0
2026-01-13 02:02:20,2006,PC Portable,0.0,244.4,0.0,0.0
2026-01-13 02:02:20,2007,Lampe Cuisine,0.0,243.6,0.0,0.0
2026-01-13 02:02:20,2008,Lampe Chambre,0.0,244.8,0.0,0.0
2026-01-13 02:03:20,2001,TV Salle à manger,0.023,245.0,0.0,0.0
2026-01-13 02:03:20,2002,Ecran,0.0,244.5,0.0,0.0
2026-01-13 02:03:20,2003,Telephone / Tablette,0.0,244.2,0.0,0.0
2026-01-13 02:03:20,2004,Cafetiere,0.0,244.2,0.0,0.0
2026-01-13 02:03:20,2005,Lampe Salle à manger,0.0,243.9,0.0,0.0
2026-01-13 02:03:20,2006,PC Portable,0.0,244.9,0.0,0.0
2026-01-13 02:03:20,2007,Lampe Cuisine,0.0,244.1,0.0,0.0
2026-01-13 02:03:20,2008,Lampe Chambre,0.0,245.3,0.0,0.0
2026-01-13 02:04:20,2001,TV Salle à manger,0.0,245.1,0.0,0.0
2026-01-13 02:04:20,2002,Ecran,0.0,244.7,0.0,0.0
2026-01-13 02:04:20,2003,Telephone / Tablette,0.0,244.4,0.0,0.0
2026-01-13 02:04:20,2004,Cafetiere,0.0,244.3,0.0,0.0
2026-01-13 02:04:20,2005,Lampe Salle à manger,0.0,244.0,0.0,0.0
2026-01-13 02:04:20,2006,PC Portable,0.0,245.0,0.0,0.0
2026-01-13 02:04:20,2007,Lampe Cuisine,0.0,244.3,0.0,0.0
2026-01-13 02:04:20,2008,Lampe Chambre,0.0,245.4,0.0,0.0
2026-01-13 02:05:20,2001,TV Salle à manger,0.027,245.0,0.0,0.0
2026-01-13 02:05:20,2002,Ecran,0.0,244.5,0.0,0.0
2026-01-13 02:05:20,2003,Telephone / Tablette,0.0,244.2,0.0,0.0
2026-01-13 02:05:20,2004,Cafetiere,0.0,244.2,0.0,0.0
2026-01-13 02:05:20,2005,Lampe Salle à manger,0.0,243.9,0.0,0.0
2026-01-13 02:05:20,2006,PC Portable,0.0,244.9,0.0,0.0
2026-01-13 02:05:20,2007,Lampe Cuisine,0.0,244.1,0.0,0.0
2026-01-13 02:05:20,2008,Lampe Chambre,0.0,245.4,0.0,0.0
2026-01-13 02:06:21,2001,TV Salle à manger,0.0,245.1,0.0,0.0
2026-01-13 02:06:21,2002,Ecran,0.0,244.7,0.0,0.0
2026-01-13 02:06:21,2003,Telephone / Tablette,0.0,244.3,0.0,0.0
2026-01-13 02:06:21,2004,Cafetiere,0.0,244.2,0.0,0.0
2026-01-13 02:06:21,2005,Lampe Salle à manger,0.0,243.9,0.0,0.0
2026-01-13 02:06:21,2006,PC Portable,0.0,244.8,0.0,0.0
2026-01-13 02:06:21,2007,Lampe Cuisine,0.0,244.2,0.0,0.0
2026-01-13 02:06:21,2008,Lampe Chambre,0.0,245.4,0.0,0.0
2026-01-13 02:07:21,2001,TV Salle à manger,0.022,245.0,0.0,0.0
2026-01-13 02:07:21,2002,Ecran,0.0,244.6,0.0,0.0
2026-01-13 02:07:21,2003,Telephone / Tablette,0.0,244.2,0.0,0.0
2026-01-13 02:07:21,2004,Cafetiere,0.0,244.3,0.0,0.0
2026-01-13 02:07:21,2005,Lampe Salle à manger,0.0,244.0,0.0,0.0
2026-01-13 02:07:21,2006,PC Portable,0.0,244.9,0.0,0.0
2026-01-13 02:07:21,2007,Lampe Cuisine,0.0,244.1,0.0,0.0
2026-01-13 02:07:21,2008,Lampe Chambre,0.0,245.4,0.0,0.0
2026-01-13 02:08:21,2001,TV Salle à manger,0.019,244.8,0.0,0.0
2026-01-13 02:08:21,2002,Ecran,0.0,244.5,0.0,0.0
2026-01-13 02:08:21,2003,Telephone / Tablette,0.0,244.1,0.0,0.0
2026-01-13 02:08:21,2004,Cafetiere,0.0,244.1,0.0,0.0
2026-01-13 02:08:21,2005,Lampe Salle à manger,0.0,243.9,0.0,0.0
2026-01-13 02:08:21,2006,PC Portable,0.0,244.7,0.0,0.0
2026-01-13 02:08:21,2007,Lampe Cuisine,0.0,243.8,0.0,0.0
2026-01-13 02:08:21,2008,Lampe Chambre,0.0,245.2,0.0,0.0
2026-01-13 02:09:21,2001,TV Salle à manger,0.014,245.1,0.0,0.0
2026-01-13 02:09:21,2002,Ecran,0.0,244.6,0.0,0.0
2026-01-13 02:09:21,2003,Telephone / Tablette,0.0,244.3,0.0,0.0
2026-01-13 02:09:21,2004,Cafetiere,0.0,244.3,0.0,0.0
2026-01-13 02:09:21,2005,Lampe Salle à manger,0.0,244.0,0.0,0.0
2026-01-13 02:09:21,2006,PC Portable,0.0,245.0,0.0,0.0
2026-01-13 02:09:21,2007,Lampe Cuisine,0.0,244.2,0.0,0.0
2026-01-13 02:09:21,2008,Lampe Chambre,0.0,245.4,0.0,0.0
2026-01-13 02:10:22,2001,TV Salle à manger,0.0,245.0,0.0,0.0
2026-01-13 02:10:22,2002,Ecran,0.0,244.5,0.0,0.0
2026-01-13 02:10:22,2003,Telephone / Tablette,0.0,244.2,0.0,0.0
2026-01-13 02:10:22,2004,Cafetiere,0.0,244.2,0.0,0.0
2026-01-13 02:10:22,2005,Lampe Salle à manger,0.0,243.9,0.0,0.0
2026-01-13 02:10:22,2006,PC Portable,0.0,244.9,0.0,0.0
2026-01-13 02:10:22,2007,Lampe Cuisine,0.0,244.1,0.0,0.0
2026-01-13 02:10:22,2008,Lampe Chambre,0.0,245.3,0.0,0.0
2026-01-13 02:11:22,2001,TV Salle à manger,0.017,245.0,0.0,0.0
2026-01-13 02:11:22,2002,Ecran,0.0,244.5,0.0,0.0
2026-01-13 02:11:22,2003,Telephone / Tablette,0.0,244.1,0.0,0.0
2026-01-13 02:11:22,2004,Cafetiere,0.0,244.1,0.0,0.0
2026-01-13 02:11:22,2005,Lampe Salle à manger,0.0,243.9,0.0,0.0
2026-01-13 02:11:22,2006,PC Portable,0.0,244.8,0.0,0.0
2026-01-13 02:11:22,2007,Lampe Cuisine,0.0,244.1,0.0,0.0
2026-01-13 02:11:22,2008,Lampe Chambre,0.0,245.2,0.0,0.0
2026-01-13 02:12:22,2001,TV Salle à manger,0.017,245.3,0.0,0.0
2026-01-13 02:12:22,2002,Ecran,0.0,244.8,0.0,0.0
2026-01-13 02:12:22,2003,Telephone / Tablette,0.0,244.4,0.0,0.0
2026-01-13 02:12:22,2004,Cafetiere,0.0,244.4,0.0,0.0
2026-01-13 02:12:22,2005,Lampe Salle à manger,0.0,244.2,0.0,0.0
2026-01-13 02:12:22,2006,PC Portable,0.0,245.1,0.0,0.0
2026-01-13 02:12:22,2007,Lampe Cuisine,0.0,244.3,0.0,0.0
2026-01-13 02:12:22,2008,Lampe Chambre,0.0,245.6,0.0,0.0
2026-01-13 02:13:22,2001,TV Salle à manger,0.0,245.2,0.0,0.0
2026-01-13 02:13:22,2002,Ecran,0.0,244.7,0.0,0.0
2026-01-13 02:13:22,2003,Telephone / Tablette,0.0,244.4,0.0,0.0
2026-01-13 02:13:22,2004,Cafetiere,0.0,244.4,0.0,0.0
2026-01-13 02:13:22,2005,Lampe Salle à manger,0.0,244.1,0.0,0.0
2026-01-13 02:13:22,2006,PC Portable,0.0,245.1,0.0,0.0
2026-01-13 02:13:22,2007,Lampe Cuisine,0.0,244.2,0.0,0.0
2026-01-13 02:13:22,2008,Lampe Chambre,0.0,245.5,0.0,0.0
2026-01-13 02:14:23,2001,TV Salle à manger,0.0,244.7,0.0,0.0
2026-01-13 02:14:23,2002,Ecran,0.0,244.3,0.0,0.0
2026-01-13 02:14:23,2003,Telephone / Tablette,0.0,243.9,0.0,0.0
2026-01-13 02:14:23,2004,Cafetiere,0.0,244.0,0.0,0.0
2026-01-13 02:14:23,2005,Lampe Salle à manger,0.0,243.8,0.0,0.0
2026-01-13 02:14:23,2006,PC Portable,0.0,244.7,0.0,0.0
2026-01-13 02:14:23,2007,Lampe Cuisine,0.0,243.8,0.0,0.0
2026-01-13 02:14:23,2008,Lampe Chambre,0.0,245.1,0.0,0.0
2026-01-13 02:15:23,2001,TV Salle à manger,0.011,244.8,0.0,0.0
2026-01-13 02:15:23,2002,Ecran,0.0,244.3,0.0,0.0
2026-01-13 02:15:23,2003,Telephone / Tablette,0.0,244.0,0.0,0.0
2026-01-13 02:15:23,2004,Cafetiere,0.0,244.0,0.0,0.0
2026-01-13 02:15:23,2005,Lampe Salle à manger,0.0,243.7,0.0,0.0
2026-01-13 02:15:23,2006,PC Portable,0.0,244.7,0.0,0.0
2026-01-13 02:15:23,2007,Lampe Cuisine,0.0,243.8,0.0,0.0
2026-01-13 02:15:23,2008,Lampe Chambre,0.0,245.1,0.0,0.0
2026-01-13 02:16:23,2001,TV Salle à manger,0.023,245.1,0.0,0.0
2026-01-13 02:16:23,2002,Ecran,0.0,244.7,0.0,0.0
2026-01-13 02:16:23,2003,Telephone / Tablette,0.0,244.3,0.0,0.0
2026-01-13 02:16:23,2004,Cafetiere,0.0,244.3,0.0,0.0
2026-01-13 02:16:23,2005,Lampe Salle à manger,0.0,244.1,0.0,0.0
2026-01-13 02:16:23,2006,PC Portable,0.0,245.0,0.0,0.0
2026-01-13 02:16:23,2007,Lampe Cuisine,0.0,244.2,0.0,0.0
2026-01-13 02:16:23,2008,Lampe Chambre,0.0,245.5,0.0,0.0
2026-01-13 02:17:24,2001,TV Salle à manger,0.03,245.0,0.0,0.0
2026-01-13 02:17:24,2002,Ecran,0.0,244.5,0.0,0.0
2026-01-13 02:17:24,2003,Telephone / Tablette,0.0,244.2,0.0,0.0
2026-01-13 02:17:24,2004,Cafetiere,0.0,244.1,0.0,0.0
2026-01-13 02:17:24,2005,Lampe Salle à manger,0.0,243.9,0.0,0.0
2026-01-13 02:17:24,2006,PC Portable,0.0,244.8,0.0,0.0
2026-01-13 02:17:24,2007,Lampe Cuisine,0.0,244.0,0.0,0.0
2026-01-13 02:17:24,2008,Lampe Chambre,0.0,245.3,0.0,0.0
2026-01-13 02:18:24,2001,TV Salle à manger,0.0,244.8,0.0,0.0
2026-01-13 02:18:24,2002,Ecran,0.0,244.3,0.0,0.0
2026-01-13 02:18:24,2003,Telephone / Tablette,0.0,243.9,0.0,0.0
2026-01-13 02:18:24,2004,Cafetiere,0.0,244.0,0.0,0.0
2026-01-13 02:18:24,2005,Lampe Salle à manger,0.0,243.7,0.0,0.0
2026-01-13 02:18:24,2006,PC Portable,0.0,244.7,0.0,0.0
2026-01-13 02:18:24,2007,Lampe Cuisine,0.0,243.8,0.0,0.0
2026-01-13 02:18:24,2008,Lampe Chambre,0.0,245.1,0.0,0.0
2026-01-13 02:19:24,2001,TV Salle à manger,0.0,244.9,0.0,0.0
2026-01-13 02:19:24,2002,Ecran,0.0,244.4,0.0,0.0
2026-01-13 02:19:24,2003,Telephone / Tablette,0.0,244.0,0.0,0.0
2026-01-13 02:19:24,2004,Cafetiere,0.0,244.1,0.0,0.0
2026-01-13 02:19:24,2005,Lampe Salle à manger,0.0,243.8,0.0,0.0
2026-01-13 02:19:24,2006,PC Portable,0.0,244.7,0.0,0.0
2026-01-13 02:19:24,2007,Lampe Cuisine,0.0,243.9,0.0,0.0
2026-01-13 02:19:24,2008,Lampe Chambre,0.0,245.2,0.0,0.0
2026-01-13 02:20:25,2001,TV Salle à manger,0.031,245.0,0.0,0.0
2026-01-13 02:20:25,2002,Ecran,0.0,244.5,0.0,0.0
2026-01-13 02:20:25,2003,Telephone / Tablette,0.0,244.1,0.0,0.0
2026-01-13 02:20:25,2004,Cafetiere,0.0,244.1,0.0,0.0
2026-01-13 02:20:25,2005,Lampe Salle à manger,0.0,243.9,0.0,0.0
2026-01-13 02:20:25,2006,PC Portable,0.0,244.8,0.0,0.0
2026-01-13 02:20:25,2007,Lampe Cuisine,0.0,244.0,0.0,0.0
2026-01-13 02:20:25,2008,Lampe Chambre,0.0,245.2,0.0,0.0
2026-01-13 02:21:25,2001,TV Salle à manger,0.018,245.1,0.0,0.0
2026-01-13 02:21:25,2002,Ecran,0.0,244.7,0.0,0.0
2026-01-13 02:21:25,2003,Telephone / Tablette,0.0,244.3,0.0,0.0
2026-01-13 02:21:25,2004,Cafetiere,0.0,244.3,0.0,0.0
2026-01-13 02:21:25,2005,Lampe Salle à manger,0.0,244.1,0.0,0.0
2026-01-13 02:21:25,2006,PC Portable,0.0,245.0,0.0,0.0
2026-01-13 02:21:25,2007,Lampe Cuisine,0.0,244.2,0.0,0.0
2026-01-13 02:21:25,2008,Lampe Chambre,0.0,245.4,0.0,0.0
2026-01-13 02:22:25,2001,TV Salle à manger,0.0,245.2,0.0,0.0
2026-01-13 02:22:25,2002,Ecran,0.0,244.8,0.0,0.0
2026-01-13 02:22:25,2003,Telephone / Tablette,0.0,244.3,0.0,0.0
2026-01-13 02:22:25,2004,Cafetiere,0.0,244.4,0.0,0.0
2026-01-13 02:22:25,2005,Lampe Salle à manger,0.0,244.1,0.0,0.0
2026-01-13 02:22:25,2006,PC Portable,0.0,245.0,0.0,0.0
2026-01-13 02:22:25,2007,Lampe Cuisine,0.0,244.2,0.0,0.0
2026-01-13 02:22:25,2008,Lampe Chambre,0.0,245.5,0.0,0.0
2026-01-13 02:23:25,2001,TV Salle à manger,0.0,245.5,0.0,0.0
2026-01-13 02:23:25,2002,Ecran,0.0,245.0,0.0,0.0
2026-01-13 02:23:25,2003,Telephone / Tablette,0.0,244.6,0.0,0.0
2026-01-13 02:23:25,2004,Cafetiere,0.0,244.6,0.0,0.0
2026-01-13 02:23:25,2005,Lampe Salle à manger,0.0,244.4,0.0,0.0
2026-01-13 02:23:25,2006,PC Portable,0.0,245.3,0.0,0.0
2026-01-13 02:23:25,2007,Lampe Cuisine,0.0,244.5,0.0,0.0
2026-01-13 02:23:25,2008,Lampe Chambre,0.0,245.8,0.0,0.0
2026-01-13 02:24:26,2001,TV Salle à manger,0.0,245.4,0.0,0.0
2026-01-13 02:24:26,2002,Ecran,0.0,245.0,0.0,0.0
2026-01-13 02:24:26,2003,Telephone / Tablette,0.0,244.5,0.0,0.0
2026-01-13 02:24:26,2004,Cafetiere,0.0,244.5,0.0,0.0
2026-01-13 02:24:26,2005,Lampe Salle à manger,0.0,244.3,0.0,0.0
2026-01-13 02:24:26,2006,PC Portable,0.0,245.2,0.0,0.0
2026-01-13 02:24:26,2007,Lampe Cuisine,0.0,244.5,0.0,0.0
2026-01-13 02:24:26,2008,Lampe Chambre,0.0,245.8,0.0,0.0
2026-01-13 02:25:26,2001,TV Salle à manger,0.0,245.6,0.0,0.0
2026-01-13 02:25:26,2002,Ecran,0.0,245.1,0.0,0.0
2026-01-13 02:25:26,2003,Telephone / Tablette,0.0,244.7,0.0,0.0
2026-01-13 02:25:26,2004,Cafetiere,0.0,244.8,0.0,0.0
2026-01-13 02:25:26,2005,Lampe Salle à manger,0.0,244.5,0.0,0.0
2026-01-13 02:25:26,2006,PC Portable,0.0,245.4,0.0,0.0
2026-01-13 02:25:26,2007,Lampe Cuisine,0.0,244.6,0.0,0.0
2026-01-13 02:25:26,2008,Lampe Chambre,0.0,245.9,0.0,0.0
2026-01-13 02:26:26,2001,TV Salle à manger,0.029,245.5,0.0,0.0
2026-01-13 02:26:26,2002,Ecran,0.0,245.1,0.0,0.0
2026-01-13 02:26:26,2003,Telephone / Tablette,0.0,244.7,0.0,0.0
2026-01-13 02:26:26,2004,Cafetiere,0.0,244.7,0.0,0.0
2026-01-13 02:26:26,2005,Lampe Salle à manger,0.0,244.5,0.0,0.0
2026-01-13 02:26:26,2006,PC Portable,0.0,245.4,0.0,0.0
2026-01-13 02:26:26,2007,Lampe Cuisine,0.0,244.6,0.0,0.0
2026-01-13 02:26:26,2008,Lampe Chambre,0.0,245.9,0.0,0.0
2026-01-13 02:27:27,2001,TV Salle à manger,0.012,245.7,0.0,0.0
2026-01-13 02:27:27,2002,Ecran,0.0,245.2,0.0,0.0
2026-01-13 02:27:27,2003,Telephone / Tablette,0.0,244.8,0.0,0.0
2026-01-13 02:27:27,2004,Cafetiere,0.0,244.8,0.0,0.0
2026-01-13 02:27:27,2005,Lampe Salle à manger,0.0,244.6,0.0,0.0
2026-01-13 02:27:27,2006,PC Portable,0.0,245.5,0.0,0.0
2026-01-13 02:27:27,2007,Lampe Cuisine,0.0,244.7,0.0,0.0
2026-01-13 02:27:27,2008,Lampe Chambre,0.0,246.0,0.0,0.0
2026-01-13 02:28:27,2001,TV Salle à manger,0.0,245.3,0.0,0.0
2026-01-13 02:28:27,2002,Ecran,0.0,244.8,0.0,0.0
2026-01-13 02:28:27,2003,Telephone / Tablette,0.0,244.3,0.0,0.0
2026-01-13 02:28:27,2004,Cafetiere,0.0,244.6,0.0,0.0
2026-01-13 02:28:27,2005,Lampe Salle à manger,0.0,244.2,0.0,0.0
2026-01-13 02:28:27,2006,PC Portable,0.0,245.1,0.0,0.0
2026-01-13 02:28:27,2007,Lampe Cuisine,0.0,244.3,0.0,0.0
2026-01-13 02:28:27,2008,Lampe Chambre,0.0,245.7,0.0,0.0
2026-01-13 02:29:27,2001,TV Salle à manger,0.0,245.6,0.0,0.0
2026-01-13 02:29:27,2002,Ecran,0.0,245.1,0.0,0.0
2026-01-13 02:29:27,2003,Telephone / Tablette,0.0,244.8,0.0,0.0
2026-01-13 02:29:27,2004,Cafetiere,0.0,244.7,0.0,0.0
2026-01-13 02:29:27,2005,Lampe Salle à manger,0.0,244.5,0.0,0.0
2026-01-13 02:29:27,2006,PC Portable,0.0,245.5,0.0,0.0
2026-01-13 02:29:27,2007,Lampe Cuisine,0.0,244.6,0.0,0.0
2026-01-13 02:29:27,2008,Lampe Chambre,0.0,245.9,0.0,0.0
2026-01-13 02:30:27,2001,TV Salle à manger,0.0,245.4,0.0,0.0
2026-01-13 02:30:27,2002,Ecran,0.0,245.0,0.0,0.0
2026-01-13 02:30:27,2003,Telephone / Tablette,0.0,244.6,0.0,0.0
2026-01-13 02:30:27,2004,Cafetiere,0.0,244.6,0.0,0.0
2026-01-13 02:30:27,2005,Lampe Salle à manger,0.0,244.3,0.0,0.0
2026-01-13 02:30:27,2006,PC Portable,0.0,245.3,0.0,0.0
2026-01-13 02:30:27,2007,Lampe Cuisine,0.0,244.5,0.0,0.0
2026-01-13 02:30:27,2008,Lampe Chambre,0.0,245.7,0.0,0.0
2026-01-13 02:31:28,2001,TV Salle à manger,0.0,245.4,0.0,0.0
2026-01-13 02:31:28,2002,Ecran,0.0,244.9,0.0,0.0
2026-01-13 02:31:28,2003,Telephone / Tablette,0.0,244.5,0.0,0.0
2026-01-13 02:31:28,2004,Cafetiere,0.0,244.6,0.0,0.0
2026-01-13 02:31:28,2005,Lampe Salle à manger,0.0,244.3,0.0,0.0
2026-01-13 02:31:28,2006,PC Portable,0.0,245.3,0.0,0.0
2026-01-13 02:31:28,2007,Lampe Cuisine,0.0,244.4,0.0,0.0
2026-01-13 02:31:28,2008,Lampe Chambre,0.0,245.7,0.0,0.0
2026-01-13 02:32:28,2001,TV Salle à manger,0.0,244.7,0.0,0.0
2026-01-13 02:32:28,2002,Ecran,0.0,244.4,0.0,0.0
2026-01-13 02:32:28,2003,Telephone / Tablette,0.0,244.0,0.0,0.0
2026-01-13 02:32:28,2004,Cafetiere,0.0,243.9,0.0,0.0
2026-01-13 02:32:28,2005,Lampe Salle à manger,0.0,243.6,0.0,0.0
2026-01-13 02:32:28,2006,PC Portable,0.0,244.6,0.0,0.0
2026-01-13 02:32:28,2007,Lampe Cuisine,0.0,243.8,0.0,0.0
2026-01-13 02:32:28,2008,Lampe Chambre,0.0,245.2,0.0,0.0
2026-01-13 02:33:28,2001,TV Salle à manger,0.0,245.2,0.0,0.0
2026-01-13 02:33:28,2002,Ecran,0.0,244.7,0.0,0.0
2026-01-13 02:33:28,2003,Telephone / Tablette,0.0,244.4,0.0,0.0
2026-01-13 02:33:28,2004,Cafetiere,0.0,244.4,0.0,0.0
2026-01-13 02:33:28,2005,Lampe Salle à manger,0.0,244.1,0.0,0.0
2026-01-13 02:33:28,2006,PC Portable,0.0,245.1,0.0,0.0
2026-01-13 02:33:28,2007,Lampe Cuisine,0.0,244.3,0.0,0.0
2026-01-13 02:33:28,2008,Lampe Chambre,0.0,245.5,0.0,0.0
2026-01-13 02:34:28,2001,TV Salle à manger,0.0,245.5,0.0,0.0
2026-01-13 02:34:28,2002,Ecran,0.0,245.0,0.0,0.0
2026-01-13 02:34:28,2003,Telephone / Tablette,0.0,244.6,0.0,0.0
2026-01-13 02:34:28,2004,Cafetiere,0.0,244.7,0.0,0.0
2026-01-13 02:34:28,2005,Lampe Salle à manger,0.0,244.3,0.0,0.0
2026-01-13 02:34:28,2006,PC Portable,0.0,245.4,0.0,0.0
2026-01-13 02:34:28,2007,Lampe Cuisine,0.0,244.6,0.0,0.0
2026-01-13 02:34:28,2008,Lampe Chambre,0.0,245.8,0.0,0.0
2026-01-13 02:35:29,2001,TV Salle à manger,0.0,245.3,0.0,0.0
2026-01-13 02:35:29,2002,Ecran,0.0,244.8,0.0,0.0
2026-01-13 02:35:29,2003,Telephone / Tablette,0.0,244.5,0.0,0.0
2026-01-13 02:35:29,2004,Cafetiere,0.0,244.5,0.0,0.0
2026-01-13 02:35:29,2005,Lampe Salle à manger,0.0,244.2,0.0,0.0
2026-01-13 02:35:29,2006,PC Portable,0.0,245.1,0.0,0.0
2026-01-13 02:35:29,2007,Lampe Cuisine,0.0,244.4,0.0,0.0
2026-01-13 02:35:29,2008,Lampe Chambre,0.0,245.6,0.0,0.0
2026-01-13 02:36:29,2001,TV Salle à manger,0.019,245.5,0.0,0.0
2026-01-13 02:36:29,2002,Ecran,0.0,245.2,0.0,0.0
2026-01-13 02:36:29,2003,Telephone / Tablette,0.0,244.8,0.0,0.0
2026-01-13 02:36:29,2004,Cafetiere,0.0,244.8,0.0,0.0
2026-01-13 02:36:29,2005,Lampe Salle à manger,0.0,244.5,0.0,0.0
2026-01-13 02:36:29,2006,PC Portable,0.0,245.4,0.0,0.0
2026-01-13 02:36:29,2007,Lampe Cuisine,0.0,244.7,0.0,0.0
2026-01-13 02:36:29,2008,Lampe Chambre,0.0,245.9,0.0,0.0
2026-01-13 02:37:29,2001,TV Salle à manger,0.0,245.5,0.0,0.0
2026-01-13 02:37:29,2002,Ecran,0.0,245.0,0.0,0.0
2026-01-13 02:37:29,2003,Telephone / Tablette,0.0,244.6,0.0,0.0
2026-01-13 02:37:29,2004,Cafetiere,0.0,244.7,0.0,0.0
2026-01-13 02:37:29,2005,Lampe Salle à manger,0.0,244.4,0.0,0.0
2026-01-13 02:37:29,2006,PC Portable,0.0,245.3,0.0,0.0
2026-01-13 02:37:29,2007,Lampe Cuisine,0.0,244.5,0.0,0.0
2026-01-13 02:37:29,2008,Lampe Chambre,0.0,245.8,0.0,0.0
2026-01-13 02:38:29,2001,TV Salle à manger,0.0,245.7,0.0,0.0
2026-01-13 02:38:29,2002,Ecran,0.0,245.2,0.0,0.0
2026-01-13 02:38:29,2003,Telephone / Tablette,0.0,244.9,0.0,0.0
2026-01-13 02:38:29,2004,Cafetiere,0.0,244.9,0.0,0.0
2026-01-13 02:38:29,2005,Lampe Salle à manger,0.0,244.6,0.0,0.0
2026-01-13 02:38:29,2006,PC Portable,0.0,245.6,0.0,0.0
2026-01-13 02:38:29,2007,Lampe Cuisine,0.0,244.8,0.0,0.0
2026-01-13 02:38:29,2008,Lampe Chambre,0.0,246.0,0.0,0.0
2026-01-13 02:39:30,2001,TV Salle à manger,0.0,245.8,0.0,0.0
2026-01-13 02:39:30,2002,Ecran,0.0,245.3,0.0,0.0
2026-01-13 02:39:30,2003,Telephone / Tablette,0.0,244.9,0.0,0.0
2026-01-13 02:39:30,2004,Cafetiere,0.0,245.0,0.0,0.0
2026-01-13 02:39:30,2005,Lampe Salle à manger,0.0,244.7,0.0,0.0
2026-01-13 02:39:30,2006,PC Portable,0.0,245.7,0.0,0.0
2026-01-13 02:39:30,2007,Lampe Cuisine,0.0,244.7,0.0,0.0
2026-01-13 02:39:30,2008,Lampe Chambre,0.0,246.1,0.0,0.0
2026-01-13 02:40:30,2001,TV Salle à manger,0.0,245.5,0.0,0.0
2026-01-13 02:40:30,2002,Ecran,0.0,245.2,0.0,0.0
2026-01-13 02:40:30,2003,Telephone / Tablette,0.0,244.7,0.0,0.0
2026-01-13 02:40:30,2004,Cafetiere,0.0,244.6,0.0,0.0
2026-01-13 02:40:30,2005,Lampe Salle à manger,0.0,244.5,0.0,0.0
2026-01-13 02:40:30,2006,PC Portable,0.0,245.3,0.0,0.0
2026-01-13 02:40:30,2007,Lampe Cuisine,0.0,244.5,0.0,0.0
2026-01-13 02:40:30,2008,Lampe Chambre,0.0,245.8,0.0,0.0
2026-01-13 02:41:30,2001,TV Salle à manger,0.0,245.5,0.0,0.0
2026-01-13 02:41:30,2002,Ecran,0.0,245.1,0.0,0.0
2026-01-13 02:41:30,2003,Telephone / Tablette,0.0,244.6,0.0,0.0
2026-01-13 02:41:30,2004,Cafetiere,0.0,244.7,0.0,0.0
2026-01-13 02:41:30,2005,Lampe Salle à manger,0.0,244.4,0.0,0.0
2026-01-13 02:41:30,2006,PC Portable,0.0,245.4,0.0,0.0
2026-01-13 02:41:30,2007,Lampe Cuisine,0.0,244.6,0.0,0.0
2026-01-13 02:41:30,2008,Lampe Chambre,0.0,245.8,0.0,0.0
2026-01-13 02:42:31,2001,TV Salle à manger,0.012,245.4,0.0,0.0
2026-01-13 02:42:31,2002,Ecran,0.0,245.0,0.0,0.0
2026-01-13 02:42:31,2003,Telephone / Tablette,0.0,244.5,0.0,0.0
2026-01-13 02:42:31,2004,Cafetiere,0.0,244.6,0.0,0.0
2026-01-13 02:42:31,2005,Lampe Salle à manger,0.0,244.3,0.0,0.0
2026-01-13 02:42:31,2006,PC Portable,0.0,245.2,0.0,0.0
2026-01-13 02:42:31,2007,Lampe Cuisine,0.0,244.4,0.0,0.0
2026-01-13 02:42:31,2008,Lampe Chambre,0.0,245.7,0.0,0.0
2026-01-13 02:43:31,2001,TV Salle à manger,0.024,245.8,0.0,0.0
2026-01-13 02:43:31,2002,Ecran,0.0,245.3,0.0,0.0
2026-01-13 02:43:31,2003,Telephone / Tablette,0.0,244.9,0.0,0.0
2026-01-13 02:43:31,2004,Cafetiere,0.0,244.8,0.0,0.0
2026-01-13 02:43:31,2005,Lampe Salle à manger,0.0,244.7,0.0,0.0
2026-01-13 02:43:31,2006,PC Portable,0.0,245.7,0.0,0.0
2026-01-13 02:43:31,2007,Lampe Cuisine,0.0,244.8,0.0,0.0
2026-01-13 02:43:31,2008,Lampe Chambre,0.0,246.0,0.0,0.0
2026-01-13 02:44:31,2001,TV Salle à manger,0.0,245.4,0.0,0.0
2026-01-13 02:44:31,2002,Ecran,0.0,245.0,0.0,0.0
2026-01-13 02:44:31,2003,Telephone / Tablette,0.0,244.5,0.0,0.0
2026-01-13 02:44:31,2004,Cafetiere,0.0,244.6,0.0,0.0
2026-01-13 02:44:31,2005,Lampe Salle à manger,0.0,244.3,0.0,0.0
2026-01-13 02:44:31,2006,PC Portable,0.0,245.3,0.0,0.0
2026-01-13 02:44:31,2007,Lampe Cuisine,0.0,244.5,0.0,0.0
2026-01-13 02:44:31,2008,Lampe Chambre,0.0,245.7,0.0,0.0
2026-01-13 02:45:31,2001,TV Salle à manger,0.028,245.5,0.0,0.0
2026-01-13 02:45:31,2002,Ecran,0.0,245.0,0.0,0.0
2026-01-13 02:45:31,2003,Telephone / Tablette,0.0,244.6,0.0,0.0
2026-01-13 02:45:31,2004,Cafetiere,0.0,244.7,0.0,0.0
2026-01-13 02:45:31,2005,Lampe Salle à manger,0.0,244.5,0.0,0.0
2026-01-13 02:45:31,2006,PC Portable,0.0,245.5,0.0,0.0
2026-01-13 02:45:31,2007,Lampe Cuisine,0.0,244.5,0.0,0.0
2026-01-13 02:45:31,2008,Lampe Chambre,0.0,245.8,0.0,0.0
2026-01-13 02:46:32,2001,TV Salle à manger,0.0,245.6,0.0,0.0
2026-01-13 02:46:32,2002,Ecran,0.0,245.2,0.0,0.0
2026-01-13 02:46:32,2003,Telephone / Tablette,0.0,244.8,0.0,0.0
2026-01-13 02:46:32,2004,Cafetiere,0.0,244.8,0.0,0.0
2026-01-13 02:46:32,2005,Lampe Salle à manger,0.0,244.6,0.0,0.0
2026-01-13 02:46:32,2006,PC Portable,0.0,245.6,0.0,0.0
2026-01-13 02:46:32,2007,Lampe Cuisine,0.0,244.7,0.0,0.0
2026-01-13 02:46:32,2008,Lampe Chambre,0.0,245.9,0.0,0.0
2026-01-13 02:47:32,2001,TV Salle à manger,0.0,245.5,0.0,0.0
2026-01-13 02:47:32,2002,Ecran,0.0,245.0,0.0,0.0
2026-01-13 02:47:32,2003,Telephone / Tablette,0.0,244.7,0.0,0.0
2026-01-13 02:47:32,2004,Cafetiere,0.0,244.8,0.0,0.0
2026-01-13 02:47:32,2005,Lampe Salle à manger,0.0,244.5,0.0,0.0
2026-01-13 02:47:32,2006,PC Portable,0.0,245.4,0.0,0.0
2026-01-13 02:47:32,2007,Lampe Cuisine,0.0,244.6,0.0,0.0
2026-01-13 02:47:32,2008,Lampe Chambre,0.0,245.8,0.0,0.0
2026-01-13 02:48:32,2001,TV Salle à manger,0.0,245.6,0.0,0.0
2026-01-13 02:48:32,2002,Ecran,0.0,245.2,0.0,0.0
2026-01-13 02:48:32,2003,Telephone / Tablette,0.0,244.8,0.0,0.0
2026-01-13 02:48:32,2004,Cafetiere,0.0,244.8,0.0,0.0
2026-01-13 02:48:32,2005,Lampe Salle à manger,0.0,244.5,0.0,0.0
2026-01-13 02:48:32,2006,PC Portable,0.0,245.6,0.0,0.0
2026-01-13 02:48:32,2007,Lampe Cuisine,0.0,244.7,0.0,0.0
2026-01-13 02:48:32,2008,Lampe Chambre,0.0,246.0,0.0,0.0
2026-01-13 02:49:32,2001,TV Salle à manger,0.0,245.5,0.0,0.0
2026-01-13 02:49:32,2002,Ecran,0.0,245.0,0.0,0.0
2026-01-13 02:49:32,2003,Telephone / Tablette,0.0,244.7,0.0,0.0
2026-01-13 02:49:32,2004,Cafetiere,0.0,244.7,0.0,0.0
2026-01-13 02:49:32,2005,Lampe Salle à manger,0.0,244.4,0.0,0.0
2026-01-13 02:49:32,2006,PC Portable,0.0,245.3,0.0,0.0
2026-01-13 02:49:32,2007,Lampe Cuisine,0.0,244.5,0.0,0.0
2026-01-13 02:49:32,2008,Lampe Chambre,0.0,245.8,0.0,0.0
2026-01-13 02:50:33,2001,TV Salle à manger,0.0,245.5,0.0,0.0
2026-01-13 02:50:33,2002,Ecran,0.0,245.0,0.0,0.0
2026-01-13 02:50:33,2003,Telephone / Tablette,0.0,244.7,0.0,0.0
2026-01-13 02:50:33,2004,Cafetiere,0.0,244.6,0.0,0.0
2026-01-13 02:50:33,2005,Lampe Salle à manger,0.0,244.4,0.0,0.0
2026-01-13 02:50:33,2006,PC Portable,0.0,245.4,0.0,0.0
2026-01-13 02:50:33,2007,Lampe Cuisine,0.0,244.6,0.0,0.0
2026-01-13 02:50:33,2008,Lampe Chambre,0.0,245.7,0.0,0.0
2026-01-13 02:51:33,2001,TV Salle à manger,0.0,245.6,0.0,0.0
2026-01-13 02:51:33,2002,Ecran,0.0,245.1,0.0,0.0
2026-01-13 02:51:33,2003,Telephone / Tablette,0.0,244.8,0.0,0.0
2026-01-13 02:51:33,2004,Cafetiere,0.0,244.9,0.0,0.0
2026-01-13 02:51:33,2005,Lampe Salle à manger,0.0,244.5,0.0,0.0
2026-01-13 02:51:33,2006,PC Portable,0.0,245.4,0.0,0.0
2026-01-13 02:51:33,2007,Lampe Cuisine,0.0,244.6,0.0,0.0
2026-01-13 02:51:33,2008,Lampe Chambre,0.0,245.9,0.0,0.0
2026-01-13 02:52:33,2001,TV Salle à manger,0.0,245.8,0.0,0.0
2026-01-13 02:52:33,2002,Ecran,0.0,245.3,0.0,0.0
2026-01-13 02:52:33,2003,Telephone / Tablette,0.0,244.9,0.0,0.0
2026-01-13 02:52:33,2004,Cafetiere,0.0,244.9,0.0,0.0
2026-01-13 02:52:33,2005,Lampe Salle à manger,0.0,244.6,0.0,0.0
2026-01-13 02:52:33,2006,PC Portable,0.0,245.7,0.0,0.0
2026-01-13 02:52:33,2007,Lampe Cuisine,0.0,244.8,0.0,0.0
2026-01-13 02:52:33,2008,Lampe Chambre,0.0,246.0,0.0,0.0
2026-01-13 02:53:33,2001,TV Salle à manger,0.0,245.7,0.0,0.0
2026-01-13 02:53:33,2002,Ecran,0.0,245.3,0.0,0.0
2026-01-13 02:53:33,2003,Telephone / Tablette,0.0,244.9,0.0,0.0
2026-01-13 02:53:33,2004,Cafetiere,0.0,245.0,0.0,0.0
2026-01-13 02:53:33,2005,Lampe Salle à manger,0.0,244.7,0.0,0.0
2026-01-13 02:53:33,2006,PC Portable,0.0,245.5,0.0,0.0
2026-01-13 02:53:33,2007,Lampe Cuisine,0.0,244.8,0.0,0.0
2026-01-13 02:53:33,2008,Lampe Chambre,0.0,246.1,0.0,0.0
2026-01-13 02:54:34,2001,TV Salle à manger,0.0,245.9,0.0,0.0
2026-01-13 02:54:34,2002,Ecran,0.0,245.4,0.0,0.0
2026-01-13 02:54:34,2003,Telephone / Tablette,0.0,245.0,0.0,0.0
2026-01-13 02:54:34,2004,Cafetiere,0.0,245.1,0.0,0.0
2026-01-13 02:54:34,2005,Lampe Salle à manger,0.0,244.8,0.0,0.0
2026-01-13 02:54:34,2006,PC Portable,0.0,245.8,0.0,0.0
2026-01-13 02:54:34,2007,Lampe Cuisine,0.0,244.8,0.0,0.0
2026-01-13 02:54:34,2008,Lampe Chambre,0.0,246.1,0.0,0.0
2026-01-13 02:55:34,2001,TV Salle à manger,0.0,245.9,0.0,0.0
2026-01-13 02:55:34,2002,Ecran,0.0,245.4,0.0,0.0
2026-01-13 02:55:34,2003,Telephone / Tablette,0.0,245.0,0.0,0.0
2026-01-13 02:55:34,2004,Cafetiere,0.0,245.1,0.0,0.0
2026-01-13 02:55:34,2005,Lampe Salle à manger,0.0,244.8,0.0,0.0
2026-01-13 02:55:34,2006,PC Portable,0.0,245.7,0.0,0.0
2026-01-13 02:55:34,2007,Lampe Cuisine,0.0,244.9,0.0,0.0
2026-01-13 02:55:34,2008,Lampe Chambre,0.0,246.1,0.0,0.0
2026-01-13 02:56:34,2001,TV Salle à manger,0.0,245.6,0.0,0.0
2026-01-13 02:56:34,2002,Ecran,0.0,245.2,0.0,0.0
2026-01-13 02:56:34,2003,Telephone / Tablette,0.0,244.8,0.0,0.0
2026-01-13 02:56:34,2004,Cafetiere,0.0,244.9,0.0,0.0
2026-01-13 02:56:34,2005,Lampe Salle à manger,0.0,244.7,0.0,0.0
2026-01-13 02:56:34,2006,PC Portable,0.0,245.6,0.0,0.0
2026-01-13 02:56:34,2007,Lampe Cuisine,0.0,244.6,0.0,0.0
2026-01-13 02:56:34,2008,Lampe Chambre,0.0,246.0,0.0,0.0
2026-01-13 02:57:35,2001,TV Salle à manger,0.0,246.2,0.0,0.0
2026-01-13 02:57:35,2002,Ecran,0.0,245.7,0.0,0.0
2026-01-13 02:57:35,2003,Telephone / Tablette,0.0,245.3,0.0,0.0
2026-01-13 02:57:35,2004,Cafetiere,0.0,245.3,0.0,0.0
2026-01-13 02:57:35,2005,Lampe Salle à manger,0.0,245.1,0.0,0.0
2026-01-13 02:57:35,2006,PC Portable,0.0,246.0,0.0,0.0
2026-01-13 02:57:35,2007,Lampe Cuisine,0.0,245.2,0.0,0.0
2026-01-13 02:57:35,2008,Lampe Chambre,0.0,246.5,0.0,0.0
2026-01-13 02:58:35,2001,TV Salle à manger,0.0,245.8,0.0,0.0
2026-01-13 02:58:35,2002,Ecran,0.0,245.2,0.0,0.0
2026-01-13 02:58:35,2003,Telephone / Tablette,0.0,244.8,0.0,0.0
2026-01-13 02:58:35,2004,Cafetiere,0.0,244.9,0.0,0.0
2026-01-13 02:58:35,2005,Lampe Salle à manger,0.0,244.5,0.0,0.0
2026-01-13 02:58:35,2006,PC Portable,0.0,245.5,0.0,0.0
2026-01-13 02:58:35,2007,Lampe Cuisine,0.0,244.6,0.0,0.0
2026-01-13 02:58:35,2008,Lampe Chambre,0.0,245.9,0.0,0.0
2026-01-13 02:59:35,2001,TV Salle à manger,0.024,246.0,0.0,0.0
2026-01-13 02:59:35,2002,Ecran,0.0,245.5,0.0,0.0
2026-01-13 02:59:35,2003,Telephone / Tablette,0.0,245.1,0.0,0.0
2026-01-13 02:59:35,2004,Cafetiere,0.0,245.1,0.0,0.0
2026-01-13 02:59:35,2005,Lampe Salle à manger,0.0,244.9,0.0,0.0
2026-01-13 02:59:35,2006,PC Portable,0.0,245.8,0.0,0.0
2026-01-13 02:59:35,2007,Lampe Cuisine,0.0,244.9,0.0,0.0
2026-01-13 02:59:35,2008,Lampe Chambre,0.0,246.2,0.0,0.0
2026-01-13 03:00:35,2001,TV Salle à manger,0.032,245.8,0.0,0.0
2026-01-13 03:00:35,2002,Ecran,0.0,245.3,0.0,0.0
2026-01-13 03:00:35,2003,Telephone / Tablette,0.0,244.9,0.0,0.0
2026-01-13 03:00:35,2004,Cafetiere,0.0,245.0,0.0,0.0
2026-01-13 03:00:35,2005,Lampe Salle à manger,0.0,244.7,0.0,0.0
2026-01-13 03:00:35,2006,PC Portable,0.0,245.7,0.0,0.0
2026-01-13 03:00:35,2007,Lampe Cuisine,0.0,244.9,0.0,0.0
2026-01-13 03:00:35,2008,Lampe Chambre,0.0,246.1,0.0,0.0
2026-01-13 03:01:36,2001,TV Salle à manger,0.024,245.5,0.0,0.0
2026-01-13 03:01:36,2002,Ecran,0.0,245.0,0.0,0.0
2026-01-13 03:01:36,2003,Telephone / Tablette,0.0,244.6,0.0,0.0
2026-01-13 03:01:36,2004,Cafetiere,0.0,244.8,0.0,0.0
2026-01-13 03:01:36,2005,Lampe Salle à manger,0.0,244.5,0.0,0.0
2026-01-13 03:01:36,2006,PC Portable,0.0,245.5,0.0,0.0
2026-01-13 03:01:36,2007,Lampe Cuisine,0.0,244.5,0.0,0.0
2026-01-13 03:01:36,2008,Lampe Chambre,0.0,245.9,0.0,0.0
2026-01-13 03:02:36,2001,TV Salle à manger,0.017,245.8,0.0,0.0
2026-01-13 03:02:36,2002,Ecran,0.0,245.2,0.0,0.0
2026-01-13 03:02:36,2003,Telephone / Tablette,0.0,244.8,0.0,0.0
2026-01-13 03:02:36,2004,Cafetiere,0.0,244.9,0.0,0.0
2026-01-13 03:02:36,2005,Lampe Salle à manger,0.0,244.6,0.0,0.0
2026-01-13 03:02:36,2006,PC Portable,0.0,245.7,0.0,0.0
2026-01-13 03:02:36,2007,Lampe Cuisine,0.0,244.8,0.0,0.0
2026-01-13 03:02:36,2008,Lampe Chambre,0.0,246.0,0.0,0.0
2026-01-13 03:03:36,2001,TV Salle à manger,0.0,245.6,0.0,0.0
2026-01-13 03:03:36,2002,Ecran,0.0,245.2,0.0,0.0
2026-01-13 03:03:36,2003,Telephone / Tablette,0.0,244.8,0.0,0.0
2026-01-13 03:03:36,2004,Cafetiere,0.0,244.8,0.0,0.0
2026-01-13 03:03:36,2005,Lampe Salle à manger,0.0,244.5,0.0,0.0
2026-01-13 03:03:36,2006,PC Portable,0.0,245.5,0.0,0.0
2026-01-13 03:03:36,2007,Lampe Cuisine,0.0,244.7,0.0,0.0
2026-01-13 03:03:36,2008,Lampe Chambre,0.0,245.9,0.0,0.0
2026-01-13 03:04:37,2001,TV Salle à manger,0.0,245.6,0.0,0.0
2026-01-13 03:04:37,2002,Ecran,0.0,245.2,0.0,0.0
2026-01-13 03:04:37,2003,Telephone / Tablette,0.0,244.8,0.0,0.0
2026-01-13 03:04:37,2004,Cafetiere,0.0,244.8,0.0,0.0
2026-01-13 03:04:37,2005,Lampe Salle à manger,0.0,244.6,0.0,0.0
2026-01-13 03:04:37,2006,PC Portable,0.0,245.5,0.0,0.0
2026-01-13 03:04:37,2007,Lampe Cuisine,0.0,244.7,0.0,0.0
2026-01-13 03:04:37,2008,Lampe Chambre,0.0,246.0,0.0,0.0
2026-01-13 03:05:37,2001,TV Salle à manger,0.0,245.5,0.0,0.0
2026-01-13 03:05:37,2002,Ecran,0.0,245.1,0.0,0.0
2026-01-13 03:05:37,2003,Telephone / Tablette,0.0,244.7,0.0,0.0
2026-01-13 03:05:37,2004,Cafetiere,0.0,244.7,0.0,0.0
2026-01-13 03:05:37,2005,Lampe Salle à manger,0.0,244.5,0.0,0.0
2026-01-13 03:05:37,2006,PC Portable,0.0,245.4,0.0,0.0
2026-01-13 03:05:37,2007,Lampe Cuisine,0.0,244.6,0.0,0.0
2026-01-13 03:05:37,2008,Lampe Chambre,0.0,245.8,0.0,0.0
2026-01-13 03:06:37,2001,TV Salle à manger,0.0,245.6,0.0,0.0
2026-01-13 03:06:37,2002,Ecran,0.0,245.1,0.0,0.0
2026-01-13 03:06:37,2003,Telephone / Tablette,0.0,244.8,0.0,0.0
2026-01-13 03:06:37,2004,Cafetiere,0.0,244.8,0.0,0.0
2026-01-13 03:06:37,2005,Lampe Salle à manger,0.0,244.5,0.0,0.0
2026-01-13 03:06:37,2006,PC Portable,0.0,245.4,0.0,0.0
2026-01-13 03:06:37,2007,Lampe Cuisine,0.0,244.6,0.0,0.0
2026-01-13 03:06:37,2008,Lampe Chambre,0.0,245.9,0.0,0.0
2026-01-13 03:07:37,2001,TV Salle à manger,0.0,245.7,0.0,0.0
2026-01-13 03:07:37,2002,Ecran,0.0,245.2,0.0,0.0
2026-01-13 03:07:37,2003,Telephone / Tablette,0.0,244.8,0.0,0.0
2026-01-13 03:07:37,2004,Cafetiere,0.0,244.9,0.0,0.0
2026-01-13 03:07:37,2005,Lampe Salle à manger,0.0,244.6,0.0,0.0
2026-01-13 03:07:37,2006,PC Portable,0.0,245.6,0.0,0.0
2026-01-13 03:07:37,2007,Lampe Cuisine,0.0,244.7,0.0,0.0
2026-01-13 03:07:37,2008,Lampe Chambre,0.0,246.0,0.0,0.0
2026-01-13 03:08:38,2001,TV Salle à manger,0.011,245.5,0.0,0.0
2026-01-13 03:08:38,2002,Ecran,0.0,245.1,0.0,0.0
2026-01-13 03:08:38,2003,Telephone / Tablette,0.0,244.7,0.0,0.0
2026-01-13 03:08:38,2004,Cafetiere,0.0,244.8,0.0,0.0
2026-01-13 03:08:38,2005,Lampe Salle à manger,0.0,244.5,0.0,0.0
2026-01-13 03:08:38,2006,PC Portable,0.0,245.4,0.0,0.0
2026-01-13 03:08:38,2007,Lampe Cuisine,0.0,244.6,0.0,0.0
2026-01-13 03:08:38,2008,Lampe Chambre,0.0,245.9,0.0,0.0
2026-01-13 03:09:38,2001,TV Salle à manger,0.0,245.6,0.0,0.0
2026-01-13 03:09:38,2002,Ecran,0.0,245.0,0.0,0.0
2026-01-13 03:09:38,2003,Telephone / Tablette,0.0,244.6,0.0,0.0
2026-01-13 03:09:38,2004,Cafetiere,0.0,244.7,0.0,0.0
2026-01-13 03:09:38,2005,Lampe Salle à manger,0.0,244.4,0.0,0.0
2026-01-13 03:09:38,2006,PC Portable,0.0,245.5,0.0,0.0
2026-01-13 03:09:38,2007,Lampe Cuisine,0.0,244.7,0.0,0.0
2026-01-13 03:09:38,2008,Lampe Chambre,0.0,245.7,0.0,0.0
2026-01-13 03:10:38,2001,TV Salle à manger,0.0,245.8,0.0,0.0
2026-01-13 03:10:38,2002,Ecran,0.0,245.3,0.0,0.0
2026-01-13 03:10:38,2003,Telephone / Tablette,0.0,244.9,0.0,0.0
2026-01-13 03:10:38,2004,Cafetiere,0.0,245.0,0.0,0.0
2026-01-13 03:10:38,2005,Lampe Salle à manger,0.0,244.6,0.0,0.0
2026-01-13 03:10:38,2006,PC Portable,0.0,245.7,0.0,0.0
2026-01-13 03:10:38,2007,Lampe Cuisine,0.0,244.8,0.0,0.0
2026-01-13 03:10:38,2008,Lampe Chambre,0.0,246.1,0.0,0.0
2026-01-13 03:11:38,2001,TV Salle à manger,0.0,245.4,0.0,0.0
2026-01-13 03:11:38,2002,Ecran,0.0,245.0,0.0,0.0
2026-01-13 03:11:38,2003,Telephone / Tablette,0.0,244.6,0.0,0.0
2026-01-13 03:11:38,2004,Cafetiere,0.0,244.6,0.0,0.0
2026-01-13 03:11:38,2005,Lampe Salle à manger,0.0,244.4,0.0,0.0
2026-01-13 03:11:38,2006,PC Portable,0.0,245.3,0.0,0.0
2026-01-13 03:11:38,2007,Lampe Cuisine,0.0,244.5,0.0,0.0
2026-01-13 03:11:38,2008,Lampe Chambre,0.0,245.7,0.0,0.0
2026-01-13 03:12:39,2001,TV Salle à manger,0.0,245.7,0.0,0.0
2026-01-13 03:12:39,2002,Ecran,0.0,245.3,0.0,0.0
2026-01-13 03:12:39,2003,Telephone / Tablette,0.0,244.9,0.0,0.0
2026-01-13 03:12:39,2004,Cafetiere,0.0,244.9,0.0,0.0
2026-01-13 03:12:39,2005,Lampe Salle à manger,0.0,244.7,0.0,0.0
2026-01-13 03:12:39,2006,PC Portable,0.0,245.6,0.0,0.0
2026-01-13 03:12:39,2007,Lampe Cuisine,0.0,244.8,0.0,0.0
2026-01-13 03:12:39,2008,Lampe Chambre,0.0,246.0,0.0,0.0
2026-01-13 03:13:39,2001,TV Salle à manger,0.021,245.1,0.0,0.0
2026-01-13 03:13:39,2002,Ecran,0.0,244.7,0.0,0.0
2026-01-13 03:13:39,2003,Telephone / Tablette,0.0,244.3,0.0,0.0
2026-01-13 03:13:39,2004,Cafetiere,0.0,244.4,0.0,0.0
2026-01-13 03:13:39,2005,Lampe Salle à manger,0.0,244.1,0.0,0.0
2026-01-13 03:13:39,2006,PC Portable,0.0,245.2,0.0,0.0
2026-01-13 03:13:39,2007,Lampe Cuisine,0.0,244.2,0.0,0.0
2026-01-13 03:13:39,2008,Lampe Chambre,0.0,245.4,0.0,0.0
2026-01-13 03:14:39,2001,TV Salle à manger,0.0,245.7,0.0,0.0
2026-01-13 03:14:39,2002,Ecran,0.0,245.2,0.0,0.0
2026-01-13 03:14:39,2003,Telephone / Tablette,0.0,244.9,0.0,0.0
2026-01-13 03:14:39,2004,Cafetiere,0.0,244.9,0.0,0.0
2026-01-13 03:14:39,2005,Lampe Salle à manger,0.0,244.6,0.0,0.0
2026-01-13 03:14:39,2006,PC Portable,0.0,245.6,0.0,0.0
2026-01-13 03:14:39,2007,Lampe Cuisine,0.0,244.7,0.0,0.0
2026-01-13 03:14:39,2008,Lampe Chambre,0.0,246.0,0.0,0.0
2026-01-13 03:15:40,2001,TV Salle à manger,0.016,245.4,0.0,0.0
2026-01-13 03:15:40,2002,Ecran,0.0,245.3,0.0,0.0
2026-01-13 03:15:40,2003,Telephone / Tablette,0.0,244.9,0.0,0.0
2026-01-13 03:15:40,2004,Cafetiere,0.0,244.8,0.0,0.0
2026-01-13 03:15:40,2005,Lampe Salle à manger,0.0,244.7,0.0,0.0
2026-01-13 03:15:40,2006,PC Portable,0.0,245.6,0.0,0.0
2026-01-13 03:15:40,2007,Lampe Cuisine,0.0,244.8,0.0,0.0
2026-01-13 03:15:40,2008,Lampe Chambre,0.0,246.0,0.0,0.0
2026-01-13 03:16:40,2001,TV Salle à manger,0.0,245.4,0.0,0.0
2026-01-13 03:16:40,2002,Ecran,0.0,244.9,0.0,0.0
2026-01-13 03:16:40,2003,Telephone / Tablette,0.0,244.6,0.0,0.0
2026-01-13 03:16:40,2004,Cafetiere,0.0,244.6,0.0,0.0
2026-01-13 03:16:40,2005,Lampe Salle à manger,0.0,244.3,0.0,0.0
2026-01-13 03:16:40,2006,PC Portable,0.0,245.3,0.0,0.0
2026-01-13 03:16:40,2007,Lampe Cuisine,0.0,244.4,0.0,0.0
2026-01-13 03:16:40,2008,Lampe Chambre,0.0,245.7,0.0,0.0
2026-01-13 03:17:40,2001,TV Salle à manger,0.023,245.7,0.0,0.0
2026-01-13 03:17:40,2002,Ecran,0.0,245.2,0.0,0.0
2026-01-13 03:17:40,2003,Telephone / Tablette,0.0,244.9,0.0,0.0
2026-01-13 03:17:40,2004,Cafetiere,0.0,244.9,0.0,0.0
2026-01-13 03:17:40,2005,Lampe Salle à manger,0.0,244.6,0.0,0.0
2026-01-13 03:17:40,2006,PC Portable,0.0,245.6,0.0,0.0
2026-01-13 03:17:40,2007,Lampe Cuisine,0.0,244.7,0.0,0.0
2026-01-13 03:17:40,2008,Lampe Chambre,0.0,246.0,0.0,0.0
2026-01-13 03:18:40,2001,TV Salle à manger,0.03,245.7,0.0,0.0
2026-01-13 03:18:40,2002,Ecran,0.0,245.2,0.0,0.0
2026-01-13 03:18:40,2003,Telephone / Tablette,0.0,244.9,0.0,0.0
2026-01-13 03:18:40,2004,Cafetiere,0.0,244.8,0.0,0.0
2026-01-13 03:18:40,2005,Lampe Salle à manger,0.0,244.5,0.0,0.0
2026-01-13 03:18:40,2006,PC Portable,0.0,245.5,0.0,0.0
2026-01-13 03:18:40,2007,Lampe Cuisine,0.0,244.7,0.0,0.0
2026-01-13 03:18:40,2008,Lampe Chambre,0.0,245.9,0.0,0.0
2026-01-13 03:19:41,2001,TV Salle à manger,0.032,245.9,0.0,0.0
2026-01-13 03:19:41,2002,Ecran,0.0,245.4,0.0,0.0
2026-01-13 03:19:41,2003,Telephone / Tablette,0.0,245.0,0.0,0.0
2026-01-13 03:19:41,2004,Cafetiere,0.0,245.0,0.0,0.0
2026-01-13 03:19:41,2005,Lampe Salle à manger,0.0,244.8,0.0,0.0
2026-01-13 03:19:41,2006,PC Portable,0.0,245.7,0.0,0.0
2026-01-13 03:19:41,2007,Lampe Cuisine,0.0,244.9,0.0,0.0
2026-01-13 03:19:41,2008,Lampe Chambre,0.0,246.2,0.0,0.0
2026-01-13 03:20:41,2001,TV Salle à manger,0.0,246.0,0.0,0.0
2026-01-13 03:20:41,2002,Ecran,0.0,245.5,0.0,0.0
2026-01-13 03:20:41,2003,Telephone / Tablette,0.0,245.0,0.0,0.0
2026-01-13 03:20:41,2004,Cafetiere,0.0,245.1,0.0,0.0
2026-01-13 03:20:41,2005,Lampe Salle à manger,0.0,244.7,0.0,0.0
2026-01-13 03:20:41,2006,PC Portable,0.0,245.6,0.0,0.0
2026-01-13 03:20:41,2007,Lampe Cuisine,0.0,245.0,0.0,0.0
2026-01-13 03:20:41,2008,Lampe Chambre,0.0,246.2,0.0,0.0
2026-01-13 03:21:41,2001,TV Salle à manger,0.0,246.2,0.0,0.0
2026-01-13 03:21:41,2002,Ecran,0.0,245.7,0.0,0.0
2026-01-13 03:21:41,2003,Telephone / Tablette,0.0,245.2,0.0,0.0
2026-01-13 03:21:41,2004,Cafetiere,0.0,245.3,0.0,0.0
2026-01-13 03:21:41,2005,Lampe Salle à manger,0.0,245.0,0.0,0.0
2026-01-13 03:21:41,2006,PC Portable,0.0,245.9,0.0,0.0
2026-01-13 03:21:41,2007,Lampe Cuisine,0.0,245.2,0.0,0.0
2026-01-13 03:21:41,2008,Lampe Chambre,0.0,246.4,0.0,0.0
2026-01-13 03:22:41,2001,TV Salle à manger,0.0,246.1,0.0,0.0
2026-01-13 03:22:41,2002,Ecran,0.0,245.6,0.0,0.0
2026-01-13 03:22:41,2003,Telephone / Tablette,0.0,245.2,0.0,0.0
2026-01-13 03:22:41,2004,Cafetiere,0.0,245.2,0.0,0.0
2026-01-13 03:22:41,2005,Lampe Salle à manger,0.0,245.0,0.0,0.0
2026-01-13 03:22:41,2006,PC Portable,0.0,245.9,0.0,0.0
2026-01-13 03:22:41,2007,Lampe Cuisine,0.0,245.1,0.0,0.0
2026-01-13 03:22:41,2008,Lampe Chambre,0.0,246.4,0.0,0.0
2026-01-13 03:23:42,2001,TV Salle à manger,0.0,245.8,0.0,0.0
2026-01-13 03:23:42,2002,Ecran,0.0,245.5,0.0,0.0
2026-01-13 03:23:42,2003,Telephone / Tablette,0.0,245.0,0.0,0.0
2026-01-13 03:23:42,2004,Cafetiere,0.0,245.2,0.0,0.0
2026-01-13 03:23:42,2005,Lampe Salle à manger,0.0,245.0,0.0,0.0
2026-01-13 03:23:42,2006,PC Portable,0.0,246.0,0.0,0.0
2026-01-13 03:23:42,2007,Lampe Cuisine,0.0,245.0,0.0,0.0
2026-01-13 03:23:42,2008,Lampe Chambre,0.0,246.3,0.0,0.0
2026-01-13 03:24:42,2001,TV Salle à manger,0.0,246.2,0.0,0.0
2026-01-13 03:24:42,2002,Ecran,0.0,245.5,0.0,0.0
2026-01-13 03:24:42,2003,Telephone / Tablette,0.0,245.2,0.0,0.0
2026-01-13 03:24:42,2004,Cafetiere,0.0,245.4,0.0,0.0
2026-01-13 03:24:42,2005,Lampe Salle à manger,0.0,245.1,0.0,0.0
2026-01-13 03:24:42,2006,PC Portable,0.0,246.1,0.0,0.0
2026-01-13 03:24:42,2007,Lampe Cuisine,0.0,245.3,0.0,0.0
2026-01-13 03:24:42,2008,Lampe Chambre,0.0,246.6,0.0,0.0
2026-01-13 03:25:42,2001,TV Salle à manger,0.022,246.2,0.0,0.0
2026-01-13 03:25:42,2002,Ecran,0.0,245.5,0.0,0.0
2026-01-13 03:25:42,2003,Telephone / Tablette,0.0,245.2,0.0,0.0
2026-01-13 03:25:42,2004,Cafetiere,0.0,245.5,0.0,0.0
2026-01-13 03:25:42,2005,Lampe Salle à manger,0.0,245.2,0.0,0.0
2026-01-13 03:25:42,2006,PC Portable,0.0,245.7,0.0,0.0
2026-01-13 03:25:42,2007,Lampe Cuisine,0.0,245.3,0.0,0.0
2026-01-13 03:25:42,2008,Lampe Chambre,0.0,246.4,0.0,0.0
2026-01-13 03:26:43,2001,TV Salle à manger,0.0,246.1,0.0,0.0
2026-01-13 03:26:43,2002,Ecran,0.0,245.7,0.0,0.0
2026-01-13 03:26:43,2003,Telephone / Tablette,0.0,245.3,0.0,0.0
2026-01-13 03:26:43,2004,Cafetiere,0.0,245.3,0.0,0.0
2026-01-13 03:26:43,2005,Lampe Salle à manger,0.0,245.1,0.0,0.0
2026-01-13 03:26:43,2006,PC Portable,0.0,246.0,0.0,0.0
2026-01-13 03:26:43,2007,Lampe Cuisine,0.0,245.1,0.0,0.0
2026-01-13 03:26:43,2008,Lampe Chambre,0.0,246.4,0.0,0.0
2026-01-13 03:27:43,2001,TV Salle à manger,0.0,246.0,0.0,0.0
2026-01-13 03:27:43,2002,Ecran,0.0,245.5,0.0,0.0
2026-01-13 03:27:43,2003,Telephone / Tablette,0.0,245.2,0.0,0.0
2026-01-13 03:27:43,2004,Cafetiere,0.0,245.2,0.0,0.0
2026-01-13 03:27:43,2005,Lampe Salle à manger,0.0,244.9,0.0,0.0
2026-01-13 03:27:43,2006,PC Portable,0.0,245.9,0.0,0.0
2026-01-13 03:27:43,2007,Lampe Cuisine,0.0,245.0,0.0,0.0
2026-01-13 03:27:43,2008,Lampe Chambre,0.0,246.3,0.0,0.0
2026-01-13 03:28:43,2001,TV Salle à manger,0.0,246.2,0.0,0.0
2026-01-13 03:28:43,2002,Ecran,0.0,245.8,0.0,0.0
2026-01-13 03:28:43,2003,Telephone / Tablette,0.0,245.4,0.0,0.0
2026-01-13 03:28:43,2004,Cafetiere,0.0,245.5,0.0,0.0
2026-01-13 03:28:43,2005,Lampe Salle à manger,0.0,245.2,0.0,0.0
2026-01-13 03:28:43,2006,PC Portable,0.0,246.1,0.0,0.0
2026-01-13 03:28:43,2007,Lampe Cuisine,0.0,245.3,0.0,0.0
2026-01-13 03:28:43,2008,Lampe Chambre,0.0,246.6,0.0,0.0
2026-01-13 03:29:43,2001,TV Salle à manger,0.013,245.6,0.0,0.0
2026-01-13 03:29:43,2002,Ecran,0.0,245.3,0.0,0.0
2026-01-13 03:29:43,2003,Telephone / Tablette,0.0,245.0,0.0,0.0
2026-01-13 03:29:43,2004,Cafetiere,0.0,244.8,0.0,0.0
2026-01-13 03:29:43,2005,Lampe Salle à manger,0.0,244.8,0.0,0.0
2026-01-13 03:29:43,2006,PC Portable,0.0,245.5,0.0,0.0
2026-01-13 03:29:43,2007,Lampe Cuisine,0.0,244.6,0.0,0.0
2026-01-13 03:29:43,2008,Lampe Chambre,0.0,245.9,0.0,0.0
2026-01-13 03:30:43,2001,TV Salle à manger,0.0,245.7,0.0,0.0
2026-01-13 03:30:43,2002,Ecran,0.0,245.3,0.0,0.0
2026-01-13 03:30:43,2003,Telephone / Tablette,0.0,245.0,0.0,0.0
2026-01-13 03:30:43,2004,Cafetiere,0.0,245.0,0.0,0.0
2026-01-13 03:30:43,2005,Lampe Salle à manger,0.0,244.8,0.0,0.0
2026-01-13 03:30:43,2006,PC Portable,0.0,245.7,0.0,0.0
2026-01-13 03:30:43,2007,Lampe Cuisine,0.0,244.8,0.0,0.0
2026-01-13 03:30:43,2008,Lampe Chambre,0.0,246.1,0.0,0.0
2026-01-13 03:31:44,2001,TV Salle à manger,0.019,245.7,0.0,0.0
2026-01-13 03:31:44,2002,Ecran,0.0,245.2,0.0,0.0
2026-01-13 03:31:44,2003,Telephone / Tablette,0.0,244.9,0.0,0.0
2026-01-13 03:31:44,2004,Cafetiere,0.0,245.0,0.0,0.0
2026-01-13 03:31:44,2005,Lampe Salle à manger,0.0,244.7,0.0,0.0
2026-01-13 03:31:44,2006,PC Portable,0.0,245.7,0.0,0.0
2026-01-13 03:31:44,2007,Lampe Cuisine,0.0,244.8,0.0,0.0
2026-01-13 03:31:44,2008,Lampe Chambre,0.0,246.1,0.0,0.0
2026-01-13 03:32:44,2001,TV Salle à manger,0.03,246.0,0.0,0.0
2026-01-13 03:32:44,2002,Ecran,0.0,245.5,0.0,0.0
2026-01-13 03:32:44,2003,Telephone / Tablette,0.0,245.1,0.0,0.0
2026-01-13 03:32:44,2004,Cafetiere,0.0,245.2,0.0,0.0
2026-01-13 03:32:44,2005,Lampe Salle à manger,0.0,244.9,0.0,0.0
2026-01-13 03:32:44,2006,PC Portable,0.0,246.0,0.0,0.0
2026-01-13 03:32:44,2007,Lampe Cuisine,0.0,245.0,0.0,0.0
2026-01-13 03:32:44,2008,Lampe Chambre,0.0,246.3,0.0,0.0
2026-01-13 03:33:44,2001,TV Salle à manger,0.0,245.6,0.0,0.0
2026-01-13 03:33:44,2002,Ecran,0.0,245.2,0.0,0.0
2026-01-13 03:33:44,2003,Telephone / Tablette,0.0,244.9,0.0,0.0
2026-01-13 03:33:44,2004,Cafetiere,0.0,244.8,0.0,0.0
2026-01-13 03:33:44,2005,Lampe Salle à manger,0.0,244.6,0.0,0.0
2026-01-13 03:33:44,2006,PC Portable,0.0,245.5,0.0,0.0
2026-01-13 03:33:44,2007,Lampe Cuisine,0.0,244.7,0.0,0.0
2026-01-13 03:33:44,2008,Lampe Chambre,0.0,246.0,0.0,0.0
2026-01-13 03:34:45,2001,TV Salle à manger,0.0,245.9,0.0,0.0
2026-01-13 03:34:45,2002,Ecran,0.0,245.5,0.0,0.0
2026-01-13 03:34:45,2003,Telephone / Tablette,0.0,245.1,0.0,0.0
2026-01-13 03:34:45,2004,Cafetiere,0.0,245.1,0.0,0.0
2026-01-13 03:34:45,2005,Lampe Salle à manger,0.0,244.9,0.0,0.0
2026-01-13 03:34:45,2006,PC Portable,0.0,245.8,0.0,0.0
2026-01-13 03:34:45,2007,Lampe Cuisine,0.0,244.9,0.0,0.0
2026-01-13 03:34:45,2008,Lampe Chambre,0.0,246.2,0.0,0.0
2026-01-13 03:35:45,2001,TV Salle à manger,0.0,245.7,0.0,0.0
2026-01-13 03:35:45,2002,Ecran,0.0,245.4,0.0,0.0
2026-01-13 03:35:45,2003,Telephone / Tablette,0.0,244.9,0.0,0.0
2026-01-13 03:35:45,2004,Cafetiere,0.0,245.0,0.0,0.0
2026-01-13 03:35:45,2005,Lampe Salle à manger,0.0,244.7,0.0,0.0
2026-01-13 03:35:45,2006,PC Portable,0.0,245.7,0.0,0.0
2026-01-13 03:35:45,2007,Lampe Cuisine,0.0,244.8,0.0,0.0
2026-01-13 03:35:45,2008,Lampe Chambre,0.0,246.1,0.0,0.0
2026-01-13 03:36:45,2001,TV Salle à manger,0.0,245.8,0.0,0.0
2026-01-13 03:36:45,2002,Ecran,0.0,245.3,0.0,0.0
2026-01-13 03:36:45,2003,Telephone / Tablette,0.0,245.0,0.0,0.0
2026-01-13 03:36:45,2004,Cafetiere,0.0,245.0,0.0,0.0
2026-01-13 03:36:45,2005,Lampe Salle à manger,0.0,244.7,0.0,0.0
2026-01-13 03:36:45,2006,PC Portable,0.0,245.7,0.0,0.0
2026-01-13 03:36:45,2007,Lampe Cuisine,0.0,244.8,0.0,0.0
2026-01-13 03:36:45,2008,Lampe Chambre,0.0,246.1,0.0,0.0
2026-01-13 03:37:45,2001,TV Salle à manger,0.0,245.8,0.0,0.0
2026-01-13 03:37:45,2002,Ecran,0.0,245.3,0.0,0.0
2026-01-13 03:37:45,2003,Telephone / Tablette,0.0,244.9,0.0,0.0
2026-01-13 03:37:45,2004,Cafetiere,0.0,245.0,0.0,0.0
2026-01-13 03:37:45,2005,Lampe Salle à manger,0.0,244.7,0.0,0.0
2026-01-13 03:37:45,2006,PC Portable,0.0,245.7,0.0,0.0
2026-01-13 03:37:45,2007,Lampe Cuisine,0.0,244.8,0.0,0.0
2026-01-13 03:37:45,2008,Lampe Chambre,0.0,246.1,0.0,0.0
2026-01-13 03:38:46,2001,TV Salle à manger,0.017,245.9,0.0,0.0
2026-01-13 03:38:46,2002,Ecran,0.0,245.4,0.0,0.0
2026-01-13 03:38:46,2003,Telephone / Tablette,0.0,245.0,0.0,0.0
2026-01-13 03:38:46,2004,Cafetiere,0.0,245.0,0.0,0.0
2026-01-13 03:38:46,2005,Lampe Salle à manger,0.0,244.7,0.0,0.0
2026-01-13 03:38:46,2006,PC Portable,0.0,245.8,0.0,0.0
2026-01-13 03:38:46,2007,Lampe Cuisine,0.0,244.8,0.0,0.0
2026-01-13 03:38:46,2008,Lampe Chambre,0.0,246.1,0.0,0.0
2026-01-13 03:39:46,2001,TV Salle à manger,0.0,245.8,0.0,0.0
2026-01-13 03:39:46,2002,Ecran,0.0,245.3,0.0,0.0
2026-01-13 03:39:46,2003,Telephone / Tablette,0.0,244.9,0.0,0.0
2026-01-13 03:39:46,2004,Cafetiere,0.0,245.0,0.0,0.0
2026-01-13 03:39:46,2005,Lampe Salle à manger,0.0,244.7,0.0,0.0
2026-01-13 03:39:46,2006,PC Portable,0.0,245.7,0.0,0.0
2026-01-13 03:39:46,2007,Lampe Cuisine,0.0,244.8,0.0,0.0
2026-01-13 03:39:46,2008,Lampe Chambre,0.0,246.1,0.0,0.0
2026-01-13 03:40:46,2001,TV Salle à manger,0.017,245.9,0.0,0.0
2026-01-13 03:40:46,2002,Ecran,0.0,245.4,0.0,0.0
2026-01-13 03:40:46,2003,Telephone / Tablette,0.0,245.1,0.0,0.0
2026-01-13 03:40:46,2004,Cafetiere,0.0,245.1,0.0,0.0
2026-01-13 03:40:46,2005,Lampe Salle à manger,0.0,244.8,0.0,0.0
2026-01-13 03:40:46,2006,PC Portable,0.0,245.8,0.0,0.0
2026-01-13 03:40:46,2007,Lampe Cuisine,0.0,244.9,0.0,0.0
2026-01-13 03:40:46,2008,Lampe Chambre,0.0,246.2,0.0,0.0
2026-01-13 03:41:46,2001,TV Salle à manger,0.021,245.7,0.0,0.0
2026-01-13 03:41:46,2002,Ecran,0.0,245.2,0.0,0.0
2026-01-13 03:41:46,2003,Telephone / Tablette,0.0,244.9,0.0,0.0
2026-01-13 03:41:46,2004,Cafetiere,0.0,244.9,0.0,0.0
2026-01-13 03:41:46,2005,Lampe Salle à manger,0.0,244.6,0.0,0.0
2026-01-13 03:41:46,2006,PC Portable,0.0,245.6,0.0,0.0
2026-01-13 03:41:46,2007,Lampe Cuisine,0.0,244.7,0.0,0.0
2026-01-13 03:41:46,2008,Lampe Chambre,0.0,246.0,0.0,0.0
2026-01-13 03:42:47,2001,TV Salle à manger,0.022,245.8,0.0,0.0
2026-01-13 03:42:47,2002,Ecran,0.0,245.3,0.0,0.0
2026-01-13 03:42:47,2003,Telephone / Tablette,0.0,245.0,0.0,0.0
2026-01-13 03:42:47,2004,Cafetiere,0.0,244.9,0.0,0.0
2026-01-13 03:42:47,2005,Lampe Salle à manger,0.0,244.7,0.0,0.0
2026-01-13 03:42:47,2006,PC Portable,0.0,245.6,0.0,0.0
2026-01-13 03:42:47,2007,Lampe Cuisine,0.0,244.8,0.0,0.0
2026-01-13 03:42:47,2008,Lampe Chambre,0.0,246.1,0.0,0.0
2026-01-13 03:43:47,2001,TV Salle à manger,0.02,246.0,0.0,0.0
2026-01-13 03:43:47,2002,Ecran,0.0,245.5,0.0,0.0
2026-01-13 03:43:47,2003,Telephone / Tablette,0.0,245.2,0.0,0.0
2026-01-13 03:43:47,2004,Cafetiere,0.0,245.2,0.0,0.0
2026-01-13 03:43:47,2005,Lampe Salle à manger,0.0,244.9,0.0,0.0
2026-01-13 03:43:47,2006,PC Portable,0.0,245.9,0.0,0.0
2026-01-13 03:43:47,2007,Lampe Cuisine,0.0,245.0,0.0,0.0
2026-01-13 03:43:47,2008,Lampe Chambre,0.0,246.3,0.0,0.0
2026-01-13 03:44:47,2001,TV Salle à manger,0.0,245.8,0.0,0.0
2026-01-13 03:44:47,2002,Ecran,0.0,245.4,0.0,0.0
2026-01-13 03:44:47,2003,Telephone / Tablette,0.0,245.0,0.0,0.0
2026-01-13 03:44:47,2004,Cafetiere,0.0,245.1,0.0,0.0
2026-01-13 03:44:47,2005,Lampe Salle à manger,0.0,244.8,0.0,0.0
2026-01-13 03:44:47,2006,PC Portable,0.0,245.7,0.0,0.0
2026-01-13 03:44:47,2007,Lampe Cuisine,0.0,244.9,0.0,0.0
2026-01-13 03:44:47,2008,Lampe Chambre,0.0,246.2,0.0,0.0
2026-01-13 03:45:47,2001,TV Salle à manger,0.0,245.6,0.0,0.0
2026-01-13 03:45:47,2002,Ecran,0.0,245.2,0.0,0.0
2026-01-13 03:45:47,2003,Telephone / Tablette,0.0,244.9,0.0,0.0
2026-01-13 03:45:47,2004,Cafetiere,0.0,244.8,0.0,0.0
2026-01-13 03:45:47,2005,Lampe Salle à manger,0.0,244.6,0.0,0.0
2026-01-13 03:45:47,2006,PC Portable,0.0,245.5,0.0,0.0
2026-01-13 03:45:47,2007,Lampe Cuisine,0.0,244.6,0.0,0.0
2026-01-13 03:45:47,2008,Lampe Chambre,0.0,245.9,0.0,0.0
2026-01-13 03:46:48,2001,TV Salle à manger,0.0,246.0,0.0,0.0
2026-01-13 03:46:48,2002,Ecran,0.0,245.6,0.0,0.0
2026-01-13 03:46:48,2003,Telephone / Tablette,0.0,245.1,0.0,0.0
2026-01-13 03:46:48,2004,Cafetiere,0.0,245.2,0.0,0.0
2026-01-13 03:46:48,2005,Lampe Salle à manger,0.0,244.9,0.0,0.0
2026-01-13 03:46:48,2006,PC Portable,0.0,245.9,0.0,0.0
2026-01-13 03:46:48,2007,Lampe Cuisine,0.0,245.0,0.0,0.0
2026-01-13 03:46:48,2008,Lampe Chambre,0.0,246.4,0.0,0.0
2026-01-13 03:47:48,2001,TV Salle à manger,0.0,245.9,0.0,0.0
2026-01-13 03:47:48,2002,Ecran,0.0,245.5,0.0,0.0
2026-01-13 03:47:48,2003,Telephone / Tablette,0.0,244.8,0.0,0.0
2026-01-13 03:47:48,2004,Cafetiere,0.0,244.9,0.0,0.0
2026-01-13 03:47:48,2005,Lampe Salle à manger,0.0,244.6,0.0,0.0
2026-01-13 03:47:48,2006,PC Portable,0.0,245.7,0.0,0.0
2026-01-13 03:47:48,2007,Lampe Cuisine,0.0,244.7,0.0,0.0
2026-01-13 03:47:48,2008,Lampe Chambre,0.0,246.1,0.0,0.0
2026-01-13 03:48:48,2001,TV Salle à manger,0.0,246.0,0.0,0.0
2026-01-13 03:48:48,2002,Ecran,0.0,245.5,0.0,0.0
2026-01-13 03:48:48,2003,Telephone / Tablette,0.0,245.1,0.0,0.0
2026-01-13 03:48:48,2004,Cafetiere,0.0,245.0,0.0,0.0
2026-01-13 03:48:48,2005,Lampe Salle à manger,0.0,244.8,0.0,0.0
2026-01-13 03:48:48,2006,PC Portable,0.0,245.7,0.0,0.0
2026-01-13 03:48:48,2007,Lampe Cuisine,0.0,244.9,0.0,0.0
2026-01-13 03:48:48,2008,Lampe Chambre,0.0,246.2,0.0,0.0
2026-01-13 03:49:49,2001,TV Salle à manger,0.0,246.2,0.0,0.0
2026-01-13 03:49:49,2002,Ecran,0.0,245.7,0.0,0.0
2026-01-13 03:49:49,2003,Telephone / Tablette,0.0,245.3,0.0,0.0
2026-01-13 03:49:49,2004,Cafetiere,0.0,245.4,0.0,0.0
2026-01-13 03:49:49,2005,Lampe Salle à manger,0.0,245.1,0.0,0.0
2026-01-13 03:49:49,2006,PC Portable,0.0,246.2,0.0,0.0
2026-01-13 03:49:49,2007,Lampe Cuisine,0.0,245.2,0.0,0.0
2026-01-13 03:49:49,2008,Lampe Chambre,0.0,246.5,0.0,0.0
2026-01-13 03:50:49,2001,TV Salle à manger,0.021,246.2,0.0,0.0
2026-01-13 03:50:49,2002,Ecran,0.0,245.8,0.0,0.0
2026-01-13 03:50:49,2003,Telephone / Tablette,0.0,245.4,0.0,0.0
2026-01-13 03:50:49,2004,Cafetiere,0.0,245.4,0.0,0.0
2026-01-13 03:50:49,2005,Lampe Salle à manger,0.0,245.1,0.0,0.0
2026-01-13 03:50:49,2006,PC Portable,0.0,246.1,0.0,0.0
2026-01-13 03:50:49,2007,Lampe Cuisine,0.0,245.2,0.0,0.0
2026-01-13 03:50:49,2008,Lampe Chambre,0.0,246.6,0.0,0.0
2026-01-13 03:51:49,2001,TV Salle à manger,0.02,246.4,0.0,0.0
2026-01-13 03:51:49,2002,Ecran,0.0,246.0,0.0,0.0
2026-01-13 03:51:49,2003,Telephone / Tablette,0.0,245.6,0.0,0.0
2026-01-13 03:51:49,2004,Cafetiere,0.0,245.5,0.0,0.0
2026-01-13 03:51:49,2005,Lampe Salle à manger,0.0,245.4,0.0,0.0
2026-01-13 03:51:49,2006,PC Portable,0.0,246.2,0.0,0.0
2026-01-13 03:51:49,2007,Lampe Cuisine,0.0,245.4,0.0,0.0
2026-01-13 03:51:49,2008,Lampe Chambre,0.0,246.6,0.0,0.0
2026-01-13 03:52:49,2001,TV Salle à manger,0.0,246.1,0.0,0.0
2026-01-13 03:52:49,2002,Ecran,0.0,245.7,0.0,0.0
2026-01-13 03:52:49,2003,Telephone / Tablette,0.0,245.3,0.0,0.0
2026-01-13 03:52:49,2004,Cafetiere,0.0,245.4,0.0,0.0
2026-01-13 03:52:49,2005,Lampe Salle à manger,0.0,245.0,0.0,0.0
2026-01-13 03:52:49,2006,PC Portable,0.0,246.0,0.0,0.0
2026-01-13 03:52:49,2007,Lampe Cuisine,0.0,245.2,0.0,0.0
2026-01-13 03:52:49,2008,Lampe Chambre,0.0,246.5,0.0,0.0
2026-01-13 03:53:50,2001,TV Salle à manger,0.012,246.0,0.0,0.0
2026-01-13 03:53:50,2002,Ecran,0.0,245.4,0.0,0.0
2026-01-13 03:53:50,2003,Telephone / Tablette,0.0,245.1,0.0,0.0
2026-01-13 03:53:50,2004,Cafetiere,0.0,245.1,0.0,0.0
2026-01-13 03:53:50,2005,Lampe Salle à manger,0.0,244.8,0.0,0.0
2026-01-13 03:53:50,2006,PC Portable,0.0,245.9,0.0,0.0
2026-01-13 03:53:50,2007,Lampe Cuisine,0.0,245.0,0.0,0.0
2026-01-13 03:53:50,2008,Lampe Chambre,0.0,246.2,0.0,0.0
2026-01-13 03:54:50,2001,TV Salle à manger,0.0,246.2,0.0,0.0
2026-01-13 03:54:50,2002,Ecran,0.0,245.8,0.0,0.0
2026-01-13 03:54:50,2003,Telephone / Tablette,0.0,245.4,0.0,0.0
2026-01-13 03:54:50,2004,Cafetiere,0.0,245.4,0.0,0.0
2026-01-13 03:54:50,2005,Lampe Salle à manger,0.0,245.1,0.0,0.0
2026-01-13 03:54:50,2006,PC Portable,0.0,246.1,0.0,0.0
2026-01-13 03:54:50,2007,Lampe Cuisine,0.0,245.3,0.0,0.0
2026-01-13 03:54:50,2008,Lampe Chambre,0.0,246.5,0.0,0.0
2026-01-13 03:55:50,2001,TV Salle à manger,0.0,245.9,0.0,0.0
2026-01-13 03:55:50,2002,Ecran,0.0,245.6,0.0,0.0
2026-01-13 03:55:50,2003,Telephone / Tablette,0.0,245.2,0.0,0.0
2026-01-13 03:55:50,2004,Cafetiere,0.0,245.1,0.0,0.0
2026-01-13 03:55:50,2005,Lampe Salle à manger,0.0,244.9,0.0,0.0
2026-01-13 03:55:50,2006,PC Portable,0.0,245.9,0.0,0.0
2026-01-13 03:55:50,2007,Lampe Cuisine,0.0,245.0,0.0,0.0
2026-01-13 03:55:50,2008,Lampe Chambre,0.0,246.3,0.0,0.0
2026-01-13 03:56:50,2001,TV Salle à manger,0.0,246.4,0.0,0.0
2026-01-13 03:56:50,2002,Ecran,0.0,245.9,0.0,0.0
2026-01-13 03:56:50,2003,Telephone / Tablette,0.0,245.5,0.0,0.0
2026-01-13 03:56:50,2004,Cafetiere,0.0,245.5,0.0,0.0
2026-01-13 03:56:50,2005,Lampe Salle à manger,0.0,245.3,0.0,0.0
2026-01-13 03:56:50,2006,PC Portable,0.0,246.3,0.0,0.0
2026-01-13 03:56:50,2007,Lampe Cuisine,0.0,245.4,0.0,0.0
2026-01-13 03:56:50,2008,Lampe Chambre,0.0,246.7,0.0,0.0
2026-01-13 03:57:51,2001,TV Salle à manger,0.0,246.3,0.0,0.0
2026-01-13 03:57:51,2002,Ecran,0.0,245.9,0.0,0.0
2026-01-13 03:57:51,2003,Telephone / Tablette,0.0,245.5,0.0,0.0
2026-01-13 03:57:51,2004,Cafetiere,0.0,245.5,0.0,0.0
2026-01-13 03:57:51,2005,Lampe Salle à manger,0.0,245.2,0.0,0.0
2026-01-13 03:57:51,2006,PC Portable,0.0,246.2,0.0,0.0
2026-01-13 03:57:51,2007,Lampe Cuisine,0.0,245.4,0.0,0.0
2026-01-13 03:57:51,2008,Lampe Chambre,0.0,246.6,0.0,0.0
2026-01-13 03:58:51,2001,TV Salle à manger,0.0,246.3,0.0,0.0
2026-01-13 03:58:51,2002,Ecran,0.0,245.8,0.0,0.0
2026-01-13 03:58:51,2003,Telephone / Tablette,0.0,245.4,0.0,0.0
2026-01-13 03:58:51,2004,Cafetiere,0.0,245.4,0.0,0.0
2026-01-13 03:58:51,2005,Lampe Salle à manger,0.0,245.2,0.0,0.0
2026-01-13 03:58:51,2006,PC Portable,0.0,246.1,0.0,0.0
2026-01-13 03:58:51,2007,Lampe Cuisine,0.0,245.3,0.0,0.0
2026-01-13 03:58:51,2008,Lampe Chambre,0.0,246.6,0.0,0.0
2026-01-13 03:59:51,2001,TV Salle à manger,0.014,246.0,0.0,0.0
2026-01-13 03:59:51,2002,Ecran,0.0,245.5,0.0,0.0
2026-01-13 03:59:51,2003,Telephone / Tablette,0.0,245.1,0.0,0.0
2026-01-13 03:59:51,2004,Cafetiere,0.0,245.2,0.0,0.0
2026-01-13 03:59:51,2005,Lampe Salle à manger,0.0,244.9,0.0,0.0
2026-01-13 03:59:51,2006,PC Portable,0.0,245.9,0.0,0.0
2026-01-13 03:59:51,2007,Lampe Cuisine,0.0,245.0,0.0,0.0
2026-01-13 03:59:51,2008,Lampe Chambre,0.0,246.3,0.0,0.0
2026-01-13 04:00:51,2001,TV Salle à manger,0.021,246.3,0.0,0.0
2026-01-13 04:00:51,2002,Ecran,0.0,245.9,0.0,0.0
2026-01-13 04:00:51,2003,Telephone / Tablette,0.0,245.5,0.0,0.0
2026-01-13 04:00:51,2004,Cafetiere,0.0,245.6,0.0,0.0
2026-01-13 04:00:51,2005,Lampe Salle à manger,0.0,245.2,0.0,0.0
2026-01-13 04:00:51,2006,PC Portable,0.0,246.3,0.0,0.0
2026-01-13 04:00:51,2007,Lampe Cuisine,0.0,245.4,0.0,0.0
2026-01-13 04:00:51,2008,Lampe Chambre,0.0,246.7,0.0,0.0
2026-01-13 04:01:52,2001,TV Salle à manger,0.0,246.3,0.0,0.0
2026-01-13 04:01:52,2002,Ecran,0.0,245.9,0.0,0.0
2026-01-13 04:01:52,2003,Telephone / Tablette,0.0,245.5,0.0,0.0
2026-01-13 04:01:52,2004,Cafetiere,0.0,245.5,0.0,0.0
2026-01-13 04:01:52,2005,Lampe Salle à manger,0.0,245.2,0.0,0.0
2026-01-13 04:01:52,2006,PC Portable,0.0,246.2,0.0,0.0
2026-01-13 04:01:52,2007,Lampe Cuisine,0.0,245.4,0.0,0.0
2026-01-13 04:01:52,2008,Lampe Chambre,0.0,246.7,0.0,0.0
2026-01-13 04:02:52,2001,TV Salle à manger,0.0,246.1,0.0,0.0
2026-01-13 04:02:52,2002,Ecran,0.0,245.7,0.0,0.0
2026-01-13 04:02:52,2003,Telephone / Tablette,0.0,245.3,0.0,0.0
2026-01-13 04:02:52,2004,Cafetiere,0.0,245.3,0.0,0.0
2026-01-13 04:02:52,2005,Lampe Salle à manger,0.0,245.1,0.0,0.0
2026-01-13 04:02:52,2006,PC Portable,0.0,245.9,0.0,0.0
2026-01-13 04:02:52,2007,Lampe Cuisine,0.0,245.2,0.0,0.0
2026-01-13 04:02:52,2008,Lampe Chambre,0.0,246.5,0.0,0.0
2026-01-13 04:03:52,2001,TV Salle à manger,0.0,245.9,0.0,0.0
2026-01-13 04:03:52,2002,Ecran,0.0,245.4,0.0,0.0
2026-01-13 04:03:52,2003,Telephone / Tablette,0.0,245.1,0.0,0.0
2026-01-13 04:03:52,2004,Cafetiere,0.0,245.1,0.0,0.0
2026-01-13 04:03:52,2005,Lampe Salle à manger,0.0,244.8,0.0,0.0
2026-01-13 04:03:52,2006,PC Portable,0.0,245.8,0.0,0.0
2026-01-13 04:03:52,2007,Lampe Cuisine,0.0,245.0,0.0,0.0
2026-01-13 04:03:52,2008,Lampe Chambre,0.0,246.4,0.0,0.0
2026-01-13 04:04:52,2001,TV Salle à manger,0.0,246.2,0.0,0.0
2026-01-13 04:04:52,2002,Ecran,0.0,245.6,0.0,0.0
2026-01-13 04:04:52,2003,Telephone / Tablette,0.0,245.3,0.0,0.0
2026-01-13 04:04:52,2004,Cafetiere,0.0,245.3,0.0,0.0
2026-01-13 04:04:52,2005,Lampe Salle à manger,0.0,245.1,0.0,0.0
2026-01-13 04:04:52,2006,PC Portable,0.0,246.1,0.0,0.0
2026-01-13 04:04:52,2007,Lampe Cuisine,0.0,245.2,0.0,0.0
2026-01-13 04:04:52,2008,Lampe Chambre,0.0,246.4,0.0,0.0
2026-01-13 04:05:53,2001,TV Salle à manger,0.0,246.1,0.0,0.0
2026-01-13 04:05:53,2002,Ecran,0.0,245.8,0.0,0.0
2026-01-13 04:05:53,2003,Telephone / Tablette,0.0,245.4,0.0,0.0
2026-01-13 04:05:53,2004,Cafetiere,0.0,245.4,0.0,0.0
2026-01-13 04:05:53,2005,Lampe Salle à manger,0.0,245.2,0.0,0.0
2026-01-13 04:05:53,2006,PC Portable,0.0,246.1,0.0,0.0
2026-01-13 04:05:53,2007,Lampe Cuisine,0.0,245.3,0.0,0.0
2026-01-13 04:05:53,2008,Lampe Chambre,0.0,246.5,0.0,0.0
2026-01-13 04:06:53,2001,TV Salle à manger,0.0,246.4,0.0,0.0
2026-01-13 04:06:53,2002,Ecran,0.0,245.7,0.0,0.0
2026-01-13 04:06:53,2003,Telephone / Tablette,0.0,245.6,0.0,0.0
2026-01-13 04:06:53,2004,Cafetiere,0.0,245.6,0.0,0.0
2026-01-13 04:06:53,2005,Lampe Salle à manger,0.0,245.3,0.0,0.0
2026-01-13 04:06:53,2006,PC Portable,0.0,246.2,0.0,0.0
2026-01-13 04:06:53,2007,Lampe Cuisine,0.0,245.4,0.0,0.0
2026-01-13 04:06:53,2008,Lampe Chambre,0.0,246.7,0.0,0.0
2026-01-13 04:07:53,2001,TV Salle à manger,0.0,246.2,0.0,0.0
2026-01-13 04:07:53,2002,Ecran,0.0,245.8,0.0,0.0
2026-01-13 04:07:53,2003,Telephone / Tablette,0.0,245.5,0.0,0.0
2026-01-13 04:07:53,2004,Cafetiere,0.0,245.5,0.0,0.0
2026-01-13 04:07:53,2005,Lampe Salle à manger,0.0,245.2,0.0,0.0
2026-01-13 04:07:53,2006,PC Portable,0.0,246.1,0.0,0.0
2026-01-13 04:07:53,2007,Lampe Cuisine,0.0,245.3,0.0,0.0
2026-01-13 04:07:53,2008,Lampe Chambre,0.0,246.6,0.0,0.0
2026-01-13 04:08:54,2001,TV Salle à manger,0.017,246.1,0.0,0.0
2026-01-13 04:08:54,2002,Ecran,0.0,245.6,0.0,0.0
2026-01-13 04:08:54,2003,Telephone / Tablette,0.0,245.2,0.0,0.0
2026-01-13 04:08:54,2004,Cafetiere,0.0,245.3,0.0,0.0
2026-01-13 04:08:54,2005,Lampe Salle à manger,0.0,245.0,0.0,0.0
2026-01-13 04:08:54,2006,PC Portable,0.0,246.0,0.0,0.0
2026-01-13 04:08:54,2007,Lampe Cuisine,0.0,245.1,0.0,0.0
2026-01-13 04:08:54,2008,Lampe Chambre,0.0,246.4,0.0,0.0
2026-01-13 04:09:54,2001,TV Salle à manger,0.0,246.5,0.0,0.0
2026-01-13 04:09:54,2002,Ecran,0.0,246.0,0.0,0.0
2026-01-13 04:09:54,2003,Telephone / Tablette,0.0,245.7,0.0,0.0
2026-01-13 04:09:54,2004,Cafetiere,0.0,245.7,0.0,0.0
2026-01-13 04:09:54,2005,Lampe Salle à manger,0.0,245.4,0.0,0.0
2026-01-13 04:09:54,2006,PC Portable,0.0,246.4,0.0,0.0
2026-01-13 04:09:54,2007,Lampe Cuisine,0.0,245.5,0.0,0.0
2026-01-13 04:09:54,2008,Lampe Chambre,0.0,246.8,0.0,0.0
2026-01-13 04:10:54,2001,TV Salle à manger,0.0,246.6,0.0,0.0
2026-01-13 04:10:54,2002,Ecran,0.0,246.2,0.0,0.0
2026-01-13 04:10:54,2003,Telephone / Tablette,0.0,245.8,0.0,0.0
2026-01-13 04:10:54,2004,Cafetiere,0.0,245.8,0.0,0.0
2026-01-13 04:10:54,2005,Lampe Salle à manger,0.0,245.5,0.0,0.0
2026-01-13 04:10:54,2006,PC Portable,0.0,246.6,0.0,0.0
2026-01-13 04:10:54,2007,Lampe Cuisine,0.0,245.6,0.0,0.0
2026-01-13 04:10:54,2008,Lampe Chambre,0.0,246.9,0.0,0.0
2026-01-13 04:11:54,2001,TV Salle à manger,0.0,246.3,0.0,0.0
2026-01-13 04:11:54,2002,Ecran,0.0,245.9,0.0,0.0
2026-01-13 04:11:54,2003,Telephone / Tablette,0.0,245.5,0.0,0.0
2026-01-13 04:11:54,2004,Cafetiere,0.0,245.6,0.0,0.0
2026-01-13 04:11:54,2005,Lampe Salle à manger,0.0,245.3,0.0,0.0
2026-01-13 04:11:54,2006,PC Portable,0.0,246.2,0.0,0.0
2026-01-13 04:11:54,2007,Lampe Cuisine,0.0,245.4,0.0,0.0
2026-01-13 04:11:54,2008,Lampe Chambre,0.0,246.7,0.0,0.0
2026-01-13 04:12:55,2001,TV Salle à manger,0.0,246.6,0.0,0.0
2026-01-13 04:12:55,2002,Ecran,0.0,245.9,0.0,0.0
2026-01-13 04:12:55,2003,Telephone / Tablette,0.0,245.4,0.0,0.0
2026-01-13 04:12:55,2004,Cafetiere,0.0,245.6,0.0,0.0
2026-01-13 04:12:55,2005,Lampe Salle à manger,0.0,245.4,0.0,0.0
2026-01-13 04:12:55,2006,PC Portable,0.0,246.5,0.0,0.0
2026-01-13 04:12:55,2007,Lampe Cuisine,0.0,245.6,0.0,0.0
2026-01-13 04:12:55,2008,Lampe Chambre,0.0,246.8,0.0,0.0
2026-01-13 04:13:55,2001,TV Salle à manger,0.0,246.5,0.0,0.0
2026-01-13 04:13:55,2002,Ecran,0.0,246.1,0.0,0.0
2026-01-13 04:13:55,2003,Telephone / Tablette,0.0,245.6,0.0,0.0
2026-01-13 04:13:55,2004,Cafetiere,0.0,245.7,0.0,0.0
2026-01-13 04:13:55,2005,Lampe Salle à manger,0.0,245.4,0.0,0.0
2026-01-13 04:13:55,2006,PC Portable,0.0,246.4,0.0,0.0
2026-01-13 04:13:55,2007,Lampe Cuisine,0.0,245.6,0.0,0.0
2026-01-13 04:13:55,2008,Lampe Chambre,0.0,246.9,0.0,0.0
2026-01-13 04:14:55,2001,TV Salle à manger,0.0,246.5,0.0,0.0
2026-01-13 04:14:55,2002,Ecran,0.0,246.1,0.0,0.0
2026-01-13 04:14:55,2003,Telephone / Tablette,0.0,245.7,0.0,0.0
2026-01-13 04:14:55,2004,Cafetiere,0.0,245.7,0.0,0.0
2026-01-13 04:14:55,2005,Lampe Salle à manger,0.0,245.4,0.0,0.0
2026-01-13 04:14:55,2006,PC Portable,0.0,246.4,0.0,0.0
2026-01-13 04:14:55,2007,Lampe Cuisine,0.0,245.5,0.0,0.0
2026-01-13 04:14:55,2008,Lampe Chambre,0.0,246.8,0.0,0.0
2026-01-13 04:15:55,2001,TV Salle à manger,0.024,246.0,0.0,0.0
2026-01-13 04:15:55,2002,Ecran,0.0,245.8,0.0,0.0
2026-01-13 04:15:55,2003,Telephone / Tablette,0.0,245.5,0.0,0.0
2026-01-13 04:15:55,2004,Cafetiere,0.0,245.7,0.0,0.0
2026-01-13 04:15:55,2005,Lampe Salle à manger,0.0,245.4,0.0,0.0
2026-01-13 04:15:55,2006,PC Portable,0.0,246.3,0.0,0.0
2026-01-13 04:15:55,2007,Lampe Cuisine,0.0,245.4,0.0,0.0
2026-01-13 04:15:55,2008,Lampe Chambre,0.0,246.6,0.0,0.0
2026-01-13 04:16:56,2001,TV Salle à manger,0.015,246.5,0.0,0.0
2026-01-13 04:16:56,2002,Ecran,0.0,246.0,0.0,0.0
2026-01-13 04:16:56,2003,Telephone / Tablette,0.0,245.7,0.0,0.0
2026-01-13 04:16:56,2004,Cafetiere,0.0,245.8,0.0,0.0
2026-01-13 04:16:56,2005,Lampe Salle à manger,0.0,245.5,0.0,0.0
2026-01-13 04:16:56,2006,PC Portable,0.0,246.4,0.0,0.0
2026-01-13 04:16:56,2007,Lampe Cuisine,0.0,245.5,0.0,0.0
2026-01-13 04:16:56,2008,Lampe Chambre,0.0,246.8,0.0,0.0
2026-01-13 04:17:56,2001,TV Salle à manger,0.0,246.4,0.0,0.0
2026-01-13 04:17:56,2002,Ecran,0.0,246.0,0.0,0.0
2026-01-13 04:17:56,2003,Telephone / Tablette,0.0,245.7,0.0,0.0
2026-01-13 04:17:56,2004,Cafetiere,0.0,245.6,0.0,0.0
2026-01-13 04:17:56,2005,Lampe Salle à manger,0.0,245.4,0.0,0.0
2026-01-13 04:17:56,2006,PC Portable,0.0,246.3,0.0,0.0
2026-01-13 04:17:56,2007,Lampe Cuisine,0.0,245.4,0.0,0.0
2026-01-13 04:17:56,2008,Lampe Chambre,0.0,246.8,0.0,0.0
2026-01-13 04:18:56,2001,TV Salle à manger,0.0,246.5,0.0,0.0
2026-01-13 04:18:56,2002,Ecran,0.0,246.0,0.0,0.0
2026-01-13 04:18:56,2003,Telephone / Tablette,0.0,245.6,0.0,0.0
2026-01-13 04:18:56,2004,Cafetiere,0.0,245.7,0.0,0.0
2026-01-13 04:18:56,2005,Lampe Salle à manger,0.0,245.6,0.0,0.0
2026-01-13 04:18:56,2006,PC Portable,0.0,246.5,0.0,0.0
2026-01-13 04:18:56,2007,Lampe Cuisine,0.0,245.6,0.0,0.0
2026-01-13 04:18:56,2008,Lampe Chambre,0.0,246.8,0.0,0.0
2026-01-13 04:19:57,2001,TV Salle à manger,0.0,246.4,0.0,0.0
2026-01-13 04:19:57,2002,Ecran,0.0,245.9,0.0,0.0
2026-01-13 04:19:57,2003,Telephone / Tablette,0.0,245.5,0.0,0.0
2026-01-13 04:19:57,2004,Cafetiere,0.0,245.6,0.0,0.0
2026-01-13 04:19:57,2005,Lampe Salle à manger,0.0,245.4,0.0,0.0
2026-01-13 04:19:57,2006,PC Portable,0.0,246.2,0.0,0.0
2026-01-13 04:19:57,2007,Lampe Cuisine,0.0,245.5,0.0,0.0
2026-01-13 04:19:57,2008,Lampe Chambre,0.0,246.7,0.0,0.0
2026-01-13 04:20:57,2001,TV Salle à manger,0.016,246.5,0.0,0.0
2026-01-13 04:20:57,2002,Ecran,0.0,246.0,0.0,0.0
2026-01-13 04:20:57,2003,Telephone / Tablette,0.0,245.7,0.0,0.0
2026-01-13 04:20:57,2004,Cafetiere,0.0,245.7,0.0,0.0
2026-01-13 04:20:57,2005,Lampe Salle à manger,0.0,245.4,0.0,0.0
2026-01-13 04:20:57,2006,PC Portable,0.0,246.4,0.0,0.0
2026-01-13 04:20:57,2007,Lampe Cuisine,0.0,245.5,0.0,0.0
2026-01-13 04:20:57,2008,Lampe Chambre,0.0,247.0,0.0,0.0
2026-01-13 04:21:57,2001,TV Salle à manger,0.0,246.7,0.0,0.0
2026-01-13 04:21:57,2002,Ecran,0.0,246.1,0.0,0.0
2026-01-13 04:21:57,2003,Telephone / Tablette,0.0,245.8,0.0,0.0
2026-01-13 04:21:57,2004,Cafetiere,0.0,245.8,0.0,0.0
2026-01-13 04:21:57,2005,Lampe Salle à manger,0.0,245.5,0.0,0.0
2026-01-13 04:21:57,2006,PC Portable,0.0,246.5,0.0,0.0
2026-01-13 04:21:57,2007,Lampe Cuisine,0.0,245.6,0.0,0.0
2026-01-13 04:21:57,2008,Lampe Chambre,0.0,247.0,0.0,0.0
2026-01-13 04:22:57,2001,TV Salle à manger,0.0,246.5,0.0,0.0
2026-01-13 04:22:57,2002,Ecran,0.0,246.0,0.0,0.0
2026-01-13 04:22:57,2003,Telephone / Tablette,0.0,245.6,0.0,0.0
2026-01-13 04:22:57,2004,Cafetiere,0.0,245.7,0.0,0.0
2026-01-13 04:22:57,2005,Lampe Salle à manger,0.0,245.4,0.0,0.0
2026-01-13 04:22:57,2006,PC Portable,0.0,246.4,0.0,0.0
2026-01-13 04:22:57,2007,Lampe Cuisine,0.0,245.5,0.0,0.0
2026-01-13 04:22:57,2008,Lampe Chambre,0.0,246.8,0.0,0.0
2026-01-13 04:23:58,2001,TV Salle à manger,0.0,246.4,0.0,0.0
2026-01-13 04:23:58,2002,Ecran,0.0,245.9,0.0,0.0
2026-01-13 04:23:58,2003,Telephone / Tablette,0.0,245.4,0.0,0.0
2026-01-13 04:23:58,2004,Cafetiere,0.0,245.5,0.0,0.0
2026-01-13 04:23:58,2005,Lampe Salle à manger,0.0,245.3,0.0,0.0
2026-01-13 04:23:58,2006,PC Portable,0.0,246.3,0.0,0.0
2026-01-13 04:23:58,2007,Lampe Cuisine,0.0,245.4,0.0,0.0
2026-01-13 04:23:58,2008,Lampe Chambre,0.0,246.7,0.0,0.0
2026-01-13 04:24:58,2001,TV Salle à manger,0.0,246.4,0.0,0.0
2026-01-13 04:24:58,2002,Ecran,0.0,245.9,0.0,0.0
2026-01-13 04:24:58,2003,Telephone / Tablette,0.0,245.5,0.0,0.0
2026-01-13 04:24:58,2004,Cafetiere,0.0,245.6,0.0,0.0
2026-01-13 04:24:58,2005,Lampe Salle à manger,0.0,245.3,0.0,0.0
2026-01-13 04:24:58,2006,PC Portable,0.0,246.3,0.0,0.0
2026-01-13 04:24:58,2007,Lampe Cuisine,0.0,245.4,0.0,0.0
2026-01-13 04:24:58,2008,Lampe Chambre,0.0,246.7,0.0,0.0
2026-01-13 04:25:58,2001,TV Salle à manger,0.03,246.4,0.0,0.0
2026-01-13 04:25:58,2002,Ecran,0.0,245.9,0.0,0.0
2026-01-13 04:25:58,2003,Telephone / Tablette,0.0,245.6,0.0,0.0
2026-01-13 04:25:58,2004,Cafetiere,0.0,245.6,0.0,0.0
2026-01-13 04:25:58,2005,Lampe Salle à manger,0.0,245.3,0.0,0.0
2026-01-13 04:25:58,2006,PC Portable,0.0,246.4,0.0,0.0
2026-01-13 04:25:58,2007,Lampe Cuisine,0.0,245.5,0.0,0.0
2026-01-13 04:25:58,2008,Lampe Chambre,0.0,246.7,0.0,0.0
2026-01-13 04:26:59,2001,TV Salle à manger,0.0,246.6,0.0,0.0
2026-01-13 04:26:59,2002,Ecran,0.0,246.1,0.0,0.0
2026-01-13 04:26:59,2003,Telephone / Tablette,0.0,245.7,0.0,0.0
2026-01-13 04:26:59,2004,Cafetiere,0.0,245.7,0.0,0.0
2026-01-13 04:26:59,2005,Lampe Salle à manger,0.0,245.4,0.0,0.0
2026-01-13 04:26:59,2006,PC Portable,0.0,246.4,0.0,0.0
2026-01-13 04:26:59,2007,Lampe Cuisine,0.0,245.5,0.0,0.0
2026-01-13 04:26:59,2008,Lampe Chambre,0.0,246.9,0.0,0.0
2026-01-13 04:27:59,2001,TV Salle à manger,0.0,246.4,0.0,0.0
2026-01-13 04:27:59,2002,Ecran,0.0,245.9,0.0,0.0
2026-01-13 04:27:59,2003,Telephone / Tablette,0.0,245.5,0.0,0.0
2026-01-13 04:27:59,2004,Cafetiere,0.0,245.5,0.0,0.0
2026-01-13 04:27:59,2005,Lampe Salle à manger,0.0,245.3,0.0,0.0
2026-01-13 04:27:59,2006,PC Portable,0.0,246.2,0.0,0.0
2026-01-13 04:27:59,2007,Lampe Cuisine,0.0,245.3,0.0,0.0
2026-01-13 04:27:59,2008,Lampe Chambre,0.0,246.7,0.0,0.0
2026-01-13 04:28:59,2001,TV Salle à manger,0.01,246.5,0.0,0.0
2026-01-13 04:28:59,2002,Ecran,0.0,246.0,0.0,0.0
2026-01-13 04:28:59,2003,Telephone / Tablette,0.0,245.6,0.0,0.0
2026-01-13 04:28:59,2004,Cafetiere,0.0,245.7,0.0,0.0
2026-01-13 04:28:59,2005,Lampe Salle à manger,0.0,245.4,0.0,0.0
2026-01-13 04:28:59,2006,PC Portable,0.0,246.4,0.0,0.0
2026-01-13 04:28:59,2007,Lampe Cuisine,0.0,245.5,0.0,0.0
2026-01-13 04:28:59,2008,Lampe Chambre,0.0,246.8,0.0,0.0
2026-01-13 04:29:59,2001,TV Salle à manger,0.0,246.5,0.0,0.0
2026-01-13 04:29:59,2002,Ecran,0.0,246.1,0.0,0.0
2026-01-13 04:29:59,2003,Telephone / Tablette,0.0,245.6,0.0,0.0
2026-01-13 04:29:59,2004,Cafetiere,0.0,245.8,0.0,0.0
2026-01-13 04:29:59,2005,Lampe Salle à manger,0.0,245.5,0.0,0.0
2026-01-13 04:29:59,2006,PC Portable,0.0,246.4,0.0,0.0
2026-01-13 04:29:59,2007,Lampe Cuisine,0.0,245.6,0.0,0.0
2026-01-13 04:29:59,2008,Lampe Chambre,0.0,246.8,0.0,0.0
2026-01-13 04:31:00,2001,TV Salle à manger,0.0,246.7,0.0,0.0
2026-01-13 04:31:00,2002,Ecran,0.0,246.3,0.0,0.0
2026-01-13 04:31:00,2003,Telephone / Tablette,0.0,246.0,0.0,0.0
2026-01-13 04:31:00,2004,Cafetiere,0.0,245.8,0.0,0.0
2026-01-13 04:31:00,2005,Lampe Salle à manger,0.0,245.7,0.0,0.0
2026-01-13 04:31:00,2006,PC Portable,0.0,246.7,0.0,0.0
2026-01-13 04:31:00,2007,Lampe Cuisine,0.0,245.7,0.0,0.0
2026-01-13 04:31:00,2008,Lampe Chambre,0.0,247.0,0.0,0.0
2026-01-13 04:32:00,2001,TV Salle à manger,0.019,246.5,0.0,0.0
2026-01-13 04:32:00,2002,Ecran,0.0,246.2,0.0,0.0
2026-01-13 04:32:00,2003,Telephone / Tablette,0.0,245.8,0.0,0.0
2026-01-13 04:32:00,2004,Cafetiere,0.0,245.7,0.0,0.0
2026-01-13 04:32:00,2005,Lampe Salle à manger,0.0,245.5,0.0,0.0
2026-01-13 04:32:00,2006,PC Portable,0.0,246.5,0.0,0.0
2026-01-13 04:32:00,2007,Lampe Cuisine,0.0,245.6,0.0,0.0
2026-01-13 04:32:00,2008,Lampe Chambre,0.0,247.0,0.0,0.0
2026-01-13 04:33:00,2001,TV Salle à manger,0.017,246.6,0.0,0.0
2026-01-13 04:33:00,2002,Ecran,0.0,246.1,0.0,0.0
2026-01-13 04:33:00,2003,Telephone / Tablette,0.0,245.7,0.0,0.0
2026-01-13 04:33:00,2004,Cafetiere,0.0,245.8,0.0,0.0
2026-01-13 04:33:00,2005,Lampe Salle à manger,0.0,245.5,0.0,0.0
2026-01-13 04:33:00,2006,PC Portable,0.0,246.5,0.0,0.0
2026-01-13 04:33:00,2007,Lampe Cuisine,0.0,245.6,0.0,0.0
2026-01-13 04:33:00,2008,Lampe Chambre,0.0,246.9,0.0,0.0
2026-01-13 04:34:00,2001,TV Salle à manger,0.0,246.6,0.0,0.0
2026-01-13 04:34:00,2002,Ecran,0.0,246.1,0.0,0.0
2026-01-13 04:34:00,2003,Telephone / Tablette,0.0,245.7,0.0,0.0
2026-01-13 04:34:00,2004,Cafetiere,0.0,245.7,0.0,0.0
2026-01-13 04:34:00,2005,Lampe Salle à manger,0.0,245.4,0.0,0.0
2026-01-13 04:34:00,2006,PC Portable,0.0,246.4,0.0,0.0
2026-01-13 04:34:00,2007,Lampe Cuisine,0.0,245.6,0.0,0.0
2026-01-13 04:34:00,2008,Lampe Chambre,0.0,246.8,0.0,0.0
2026-01-13 04:35:01,2001,TV Salle à manger,0.028,246.2,0.0,0.0
2026-01-13 04:35:01,2002,Ecran,0.0,246.0,0.0,0.0
2026-01-13 04:35:01,2003,Telephone / Tablette,0.0,245.3,0.0,0.0
2026-01-13 04:35:01,2004,Cafetiere,0.0,245.5,0.0,0.0
2026-01-13 04:35:01,2005,Lampe Salle à manger,0.0,245.1,0.0,0.0
2026-01-13 04:35:01,2006,PC Portable,0.0,246.1,0.0,0.0
2026-01-13 04:35:01,2007,Lampe Cuisine,0.0,245.4,0.0,0.0
2026-01-13 04:35:01,2008,Lampe Chambre,0.0,246.7,0.0,0.0
2026-01-13 04:36:01,2001,TV Salle à manger,0.0,246.3,0.0,0.0
2026-01-13 04:36:01,2002,Ecran,0.0,245.9,0.0,0.0
2026-01-13 04:36:01,2003,Telephone / Tablette,0.0,245.5,0.0,0.0
2026-01-13 04:36:01,2004,Cafetiere,0.0,245.5,0.0,0.0
2026-01-13 04:36:01,2005,Lampe Salle à manger,0.0,245.2,0.0,0.0
2026-01-13 04:36:01,2006,PC Portable,0.0,246.1,0.0,0.0
2026-01-13 04:36:01,2007,Lampe Cuisine,0.0,245.4,0.0,0.0
2026-01-13 04:36:01,2008,Lampe Chambre,0.0,246.6,0.0,0.0
2026-01-13 04:37:01,2001,TV Salle à manger,0.0,246.6,0.0,0.0
2026-01-13 04:37:01,2002,Ecran,0.0,245.9,0.0,0.0
2026-01-13 04:37:01,2003,Telephone / Tablette,0.0,245.6,0.0,0.0
2026-01-13 04:37:01,2004,Cafetiere,0.0,245.6,0.0,0.0
2026-01-13 04:37:01,2005,Lampe Salle à manger,0.0,245.3,0.0,0.0
2026-01-13 04:37:01,2006,PC Portable,0.0,246.4,0.0,0.0
2026-01-13 04:37:01,2007,Lampe Cuisine,0.0,245.5,0.0,0.0
2026-01-13 04:37:01,2008,Lampe Chambre,0.0,246.7,0.0,0.0
2026-01-13 04:38:01,2001,TV Salle à manger,0.0,246.3,0.0,0.0
2026-01-13 04:38:01,2002,Ecran,0.0,245.8,0.0,0.0
2026-01-13 04:38:01,2003,Telephone / Tablette,0.0,245.4,0.0,0.0
2026-01-13 04:38:01,2004,Cafetiere,0.0,245.4,0.0,0.0
2026-01-13 04:38:01,2005,Lampe Salle à manger,0.0,245.2,0.0,0.0
2026-01-13 04:38:01,2006,PC Portable,0.0,246.2,0.0,0.0
2026-01-13 04:38:01,2007,Lampe Cuisine,0.0,245.3,0.0,0.0
2026-01-13 04:38:01,2008,Lampe Chambre,0.0,246.6,0.0,0.0
2026-01-13 04:39:02,2001,TV Salle à manger,0.014,246.5,0.0,0.0
2026-01-13 04:39:02,2002,Ecran,0.0,246.0,0.0,0.0
2026-01-13 04:39:02,2003,Telephone / Tablette,0.0,245.7,0.0,0.0
2026-01-13 04:39:02,2004,Cafetiere,0.0,245.7,0.0,0.0
2026-01-13 04:39:02,2005,Lampe Salle à manger,0.0,245.4,0.0,0.0
2026-01-13 04:39:02,2006,PC Portable,0.0,246.4,0.0,0.0
2026-01-13 04:39:02,2007,Lampe Cuisine,0.0,245.5,0.0,0.0
2026-01-13 04:39:02,2008,Lampe Chambre,0.0,246.8,0.0,0.0
2026-01-13 04:40:02,2001,TV Salle à manger,0.0,246.3,0.0,0.0
2026-01-13 04:40:02,2002,Ecran,0.0,245.9,0.0,0.0
2026-01-13 04:40:02,2003,Telephone / Tablette,0.0,245.5,0.0,0.0
2026-01-13 04:40:02,2004,Cafetiere,0.0,245.6,0.0,0.0
2026-01-13 04:40:02,2005,Lampe Salle à manger,0.0,245.2,0.0,0.0
2026-01-13 04:40:02,2006,PC Portable,0.0,246.3,0.0,0.0
2026-01-13 04:40:02,2007,Lampe Cuisine,0.0,245.4,0.0,0.0
2026-01-13 04:40:02,2008,Lampe Chambre,0.0,246.7,0.0,0.0
2026-01-13 04:41:02,2001,TV Salle à manger,0.0,246.3,0.0,0.0
2026-01-13 04:41:02,2002,Ecran,0.0,245.8,0.0,0.0
2026-01-13 04:41:02,2003,Telephone / Tablette,0.0,245.4,0.0,0.0
2026-01-13 04:41:02,2004,Cafetiere,0.0,245.4,0.0,0.0
2026-01-13 04:41:02,2005,Lampe Salle à manger,0.0,245.2,0.0,0.0
2026-01-13 04:41:02,2006,PC Portable,0.0,246.2,0.0,0.0
2026-01-13 04:41:02,2007,Lampe Cuisine,0.0,245.3,0.0,0.0
2026-01-13 04:41:02,2008,Lampe Chambre,0.0,246.6,0.0,0.0
2026-01-13 04:42:03,2001,TV Salle à manger,0.0,246.4,0.0,0.0
2026-01-13 04:42:03,2002,Ecran,0.0,245.8,0.0,0.0
2026-01-13 04:42:03,2003,Telephone / Tablette,0.0,245.5,0.0,0.0
2026-01-13 04:42:03,2004,Cafetiere,0.0,245.5,0.0,0.0
2026-01-13 04:42:03,2005,Lampe Salle à manger,0.0,245.2,0.0,0.0
2026-01-13 04:42:03,2006,PC Portable,0.0,246.2,0.0,0.0
2026-01-13 04:42:03,2007,Lampe Cuisine,0.0,245.3,0.0,0.0
2026-01-13 04:42:03,2008,Lampe Chambre,0.0,246.6,0.0,0.0
2026-01-13 04:43:03,2001,TV Salle à manger,0.0,246.2,0.0,0.0
2026-01-13 04:43:03,2002,Ecran,0.0,245.8,0.0,0.0
2026-01-13 04:43:03,2003,Telephone / Tablette,0.0,245.5,0.0,0.0
2026-01-13 04:43:03,2004,Cafetiere,0.0,245.4,0.0,0.0
2026-01-13 04:43:03,2005,Lampe Salle à manger,0.0,245.2,0.0,0.0
2026-01-13 04:43:03,2006,PC Portable,0.0,246.2,0.0,0.0
2026-01-13 04:43:03,2007,Lampe Cuisine,0.0,245.3,0.0,0.0
2026-01-13 04:43:03,2008,Lampe Chambre,0.0,246.7,0.0,0.0
2026-01-13 04:44:03,2001,TV Salle à manger,0.0,246.3,0.0,0.0
2026-01-13 04:44:03,2002,Ecran,0.0,245.9,0.0,0.0
2026-01-13 04:44:03,2003,Telephone / Tablette,0.0,245.5,0.0,0.0
2026-01-13 04:44:03,2004,Cafetiere,0.0,245.5,0.0,0.0
2026-01-13 04:44:03,2005,Lampe Salle à manger,0.0,245.3,0.0,0.0
2026-01-13 04:44:03,2006,PC Portable,0.0,246.2,0.0,0.0
2026-01-13 04:44:03,2007,Lampe Cuisine,0.0,245.3,0.0,0.0
2026-01-13 04:44:03,2008,Lampe Chambre,0.0,246.7,0.0,0.0
2026-01-13 04:45:03,2001,TV Salle à manger,0.0,246.2,0.0,0.0
2026-01-13 04:45:03,2002,Ecran,0.0,245.6,0.0,0.0
2026-01-13 04:45:03,2003,Telephone / Tablette,0.0,245.2,0.0,0.0
2026-01-13 04:45:03,2004,Cafetiere,0.0,245.4,0.0,0.0
2026-01-13 04:45:03,2005,Lampe Salle à manger,0.0,245.0,0.0,0.0
2026-01-13 04:45:03,2006,PC Portable,0.0,245.9,0.0,0.0
2026-01-13 04:45:03,2007,Lampe Cuisine,0.0,245.4,0.0,0.0
2026-01-13 04:45:03,2008,Lampe Chambre,0.0,246.3,0.0,0.0
2026-01-13 04:46:04,2001,TV Salle à manger,0.0,246.3,0.0,0.0
2026-01-13 04:46:04,2002,Ecran,0.0,245.8,0.0,0.0
2026-01-13 04:46:04,2003,Telephone / Tablette,0.0,245.5,0.0,0.0
2026-01-13 04:46:04,2004,Cafetiere,0.0,245.5,0.0,0.0
2026-01-13 04:46:04,2005,Lampe Salle à manger,0.0,245.2,0.0,0.0
2026-01-13 04:46:04,2006,PC Portable,0.0,246.2,0.0,0.0
2026-01-13 04:46:04,2007,Lampe Cuisine,0.0,245.4,0.0,0.0
2026-01-13 04:46:04,2008,Lampe Chambre,0.0,246.6,0.0,0.0
2026-01-13 04:47:04,2001,TV Salle à manger,0.0,246.4,0.0,0.0
2026-01-13 04:47:04,2002,Ecran,0.0,245.9,0.0,0.0
2026-01-13 04:47:04,2003,Telephone / Tablette,0.0,245.5,0.0,0.0
2026-01-13 04:47:04,2004,Cafetiere,0.0,245.6,0.0,0.0
2026-01-13 04:47:04,2005,Lampe Salle à manger,0.0,245.3,0.0,0.0
2026-01-13 04:47:04,2006,PC Portable,0.0,246.3,0.0,0.0
2026-01-13 04:47:04,2007,Lampe Cuisine,0.0,245.4,0.0,0.0
2026-01-13 04:47:04,2008,Lampe Chambre,0.0,246.7,0.0,0.0
2026-01-13 04:48:04,2001,TV Salle à manger,0.0,246.5,0.0,0.0
2026-01-13 04:48:04,2002,Ecran,0.0,246.0,0.0,0.0
2026-01-13 04:48:04,2003,Telephone / Tablette,0.0,245.6,0.0,0.0
2026-01-13 04:48:04,2004,Cafetiere,0.0,245.7,0.0,0.0
2026-01-13 04:48:04,2005,Lampe Salle à manger,0.0,245.5,0.0,0.0
2026-01-13 04:48:04,2006,PC Portable,0.0,246.4,0.0,0.0
2026-01-13 04:48:04,2007,Lampe Cuisine,0.0,245.5,0.0,0.0
2026-01-13 04:48:04,2008,Lampe Chambre,0.0,246.9,0.0,0.0
2026-01-13 04:49:04,2001,TV Salle à manger,0.0,246.3,0.0,0.0
2026-01-13 04:49:04,2002,Ecran,0.0,245.9,0.0,0.0
2026-01-13 04:49:04,2003,Telephone / Tablette,0.0,245.6,0.0,0.0
2026-01-13 04:49:04,2004,Cafetiere,0.0,245.5,0.0,0.0
2026-01-13 04:49:04,2005,Lampe Salle à manger,0.0,245.3,0.0,0.0
2026-01-13 04:49:04,2006,PC Portable,0.0,246.2,0.0,0.0
2026-01-13 04:49:04,2007,Lampe Cuisine,0.0,245.3,0.0,0.0
2026-01-13 04:49:04,2008,Lampe Chambre,0.0,246.7,0.0,0.0
2026-01-13 04:50:05,2001,TV Salle à manger,0.0,246.2,0.0,0.0
2026-01-13 04:50:05,2002,Ecran,0.0,245.7,0.0,0.0
2026-01-13 04:50:05,2003,Telephone / Tablette,0.0,245.3,0.0,0.0
2026-01-13 04:50:05,2004,Cafetiere,0.0,245.3,0.0,0.0
2026-01-13 04:50:05,2005,Lampe Salle à manger,0.0,245.1,0.0,0.0
2026-01-13 04:50:05,2006,PC Portable,0.0,246.0,0.0,0.0
2026-01-13 04:50:05,2007,Lampe Cuisine,0.0,245.1,0.0,0.0
2026-01-13 04:50:05,2008,Lampe Chambre,0.0,246.5,0.0,0.0
2026-01-13 04:51:05,2001,TV Salle à manger,0.0,246.4,0.0,0.0
2026-01-13 04:51:05,2002,Ecran,0.0,245.9,0.0,0.0
2026-01-13 04:51:05,2003,Telephone / Tablette,0.0,245.6,0.0,0.0
2026-01-13 04:51:05,2004,Cafetiere,0.0,245.5,0.0,0.0
2026-01-13 04:51:05,2005,Lampe Salle à manger,0.0,245.3,0.0,0.0
2026-01-13 04:51:05,2006,PC Portable,0.0,246.3,0.0,0.0
2026-01-13 04:51:05,2007,Lampe Cuisine,0.0,245.4,0.0,0.0
2026-01-13 04:51:05,2008,Lampe Chambre,0.0,246.7,0.0,0.0
2026-01-13 04:52:05,2001,TV Salle à manger,0.0,246.2,0.0,0.0
2026-01-13 04:52:05,2002,Ecran,0.0,245.8,0.0,0.0
2026-01-13 04:52:05,2003,Telephone / Tablette,0.0,245.4,0.0,0.0
2026-01-13 04:52:05,2004,Cafetiere,0.0,245.4,0.0,0.0
2026-01-13 04:52:05,2005,Lampe Salle à manger,0.0,245.1,0.0,0.0
2026-01-13 04:52:05,2006,PC Portable,0.0,246.1,0.0,0.0
2026-01-13 04:52:05,2007,Lampe Cuisine,0.0,245.2,0.0,0.0
2026-01-13 04:52:05,2008,Lampe Chambre,0.0,246.5,0.0,0.0
2026-01-13 04:53:05,2001,TV Salle à manger,0.0,246.4,0.0,0.0
2026-01-13 04:53:05,2002,Ecran,0.0,246.0,0.0,0.0
2026-01-13 04:53:05,2003,Telephone / Tablette,0.0,245.7,0.0,0.0
2026-01-13 04:53:05,2004,Cafetiere,0.0,245.6,0.0,0.0
2026-01-13 04:53:05,2005,Lampe Salle à manger,0.0,245.4,0.0,0.0
2026-01-13 04:53:05,2006,PC Portable,0.0,246.4,0.0,0.0
2026-01-13 04:53:05,2007,Lampe Cuisine,0.0,245.6,0.0,0.0
2026-01-13 04:53:05,2008,Lampe Chambre,0.0,246.7,0.0,0.0
2026-01-13 04:54:06,2001,TV Salle à manger,0.02,246.5,0.0,0.0
2026-01-13 04:54:06,2002,Ecran,0.0,246.0,0.0,0.0
2026-01-13 04:54:06,2003,Telephone / Tablette,0.0,245.7,0.0,0.0
2026-01-13 04:54:06,2004,Cafetiere,0.0,245.8,0.0,0.0
2026-01-13 04:54:06,2005,Lampe Salle à manger,0.0,245.6,0.0,0.0
2026-01-13 04:54:06,2006,PC Portable,0.0,246.5,0.0,0.0
2026-01-13 04:54:06,2007,Lampe Cuisine,0.0,245.6,0.0,0.0
2026-01-13 04:54:06,2008,Lampe Chambre,0.0,246.8,0.0,0.0
2026-01-13 04:55:06,2001,TV Salle à manger,0.0,246.7,0.0,0.0
2026-01-13 04:55:06,2002,Ecran,0.0,246.2,0.0,0.0
2026-01-13 04:55:06,2003,Telephone / Tablette,0.0,245.9,0.0,0.0
2026-01-13 04:55:06,2004,Cafetiere,0.0,245.9,0.0,0.0
2026-01-13 04:55:06,2005,Lampe Salle à manger,0.0,245.6,0.0,0.0
2026-01-13 04:55:06,2006,PC Portable,0.0,246.7,0.0,0.0
2026-01-13 04:55:06,2007,Lampe Cuisine,0.0,245.8,0.0,0.0
2026-01-13 04:55:06,2008,Lampe Chambre,0.0,247.0,0.0,0.0
2026-01-13 04:56:06,2001,TV Salle à manger,0.0,246.4,0.0,0.0
2026-01-13 04:56:06,2002,Ecran,0.0,245.9,0.0,0.0
2026-01-13 04:56:06,2003,Telephone / Tablette,0.0,245.5,0.0,0.0
2026-01-13 04:56:06,2004,Cafetiere,0.0,245.6,0.0,0.0
2026-01-13 04:56:06,2005,Lampe Salle à manger,0.0,245.3,0.0,0.0
2026-01-13 04:56:06,2006,PC Portable,0.0,246.2,0.0,0.0
2026-01-13 04:56:06,2007,Lampe Cuisine,0.0,245.3,0.0,0.0
2026-01-13 04:56:06,2008,Lampe Chambre,0.0,246.7,0.0,0.0
2026-01-13 04:57:06,2001,TV Salle à manger,0.0,245.8,0.0,0.0
2026-01-13 04:57:06,2002,Ecran,0.0,245.4,0.0,0.0
2026-01-13 04:57:06,2003,Telephone / Tablette,0.0,244.9,0.0,0.0
2026-01-13 04:57:06,2004,Cafetiere,0.0,245.0,0.0,0.0
2026-01-13 04:57:06,2005,Lampe Salle à manger,0.0,244.8,0.0,0.0
2026-01-13 04:57:06,2006,PC Portable,0.0,245.8,0.0,0.0
2026-01-13 04:57:06,2007,Lampe Cuisine,0.0,244.9,0.0,0.0
2026-01-13 04:57:06,2008,Lampe Chambre,0.0,246.1,0.0,0.0
2026-01-13 04:58:07,2001,TV Salle à manger,0.0,246.2,0.0,0.0
2026-01-13 04:58:07,2002,Ecran,0.0,245.5,0.0,0.0
2026-01-13 04:58:07,2003,Telephone / Tablette,0.0,245.2,0.0,0.0
2026-01-13 04:58:07,2004,Cafetiere,0.0,245.4,0.0,0.0
2026-01-13 04:58:07,2005,Lampe Salle à manger,0.0,245.0,0.0,0.0
2026-01-13 04:58:07,2006,PC Portable,0.0,245.8,0.0,0.0
2026-01-13 04:58:07,2007,Lampe Cuisine,0.0,245.1,0.0,0.0
2026-01-13 04:58:07,2008,Lampe Chambre,0.0,246.5,0.0,0.0
2026-01-13 04:59:07,2001,TV Salle à manger,0.029,245.9,0.0,0.0
2026-01-13 04:59:07,2002,Ecran,0.0,245.4,0.0,0.0
2026-01-13 04:59:07,2003,Telephone / Tablette,0.0,245.0,0.0,0.0
2026-01-13 04:59:07,2004,Cafetiere,0.0,245.1,0.0,0.0
2026-01-13 04:59:07,2005,Lampe Salle à manger,0.0,244.8,0.0,0.0
2026-01-13 04:59:07,2006,PC Portable,0.0,245.7,0.0,0.0
2026-01-13 04:59:07,2007,Lampe Cuisine,0.0,244.9,0.0,0.0
2026-01-13 04:59:07,2008,Lampe Chambre,0.0,246.2,0.0,0.0
2026-01-13 05:00:07,2001,TV Salle à manger,0.0,245.9,0.0,0.0
2026-01-13 05:00:07,2002,Ecran,0.0,245.4,0.0,0.0
2026-01-13 05:00:07,2003,Telephone / Tablette,0.0,245.0,0.0,0.0
2026-01-13 05:00:07,2004,Cafetiere,0.0,245.1,0.0,0.0
2026-01-13 05:00:07,2005,Lampe Salle à manger,0.0,244.8,0.0,0.0
2026-01-13 05:00:07,2006,PC Portable,0.0,245.7,0.0,0.0
2026-01-13 05:00:07,2007,Lampe Cuisine,0.0,244.8,0.0,0.0
2026-01-13 05:00:07,2008,Lampe Chambre,0.0,246.2,0.0,0.0
2026-01-13 05:01:07,2001,TV Salle à manger,0.013,246.0,0.0,0.0
2026-01-13 05:01:07,2002,Ecran,0.0,245.5,0.0,0.0
2026-01-13 05:01:07,2003,Telephone / Tablette,0.0,245.1,0.0,0.0
2026-01-13 05:01:07,2004,Cafetiere,0.0,245.2,0.0,0.0
2026-01-13 05:01:07,2005,Lampe Salle à manger,0.0,244.8,0.0,0.0
2026-01-13 05:01:07,2006,PC Portable,0.0,245.8,0.0,0.0
2026-01-13 05:01:07,2007,Lampe Cuisine,0.0,244.9,0.0,0.0
2026-01-13 05:01:07,2008,Lampe Chambre,0.0,246.3,0.0,0.0
2026-01-13 05:02:08,2001,TV Salle à manger,0.03,245.5,0.0,0.0
2026-01-13 05:02:08,2002,Ecran,0.0,245.0,0.0,0.0
2026-01-13 05:02:08,2003,Telephone / Tablette,0.0,244.6,0.0,0.0
2026-01-13 05:02:08,2004,Cafetiere,0.0,244.7,0.0,0.0
2026-01-13 05:02:08,2005,Lampe Salle à manger,0.0,244.5,0.0,0.0
2026-01-13 05:02:08,2006,PC Portable,0.0,245.4,0.0,0.0
2026-01-13 05:02:08,2007,Lampe Cuisine,0.0,244.5,0.0,0.0
2026-01-13 05:02:08,2008,Lampe Chambre,0.0,245.9,0.0,0.0
2026-01-13 05:03:08,2001,TV Salle à manger,0.0,245.9,0.0,0.0
2026-01-13 05:03:08,2002,Ecran,0.0,245.4,0.0,0.0
2026-01-13 05:03:08,2003,Telephone / Tablette,0.0,245.0,0.0,0.0
2026-01-13 05:03:08,2004,Cafetiere,0.0,245.1,0.0,0.0
2026-01-13 05:03:08,2005,Lampe Salle à manger,0.0,244.8,0.0,0.0
2026-01-13 05:03:08,2006,PC Portable,0.0,245.8,0.0,0.0
2026-01-13 05:03:08,2007,Lampe Cuisine,0.0,244.9,0.0,0.0
2026-01-13 05:03:08,2008,Lampe Chambre,0.0,246.2,0.0,0.0
2026-01-13 05:04:08,2001,TV Salle à manger,0.0,245.4,0.0,0.0
2026-01-13 05:04:08,2002,Ecran,0.0,245.1,0.0,0.0
2026-01-13 05:04:08,2003,Telephone / Tablette,0.0,244.7,0.0,0.0
2026-01-13 05:04:08,2004,Cafetiere,0.0,244.8,0.0,0.0
2026-01-13 05:04:08,2005,Lampe Salle à manger,0.0,244.6,0.0,0.0
2026-01-13 05:04:08,2006,PC Portable,0.0,245.4,0.0,0.0
2026-01-13 05:04:08,2007,Lampe Cuisine,0.0,244.6,0.0,0.0
2026-01-13 05:04:08,2008,Lampe Chambre,0.0,245.9,0.0,0.0
2026-01-13 05:05:09,2001,TV Salle à manger,0.0,245.5,0.0,0.0
2026-01-13 05:05:09,2002,Ecran,0.0,245.1,0.0,0.0
2026-01-13 05:05:09,2003,Telephone / Tablette,0.0,244.7,0.0,0.0
2026-01-13 05:05:09,2004,Cafetiere,0.0,244.7,0.0,0.0
2026-01-13 05:05:09,2005,Lampe Salle à manger,0.0,244.5,0.0,0.0
2026-01-13 05:05:09,2006,PC Portable,0.0,245.5,0.0,0.0
2026-01-13 05:05:09,2007,Lampe Cuisine,0.0,244.6,0.0,0.0
2026-01-13 05:05:09,2008,Lampe Chambre,0.0,245.8,0.0,0.0
2026-01-13 05:06:09,2001,TV Salle à manger,0.051,244.6,1.4,0.023
2026-01-13 05:06:09,2002,Ecran,0.0,244.1,0.0,0.0
2026-01-13 05:06:09,2003,Telephone / Tablette,0.0,243.7,0.0,0.0
2026-01-13 05:06:09,2004,Cafetiere,0.0,243.8,0.0,0.0
2026-01-13 05:06:09,2005,Lampe Salle à manger,0.0,243.5,0.0,0.0
2026-01-13 05:06:09,2006,PC Portable,0.0,244.5,0.0,0.0
2026-01-13 05:06:09,2007,Lampe Cuisine,0.0,243.6,0.0,0.0
2026-01-13 05:06:09,2008,Lampe Chambre,0.0,244.9,0.0,0.0
2026-01-13 05:07:09,2001,TV Salle à manger,0.021,245.3,0.0,0.0
2026-01-13 05:07:09,2002,Ecran,0.0,244.9,0.0,0.0
2026-01-13 05:07:09,2003,Telephone / Tablette,0.0,244.5,0.0,0.0
2026-01-13 05:07:09,2004,Cafetiere,0.0,244.6,0.0,0.0
2026-01-13 05:07:09,2005,Lampe Salle à manger,0.0,244.3,0.0,0.0
2026-01-13 05:07:09,2006,PC Portable,0.0,245.1,0.0,0.0
2026-01-13 05:07:09,2007,Lampe Cuisine,0.0,244.4,0.0,0.0
2026-01-13 05:07:09,2008,Lampe Chambre,0.0,245.7,0.0,0.0
2026-01-13 05:08:09,2001,TV Salle à manger,0.0,244.8,0.0,0.0
2026-01-13 05:08:09,2002,Ecran,0.0,244.3,0.0,0.0
2026-01-13 05:08:09,2003,Telephone / Tablette,0.0,243.9,0.0,0.0
2026-01-13 05:08:09,2004,Cafetiere,0.0,244.0,0.0,0.0
2026-01-13 05:08:09,2005,Lampe Salle à manger,0.0,243.7,0.0,0.0
2026-01-13 05:08:09,2006,PC Portable,0.0,244.7,0.0,0.0
2026-01-13 05:08:09,2007,Lampe Cuisine,0.0,243.8,0.0,0.0
2026-01-13 05:08:09,2008,Lampe Chambre,0.0,245.1,0.0,0.0
2026-01-13 05:09:10,2001,TV Salle à manger,0.0,244.5,0.0,0.0
2026-01-13 05:09:10,2002,Ecran,0.0,244.1,0.0,0.0
2026-01-13 05:09:10,2003,Telephone / Tablette,0.0,243.7,0.0,0.0
2026-01-13 05:09:10,2004,Cafetiere,0.0,243.8,0.0,0.0
2026-01-13 05:09:10,2005,Lampe Salle à manger,0.0,243.5,0.0,0.0
2026-01-13 05:09:10,2006,PC Portable,0.0,244.4,0.0,0.0
2026-01-13 05:09:10,2007,Lampe Cuisine,0.0,243.6,0.0,0.0
2026-01-13 05:09:10,2008,Lampe Chambre,0.0,244.9,0.0,0.0
2026-01-13 05:10:10,2001,TV Salle à manger,0.0,245.0,0.0,0.0
2026-01-13 05:10:10,2002,Ecran,0.0,244.3,0.0,0.0
2026-01-13 05:10:10,2003,Telephone / Tablette,0.0,244.0,0.0,0.0
2026-01-13 05:10:10,2004,Cafetiere,0.0,244.2,0.0,0.0
2026-01-13 05:10:10,2005,Lampe Salle à manger,0.0,243.9,0.0,0.0
2026-01-13 05:10:10,2006,PC Portable,0.0,244.8,0.0,0.0
2026-01-13 05:10:10,2007,Lampe Cuisine,0.0,243.9,0.0,0.0
2026-01-13 05:10:10,2008,Lampe Chambre,0.0,245.0,0.0,0.0
2026-01-13 05:11:10,2001,TV Salle à manger,0.0,245.6,0.0,0.0
2026-01-13 05:11:10,2002,Ecran,0.0,245.2,0.0,0.0
2026-01-13 05:11:10,2003,Telephone / Tablette,0.0,244.8,0.0,0.0
2026-01-13 05:11:10,2004,Cafetiere,0.0,244.8,0.0,0.0
2026-01-13 05:11:10,2005,Lampe Salle à manger,0.0,244.5,0.0,0.0
2026-01-13 05:11:10,2006,PC Portable,0.0,245.4,0.0,0.0
2026-01-13 05:11:10,2007,Lampe Cuisine,0.0,244.5,0.0,0.0
2026-01-13 05:11:10,2008,Lampe Chambre,0.0,245.9,0.0,0.0
2026-01-13 05:12:10,2001,TV Salle à manger,0.0,244.8,0.0,0.0
2026-01-13 05:12:10,2002,Ecran,0.0,244.2,0.0,0.0
2026-01-13 05:12:10,2003,Telephone / Tablette,0.0,243.9,0.0,0.0
2026-01-13 05:12:10,2004,Cafetiere,0.0,243.9,0.0,0.0
2026-01-13 05:12:10,2005,Lampe Salle à manger,0.0,243.6,0.0,0.0
2026-01-13 05:12:10,2006,PC Portable,0.0,244.7,0.0,0.0
2026-01-13 05:12:10,2007,Lampe Cuisine,0.0,243.8,0.0,0.0
2026-01-13 05:12:10,2008,Lampe Chambre,0.0,245.0,0.0,0.0
2026-01-13 05:13:11,2001,TV Salle à manger,0.0,244.8,0.0,0.0
2026-01-13 05:13:11,2002,Ecran,0.0,244.3,0.0,0.0
2026-01-13 05:13:11,2003,Telephone / Tablette,0.0,244.0,0.0,0.0
2026-01-13 05:13:11,2004,Cafetiere,0.0,243.9,0.0,0.0
2026-01-13 05:13:11,2005,Lampe Salle à manger,0.0,243.7,0.0,0.0
2026-01-13 05:13:11,2006,PC Portable,0.0,244.7,0.0,0.0
2026-01-13 05:13:11,2007,Lampe Cuisine,0.0,243.9,0.0,0.0
2026-01-13 05:13:11,2008,Lampe Chambre,0.0,245.2,0.0,0.0
2026-01-13 05:14:11,2001,TV Salle à manger,0.023,245.4,0.0,0.0
2026-01-13 05:14:11,2002,Ecran,0.0,244.9,0.0,0.0
2026-01-13 05:14:11,2003,Telephone / Tablette,0.0,244.5,0.0,0.0
2026-01-13 05:14:11,2004,Cafetiere,0.0,244.6,0.0,0.0
2026-01-13 05:14:11,2005,Lampe Salle à manger,0.0,244.3,0.0,0.0
2026-01-13 05:14:11,2006,PC Portable,0.0,245.3,0.0,0.0
2026-01-13 05:14:11,2007,Lampe Cuisine,0.0,244.4,0.0,0.0
2026-01-13 05:14:11,2008,Lampe Chambre,0.0,245.7,0.0,0.0
2026-01-13 05:15:11,2001,TV Salle à manger,0.0,245.1,0.0,0.0
2026-01-13 05:15:11,2002,Ecran,0.0,244.7,0.0,0.0
2026-01-13 05:15:11,2003,Telephone / Tablette,0.0,244.3,0.0,0.0
2026-01-13 05:15:11,2004,Cafetiere,0.0,244.3,0.0,0.0
2026-01-13 05:15:11,2005,Lampe Salle à manger,0.0,244.0,0.0,0.0
2026-01-13 05:15:11,2006,PC Portable,0.0,245.0,0.0,0.0
2026-01-13 05:15:11,2007,Lampe Cuisine,0.0,244.1,0.0,0.0
2026-01-13 05:15:11,2008,Lampe Chambre,0.0,245.4,0.0,0.0
2026-01-13 05:16:11,2001,TV Salle à manger,0.0,244.9,0.0,0.0
2026-01-13 05:16:11,2002,Ecran,0.0,244.4,0.0,0.0
2026-01-13 05:16:11,2003,Telephone / Tablette,0.0,244.0,0.0,0.0
2026-01-13 05:16:11,2004,Cafetiere,0.0,244.1,0.0,0.0
2026-01-13 05:16:11,2005,Lampe Salle à manger,0.0,243.8,0.0,0.0
2026-01-13 05:16:11,2006,PC Portable,0.0,244.8,0.0,0.0
2026-01-13 05:16:11,2007,Lampe Cuisine,0.0,243.9,0.0,0.0
2026-01-13 05:16:11,2008,Lampe Chambre,0.0,245.2,0.0,0.0
2026-01-13 05:17:12,2001,TV Salle à manger,0.0,245.2,0.0,0.0
2026-01-13 05:17:12,2002,Ecran,0.0,244.7,0.0,0.0
2026-01-13 05:17:12,2003,Telephone / Tablette,0.0,244.3,0.0,0.0
2026-01-13 05:17:12,2004,Cafetiere,0.0,244.4,0.0,0.0
2026-01-13 05:17:12,2005,Lampe Salle à manger,0.0,244.1,0.0,0.0
2026-01-13 05:17:12,2006,PC Portable,0.0,245.1,0.0,0.0
2026-01-13 05:17:12,2007,Lampe Cuisine,0.0,244.2,0.0,0.0
2026-01-13 05:17:12,2008,Lampe Chambre,0.0,245.5,0.0,0.0
2026-01-13 05:18:12,2001,TV Salle à manger,0.0,244.9,0.0,0.0
2026-01-13 05:18:12,2002,Ecran,0.0,244.5,0.0,0.0
2026-01-13 05:18:12,2003,Telephone / Tablette,0.0,244.0,0.0,0.0
2026-01-13 05:18:12,2004,Cafetiere,0.0,244.1,0.0,0.0
2026-01-13 05:18:12,2005,Lampe Salle à manger,0.0,243.9,0.0,0.0
2026-01-13 05:18:12,2006,PC Portable,0.0,244.8,0.0,0.0
2026-01-13 05:18:12,2007,Lampe Cuisine,0.0,244.0,0.0,0.0
2026-01-13 05:18:12,2008,Lampe Chambre,0.0,245.2,0.0,0.0
2026-01-13 05:19:12,2001,TV Salle à manger,0.018,245.0,0.0,0.0
2026-01-13 05:19:12,2002,Ecran,0.0,244.6,0.0,0.0
2026-01-13 05:19:12,2003,Telephone / Tablette,0.0,244.3,0.0,0.0
2026-01-13 05:19:12,2004,Cafetiere,0.0,244.2,0.0,0.0
2026-01-13 05:19:12,2005,Lampe Salle à manger,0.0,243.9,0.0,0.0
2026-01-13 05:19:12,2006,PC Portable,0.0,244.9,0.0,0.0
2026-01-13 05:19:12,2007,Lampe Cuisine,0.0,244.0,0.0,0.0
2026-01-13 05:19:12,2008,Lampe Chambre,0.0,245.3,0.0,0.0
2026-01-13 05:20:13,2001,TV Salle à manger,0.0,244.7,0.0,0.0
2026-01-13 05:20:13,2002,Ecran,0.0,244.4,0.0,0.0
2026-01-13 05:20:13,2003,Telephone / Tablette,0.0,243.9,0.0,0.0
2026-01-13 05:20:13,2004,Cafetiere,0.0,244.0,0.0,0.0
2026-01-13 05:20:13,2005,Lampe Salle à manger,0.0,243.7,0.0,0.0
2026-01-13 05:20:13,2006,PC Portable,0.0,245.0,0.0,0.0
2026-01-13 05:20:13,2007,Lampe Cuisine,0.0,244.2,0.0,0.0
2026-01-13 05:20:13,2008,Lampe Chambre,0.0,245.1,0.0,0.0
2026-01-13 05:21:13,2001,TV Salle à manger,0.0,245.0,0.0,0.0
2026-01-13 05:21:13,2002,Ecran,0.0,244.6,0.0,0.0
2026-01-13 05:21:13,2003,Telephone / Tablette,0.0,244.2,0.0,0.0
2026-01-13 05:21:13,2004,Cafetiere,0.0,244.3,0.0,0.0
2026-01-13 05:21:13,2005,Lampe Salle à manger,0.0,244.0,0.0,0.0
2026-01-13 05:21:13,2006,PC Portable,0.0,244.9,0.0,0.0
2026-01-13 05:21:13,2007,Lampe Cuisine,0.0,244.0,0.0,0.0
2026-01-13 05:21:13,2008,Lampe Chambre,0.0,245.4,0.0,0.0
2026-01-13 05:22:13,2001,TV Salle à manger,0.0,244.4,0.0,0.0
2026-01-13 05:22:13,2002,Ecran,0.0,244.0,0.0,0.0
2026-01-13 05:22:13,2003,Telephone / Tablette,0.0,243.6,0.0,0.0
2026-01-13 05:22:13,2004,Cafetiere,0.0,243.6,0.0,0.0
2026-01-13 05:22:13,2005,Lampe Salle à manger,0.0,243.3,0.0,0.0
2026-01-13 05:22:13,2006,PC Portable,0.0,244.3,0.0,0.0
2026-01-13 05:22:13,2007,Lampe Cuisine,0.0,243.4,0.0,0.0
2026-01-13 05:22:13,2008,Lampe Chambre,0.0,244.7,0.0,0.0
2026-01-13 05:23:13,2001,TV Salle à manger,0.0,244.9,0.0,0.0
2026-01-13 05:23:13,2002,Ecran,0.0,244.4,0.0,0.0
2026-01-13 05:23:13,2003,Telephone / Tablette,0.0,243.9,0.0,0.0
2026-01-13 05:23:13,2004,Cafetiere,0.0,244.0,0.0,0.0
2026-01-13 05:23:13,2005,Lampe Salle à manger,0.0,243.7,0.0,0.0
2026-01-13 05:23:13,2006,PC Portable,0.0,244.7,0.0,0.0
2026-01-13 05:23:13,2007,Lampe Cuisine,0.0,243.9,0.0,0.0
2026-01-13 05:23:13,2008,Lampe Chambre,0.0,245.2,0.0,0.0
2026-01-13 05:24:14,2001,TV Salle à manger,0.0,245.0,0.0,0.0
2026-01-13 05:24:14,2002,Ecran,0.0,244.5,0.0,0.0
2026-01-13 05:24:14,2003,Telephone / Tablette,0.0,244.2,0.0,0.0
2026-01-13 05:24:14,2004,Cafetiere,0.0,244.1,0.0,0.0
2026-01-13 05:24:14,2005,Lampe Salle à manger,0.0,243.9,0.0,0.0
2026-01-13 05:24:14,2006,PC Portable,0.0,244.9,0.0,0.0
2026-01-13 05:24:14,2007,Lampe Cuisine,0.0,244.0,0.0,0.0
2026-01-13 05:24:14,2008,Lampe Chambre,0.0,245.3,0.0,0.0
2026-01-13 05:25:14,2001,TV Salle à manger,0.0,244.8,0.0,0.0
2026-01-13 05:25:14,2002,Ecran,0.0,244.3,0.0,0.0
2026-01-13 05:25:14,2003,Telephone / Tablette,0.0,244.1,0.0,0.0
2026-01-13 05:25:14,2004,Cafetiere,0.0,244.0,0.0,0.0
2026-01-13 05:25:14,2005,Lampe Salle à manger,0.0,243.8,0.0,0.0
2026-01-13 05:25:14,2006,PC Portable,0.0,244.7,0.0,0.0
2026-01-13 05:25:14,2007,Lampe Cuisine,0.0,243.7,0.0,0.0
2026-01-13 05:25:14,2008,Lampe Chambre,0.0,245.1,0.0,0.0
2026-01-13 05:26:14,2001,TV Salle à manger,0.0,245.4,0.0,0.0
2026-01-13 05:26:14,2002,Ecran,0.0,245.0,0.0,0.0
2026-01-13 05:26:14,2003,Telephone / Tablette,0.0,244.6,0.0,0.0
2026-01-13 05:26:14,2004,Cafetiere,0.0,244.7,0.0,0.0
2026-01-13 05:26:14,2005,Lampe Salle à manger,0.0,244.5,0.0,0.0
2026-01-13 05:26:14,2006,PC Portable,0.0,245.3,0.0,0.0
2026-01-13 05:26:14,2007,Lampe Cuisine,0.0,244.5,0.0,0.0
2026-01-13 05:26:14,2008,Lampe Chambre,0.0,245.8,0.0,0.0
2026-01-13 05:27:14,2001,TV Salle à manger,0.0,244.6,0.0,0.0
2026-01-13 05:27:14,2002,Ecran,0.0,244.1,0.0,0.0
2026-01-13 05:27:14,2003,Telephone / Tablette,0.0,243.7,0.0,0.0
2026-01-13 05:27:14,2004,Cafetiere,0.0,243.7,0.0,0.0
2026-01-13 05:27:14,2005,Lampe Salle à manger,0.0,243.4,0.0,0.0
2026-01-13 05:27:14,2006,PC Portable,0.0,244.4,0.0,0.0
2026-01-13 05:27:14,2007,Lampe Cuisine,0.0,243.5,0.0,0.0
2026-01-13 05:27:14,2008,Lampe Chambre,0.0,244.8,0.0,0.0
2026-01-13 05:28:15,2001,TV Salle à manger,0.0,245.2,0.0,0.0
2026-01-13 05:28:15,2002,Ecran,0.0,244.7,0.0,0.0
2026-01-13 05:28:15,2003,Telephone / Tablette,0.0,244.3,0.0,0.0
2026-01-13 05:28:15,2004,Cafetiere,0.0,244.4,0.0,0.0
2026-01-13 05:28:15,2005,Lampe Salle à manger,0.0,244.1,0.0,0.0
2026-01-13 05:28:15,2006,PC Portable,0.0,245.2,0.0,0.0
2026-01-13 05:28:15,2007,Lampe Cuisine,0.0,244.2,0.0,0.0
2026-01-13 05:28:15,2008,Lampe Chambre,0.0,245.4,0.0,0.0
2026-01-13 05:29:15,2001,TV Salle à manger,0.031,244.9,0.0,0.0
2026-01-13 05:29:15,2002,Ecran,0.0,244.4,0.0,0.0
2026-01-13 05:29:15,2003,Telephone / Tablette,0.0,244.0,0.0,0.0
2026-01-13 05:29:15,2004,Cafetiere,0.0,244.3,0.0,0.0
2026-01-13 05:29:15,2005,Lampe Salle à manger,0.0,243.9,0.0,0.0
2026-01-13 05:29:15,2006,PC Portable,0.0,244.9,0.0,0.0
2026-01-13 05:29:15,2007,Lampe Cuisine,0.0,243.9,0.0,0.0
2026-01-13 05:29:15,2008,Lampe Chambre,0.0,245.2,0.0,0.0
2026-01-13 05:30:15,2001,TV Salle à manger,0.0,244.7,0.0,0.0
2026-01-13 05:30:15,2002,Ecran,0.0,244.3,0.0,0.0
2026-01-13 05:30:15,2003,Telephone / Tablette,0.0,243.9,0.0,0.0
2026-01-13 05:30:15,2004,Cafetiere,0.0,243.9,0.0,0.0
2026-01-13 05:30:15,2005,Lampe Salle à manger,0.0,243.6,0.0,0.0
2026-01-13 05:30:15,2006,PC Portable,0.0,244.6,0.0,0.0
2026-01-13 05:30:15,2007,Lampe Cuisine,0.0,243.7,0.0,0.0
2026-01-13 05:30:15,2008,Lampe Chambre,0.0,245.1,0.0,0.0
2026-01-13 05:31:15,2001,TV Salle à manger,0.0,245.6,0.0,0.0
2026-01-13 05:31:15,2002,Ecran,0.0,245.2,0.0,0.0
2026-01-13 05:31:15,2003,Telephone / Tablette,0.0,244.8,0.0,0.0
2026-01-13 05:31:15,2004,Cafetiere,0.0,244.8,0.0,0.0
2026-01-13 05:31:15,2005,Lampe Salle à manger,0.0,244.6,0.0,0.0
2026-01-13 05:31:15,2006,PC Portable,0.0,245.6,0.0,0.0
2026-01-13 05:31:15,2007,Lampe Cuisine,0.0,244.7,0.0,0.0
2026-01-13 05:31:15,2008,Lampe Chambre,0.0,245.9,0.0,0.0
2026-01-13 05:32:16,2001,TV Salle à manger,0.015,245.0,0.0,0.0
2026-01-13 05:32:16,2002,Ecran,0.0,244.5,0.0,0.0
2026-01-13 05:32:16,2003,Telephone / Tablette,0.0,244.1,0.0,0.0
2026-01-13 05:32:16,2004,Cafetiere,0.0,244.2,0.0,0.0
2026-01-13 05:32:16,2005,Lampe Salle à manger,0.0,243.9,0.0,0.0
2026-01-13 05:32:16,2006,PC Portable,0.0,244.9,0.0,0.0
2026-01-13 05:32:16,2007,Lampe Cuisine,0.0,244.0,0.0,0.0
2026-01-13 05:32:16,2008,Lampe Chambre,0.0,245.3,0.0,0.0
2026-01-13 05:33:16,2001,TV Salle à manger,0.0,244.7,0.0,0.0
2026-01-13 05:33:16,2002,Ecran,0.0,244.2,0.0,0.0
2026-01-13 05:33:16,2003,Telephone / Tablette,0.0,243.8,0.0,0.0
2026-01-13 05:33:16,2004,Cafetiere,0.0,243.9,0.0,0.0
2026-01-13 05:33:16,2005,Lampe Salle à manger,0.0,243.6,0.0,0.0
2026-01-13 05:33:16,2006,PC Portable,0.0,244.6,0.0,0.0
2026-01-13 05:33:16,2007,Lampe Cuisine,0.0,243.7,0.0,0.0
2026-01-13 05:33:16,2008,Lampe Chambre,0.0,245.0,0.0,0.0
2026-01-13 05:34:16,2001,TV Salle à manger,0.0,244.2,0.0,0.0
2026-01-13 05:34:16,2002,Ecran,0.0,243.8,0.0,0.0
2026-01-13 05:34:16,2003,Telephone / Tablette,0.0,243.4,0.0,0.0
2026-01-13 05:34:16,2004,Cafetiere,0.0,243.4,0.0,0.0
2026-01-13 05:34:16,2005,Lampe Salle à manger,0.0,243.2,0.0,0.0
2026-01-13 05:34:16,2006,PC Portable,0.0,244.1,0.0,0.0
2026-01-13 05:34:16,2007,Lampe Cuisine,0.0,243.2,0.0,0.0
2026-01-13 05:34:16,2008,Lampe Chambre,0.0,244.5,0.0,0.0
2026-01-13 05:35:16,2001,TV Salle à manger,0.0,244.7,0.0,0.0
2026-01-13 05:35:16,2002,Ecran,0.0,244.3,0.0,0.0
2026-01-13 05:35:16,2003,Telephone / Tablette,0.0,243.9,0.0,0.0
2026-01-13 05:35:16,2004,Cafetiere,0.0,243.9,0.0,0.0
2026-01-13 05:35:16,2005,Lampe Salle à manger,0.0,243.7,0.0,0.0
2026-01-13 05:35:16,2006,PC Portable,0.0,244.6,0.0,0.0
2026-01-13 05:35:16,2007,Lampe Cuisine,0.0,243.7,0.0,0.0
2026-01-13 05:35:16,2008,Lampe Chambre,0.0,245.0,0.0,0.0
2026-01-13 05:36:17,2001,TV Salle à manger,0.0,244.6,0.0,0.0
2026-01-13 05:36:17,2002,Ecran,0.0,244.1,0.0,0.0
2026-01-13 05:36:17,2003,Telephone / Tablette,0.0,243.7,0.0,0.0
2026-01-13 05:36:17,2004,Cafetiere,0.0,243.8,0.0,0.0
2026-01-13 05:36:17,2005,Lampe Salle à manger,0.0,243.5,0.0,0.0
2026-01-13 05:36:17,2006,PC Portable,0.0,244.5,0.0,0.0
2026-01-13 05:36:17,2007,Lampe Cuisine,0.0,243.6,0.0,0.0
2026-01-13 05:36:17,2008,Lampe Chambre,0.0,244.9,0.0,0.0
2026-01-13 05:37:17,2001,TV Salle à manger,0.0,244.5,0.0,0.0
2026-01-13 05:37:17,2002,Ecran,0.0,244.1,0.0,0.0
2026-01-13 05:37:17,2003,Telephone / Tablette,0.0,243.7,0.0,0.0
2026-01-13 05:37:17,2004,Cafetiere,0.0,243.7,0.0,0.0
2026-01-13 05:37:17,2005,Lampe Salle à manger,0.0,243.5,0.0,0.0
2026-01-13 05:37:17,2006,PC Portable,0.0,244.4,0.0,0.0
2026-01-13 05:37:17,2007,Lampe Cuisine,0.0,243.4,0.0,0.0
2026-01-13 05:37:17,2008,Lampe Chambre,0.0,244.6,0.0,0.0
2026-01-13 05:38:17,2001,TV Salle à manger,0.019,244.1,0.0,0.0
2026-01-13 05:38:17,2002,Ecran,0.0,243.6,0.0,0.0
2026-01-13 05:38:17,2003,Telephone / Tablette,0.0,243.3,0.0,0.0
2026-01-13 05:38:17,2004,Cafetiere,0.0,243.3,0.0,0.0
2026-01-13 05:38:17,2005,Lampe Salle à manger,0.0,243.1,0.0,0.0
2026-01-13 05:38:17,2006,PC Portable,0.0,244.0,0.0,0.0
2026-01-13 05:38:17,2007,Lampe Cuisine,0.0,243.1,0.0,0.0
2026-01-13 05:38:17,2008,Lampe Chambre,0.0,244.4,0.0,0.0
2026-01-13 05:39:17,2001,TV Salle à manger,0.0,244.2,0.0,0.0
2026-01-13 05:39:17,2002,Ecran,0.0,243.7,0.0,0.0
2026-01-13 05:39:17,2003,Telephone / Tablette,0.0,243.3,0.0,0.0
2026-01-13 05:39:17,2004,Cafetiere,0.0,243.3,0.0,0.0
2026-01-13 05:39:17,2005,Lampe Salle à manger,0.0,243.1,0.0,0.0
2026-01-13 05:39:17,2006,PC Portable,0.0,244.1,0.0,0.0
2026-01-13 05:39:17,2007,Lampe Cuisine,0.0,243.2,0.0,0.0
2026-01-13 05:39:17,2008,Lampe Chambre,0.0,244.4,0.0,0.0
2026-01-13 05:40:18,2001,TV Salle à manger,0.0,244.3,0.0,0.0
2026-01-13 05:40:18,2002,Ecran,0.0,243.9,0.0,0.0
2026-01-13 05:40:18,2003,Telephone / Tablette,0.0,243.5,0.0,0.0
2026-01-13 05:40:18,2004,Cafetiere,0.0,243.5,0.0,0.0
2026-01-13 05:40:18,2005,Lampe Salle à manger,0.0,243.3,0.0,0.0
2026-01-13 05:40:18,2006,PC Portable,0.0,244.2,0.0,0.0
2026-01-13 05:40:18,2007,Lampe Cuisine,0.0,243.3,0.0,0.0
2026-01-13 05:40:18,2008,Lampe Chambre,0.0,244.6,0.0,0.0
2026-01-13 05:41:18,2001,TV Salle à manger,0.0,244.4,0.0,0.0
2026-01-13 05:41:18,2002,Ecran,0.0,243.9,0.0,0.0
2026-01-13 05:41:18,2003,Telephone / Tablette,0.0,243.5,0.0,0.0
2026-01-13 05:41:18,2004,Cafetiere,0.0,243.6,0.0,0.0
2026-01-13 05:41:18,2005,Lampe Salle à manger,0.0,243.3,0.0,0.0
2026-01-13 05:41:18,2006,PC Portable,0.0,244.2,0.0,0.0
2026-01-13 05:41:18,2007,Lampe Cuisine,0.0,243.4,0.0,0.0
2026-01-13 05:41:18,2008,Lampe Chambre,0.0,244.7,0.0,0.0
2026-01-13 05:42:18,2001,TV Salle à manger,0.0,245.2,0.0,0.0
2026-01-13 05:42:18,2002,Ecran,0.0,244.6,0.0,0.0
2026-01-13 05:42:18,2003,Telephone / Tablette,0.0,244.3,0.0,0.0
2026-01-13 05:42:18,2004,Cafetiere,0.0,244.2,0.0,0.0
2026-01-13 05:42:18,2005,Lampe Salle à manger,0.0,244.0,0.0,0.0
2026-01-13 05:42:18,2006,PC Portable,0.0,245.0,0.0,0.0
2026-01-13 05:42:18,2007,Lampe Cuisine,0.0,244.1,0.0,0.0
2026-01-13 05:42:18,2008,Lampe Chambre,0.0,245.3,0.0,0.0
2026-01-13 05:43:19,2001,TV Salle à manger,0.0,244.6,0.0,0.0
2026-01-13 05:43:19,2002,Ecran,0.0,244.1,0.0,0.0
2026-01-13 05:43:19,2003,Telephone / Tablette,0.0,243.8,0.0,0.0
2026-01-13 05:43:19,2004,Cafetiere,0.0,243.8,0.0,0.0
2026-01-13 05:43:19,2005,Lampe Salle à manger,0.0,243.5,0.0,0.0
2026-01-13 05:43:19,2006,PC Portable,0.0,244.5,0.0,0.0
2026-01-13 05:43:19,2007,Lampe Cuisine,0.0,243.6,0.0,0.0
2026-01-13 05:43:19,2008,Lampe Chambre,0.0,244.9,0.0,0.0
2026-01-13 05:44:19,2001,TV Salle à manger,0.017,243.7,0.0,0.0
2026-01-13 05:44:19,2002,Ecran,0.0,243.1,0.0,0.0
2026-01-13 05:44:19,2003,Telephone / Tablette,0.0,242.8,0.0,0.0
2026-01-13 05:44:19,2004,Cafetiere,0.0,242.8,0.0,0.0
2026-01-13 05:44:19,2005,Lampe Salle à manger,0.0,242.5,0.0,0.0
2026-01-13 05:44:19,2006,PC Portable,0.0,243.5,0.0,0.0
2026-01-13 05:44:19,2007,Lampe Cuisine,0.0,242.7,0.0,0.0
2026-01-13 05:44:19,2008,Lampe Chambre,0.0,243.9,0.0,0.0
2026-01-13 05:45:19,2001,TV Salle à manger,0.0,244.9,0.0,0.0
2026-01-13 05:45:19,2002,Ecran,0.0,244.6,0.0,0.0
2026-01-13 05:45:19,2003,Telephone / Tablette,0.0,244.2,0.0,0.0
2026-01-13 05:45:19,2004,Cafetiere,0.0,244.3,0.0,0.0
2026-01-13 05:45:19,2005,Lampe Salle à manger,0.0,244.0,0.0,0.0
2026-01-13 05:45:19,2006,PC Portable,0.0,244.9,0.0,0.0
2026-01-13 05:45:19,2007,Lampe Cuisine,0.0,244.0,0.0,0.0
2026-01-13 05:45:19,2008,Lampe Chambre,0.0,245.3,0.0,0.0
2026-01-13 05:46:19,2001,TV Salle à manger,0.019,244.5,0.0,0.0
2026-01-13 05:46:19,2002,Ecran,0.0,244.0,0.0,0.0
2026-01-13 05:46:19,2003,Telephone / Tablette,0.0,243.6,0.0,0.0
2026-01-13 05:46:19,2004,Cafetiere,0.0,243.7,0.0,0.0
2026-01-13 05:46:19,2005,Lampe Salle à manger,0.0,243.4,0.0,0.0
2026-01-13 05:46:19,2006,PC Portable,0.0,244.4,0.0,0.0
2026-01-13 05:46:19,2007,Lampe Cuisine,0.0,243.4,0.0,0.0
2026-01-13 05:46:19,2008,Lampe Chambre,0.0,244.8,0.0,0.0
2026-01-13 05:47:20,2001,TV Salle à manger,0.0,245.0,0.0,0.0
2026-01-13 05:47:20,2002,Ecran,0.0,244.6,0.0,0.0
2026-01-13 05:47:20,2003,Telephone / Tablette,0.0,244.2,0.0,0.0
2026-01-13 05:47:20,2004,Cafetiere,0.0,244.3,0.0,0.0
2026-01-13 05:47:20,2005,Lampe Salle à manger,0.0,244.0,0.0,0.0
2026-01-13 05:47:20,2006,PC Portable,0.0,244.9,0.0,0.0
2026-01-13 05:47:20,2007,Lampe Cuisine,0.0,244.0,0.0,0.0
2026-01-13 05:47:20,2008,Lampe Chambre,0.0,245.4,0.0,0.0
2026-01-13 05:48:20,2001,TV Salle à manger,0.0,244.6,0.0,0.0
2026-01-13 05:48:20,2002,Ecran,0.0,244.2,0.0,0.0
2026-01-13 05:48:20,2003,Telephone / Tablette,0.0,243.8,0.0,0.0
2026-01-13 05:48:20,2004,Cafetiere,0.0,243.8,0.0,0.0
2026-01-13 05:48:20,2005,Lampe Salle à manger,0.0,243.5,0.0,0.0
2026-01-13 05:48:20,2006,PC Portable,0.0,244.5,0.0,0.0
2026-01-13 05:48:20,2007,Lampe Cuisine,0.0,243.6,0.0,0.0
2026-01-13 05:48:20,2008,Lampe Chambre,0.0,244.9,0.0,0.0
2026-01-13 05:49:20,2001,TV Salle à manger,0.0,244.0,0.0,0.0
2026-01-13 05:49:20,2002,Ecran,0.0,243.5,0.0,0.0
2026-01-13 05:49:20,2003,Telephone / Tablette,0.0,243.1,0.0,0.0
2026-01-13 05:49:20,2004,Cafetiere,0.0,243.2,0.0,0.0
2026-01-13 05:49:20,2005,Lampe Salle à manger,0.0,242.9,0.0,0.0
2026-01-13 05:49:20,2006,PC Portable,0.0,243.9,0.0,0.0
2026-01-13 05:49:20,2007,Lampe Cuisine,0.0,243.0,0.0,0.0
2026-01-13 05:49:20,2008,Lampe Chambre,0.0,244.2,0.0,0.0
2026-01-13 05:50:20,2001,TV Salle à manger,0.0,243.8,0.0,0.0
2026-01-13 05:50:20,2002,Ecran,0.0,243.3,0.0,0.0
2026-01-13 05:50:20,2003,Telephone / Tablette,0.0,242.9,0.0,0.0
2026-01-13 05:50:20,2004,Cafetiere,0.0,243.1,0.0,0.0
2026-01-13 05:50:20,2005,Lampe Salle à manger,0.0,242.7,0.0,0.0
2026-01-13 05:50:20,2006,PC Portable,0.0,243.9,0.0,0.0
2026-01-13 05:50:20,2007,Lampe Cuisine,0.0,242.8,0.0,0.0
2026-01-13 05:50:20,2008,Lampe Chambre,0.0,244.2,0.0,0.0
2026-01-13 05:51:21,2001,TV Salle à manger,0.02,244.2,0.0,0.0
2026-01-13 05:51:21,2002,Ecran,0.0,243.8,0.0,0.0
2026-01-13 05:51:21,2003,Telephone / Tablette,0.0,243.4,0.0,0.0
2026-01-13 05:51:21,2004,Cafetiere,0.0,243.5,0.0,0.0
2026-01-13 05:51:21,2005,Lampe Salle à manger,0.0,243.1,0.0,0.0
2026-01-13 05:51:21,2006,PC Portable,0.0,244.1,0.0,0.0
2026-01-13 05:51:21,2007,Lampe Cuisine,0.0,243.3,0.0,0.0
2026-01-13 05:51:21,2008,Lampe Chambre,0.0,244.6,0.0,0.0
2026-01-13 05:52:21,2001,TV Salle à manger,0.0,244.9,0.0,0.0
2026-01-13 05:52:21,2002,Ecran,0.0,244.4,0.0,0.0
2026-01-13 05:52:21,2003,Telephone / Tablette,0.0,244.1,0.0,0.0
2026-01-13 05:52:21,2004,Cafetiere,0.0,244.1,0.0,0.0
2026-01-13 05:52:21,2005,Lampe Salle à manger,0.0,243.8,0.0,0.0
2026-01-13 05:52:21,2006,PC Portable,0.0,244.8,0.0,0.0
2026-01-13 05:52:21,2007,Lampe Cuisine,0.0,243.9,0.0,0.0
2026-01-13 05:52:21,2008,Lampe Chambre,0.0,245.2,0.0,0.0
2026-01-13 05:53:21,2001,TV Salle à manger,0.0,243.7,0.0,0.0
2026-01-13 05:53:21,2002,Ecran,0.0,243.3,0.0,0.0
2026-01-13 05:53:21,2003,Telephone / Tablette,0.0,243.0,0.0,0.0
2026-01-13 05:53:21,2004,Cafetiere,0.0,243.0,0.0,0.0
2026-01-13 05:53:21,2005,Lampe Salle à manger,0.0,242.8,0.0,0.0
2026-01-13 05:53:21,2006,PC Portable,0.0,243.8,0.0,0.0
2026-01-13 05:53:21,2007,Lampe Cuisine,0.0,242.9,0.0,0.0
2026-01-13 05:53:21,2008,Lampe Chambre,0.0,244.2,0.0,0.0
2026-01-13 05:54:21,2001,TV Salle à manger,0.0,244.1,0.0,0.0
2026-01-13 05:54:21,2002,Ecran,0.0,243.6,0.0,0.0
2026-01-13 05:54:21,2003,Telephone / Tablette,0.0,243.2,0.0,0.0
2026-01-13 05:54:21,2004,Cafetiere,0.0,243.2,0.0,0.0
2026-01-13 05:54:21,2005,Lampe Salle à manger,0.0,242.9,0.0,0.0
2026-01-13 05:54:21,2006,PC Portable,0.0,243.8,0.0,0.0
2026-01-13 05:54:21,2007,Lampe Cuisine,0.0,243.0,0.0,0.0
2026-01-13 05:54:21,2008,Lampe Chambre,0.0,244.3,0.0,0.0
2026-01-13 05:55:22,2001,TV Salle à manger,0.0,243.9,0.0,0.0
2026-01-13 05:55:22,2002,Ecran,0.0,243.4,0.0,0.0
2026-01-13 05:55:22,2003,Telephone / Tablette,0.0,243.1,0.0,0.0
2026-01-13 05:55:22,2004,Cafetiere,0.0,243.2,0.0,0.0
2026-01-13 05:55:22,2005,Lampe Salle à manger,0.0,242.8,0.0,0.0
2026-01-13 05:55:22,2006,PC Portable,0.0,243.8,0.0,0.0
2026-01-13 05:55:22,2007,Lampe Cuisine,0.0,242.9,0.0,0.0
2026-01-13 05:55:22,2008,Lampe Chambre,0.0,244.2,0.0,0.0
2026-01-13 05:56:22,2001,TV Salle à manger,0.0,244.4,0.0,0.0
2026-01-13 05:56:22,2002,Ecran,0.0,244.0,0.0,0.0
2026-01-13 05:56:22,2003,Telephone / Tablette,0.0,243.6,0.0,0.0
2026-01-13 05:56:22,2004,Cafetiere,0.0,243.6,0.0,0.0
2026-01-13 05:56:22,2005,Lampe Salle à manger,0.0,243.3,0.0,0.0
2026-01-13 05:56:22,2006,PC Portable,0.0,244.3,0.0,0.0
2026-01-13 05:56:22,2007,Lampe Cuisine,0.0,243.5,0.0,0.0
2026-01-13 05:56:22,2008,Lampe Chambre,0.0,244.8,0.0,0.0
2026-01-13 05:57:22,2001,TV Salle à manger,0.0,243.4,0.0,0.0
2026-01-13 05:57:22,2002,Ecran,0.0,243.0,0.0,0.0
2026-01-13 05:57:22,2003,Telephone / Tablette,0.0,242.7,0.0,0.0
2026-01-13 05:57:22,2004,Cafetiere,0.0,242.6,0.0,0.0
2026-01-13 05:57:22,2005,Lampe Salle à manger,0.0,242.3,0.0,0.0
2026-01-13 05:57:22,2006,PC Portable,0.0,243.4,0.0,0.0
2026-01-13 05:57:22,2007,Lampe Cuisine,0.0,242.5,0.0,0.0
2026-01-13 05:57:22,2008,Lampe Chambre,0.0,243.8,0.0,0.0
2026-01-13 05:58:22,2001,TV Salle à manger,0.0,244.2,0.0,0.0
2026-01-13 05:58:22,2002,Ecran,0.0,243.7,0.0,0.0
2026-01-13 05:58:22,2003,Telephone / Tablette,0.0,243.4,0.0,0.0
2026-01-13 05:58:22,2004,Cafetiere,0.0,243.4,0.0,0.0
2026-01-13 05:58:22,2005,Lampe Salle à manger,0.0,243.1,0.0,0.0
2026-01-13 05:58:22,2006,PC Portable,0.0,244.0,0.0,0.0
2026-01-13 05:58:22,2007,Lampe Cuisine,0.0,243.2,0.0,0.0
2026-01-13 05:58:22,2008,Lampe Chambre,0.0,244.5,0.0,0.0
2026-01-13 05:59:23,2001,TV Salle à manger,0.0,243.8,0.0,0.0
2026-01-13 05:59:23,2002,Ecran,0.0,243.3,0.0,0.0
2026-01-13 05:59:23,2003,Telephone / Tablette,0.0,243.0,0.0,0.0
2026-01-13 05:59:23,2004,Cafetiere,0.0,243.0,0.0,0.0
2026-01-13 05:59:23,2005,Lampe Salle à manger,0.0,242.7,0.0,0.0
2026-01-13 05:59:23,2006,PC Portable,0.0,243.7,0.0,0.0
2026-01-13 05:59:23,2007,Lampe Cuisine,0.0,242.9,0.0,0.0
2026-01-13 05:59:23,2008,Lampe Chambre,0.0,244.2,0.0,0.0
2026-01-13 06:00:23,2001,TV Salle à manger,0.0,244.4,0.0,0.0
2026-01-13 06:00:23,2002,Ecran,0.0,243.9,0.0,0.0
2026-01-13 06:00:23,2003,Telephone / Tablette,0.0,243.5,0.0,0.0
2026-01-13 06:00:23,2004,Cafetiere,0.0,243.5,0.0,0.0
2026-01-13 06:00:23,2005,Lampe Salle à manger,0.0,243.1,0.0,0.0
2026-01-13 06:00:23,2006,PC Portable,0.0,244.2,0.0,0.0
2026-01-13 06:00:23,2007,Lampe Cuisine,0.0,243.4,0.0,0.0
2026-01-13 06:00:23,2008,Lampe Chambre,0.0,244.7,0.0,0.0
2026-01-13 06:01:23,2001,TV Salle à manger,0.022,243.4,0.0,0.0
2026-01-13 06:01:23,2002,Ecran,0.0,242.9,0.0,0.0
2026-01-13 06:01:23,2003,Telephone / Tablette,0.0,242.6,0.0,0.0
2026-01-13 06:01:23,2004,Cafetiere,0.0,242.6,0.0,0.0
2026-01-13 06:01:23,2005,Lampe Salle à manger,0.0,242.4,0.0,0.0
2026-01-13 06:01:23,2006,PC Portable,0.0,243.3,0.0,0.0
2026-01-13 06:01:23,2007,Lampe Cuisine,0.0,242.4,0.0,0.0
2026-01-13 06:01:23,2008,Lampe Chambre,0.0,243.7,0.0,0.0
2026-01-13 06:02:23,2001,TV Salle à manger,0.0,244.1,0.0,0.0
2026-01-13 06:02:23,2002,Ecran,0.0,243.6,0.0,0.0
2026-01-13 06:02:23,2003,Telephone / Tablette,0.0,243.2,0.0,0.0
2026-01-13 06:02:23,2004,Cafetiere,0.0,243.3,0.0,0.0
2026-01-13 06:02:23,2005,Lampe Salle à manger,0.0,243.0,0.0,0.0
2026-01-13 06:02:23,2006,PC Portable,0.0,244.1,0.0,0.0
2026-01-13 06:02:23,2007,Lampe Cuisine,0.0,243.2,0.0,0.0
2026-01-13 06:02:23,2008,Lampe Chambre,0.0,244.3,0.0,0.0
2026-01-13 06:03:24,2001,TV Salle à manger,0.0,244.1,0.0,0.0
2026-01-13 06:03:24,2002,Ecran,0.0,243.6,0.0,0.0
2026-01-13 06:03:24,2003,Telephone / Tablette,0.0,243.1,0.0,0.0
2026-01-13 06:03:24,2004,Cafetiere,0.0,243.3,0.0,0.0
2026-01-13 06:03:24,2005,Lampe Salle à manger,0.0,242.9,0.0,0.0
2026-01-13 06:03:24,2006,PC Portable,0.0,243.8,0.0,0.0
2026-01-13 06:03:24,2007,Lampe Cuisine,0.0,243.0,0.0,0.0
2026-01-13 06:03:24,2008,Lampe Chambre,0.0,244.3,0.0,0.0
2026-01-13 06:04:24,2001,TV Salle à manger,0.0,243.6,0.0,0.0
2026-01-13 06:04:24,2002,Ecran,0.0,242.9,0.0,0.0
2026-01-13 06:04:24,2003,Telephone / Tablette,0.0,242.8,0.0,0.0
2026-01-13 06:04:24,2004,Cafetiere,0.0,242.9,0.0,0.0
2026-01-13 06:04:24,2005,Lampe Salle à manger,0.0,242.6,0.0,0.0
2026-01-13 06:04:24,2006,PC Portable,0.0,243.6,0.0,0.0
2026-01-13 06:04:24,2007,Lampe Cuisine,0.0,242.6,0.0,0.0
2026-01-13 06:04:24,2008,Lampe Chambre,0.0,243.9,0.0,0.0
2026-01-13 06:05:24,2001,TV Salle à manger,0.017,244.3,0.0,0.0
2026-01-13 06:05:24,2002,Ecran,0.0,243.9,0.0,0.0
2026-01-13 06:05:24,2003,Telephone / Tablette,0.0,243.5,0.0,0.0
2026-01-13 06:05:24,2004,Cafetiere,0.0,243.5,0.0,0.0
2026-01-13 06:05:24,2005,Lampe Salle à manger,0.0,243.2,0.0,0.0
2026-01-13 06:05:24,2006,PC Portable,0.0,244.2,0.0,0.0
2026-01-13 06:05:24,2007,Lampe Cuisine,0.0,243.3,0.0,0.0
2026-01-13 06:05:24,2008,Lampe Chambre,0.0,244.6,0.0,0.0
2026-01-13 06:06:24,2001,TV Salle à manger,0.0,243.5,0.0,0.0
2026-01-13 06:06:24,2002,Ecran,0.0,243.1,0.0,0.0
2026-01-13 06:06:24,2003,Telephone / Tablette,0.0,242.7,0.0,0.0
2026-01-13 06:06:24,2004,Cafetiere,0.0,242.8,0.0,0.0
2026-01-13 06:06:24,2005,Lampe Salle à manger,0.0,242.5,0.0,0.0
2026-01-13 06:06:24,2006,PC Portable,0.0,243.4,0.0,0.0
2026-01-13 06:06:24,2007,Lampe Cuisine,0.0,242.6,0.0,0.0
2026-01-13 06:06:24,2008,Lampe Chambre,0.0,243.8,0.0,0.0
2026-01-13 06:07:25,2001,TV Salle à manger,0.0,243.7,0.0,0.0
2026-01-13 06:07:25,2002,Ecran,0.0,243.2,0.0,0.0
2026-01-13 06:07:25,2003,Telephone / Tablette,0.0,242.8,0.0,0.0
2026-01-13 06:07:25,2004,Cafetiere,0.0,242.9,0.0,0.0
2026-01-13 06:07:25,2005,Lampe Salle à manger,0.0,242.6,0.0,0.0
2026-01-13 06:07:25,2006,PC Portable,0.0,243.5,0.0,0.0
2026-01-13 06:07:25,2007,Lampe Cuisine,0.0,242.7,0.0,0.0
2026-01-13 06:07:25,2008,Lampe Chambre,0.0,243.8,0.0,0.0
2026-01-13 06:08:25,2001,TV Salle à manger,0.0,243.6,0.0,0.0
2026-01-13 06:08:25,2002,Ecran,0.0,243.2,0.0,0.0
2026-01-13 06:08:25,2003,Telephone / Tablette,0.0,242.8,0.0,0.0
2026-01-13 06:08:25,2004,Cafetiere,0.0,242.9,0.0,0.0
2026-01-13 06:08:25,2005,Lampe Salle à manger,0.0,242.6,0.0,0.0
2026-01-13 06:08:25,2006,PC Portable,0.0,243.5,0.0,0.0
2026-01-13 06:08:25,2007,Lampe Cuisine,0.0,242.7,0.0,0.0
2026-01-13 06:08:25,2008,Lampe Chambre,0.0,244.0,0.0,0.0
2026-01-13 06:09:25,2001,TV Salle à manger,0.021,244.3,0.0,0.0
2026-01-13 06:09:25,2002,Ecran,0.0,243.9,0.0,0.0
2026-01-13 06:09:25,2003,Telephone / Tablette,0.0,243.5,0.0,0.0
2026-01-13 06:09:25,2004,Cafetiere,0.0,243.5,0.0,0.0
2026-01-13 06:09:25,2005,Lampe Salle à manger,0.0,243.2,0.0,0.0
2026-01-13 06:09:25,2006,PC Portable,0.0,244.2,0.0,0.0
2026-01-13 06:09:25,2007,Lampe Cuisine,0.0,243.3,0.0,0.0
2026-01-13 06:09:25,2008,Lampe Chambre,0.0,244.6,0.0,0.0
2026-01-13 06:10:26,2001,TV Salle à manger,0.0,244.7,0.0,0.0
2026-01-13 06:10:26,2002,Ecran,0.0,244.3,0.0,0.0
2026-01-13 06:10:26,2003,Telephone / Tablette,0.0,243.9,0.0,0.0
2026-01-13 06:10:26,2004,Cafetiere,0.0,244.0,0.0,0.0
2026-01-13 06:10:26,2005,Lampe Salle à manger,0.0,243.6,0.0,0.0
2026-01-13 06:10:26,2006,PC Portable,0.0,244.6,0.0,0.0
2026-01-13 06:10:26,2007,Lampe Cuisine,0.0,243.7,0.0,0.0
2026-01-13 06:10:26,2008,Lampe Chambre,0.0,245.0,0.0,0.0
2026-01-13 06:11:26,2001,TV Salle à manger,0.0,244.2,0.0,0.0
2026-01-13 06:11:26,2002,Ecran,0.0,243.8,0.0,0.0
2026-01-13 06:11:26,2003,Telephone / Tablette,0.0,243.5,0.0,0.0
2026-01-13 06:11:26,2004,Cafetiere,0.0,243.5,0.0,0.0
2026-01-13 06:11:26,2005,Lampe Salle à manger,0.0,243.3,0.0,0.0
2026-01-13 06:11:26,2006,PC Portable,0.0,244.4,0.0,0.0
2026-01-13 06:11:26,2007,Lampe Cuisine,0.0,243.5,0.0,0.0
2026-01-13 06:11:26,2008,Lampe Chambre,0.0,244.5,0.0,0.0
2026-01-13 06:12:26,2001,TV Salle à manger,0.0,244.4,0.0,0.0
2026-01-13 06:12:26,2002,Ecran,0.0,243.9,0.0,0.0
2026-01-13 06:12:26,2003,Telephone / Tablette,0.0,243.6,0.0,0.0
2026-01-13 06:12:26,2004,Cafetiere,0.0,243.7,0.0,0.0
2026-01-13 06:12:26,2005,Lampe Salle à manger,0.0,243.3,0.0,0.0
2026-01-13 06:12:26,2006,PC Portable,0.0,244.3,0.0,0.0
2026-01-13 06:12:26,2007,Lampe Cuisine,0.0,243.4,0.0,0.0
2026-01-13 06:12:26,2008,Lampe Chambre,0.0,244.7,0.0,0.0
2026-01-13 06:13:26,2001,TV Salle à manger,0.0,244.6,0.0,0.0
2026-01-13 06:13:26,2002,Ecran,0.0,244.1,0.0,0.0
2026-01-13 06:13:26,2003,Telephone / Tablette,0.0,243.8,0.0,0.0
2026-01-13 06:13:26,2004,Cafetiere,0.0,243.8,0.0,0.0
2026-01-13 06:13:26,2005,Lampe Salle à manger,0.0,243.5,0.0,0.0
2026-01-13 06:13:26,2006,PC Portable,0.0,244.5,0.0,0.0
2026-01-13 06:13:26,2007,Lampe Cuisine,0.0,243.6,0.0,0.0
2026-01-13 06:13:26,2008,Lampe Chambre,0.0,244.8,0.0,0.0
2026-01-13 06:14:27,2001,TV Salle à manger,0.0,244.3,0.0,0.0
2026-01-13 06:14:27,2002,Ecran,0.0,243.8,0.0,0.0
2026-01-13 06:14:27,2003,Telephone / Tablette,0.0,243.5,0.0,0.0
2026-01-13 06:14:27,2004,Cafetiere,0.0,243.5,0.0,0.0
2026-01-13 06:14:27,2005,Lampe Salle à manger,0.0,243.2,0.0,0.0
2026-01-13 06:14:27,2006,PC Portable,0.0,244.2,0.0,0.0
2026-01-13 06:14:27,2007,Lampe Cuisine,0.0,243.3,0.0,0.0
2026-01-13 06:14:27,2008,Lampe Chambre,0.0,244.6,0.0,0.0
2026-01-13 06:15:27,2001,TV Salle à manger,0.0,244.1,0.0,0.0
2026-01-13 06:15:27,2002,Ecran,0.0,243.6,0.0,0.0
2026-01-13 06:15:27,2003,Telephone / Tablette,0.0,243.3,0.0,0.0
2026-01-13 06:15:27,2004,Cafetiere,0.0,243.3,0.0,0.0
2026-01-13 06:15:27,2005,Lampe Salle à manger,0.0,243.0,0.0,0.0
2026-01-13 06:15:27,2006,PC Portable,0.0,244.0,0.0,0.0
2026-01-13 06:15:27,2007,Lampe Cuisine,0.0,243.2,0.0,0.0
2026-01-13 06:15:27,2008,Lampe Chambre,0.0,244.4,0.0,0.0
2026-01-13 06:16:27,2001,TV Salle à manger,0.0,244.8,0.0,0.0
2026-01-13 06:16:27,2002,Ecran,0.0,244.4,0.0,0.0
2026-01-13 06:16:27,2003,Telephone / Tablette,0.0,244.0,0.0,0.0
2026-01-13 06:16:27,2004,Cafetiere,0.0,244.0,0.0,0.0
2026-01-13 06:16:27,2005,Lampe Salle à manger,0.0,243.7,0.0,0.0
2026-01-13 06:16:27,2006,PC Portable,0.0,244.7,0.0,0.0
2026-01-13 06:16:27,2007,Lampe Cuisine,0.0,243.9,0.0,0.0
2026-01-13 06:16:27,2008,Lampe Chambre,0.0,245.1,0.0,0.0
2026-01-13 06:17:27,2001,TV Salle à manger,0.021,243.6,0.0,0.0
2026-01-13 06:17:27,2002,Ecran,0.0,243.2,0.0,0.0
2026-01-13 06:17:27,2003,Telephone / Tablette,0.0,242.9,0.0,0.0
2026-01-13 06:17:27,2004,Cafetiere,0.0,243.0,0.0,0.0
2026-01-13 06:17:27,2005,Lampe Salle à manger,0.0,242.6,0.0,0.0
2026-01-13 06:17:27,2006,PC Portable,0.0,243.5,0.0,0.0
2026-01-13 06:17:27,2007,Lampe Cuisine,0.0,242.7,0.0,0.0
2026-01-13 06:17:27,2008,Lampe Chambre,0.0,244.1,0.0,0.0
2026-01-13 06:18:28,2001,TV Salle à manger,0.0,243.9,0.0,0.0
2026-01-13 06:18:28,2002,Ecran,0.0,243.4,0.0,0.0
2026-01-13 06:18:28,2003,Telephone / Tablette,0.0,243.1,0.0,0.0
2026-01-13 06:18:28,2004,Cafetiere,0.0,243.2,0.0,0.0
2026-01-13 06:18:28,2005,Lampe Salle à manger,0.0,242.9,0.0,0.0
2026-01-13 06:18:28,2006,PC Portable,0.0,243.8,0.0,0.0
2026-01-13 06:18:28,2007,Lampe Cuisine,0.0,243.0,0.0,0.0
2026-01-13 06:18:28,2008,Lampe Chambre,0.0,244.2,0.0,0.0
2026-01-13 06:19:28,2001,TV Salle à manger,0.0,243.6,0.0,0.0
2026-01-13 06:19:28,2002,Ecran,0.0,243.2,0.0,0.0
2026-01-13 06:19:28,2003,Telephone / Tablette,0.0,242.7,0.0,0.0
2026-01-13 06:19:28,2004,Cafetiere,0.0,242.8,0.0,0.0
2026-01-13 06:19:28,2005,Lampe Salle à manger,0.0,242.5,0.0,0.0
2026-01-13 06:19:28,2006,PC Portable,0.0,243.5,0.0,0.0
2026-01-13 06:19:28,2007,Lampe Cuisine,0.0,242.7,0.0,0.0
2026-01-13 06:19:28,2008,Lampe Chambre,0.0,243.9,0.0,0.0
2026-01-13 06:20:28,2001,TV Salle à manger,0.0,243.5,0.0,0.0
2026-01-13 06:20:28,2002,Ecran,0.0,243.1,0.0,0.0
2026-01-13 06:20:28,2003,Telephone / Tablette,0.0,242.7,0.0,0.0
2026-01-13 06:20:28,2004,Cafetiere,0.0,242.7,0.0,0.0
2026-01-13 06:20:28,2005,Lampe Salle à manger,0.0,242.4,0.0,0.0
2026-01-13 06:20:28,2006,PC Portable,0.0,243.4,0.0,0.0
2026-01-13 06:20:28,2007,Lampe Cuisine,0.0,242.6,0.0,0.0
2026-01-13 06:20:28,2008,Lampe Chambre,0.0,243.8,0.0,0.0
2026-01-13 06:21:28,2001,TV Salle à manger,0.0,243.2,0.0,0.0
2026-01-13 06:21:28,2002,Ecran,0.0,242.6,0.0,0.0
2026-01-13 06:21:28,2003,Telephone / Tablette,0.0,242.3,0.0,0.0
2026-01-13 06:21:28,2004,Cafetiere,0.0,242.4,0.0,0.0
2026-01-13 06:21:28,2005,Lampe Salle à manger,0.0,242.1,0.0,0.0
2026-01-13 06:21:28,2006,PC Portable,0.0,243.1,0.0,0.0
2026-01-13 06:21:28,2007,Lampe Cuisine,0.0,242.4,0.0,0.0
2026-01-13 06:21:28,2008,Lampe Chambre,0.0,243.6,0.0,0.0
2026-01-13 06:22:29,2001,TV Salle à manger,0.0,243.0,0.0,0.0
2026-01-13 06:22:29,2002,Ecran,0.0,242.5,0.0,0.0
2026-01-13 06:22:29,2003,Telephone / Tablette,0.0,242.2,0.0,0.0
2026-01-13 06:22:29,2004,Cafetiere,0.0,242.1,0.0,0.0
2026-01-13 06:22:29,2005,Lampe Salle à manger,0.0,242.0,0.0,0.0
2026-01-13 06:22:29,2006,PC Portable,0.0,242.9,0.0,0.0
2026-01-13 06:22:29,2007,Lampe Cuisine,0.0,242.0,0.0,0.0
2026-01-13 06:22:29,2008,Lampe Chambre,0.0,243.2,0.0,0.0
2026-01-13 06:23:29,2001,TV Salle à manger,0.0,243.4,0.0,0.0
2026-01-13 06:23:29,2002,Ecran,0.0,243.0,0.0,0.0
2026-01-13 06:23:29,2003,Telephone / Tablette,0.0,242.6,0.0,0.0
2026-01-13 06:23:29,2004,Cafetiere,0.0,242.7,0.0,0.0
2026-01-13 06:23:29,2005,Lampe Salle à manger,0.0,242.4,0.0,0.0
2026-01-13 06:23:29,2006,PC Portable,0.0,243.3,0.0,0.0
2026-01-13 06:23:29,2007,Lampe Cuisine,0.0,242.4,0.0,0.0
2026-01-13 06:23:29,2008,Lampe Chambre,0.0,243.6,0.0,0.0
2026-01-13 06:24:30,2001,TV Salle à manger,0.0,242.4,0.0,0.0
2026-01-13 06:24:30,2002,Ecran,0.0,242.0,0.0,0.0
2026-01-13 06:24:30,2003,Telephone / Tablette,0.0,241.6,0.0,0.0
2026-01-13 06:24:30,2004,Cafetiere,0.0,241.7,0.0,0.0
2026-01-13 06:24:30,2005,Lampe Salle à manger,0.0,241.5,0.0,0.0
2026-01-13 06:24:30,2006,PC Portable,0.0,242.5,0.0,0.0
2026-01-13 06:24:30,2007,Lampe Cuisine,0.0,241.4,0.0,0.0
2026-01-13 06:24:30,2008,Lampe Chambre,0.037,242.7,5.3,0.088
2026-01-13 06:25:30,2001,TV Salle à manger,0.0,243.2,0.0,0.0
2026-01-13 06:25:30,2002,Ecran,0.0,242.6,0.0,0.0
2026-01-13 06:25:30,2003,Telephone / Tablette,0.0,242.3,0.0,0.0
2026-01-13 06:25:30,2004,Cafetiere,0.0,242.4,0.0,0.0
2026-01-13 06:25:30,2005,Lampe Salle à manger,0.0,242.1,0.0,0.0
2026-01-13 06:25:30,2006,PC Portable,0.0,243.2,0.0,0.0
2026-01-13 06:25:30,2007,Lampe Cuisine,0.0,242.2,0.0,0.0
2026-01-13 06:25:30,2008,Lampe Chambre,0.037,243.4,5.2,0.087
2026-01-13 06:26:31,2001,TV Salle à manger,0.0,242.6,0.0,0.0
2026-01-13 06:26:31,2002,Ecran,0.0,242.1,0.0,0.0
2026-01-13 06:26:31,2003,Telephone / Tablette,0.0,241.7,0.0,0.0
2026-01-13 06:26:31,2004,Cafetiere,0.0,241.8,0.0,0.0
2026-01-13 06:26:31,2005,Lampe Salle à manger,0.0,241.4,0.0,0.0
2026-01-13 06:26:31,2006,PC Portable,0.0,242.4,0.0,0.0
2026-01-13 06:26:31,2007,Lampe Cuisine,0.0,241.5,0.0,0.0
2026-01-13 06:26:31,2008,Lampe Chambre,0.037,242.7,5.3,0.088
2026-01-13 06:27:31,2001,TV Salle à manger,0.0,242.9,0.0,0.0
2026-01-13 06:27:31,2002,Ecran,0.0,242.3,0.0,0.0
2026-01-13 06:27:31,2003,Telephone / Tablette,0.0,242.1,0.0,0.0
2026-01-13 06:27:31,2004,Cafetiere,0.0,242.0,0.0,0.0
2026-01-13 06:27:31,2005,Lampe Salle à manger,0.0,241.7,0.0,0.0
2026-01-13 06:27:31,2006,PC Portable,0.0,242.8,0.0,0.0
2026-01-13 06:27:31,2007,Lampe Cuisine,0.0,242.0,0.0,0.0
2026-01-13 06:27:31,2008,Lampe Chambre,0.0,243.2,0.0,0.0
2026-01-13 06:28:31,2001,TV Salle à manger,0.021,243.1,0.0,0.0
2026-01-13 06:28:31,2002,Ecran,0.0,242.6,0.0,0.0
2026-01-13 06:28:31,2003,Telephone / Tablette,0.0,242.3,0.0,0.0
2026-01-13 06:28:31,2004,Cafetiere,0.0,242.3,0.0,0.0
2026-01-13 06:28:31,2005,Lampe Salle à manger,0.0,242.0,0.0,0.0
2026-01-13 06:28:31,2006,PC Portable,0.0,243.0,0.0,0.0
2026-01-13 06:28:31,2007,Lampe Cuisine,0.0,242.1,0.0,0.0
2026-01-13 06:28:31,2008,Lampe Chambre,0.0,243.4,0.0,0.0
2026-01-13 06:29:31,2001,TV Salle à manger,0.03,242.9,0.0,0.0
2026-01-13 06:29:31,2002,Ecran,0.0,242.5,0.0,0.0
2026-01-13 06:29:31,2003,Telephone / Tablette,0.0,242.0,0.0,0.0
2026-01-13 06:29:31,2004,Cafetiere,0.0,242.1,0.0,0.0
2026-01-13 06:29:31,2005,Lampe Salle à manger,0.0,241.8,0.0,0.0
2026-01-13 06:29:31,2006,PC Portable,0.0,242.7,0.0,0.0
2026-01-13 06:29:31,2007,Lampe Cuisine,0.038,241.9,5.3,0.088
2026-01-13 06:29:31,2008,Lampe Chambre,0.0,243.1,0.0,0.0
2026-01-13 06:30:32,2001,TV Salle à manger,0.0,243.1,0.0,0.0
2026-01-13 06:30:32,2002,Ecran,0.0,242.6,0.0,0.0
2026-01-13 06:30:32,2003,Telephone / Tablette,0.0,242.2,0.0,0.0
2026-01-13 06:30:32,2004,Cafetiere,0.0,242.3,0.0,0.0
2026-01-13 06:30:32,2005,Lampe Salle à manger,0.0,242.0,0.0,0.0
2026-01-13 06:30:32,2006,PC Portable,0.0,242.9,0.0,0.0
2026-01-13 06:30:32,2007,Lampe Cuisine,0.038,242.1,5.3,0.088
2026-01-13 06:30:32,2008,Lampe Chambre,0.0,243.3,0.0,0.0
2026-01-13 06:31:32,2001,TV Salle à manger,0.0,243.3,0.0,0.0
2026-01-13 06:31:32,2002,Ecran,0.0,242.7,0.0,0.0
2026-01-13 06:31:32,2003,Telephone / Tablette,0.0,242.5,0.0,0.0
2026-01-13 06:31:32,2004,Cafetiere,0.0,242.4,0.0,0.0
2026-01-13 06:31:32,2005,Lampe Salle à manger,0.0,242.2,0.0,0.0
2026-01-13 06:31:32,2006,PC Portable,0.0,243.1,0.0,0.0
2026-01-13 06:31:32,2007,Lampe Cuisine,0.038,242.3,5.3,0.088
2026-01-13 06:31:32,2008,Lampe Chambre,0.0,243.6,0.0,0.0
2026-01-13 06:32:32,2001,TV Salle à manger,0.016,242.9,0.0,0.0
2026-01-13 06:32:32,2002,Ecran,0.0,242.5,0.0,0.0
2026-01-13 06:32:32,2003,Telephone / Tablette,0.0,242.1,0.0,0.0
2026-01-13 06:32:32,2004,Cafetiere,0.0,242.2,0.0,0.0
2026-01-13 06:32:32,2005,Lampe Salle à manger,0.0,241.9,0.0,0.0
2026-01-13 06:32:32,2006,PC Portable,0.0,242.8,0.0,0.0
2026-01-13 06:32:32,2007,Lampe Cuisine,0.0,241.9,0.0,0.0
2026-01-13 06:32:32,2008,Lampe Chambre,0.037,243.2,5.2,0.087
2026-01-13 06:33:32,2001,TV Salle à manger,0.0,242.2,0.0,0.0
2026-01-13 06:33:32,2002,Ecran,0.0,241.7,0.0,0.0
2026-01-13 06:33:32,2003,Telephone / Tablette,0.0,241.3,0.0,0.0
2026-01-13 06:33:32,2004,Cafetiere,0.0,241.3,0.0,0.0
2026-01-13 06:33:32,2005,Lampe Salle à manger,0.0,241.1,0.0,0.0
2026-01-13 06:33:32,2006,PC Portable,0.0,242.2,0.0,0.0
2026-01-13 06:33:32,2007,Lampe Cuisine,0.0,241.2,0.0,0.0
2026-01-13 06:33:32,2008,Lampe Chambre,0.037,242.4,5.3,0.088
2026-01-13 06:34:33,2001,TV Salle à manger,0.022,243.0,0.0,0.0
2026-01-13 06:34:33,2002,Ecran,0.0,242.5,0.0,0.0
2026-01-13 06:34:33,2003,Telephone / Tablette,0.0,242.2,0.0,0.0
2026-01-13 06:34:33,2004,Cafetiere,0.0,242.2,0.0,0.0
2026-01-13 06:34:33,2005,Lampe Salle à manger,0.0,241.9,0.0,0.0
2026-01-13 06:34:33,2006,PC Portable,0.0,242.8,0.0,0.0
2026-01-13 06:34:33,2007,Lampe Cuisine,0.0,242.0,0.0,0.0
2026-01-13 06:34:33,2008,Lampe Chambre,0.037,243.3,5.3,0.088
2026-01-13 06:35:33,2001,TV Salle à manger,0.0,242.5,0.0,0.0
2026-01-13 06:35:33,2002,Ecran,0.0,242.0,0.0,0.0
2026-01-13 06:35:33,2003,Telephone / Tablette,0.0,241.6,0.0,0.0
2026-01-13 06:35:33,2004,Cafetiere,0.0,241.6,0.0,0.0
2026-01-13 06:35:33,2005,Lampe Salle à manger,0.0,241.4,0.0,0.0
2026-01-13 06:35:33,2006,PC Portable,0.0,242.3,0.0,0.0
2026-01-13 06:35:33,2007,Lampe Cuisine,0.0,241.5,0.0,0.0
2026-01-13 06:35:33,2008,Lampe Chambre,0.037,242.8,5.3,0.088
2026-01-13 06:36:33,2001,TV Salle à manger,0.0,242.1,0.0,0.0
2026-01-13 06:36:33,2002,Ecran,0.0,241.9,0.0,0.0
2026-01-13 06:36:33,2003,Telephone / Tablette,0.0,241.3,0.0,0.0
2026-01-13 06:36:33,2004,Cafetiere,0.0,241.4,0.0,0.0
2026-01-13 06:36:33,2005,Lampe Salle à manger,0.0,241.0,0.0,0.0
2026-01-13 06:36:33,2006,PC Portable,0.0,241.9,0.0,0.0
2026-01-13 06:36:33,2007,Lampe Cuisine,0.0,241.1,0.0,0.0
2026-01-13 06:36:33,2008,Lampe Chambre,0.037,242.4,5.2,0.087
2026-01-13 06:37:33,2001,TV Salle à manger,0.0,241.9,0.0,0.0
2026-01-13 06:37:33,2002,Ecran,0.0,241.5,0.0,0.0
2026-01-13 06:37:33,2003,Telephone / Tablette,0.0,241.1,0.0,0.0
2026-01-13 06:37:33,2004,Cafetiere,0.0,241.2,0.0,0.0
2026-01-13 06:37:33,2005,Lampe Salle à manger,0.0,240.9,0.0,0.0
2026-01-13 06:37:33,2006,PC Portable,0.0,242.1,0.0,0.0
2026-01-13 06:37:33,2007,Lampe Cuisine,0.0,241.0,0.0,0.0
2026-01-13 06:37:33,2008,Lampe Chambre,0.037,242.2,5.3,0.088
2026-01-13 06:38:34,2001,TV Salle à manger,0.0,242.3,0.0,0.0
2026-01-13 06:38:34,2002,Ecran,0.0,241.8,0.0,0.0
2026-01-13 06:38:34,2003,Telephone / Tablette,0.0,241.4,0.0,0.0
2026-01-13 06:38:34,2004,Cafetiere,0.0,241.6,0.0,0.0
2026-01-13 06:38:34,2005,Lampe Salle à manger,0.0,241.1,0.0,0.0
2026-01-13 06:38:34,2006,PC Portable,0.0,242.1,0.0,0.0
2026-01-13 06:38:34,2007,Lampe Cuisine,0.0,241.3,0.0,0.0
2026-01-13 06:38:34,2008,Lampe Chambre,0.037,242.5,5.4,0.09
2026-01-13 06:39:34,2001,TV Salle à manger,0.018,242.1,0.0,0.0
2026-01-13 06:39:34,2002,Ecran,0.0,241.7,0.0,0.0
2026-01-13 06:39:34,2003,Telephone / Tablette,0.0,241.3,0.0,0.0
2026-01-13 06:39:34,2004,Cafetiere,0.0,241.3,0.0,0.0
2026-01-13 06:39:34,2005,Lampe Salle à manger,0.0,241.0,0.0,0.0
2026-01-13 06:39:34,2006,PC Portable,0.0,242.1,0.0,0.0
2026-01-13 06:39:34,2007,Lampe Cuisine,0.0,241.1,0.0,0.0
2026-01-13 06:39:34,2008,Lampe Chambre,0.037,242.4,5.2,0.087
2026-01-13 06:40:34,2001,TV Salle à manger,0.0,242.9,0.0,0.0
2026-01-13 06:40:34,2002,Ecran,0.0,242.4,0.0,0.0
2026-01-13 06:40:34,2003,Telephone / Tablette,0.0,242.0,0.0,0.0
2026-01-13 06:40:34,2004,Cafetiere,0.0,242.0,0.0,0.0
2026-01-13 06:40:34,2005,Lampe Salle à manger,0.0,241.9,0.0,0.0
2026-01-13 06:40:34,2006,PC Portable,0.0,242.7,0.0,0.0
2026-01-13 06:40:34,2007,Lampe Cuisine,0.0,241.9,0.0,0.0
2026-01-13 06:40:34,2008,Lampe Chambre,0.037,243.1,5.3,0.088
2026-01-13 06:41:34,2001,TV Salle à manger,0.0,242.9,0.0,0.0
2026-01-13 06:41:34,2002,Ecran,0.0,242.4,0.0,0.0
2026-01-13 06:41:34,2003,Telephone / Tablette,0.0,242.1,0.0,0.0
2026-01-13 06:41:34,2004,Cafetiere,0.0,242.2,0.0,0.0
2026-01-13 06:41:34,2005,Lampe Salle à manger,0.0,241.8,0.0,0.0
2026-01-13 06:41:34,2006,PC Portable,0.0,242.8,0.0,0.0
2026-01-13 06:41:34,2007,Lampe Cuisine,0.0,242.0,0.0,0.0
2026-01-13 06:41:34,2008,Lampe Chambre,0.037,243.2,5.3,0.088
2026-01-13 06:42:35,2001,TV Salle à manger,0.0,241.3,0.0,0.0
2026-01-13 06:42:35,2002,Ecran,0.0,241.0,0.0,0.0
2026-01-13 06:42:35,2003,Telephone / Tablette,0.0,240.9,0.0,0.0
2026-01-13 06:42:35,2004,Cafetiere,0.0,240.5,0.0,0.0
2026-01-13 06:42:35,2005,Lampe Salle à manger,0.0,240.6,0.0,0.0
2026-01-13 06:42:35,2006,PC Portable,0.0,241.2,0.0,0.0
2026-01-13 06:42:35,2007,Lampe Cuisine,0.0,240.7,0.0,0.0
2026-01-13 06:42:35,2008,Lampe Chambre,0.037,242.0,5.2,0.087
2026-01-13 06:43:35,2001,TV Salle à manger,0.0,242.2,0.0,0.0
2026-01-13 06:43:35,2002,Ecran,0.0,241.7,0.0,0.0
2026-01-13 06:43:35,2003,Telephone / Tablette,0.0,241.5,0.0,0.0
2026-01-13 06:43:35,2004,Cafetiere,0.0,241.5,0.0,0.0
2026-01-13 06:43:35,2005,Lampe Salle à manger,0.0,241.3,0.0,0.0
2026-01-13 06:43:35,2006,PC Portable,0.0,242.2,0.0,0.0
2026-01-13 06:43:35,2007,Lampe Cuisine,0.0,241.3,0.0,0.0
2026-01-13 06:43:35,2008,Lampe Chambre,0.037,242.6,5.3,0.088
2026-01-13 06:44:35,2001,TV Salle à manger,0.026,242.4,0.0,0.0
2026-01-13 06:44:35,2002,Ecran,0.0,242.0,0.0,0.0
2026-01-13 06:44:35,2003,Telephone / Tablette,0.0,241.4,0.0,0.0
2026-01-13 06:44:35,2004,Cafetiere,0.0,241.6,0.0,0.0
2026-01-13 06:44:35,2005,Lampe Salle à manger,0.0,241.1,0.0,0.0
2026-01-13 06:44:35,2006,PC Portable,0.0,242.2,0.0,0.0
2026-01-13 06:44:35,2007,Lampe Cuisine,0.0,241.2,0.0,0.0
2026-01-13 06:44:35,2008,Lampe Chambre,0.037,242.5,5.3,0.088
2026-01-13 06:45:35,2001,TV Salle à manger,0.016,241.5,0.0,0.0
2026-01-13 06:45:35,2002,Ecran,0.0,241.1,0.0,0.0
2026-01-13 06:45:35,2003,Telephone / Tablette,0.0,240.7,0.0,0.0
2026-01-13 06:45:35,2004,Cafetiere,0.0,240.7,0.0,0.0
2026-01-13 06:45:35,2005,Lampe Salle à manger,0.0,240.5,0.0,0.0
2026-01-13 06:45:35,2006,PC Portable,0.0,241.4,0.0,0.0
2026-01-13 06:45:35,2007,Lampe Cuisine,0.0,240.6,0.0,0.0
2026-01-13 06:45:35,2008,Lampe Chambre,0.037,241.8,5.3,0.088
2026-01-13 06:46:36,2001,TV Salle à manger,0.024,242.1,0.0,0.0
2026-01-13 06:46:36,2002,Ecran,0.0,241.7,0.0,0.0
2026-01-13 06:46:36,2003,Telephone / Tablette,0.0,241.3,0.0,0.0
2026-01-13 06:46:36,2004,Cafetiere,0.0,241.3,0.0,0.0
2026-01-13 06:46:36,2005,Lampe Salle à manger,0.0,241.1,0.0,0.0
2026-01-13 06:46:36,2006,PC Portable,0.0,242.0,0.0,0.0
2026-01-13 06:46:36,2007,Lampe Cuisine,0.0,241.1,0.0,0.0
2026-01-13 06:46:36,2008,Lampe Chambre,0.037,242.4,5.2,0.087
2026-01-13 06:47:36,2001,TV Salle à manger,0.0,242.1,0.0,0.0
2026-01-13 06:47:36,2002,Ecran,0.0,241.6,0.0,0.0
2026-01-13 06:47:36,2003,Telephone / Tablette,0.0,241.3,0.0,0.0
2026-01-13 06:47:36,2004,Cafetiere,0.0,241.3,0.0,0.0
2026-01-13 06:47:36,2005,Lampe Salle à manger,0.0,241.1,0.0,0.0
2026-01-13 06:47:36,2006,PC Portable,0.0,242.0,0.0,0.0
2026-01-13 06:47:36,2007,Lampe Cuisine,0.0,241.1,0.0,0.0
2026-01-13 06:47:36,2008,Lampe Chambre,0.037,242.4,5.3,0.088
2026-01-13 06:48:36,2001,TV Salle à manger,0.0,242.0,0.0,0.0
2026-01-13 06:48:36,2002,Ecran,0.0,241.6,0.0,0.0
2026-01-13 06:48:36,2003,Telephone / Tablette,0.0,241.2,0.0,0.0
2026-01-13 06:48:36,2004,Cafetiere,0.0,241.2,0.0,0.0
2026-01-13 06:48:36,2005,Lampe Salle à manger,0.0,241.0,0.0,0.0
2026-01-13 06:48:36,2006,PC Portable,0.0,241.9,0.0,0.0
2026-01-13 06:48:36,2007,Lampe Cuisine,0.0,241.0,0.0,0.0
2026-01-13 06:48:36,2008,Lampe Chambre,0.037,242.3,5.2,0.087
2026-01-13 06:49:36,2001,TV Salle à manger,0.0,241.4,0.0,0.0
2026-01-13 06:49:36,2002,Ecran,0.0,241.0,0.0,0.0
2026-01-13 06:49:36,2003,Telephone / Tablette,0.0,240.7,0.0,0.0
2026-01-13 06:49:36,2004,Cafetiere,0.0,240.6,0.0,0.0
2026-01-13 06:49:36,2005,Lampe Salle à manger,0.0,240.4,0.0,0.0
2026-01-13 06:49:36,2006,PC Portable,0.0,241.4,0.0,0.0
2026-01-13 06:49:36,2007,Lampe Cuisine,0.0,240.6,0.0,0.0
2026-01-13 06:49:36,2008,Lampe Chambre,0.037,241.8,5.2,0.087
2026-01-13 06:50:37,2001,TV Salle à manger,0.0,242.3,0.0,0.0
2026-01-13 06:50:37,2002,Ecran,0.0,241.9,0.0,0.0
2026-01-13 06:50:37,2003,Telephone / Tablette,0.0,241.5,0.0,0.0
2026-01-13 06:50:37,2004,Cafetiere,0.0,241.5,0.0,0.0
2026-01-13 06:50:37,2005,Lampe Salle à manger,0.0,241.3,0.0,0.0
2026-01-13 06:50:37,2006,PC Portable,0.0,242.2,0.0,0.0
2026-01-13 06:50:37,2007,Lampe Cuisine,0.0,241.3,0.0,0.0
2026-01-13 06:50:37,2008,Lampe Chambre,0.037,242.6,5.3,0.088
2026-01-13 06:51:37,2001,TV Salle à manger,0.0,242.0,0.0,0.0
2026-01-13 06:51:37,2002,Ecran,0.0,241.5,0.0,0.0
2026-01-13 06:51:37,2003,Telephone / Tablette,0.0,241.2,0.0,0.0
2026-01-13 06:51:37,2004,Cafetiere,0.0,241.2,0.0,0.0
2026-01-13 06:51:37,2005,Lampe Salle à manger,0.0,240.9,0.0,0.0
2026-01-13 06:51:37,2006,PC Portable,0.0,241.9,0.0,0.0
2026-01-13 06:51:37,2007,Lampe Cuisine,0.0,241.1,0.0,0.0
2026-01-13 06:51:37,2008,Lampe Chambre,0.037,242.3,5.2,0.087
2026-01-13 06:52:37,2001,TV Salle à manger,0.0,241.8,0.0,0.0
2026-01-13 06:52:37,2002,Ecran,0.0,241.1,0.0,0.0
2026-01-13 06:52:37,2003,Telephone / Tablette,0.0,240.9,0.0,0.0
2026-01-13 06:52:37,2004,Cafetiere,0.0,240.8,0.0,0.0
2026-01-13 06:52:37,2005,Lampe Salle à manger,0.0,240.6,0.0,0.0
2026-01-13 06:52:37,2006,PC Portable,0.0,241.6,0.0,0.0
2026-01-13 06:52:37,2007,Lampe Cuisine,0.0,240.6,0.0,0.0
2026-01-13 06:52:37,2008,Lampe Chambre,0.037,242.1,5.2,0.087
2026-01-13 06:53:37,2001,TV Salle à manger,0.0,242.5,0.0,0.0
2026-01-13 06:53:37,2002,Ecran,0.0,242.0,0.0,0.0
2026-01-13 06:53:37,2003,Telephone / Tablette,0.0,241.6,0.0,0.0
2026-01-13 06:53:37,2004,Cafetiere,0.0,241.7,0.0,0.0
2026-01-13 06:53:37,2005,Lampe Salle à manger,0.0,241.5,0.0,0.0
2026-01-13 06:53:37,2006,PC Portable,0.0,242.4,0.0,0.0
2026-01-13 06:53:37,2007,Lampe Cuisine,0.0,241.5,0.0,0.0
2026-01-13 06:53:37,2008,Lampe Chambre,0.037,242.8,5.3,0.088
2026-01-13 06:54:38,2001,TV Salle à manger,0.0,242.1,0.0,0.0
2026-01-13 06:54:38,2002,Ecran,0.0,241.7,0.0,0.0
2026-01-13 06:54:38,2003,Telephone / Tablette,0.0,241.3,0.0,0.0
2026-01-13 06:54:38,2004,Cafetiere,0.0,241.3,0.0,0.0
2026-01-13 06:54:38,2005,Lampe Salle à manger,0.0,241.0,0.0,0.0
2026-01-13 06:54:38,2006,PC Portable,0.0,242.1,0.0,0.0
2026-01-13 06:54:38,2007,Lampe Cuisine,0.0,241.2,0.0,0.0
2026-01-13 06:54:38,2008,Lampe Chambre,0.037,242.4,5.2,0.087
2026-01-13 06:55:38,2001,TV Salle à manger,0.021,242.1,0.0,0.0
2026-01-13 06:55:38,2002,Ecran,0.0,241.6,0.0,0.0
2026-01-13 06:55:38,2003,Telephone / Tablette,0.0,241.2,0.0,0.0
2026-01-13 06:55:38,2004,Cafetiere,0.0,241.3,0.0,0.0
2026-01-13 06:55:38,2005,Lampe Salle à manger,0.0,241.0,0.0,0.0
2026-01-13 06:55:38,2006,PC Portable,0.0,242.0,0.0,0.0
2026-01-13 06:55:38,2007,Lampe Cuisine,0.0,241.1,0.0,0.0
2026-01-13 06:55:38,2008,Lampe Chambre,0.037,242.3,5.3,0.088
2026-01-13 06:56:38,2001,TV Salle à manger,0.0,241.9,0.0,0.0
2026-01-13 06:56:38,2002,Ecran,0.0,241.5,0.0,0.0
2026-01-13 06:56:38,2003,Telephone / Tablette,0.0,241.1,0.0,0.0
2026-01-13 06:56:38,2004,Cafetiere,0.0,241.2,0.0,0.0
2026-01-13 06:56:38,2005,Lampe Salle à manger,0.0,240.9,0.0,0.0
2026-01-13 06:56:38,2006,PC Portable,0.0,241.8,0.0,0.0
2026-01-13 06:56:38,2007,Lampe Cuisine,0.0,241.0,0.0,0.0
2026-01-13 06:56:38,2008,Lampe Chambre,0.037,242.2,5.3,0.088
2026-01-13 06:57:38,2001,TV Salle à manger,0.0,244.9,0.0,0.0
2026-01-13 06:57:38,2002,Ecran,0.0,244.4,0.0,0.0
2026-01-13 06:57:38,2003,Telephone / Tablette,0.0,244.0,0.0,0.0
2026-01-13 06:57:38,2004,Cafetiere,0.0,244.0,0.0,0.0
2026-01-13 06:57:38,2005,Lampe Salle à manger,0.0,243.7,0.0,0.0
2026-01-13 06:57:38,2006,PC Portable,0.0,244.8,0.0,0.0
2026-01-13 06:57:38,2007,Lampe Cuisine,0.0,243.8,0.0,0.0
2026-01-13 06:57:38,2008,Lampe Chambre,0.037,245.1,5.3,0.088
2026-01-13 06:58:39,2001,TV Salle à manger,0.0,245.0,0.0,0.0
2026-01-13 06:58:39,2002,Ecran,0.0,244.7,0.0,0.0
2026-01-13 06:58:39,2003,Telephone / Tablette,0.0,244.1,0.0,0.0
2026-01-13 06:58:39,2004,Cafetiere,0.0,244.3,0.0,0.0
2026-01-13 06:58:39,2005,Lampe Salle à manger,0.0,243.9,0.0,0.0
2026-01-13 06:58:39,2006,PC Portable,0.0,245.0,0.0,0.0
2026-01-13 06:58:39,2007,Lampe Cuisine,0.0,244.1,0.0,0.0
2026-01-13 06:58:39,2008,Lampe Chambre,0.037,245.4,5.4,0.09
2026-01-13 06:59:39,2001,TV Salle à manger,0.0,246.1,0.0,0.0
2026-01-13 06:59:39,2002,Ecran,0.0,245.7,0.0,0.0
2026-01-13 06:59:39,2003,Telephone / Tablette,0.0,245.2,0.0,0.0
2026-01-13 06:59:39,2004,Cafetiere,0.0,245.3,0.0,0.0
2026-01-13 06:59:39,2005,Lampe Salle à manger,0.0,245.0,0.0,0.0
2026-01-13 06:59:39,2006,PC Portable,0.0,246.0,0.0,0.0
2026-01-13 06:59:39,2007,Lampe Cuisine,0.0,245.1,0.0,0.0
2026-01-13 06:59:39,2008,Lampe Chambre,0.037,246.5,5.4,0.09
2026-01-13 07:00:39,2001,TV Salle à manger,0.021,245.0,0.0,0.0
2026-01-13 07:00:39,2002,Ecran,0.0,244.5,0.0,0.0
2026-01-13 07:00:39,2003,Telephone / Tablette,0.0,244.1,0.0,0.0
2026-01-13 07:00:39,2004,Cafetiere,0.0,244.2,0.0,0.0
2026-01-13 07:00:39,2005,Lampe Salle à manger,0.0,243.9,0.0,0.0
2026-01-13 07:00:39,2006,PC Portable,0.0,244.9,0.0,0.0
2026-01-13 07:00:39,2007,Lampe Cuisine,0.0,244.0,0.0,0.0
2026-01-13 07:00:39,2008,Lampe Chambre,0.038,245.2,5.4,0.09
2026-01-13 07:01:40,2001,TV Salle à manger,0.0,244.8,0.0,0.0
2026-01-13 07:01:40,2002,Ecran,0.0,244.3,0.0,0.0
2026-01-13 07:01:40,2003,Telephone / Tablette,0.0,244.0,0.0,0.0
2026-01-13 07:01:40,2004,Cafetiere,0.0,244.3,0.0,0.0
2026-01-13 07:01:40,2005,Lampe Salle à manger,0.0,243.6,0.0,0.0
2026-01-13 07:01:40,2006,PC Portable,0.0,245.0,0.0,0.0
2026-01-13 07:01:40,2007,Lampe Cuisine,0.0,244.1,0.0,0.0
2026-01-13 07:01:40,2008,Lampe Chambre,0.038,245.1,5.4,0.09
2026-01-13 07:02:40,2001,TV Salle à manger,0.0,243.9,0.0,0.0
2026-01-13 07:02:40,2002,Ecran,0.0,243.5,0.0,0.0
2026-01-13 07:02:40,2003,Telephone / Tablette,0.0,243.1,0.0,0.0
2026-01-13 07:02:40,2004,Cafetiere,0.0,243.2,0.0,0.0
2026-01-13 07:02:40,2005,Lampe Salle à manger,0.0,242.8,0.0,0.0
2026-01-13 07:02:40,2006,PC Portable,0.0,243.8,0.0,0.0
2026-01-13 07:02:40,2007,Lampe Cuisine,0.0,243.0,0.0,0.0
2026-01-13 07:02:40,2008,Lampe Chambre,0.037,244.2,5.4,0.09
2026-01-13 07:03:40,2001,TV Salle à manger,0.014,245.0,0.0,0.0
2026-01-13 07:03:40,2002,Ecran,0.0,244.4,0.0,0.0
2026-01-13 07:03:40,2003,Telephone / Tablette,0.0,243.9,0.0,0.0
2026-01-13 07:03:40,2004,Cafetiere,0.0,244.1,0.0,0.0
2026-01-13 07:03:40,2005,Lampe Salle à manger,0.0,243.7,0.0,0.0
2026-01-13 07:03:40,2006,PC Portable,0.0,244.7,0.0,0.0
2026-01-13 07:03:40,2007,Lampe Cuisine,0.0,243.9,0.0,0.0
2026-01-13 07:03:40,2008,Lampe Chambre,0.037,245.1,5.4,0.09
2026-01-13 07:04:40,2001,TV Salle à manger,0.017,244.6,0.0,0.0
2026-01-13 07:04:40,2002,Ecran,0.0,244.1,0.0,0.0
2026-01-13 07:04:40,2003,Telephone / Tablette,0.0,243.7,0.0,0.0
2026-01-13 07:04:40,2004,Cafetiere,0.0,243.6,0.0,0.0
2026-01-13 07:04:40,2005,Lampe Salle à manger,0.0,243.3,0.0,0.0
2026-01-13 07:04:40,2006,PC Portable,0.0,244.5,0.0,0.0
2026-01-13 07:04:40,2007,Lampe Cuisine,0.0,243.4,0.0,0.0
2026-01-13 07:04:40,2008,Lampe Chambre,0.037,244.7,5.3,0.088
2026-01-13 07:05:41,2001,TV Salle à manger,0.022,245.1,0.0,0.0
2026-01-13 07:05:41,2002,Ecran,0.0,244.6,0.0,0.0
2026-01-13 07:05:41,2003,Telephone / Tablette,0.0,244.2,0.0,0.0
2026-01-13 07:05:41,2004,Cafetiere,0.0,244.3,0.0,0.0
2026-01-13 07:05:41,2005,Lampe Salle à manger,0.0,244.0,0.0,0.0
2026-01-13 07:05:41,2006,PC Portable,0.0,244.9,0.0,0.0
2026-01-13 07:05:41,2007,Lampe Cuisine,0.0,244.1,0.0,0.0
2026-01-13 07:05:41,2008,Lampe Chambre,0.037,245.4,5.3,0.088
2026-01-13 07:06:41,2001,TV Salle à manger,0.014,244.3,0.0,0.0
2026-01-13 07:06:41,2002,Ecran,0.0,243.8,0.0,0.0
2026-01-13 07:06:41,2003,Telephone / Tablette,0.0,243.5,0.0,0.0
2026-01-13 07:06:41,2004,Cafetiere,0.0,243.5,0.0,0.0
2026-01-13 07:06:41,2005,Lampe Salle à manger,0.0,243.1,0.0,0.0
2026-01-13 07:06:41,2006,PC Portable,0.0,244.1,0.0,0.0
2026-01-13 07:06:41,2007,Lampe Cuisine,0.0,243.3,0.0,0.0
2026-01-13 07:06:41,2008,Lampe Chambre,0.037,244.6,5.3,0.088
2026-01-13 07:07:41,2001,TV Salle à manger,0.0,243.6,0.0,0.0
2026-01-13 07:07:41,2002,Ecran,0.0,243.1,0.0,0.0
2026-01-13 07:07:41,2003,Telephone / Tablette,0.0,242.8,0.0,0.0
2026-01-13 07:07:41,2004,Cafetiere,0.0,242.8,0.0,0.0
2026-01-13 07:07:41,2005,Lampe Salle à manger,0.0,242.5,0.0,0.0
2026-01-13 07:07:41,2006,PC Portable,0.0,243.5,0.0,0.0
2026-01-13 07:07:41,2007,Lampe Cuisine,0.0,242.6,0.0,0.0
2026-01-13 07:07:41,2008,Lampe Chambre,0.038,243.9,5.3,0.088
2026-01-13 07:08:41,2001,TV Salle à manger,0.024,244.6,0.0,0.0
2026-01-13 07:08:41,2002,Ecran,0.0,244.1,0.0,0.0
2026-01-13 07:08:41,2003,Telephone / Tablette,0.0,243.7,0.0,0.0
2026-01-13 07:08:41,2004,Cafetiere,0.0,243.7,0.0,0.0
2026-01-13 07:08:41,2005,Lampe Salle à manger,0.0,243.5,0.0,0.0
2026-01-13 07:08:41,2006,PC Portable,0.0,244.5,0.0,0.0
2026-01-13 07:08:41,2007,Lampe Cuisine,0.0,243.6,0.0,0.0
2026-01-13 07:08:41,2008,Lampe Chambre,0.037,244.9,5.3,0.088
2026-01-13 07:09:42,2001,TV Salle à manger,0.0,243.7,0.0,0.0
2026-01-13 07:09:42,2002,Ecran,0.0,243.2,0.0,0.0
2026-01-13 07:09:42,2003,Telephone / Tablette,0.0,242.8,0.0,0.0
2026-01-13 07:09:42,2004,Cafetiere,0.0,243.0,0.0,0.0
2026-01-13 07:09:42,2005,Lampe Salle à manger,0.0,242.7,0.0,0.0
2026-01-13 07:09:42,2006,PC Portable,0.0,243.7,0.0,0.0
2026-01-13 07:09:42,2007,Lampe Cuisine,0.0,242.8,0.0,0.0
2026-01-13 07:09:42,2008,Lampe Chambre,0.037,244.1,5.3,0.088
2026-01-13 07:10:42,2001,TV Salle à manger,0.0,244.6,0.0,0.0
2026-01-13 07:10:42,2002,Ecran,0.0,244.2,0.0,0.0
2026-01-13 07:10:42,2003,Telephone / Tablette,0.0,243.8,0.0,0.0
2026-01-13 07:10:42,2004,Cafetiere,0.0,243.9,0.0,0.0
2026-01-13 07:10:42,2005,Lampe Salle à manger,0.0,243.6,0.0,0.0
2026-01-13 07:10:42,2006,PC Portable,0.0,244.6,0.0,0.0
2026-01-13 07:10:42,2007,Lampe Cuisine,0.0,243.7,0.0,0.0
2026-01-13 07:10:42,2008,Lampe Chambre,0.037,245.0,5.3,0.088
2026-01-13 07:11:42,2001,TV Salle à manger,0.0,243.7,0.0,0.0
2026-01-13 07:11:42,2002,Ecran,0.0,243.2,0.0,0.0
2026-01-13 07:11:42,2003,Telephone / Tablette,0.0,243.0,0.0,0.0
2026-01-13 07:11:42,2004,Cafetiere,0.0,242.9,0.0,0.0
2026-01-13 07:11:42,2005,Lampe Salle à manger,0.0,242.8,0.0,0.0
2026-01-13 07:11:42,2006,PC Portable,0.0,243.8,0.0,0.0
2026-01-13 07:11:42,2007,Lampe Cuisine,0.0,242.8,0.0,0.0
2026-01-13 07:11:42,2008,Lampe Chambre,0.037,244.2,5.3,0.088
2026-01-13 07:12:42,2001,TV Salle à manger,0.0,242.9,0.0,0.0
2026-01-13 07:12:42,2002,Ecran,0.0,242.4,0.0,0.0
2026-01-13 07:12:42,2003,Telephone / Tablette,0.0,242.1,0.0,0.0
2026-01-13 07:12:42,2004,Cafetiere,0.0,242.1,0.0,0.0
2026-01-13 07:12:42,2005,Lampe Salle à manger,0.0,241.8,0.0,0.0
2026-01-13 07:12:42,2006,PC Portable,0.0,243.0,0.0,0.0
2026-01-13 07:12:42,2007,Lampe Cuisine,0.0,242.1,0.0,0.0
2026-01-13 07:12:42,2008,Lampe Chambre,0.037,243.2,5.3,0.088
2026-01-13 07:13:43,2001,TV Salle à manger,0.021,243.6,0.0,0.0
2026-01-13 07:13:43,2002,Ecran,0.0,243.0,0.0,0.0
2026-01-13 07:13:43,2003,Telephone / Tablette,0.0,242.6,0.0,0.0
2026-01-13 07:13:43,2004,Cafetiere,0.0,242.7,0.0,0.0
2026-01-13 07:13:43,2005,Lampe Salle à manger,0.0,242.5,0.0,0.0
2026-01-13 07:13:43,2006,PC Portable,0.0,243.4,0.0,0.0
2026-01-13 07:13:43,2007,Lampe Cuisine,0.0,242.5,0.0,0.0
2026-01-13 07:13:43,2008,Lampe Chambre,0.037,243.8,5.3,0.088
2026-01-13 07:14:43,2001,TV Salle à manger,0.0,243.2,0.0,0.0
2026-01-13 07:14:43,2002,Ecran,0.0,242.8,0.0,0.0
2026-01-13 07:14:43,2003,Telephone / Tablette,0.0,242.5,0.0,0.0
2026-01-13 07:14:43,2004,Cafetiere,0.0,242.5,0.0,0.0
2026-01-13 07:14:43,2005,Lampe Salle à manger,0.0,242.1,0.0,0.0
2026-01-13 07:14:43,2006,PC Portable,0.0,243.1,0.0,0.0
2026-01-13 07:14:43,2007,Lampe Cuisine,0.0,242.3,0.0,0.0
2026-01-13 07:14:43,2008,Lampe Chambre,0.037,243.4,5.3,0.088
2026-01-13 07:15:43,2001,TV Salle à manger,0.0,242.3,0.0,0.0
2026-01-13 07:15:43,2002,Ecran,0.0,241.8,0.0,0.0
2026-01-13 07:15:43,2003,Telephone / Tablette,0.0,241.5,0.0,0.0
2026-01-13 07:15:43,2004,Cafetiere,0.0,241.5,0.0,0.0
2026-01-13 07:15:43,2005,Lampe Salle à manger,0.0,241.2,0.0,0.0
2026-01-13 07:15:43,2006,PC Portable,0.0,242.2,0.0,0.0
2026-01-13 07:15:43,2007,Lampe Cuisine,0.0,241.3,0.0,0.0
2026-01-13 07:15:43,2008,Lampe Chambre,0.037,242.6,5.2,0.087
2026-01-13 07:16:44,2001,TV Salle à manger,0.0,244.0,0.0,0.0
2026-01-13 07:16:44,2002,Ecran,0.0,243.5,0.0,0.0
2026-01-13 07:16:44,2003,Telephone / Tablette,0.0,243.1,0.0,0.0
2026-01-13 07:16:44,2004,Cafetiere,0.0,243.1,0.0,0.0
2026-01-13 07:16:44,2005,Lampe Salle à manger,0.0,242.9,0.0,0.0
2026-01-13 07:16:44,2006,PC Portable,0.0,243.8,0.0,0.0
2026-01-13 07:16:44,2007,Lampe Cuisine,0.0,242.9,0.0,0.0
2026-01-13 07:16:44,2008,Lampe Chambre,0.037,244.2,5.3,0.088
2026-01-13 07:17:44,2001,TV Salle à manger,0.0,243.4,0.0,0.0
2026-01-13 07:17:44,2002,Ecran,0.0,242.9,0.0,0.0
2026-01-13 07:17:44,2003,Telephone / Tablette,0.0,242.6,0.0,0.0
2026-01-13 07:17:44,2004,Cafetiere,0.0,242.6,0.0,0.0
2026-01-13 07:17:44,2005,Lampe Salle à manger,0.0,242.3,0.0,0.0
2026-01-13 07:17:44,2006,PC Portable,0.0,243.2,0.0,0.0
2026-01-13 07:17:44,2007,Lampe Cuisine,0.0,242.4,0.0,0.0
2026-01-13 07:17:44,2008,Lampe Chambre,0.037,243.6,5.3,0.088
2026-01-13 07:18:44,2001,TV Salle à manger,0.0,243.7,0.0,0.0
2026-01-13 07:18:44,2002,Ecran,0.0,243.2,0.0,0.0
2026-01-13 07:18:44,2003,Telephone / Tablette,0.0,242.8,0.0,0.0
2026-01-13 07:18:44,2004,Cafetiere,0.0,242.9,0.0,0.0
2026-01-13 07:18:44,2005,Lampe Salle à manger,0.0,242.6,0.0,0.0
2026-01-13 07:18:44,2006,PC Portable,0.0,243.6,0.0,0.0
2026-01-13 07:18:44,2007,Lampe Cuisine,0.0,242.7,0.0,0.0
2026-01-13 07:18:44,2008,Lampe Chambre,0.037,244.0,5.3,0.088
2026-01-13 07:19:44,2001,TV Salle à manger,0.0,242.8,0.0,0.0
2026-01-13 07:19:44,2002,Ecran,0.0,242.4,0.0,0.0
2026-01-13 07:19:44,2003,Telephone / Tablette,0.0,242.0,0.0,0.0
2026-01-13 07:19:44,2004,Cafetiere,0.0,242.1,0.0,0.0
2026-01-13 07:19:44,2005,Lampe Salle à manger,0.0,241.7,0.0,0.0
2026-01-13 07:19:44,2006,PC Portable,0.0,242.8,0.0,0.0
2026-01-13 07:19:44,2007,Lampe Cuisine,0.0,241.9,0.0,0.0
2026-01-13 07:19:44,2008,Lampe Chambre,0.037,243.1,5.3,0.088
2026-01-13 07:20:45,2001,TV Salle à manger,0.021,242.8,0.0,0.0
2026-01-13 07:20:45,2002,Ecran,0.0,242.4,0.0,0.0
2026-01-13 07:20:45,2003,Telephone / Tablette,0.0,242.0,0.0,0.0
2026-01-13 07:20:45,2004,Cafetiere,0.0,242.0,0.0,0.0
2026-01-13 07:20:45,2005,Lampe Salle à manger,0.0,241.8,0.0,0.0
2026-01-13 07:20:45,2006,PC Portable,0.0,242.7,0.0,0.0
2026-01-13 07:20:45,2007,Lampe Cuisine,0.0,241.8,0.0,0.0
2026-01-13 07:20:45,2008,Lampe Chambre,0.037,243.1,5.2,0.087
2026-01-13 07:21:45,2001,TV Salle à manger,0.016,242.9,0.0,0.0
2026-01-13 07:21:45,2002,Ecran,0.0,242.3,0.0,0.0
2026-01-13 07:21:45,2003,Telephone / Tablette,0.0,241.9,0.0,0.0
2026-01-13 07:21:45,2004,Cafetiere,0.0,241.8,0.0,0.0
2026-01-13 07:21:45,2005,Lampe Salle à manger,0.0,241.5,0.0,0.0
2026-01-13 07:21:45,2006,PC Portable,0.0,242.7,0.0,0.0
2026-01-13 07:21:45,2007,Lampe Cuisine,0.0,241.6,0.0,0.0
2026-01-13 07:21:45,2008,Lampe Chambre,0.038,242.9,5.3,0.088
2026-01-13 07:22:45,2001,TV Salle à manger,0.0,242.1,0.0,0.0
2026-01-13 07:22:45,2002,Ecran,0.0,241.6,0.0,0.0
2026-01-13 07:22:45,2003,Telephone / Tablette,0.0,241.3,0.0,0.0
2026-01-13 07:22:45,2004,Cafetiere,0.0,241.2,0.0,0.0
2026-01-13 07:22:45,2005,Lampe Salle à manger,0.0,241.0,0.0,0.0
2026-01-13 07:22:45,2006,PC Portable,0.0,242.0,0.0,0.0
2026-01-13 07:22:45,2007,Lampe Cuisine,0.0,241.0,0.0,0.0
2026-01-13 07:22:45,2008,Lampe Chambre,0.038,242.4,5.3,0.088
2026-01-13 07:23:45,2001,TV Salle à manger,0.022,243.3,0.0,0.0
2026-01-13 07:23:45,2002,Ecran,0.0,242.9,0.0,0.0
2026-01-13 07:23:45,2003,Telephone / Tablette,0.0,242.5,0.0,0.0
2026-01-13 07:23:45,2004,Cafetiere,0.0,242.6,0.0,0.0
2026-01-13 07:23:45,2005,Lampe Salle à manger,0.0,242.3,0.0,0.0
2026-01-13 07:23:45,2006,PC Portable,0.0,243.2,0.0,0.0
2026-01-13 07:23:45,2007,Lampe Cuisine,0.0,242.4,0.0,0.0
2026-01-13 07:23:45,2008,Lampe Chambre,0.038,243.7,5.3,0.088
2026-01-13 07:24:46,2001,TV Salle à manger,0.022,243.3,0.0,0.0
2026-01-13 07:24:46,2002,Ecran,0.0,242.9,0.0,0.0
2026-01-13 07:24:46,2003,Telephone / Tablette,0.0,242.5,0.0,0.0
2026-01-13 07:24:46,2004,Cafetiere,0.0,242.6,0.0,0.0
2026-01-13 07:24:46,2005,Lampe Salle à manger,0.0,242.3,0.0,0.0
2026-01-13 07:24:46,2006,PC Portable,0.0,243.3,0.0,0.0
2026-01-13 07:24:46,2007,Lampe Cuisine,0.0,242.4,0.0,0.0
2026-01-13 07:24:46,2008,Lampe Chambre,0.038,243.6,5.4,0.09
2026-01-13 07:25:46,2001,TV Salle à manger,0.016,243.5,0.0,0.0
2026-01-13 07:25:46,2002,Ecran,0.0,243.0,0.0,0.0
2026-01-13 07:25:46,2003,Telephone / Tablette,0.0,242.6,0.0,0.0
2026-01-13 07:25:46,2004,Cafetiere,0.0,242.8,0.0,0.0
2026-01-13 07:25:46,2005,Lampe Salle à manger,0.0,242.3,0.0,0.0
2026-01-13 07:25:46,2006,PC Portable,0.0,243.4,0.0,0.0
2026-01-13 07:25:46,2007,Lampe Cuisine,0.0,242.6,0.0,0.0
2026-01-13 07:25:46,2008,Lampe Chambre,0.037,243.7,5.3,0.088
2026-01-13 07:26:46,2001,TV Salle à manger,0.0,242.2,0.0,0.0
2026-01-13 07:26:46,2002,Ecran,0.0,241.8,0.0,0.0
2026-01-13 07:26:46,2003,Telephone / Tablette,0.0,241.5,0.0,0.0
2026-01-13 07:26:46,2004,Cafetiere,0.0,241.6,0.0,0.0
2026-01-13 07:26:46,2005,Lampe Salle à manger,0.0,241.2,0.0,0.0
2026-01-13 07:26:46,2006,PC Portable,0.0,242.1,0.0,0.0
2026-01-13 07:26:46,2007,Lampe Cuisine,0.0,241.3,0.0,0.0
2026-01-13 07:26:46,2008,Lampe Chambre,0.037,242.5,5.2,0.087
2026-01-13 07:27:47,2001,TV Salle à manger,0.0,243.4,0.0,0.0
2026-01-13 07:27:47,2002,Ecran,0.0,242.7,0.0,0.0
2026-01-13 07:27:47,2003,Telephone / Tablette,0.0,242.5,0.0,0.0
2026-01-13 07:27:47,2004,Cafetiere,0.0,242.5,0.0,0.0
2026-01-13 07:27:47,2005,Lampe Salle à manger,0.0,242.2,0.0,0.0
2026-01-13 07:27:47,2006,PC Portable,0.0,243.2,0.0,0.0
2026-01-13 07:27:47,2007,Lampe Cuisine,0.0,242.2,0.0,0.0
2026-01-13 07:27:47,2008,Lampe Chambre,0.037,243.5,5.3,0.088
2026-01-13 07:28:47,2001,TV Salle à manger,0.02,243.5,0.0,0.0
2026-01-13 07:28:47,2002,Ecran,0.0,243.0,0.0,0.0
2026-01-13 07:28:47,2003,Telephone / Tablette,0.0,242.6,0.0,0.0
2026-01-13 07:28:47,2004,Cafetiere,0.0,242.7,0.0,0.0
2026-01-13 07:28:47,2005,Lampe Salle à manger,0.0,242.4,0.0,0.0
2026-01-13 07:28:47,2006,PC Portable,0.0,243.4,0.0,0.0
2026-01-13 07:28:47,2007,Lampe Cuisine,0.0,242.5,0.0,0.0
2026-01-13 07:28:47,2008,Lampe Chambre,0.037,243.8,5.3,0.088
2026-01-13 07:29:47,2001,TV Salle à manger,0.0,243.3,0.0,0.0
2026-01-13 07:29:47,2002,Ecran,0.0,242.8,0.0,0.0
2026-01-13 07:29:47,2003,Telephone / Tablette,0.0,242.4,0.0,0.0
2026-01-13 07:29:47,2004,Cafetiere,0.0,242.5,0.0,0.0
2026-01-13 07:29:47,2005,Lampe Salle à manger,0.0,242.2,0.0,0.0
2026-01-13 07:29:47,2006,PC Portable,0.0,243.4,0.0,0.0
2026-01-13 07:29:47,2007,Lampe Cuisine,0.0,242.3,0.0,0.0
2026-01-13 07:29:47,2008,Lampe Chambre,0.037,243.6,5.3,0.088
2026-01-13 07:30:47,2001,TV Salle à manger,0.0,243.3,0.0,0.0
2026-01-13 07:30:47,2002,Ecran,0.0,242.7,0.0,0.0
2026-01-13 07:30:47,2003,Telephone / Tablette,0.0,242.4,0.0,0.0
2026-01-13 07:30:47,2004,Cafetiere,0.0,242.4,0.0,0.0
2026-01-13 07:30:47,2005,Lampe Salle à manger,0.0,242.2,0.0,0.0
2026-01-13 07:30:47,2006,PC Portable,0.0,243.2,0.0,0.0
2026-01-13 07:30:47,2007,Lampe Cuisine,0.0,242.2,0.0,0.0
2026-01-13 07:30:47,2008,Lampe Chambre,0.0,243.6,0.0,0.0
2026-01-13 07:31:48,2001,TV Salle à manger,0.021,243.0,0.0,0.0
2026-01-13 07:31:48,2002,Ecran,0.0,242.4,0.0,0.0
2026-01-13 07:31:48,2003,Telephone / Tablette,0.0,242.1,0.0,0.0
2026-01-13 07:31:48,2004,Cafetiere,0.0,242.1,0.0,0.0
2026-01-13 07:31:48,2005,Lampe Salle à manger,0.0,241.8,0.0,0.0
2026-01-13 07:31:48,2006,PC Portable,0.0,242.8,0.0,0.0
2026-01-13 07:31:48,2007,Lampe Cuisine,0.0,241.9,0.0,0.0
2026-01-13 07:31:48,2008,Lampe Chambre,0.0,243.2,0.0,0.0
2026-01-13 07:32:48,2001,TV Salle à manger,0.0,242.4,0.0,0.0
2026-01-13 07:32:48,2002,Ecran,0.0,241.9,0.0,0.0
2026-01-13 07:32:48,2003,Telephone / Tablette,0.0,241.5,0.0,0.0
2026-01-13 07:32:48,2004,Cafetiere,0.0,241.7,0.0,0.0
2026-01-13 07:32:48,2005,Lampe Salle à manger,0.0,241.4,0.0,0.0
2026-01-13 07:32:48,2006,PC Portable,0.0,242.3,0.0,0.0
2026-01-13 07:32:48,2007,Lampe Cuisine,0.0,241.5,0.0,0.0
2026-01-13 07:32:48,2008,Lampe Chambre,0.0,242.8,0.0,0.0
2026-01-13 07:33:48,2001,TV Salle à manger,0.02,241.9,0.0,0.0
2026-01-13 07:33:48,2002,Ecran,0.0,241.5,0.0,0.0
2026-01-13 07:33:48,2003,Telephone / Tablette,0.0,241.1,0.0,0.0
2026-01-13 07:33:48,2004,Cafetiere,0.0,241.2,0.0,0.0
2026-01-13 07:33:48,2005,Lampe Salle à manger,0.0,240.8,0.0,0.0
2026-01-13 07:33:48,2006,PC Portable,0.0,241.9,0.0,0.0
2026-01-13 07:33:48,2007,Lampe Cuisine,0.0,241.1,0.0,0.0
2026-01-13 07:33:48,2008,Lampe Chambre,0.0,242.3,0.0,0.0
2026-01-13 07:34:49,2001,TV Salle à manger,0.0,242.9,0.0,0.0
2026-01-13 07:34:49,2002,Ecran,0.0,242.4,0.0,0.0
2026-01-13 07:34:49,2003,Telephone / Tablette,0.0,242.1,0.0,0.0
2026-01-13 07:34:49,2004,Cafetiere,0.0,242.1,0.0,0.0
2026-01-13 07:34:49,2005,Lampe Salle à manger,0.0,241.8,0.0,0.0
2026-01-13 07:34:49,2006,PC Portable,0.0,242.8,0.0,0.0
2026-01-13 07:34:49,2007,Lampe Cuisine,0.0,241.9,0.0,0.0
2026-01-13 07:34:49,2008,Lampe Chambre,0.0,243.3,0.0,0.0
2026-01-13 07:35:49,2001,TV Salle à manger,0.0,241.7,0.0,0.0
2026-01-13 07:35:49,2002,Ecran,0.0,241.2,0.0,0.0
2026-01-13 07:35:49,2003,Telephone / Tablette,0.0,240.8,0.0,0.0
2026-01-13 07:35:49,2004,Cafetiere,0.0,240.9,0.0,0.0
2026-01-13 07:35:49,2005,Lampe Salle à manger,0.0,240.6,0.0,0.0
2026-01-13 07:35:49,2006,PC Portable,0.0,241.6,0.0,0.0
2026-01-13 07:35:49,2007,Lampe Cuisine,0.0,240.7,0.0,0.0
2026-01-13 07:35:49,2008,Lampe Chambre,0.0,242.0,0.0,0.0
2026-01-13 07:36:49,2001,TV Salle à manger,0.0,241.9,0.0,0.0
2026-01-13 07:36:49,2002,Ecran,0.0,241.5,0.0,0.0
2026-01-13 07:36:49,2003,Telephone / Tablette,0.0,241.2,0.0,0.0
2026-01-13 07:36:49,2004,Cafetiere,0.0,241.1,0.0,0.0
2026-01-13 07:36:49,2005,Lampe Salle à manger,0.0,240.9,0.0,0.0
2026-01-13 07:36:49,2006,PC Portable,0.0,241.9,0.0,0.0
2026-01-13 07:36:49,2007,Lampe Cuisine,0.0,241.0,0.0,0.0
2026-01-13 07:36:49,2008,Lampe Chambre,0.0,242.3,0.0,0.0
2026-01-13 07:37:49,2001,TV Salle à manger,0.023,243.2,0.0,0.0
2026-01-13 07:37:49,2002,Ecran,0.0,242.7,0.0,0.0
2026-01-13 07:37:49,2003,Telephone / Tablette,0.0,242.4,0.0,0.0
2026-01-13 07:37:49,2004,Cafetiere,0.0,242.4,0.0,0.0
2026-01-13 07:37:49,2005,Lampe Salle à manger,0.0,242.1,0.0,0.0
2026-01-13 07:37:49,2006,PC Portable,0.0,243.1,0.0,0.0
2026-01-13 07:37:49,2007,Lampe Cuisine,0.0,242.2,0.0,0.0
2026-01-13 07:37:49,2008,Lampe Chambre,0.0,243.5,0.0,0.0
2026-01-13 07:38:50,2001,TV Salle à manger,0.0,243.0,0.0,0.0
2026-01-13 07:38:50,2002,Ecran,0.0,242.5,0.0,0.0
2026-01-13 07:38:50,2003,Telephone / Tablette,0.0,242.2,0.0,0.0
2026-01-13 07:38:50,2004,Cafetiere,0.0,242.1,0.0,0.0
2026-01-13 07:38:50,2005,Lampe Salle à manger,0.0,242.1,0.0,0.0
2026-01-13 07:38:50,2006,PC Portable,0.0,243.0,0.0,0.0
2026-01-13 07:38:50,2007,Lampe Cuisine,0.0,241.9,0.0,0.0
2026-01-13 07:38:50,2008,Lampe Chambre,0.0,243.2,0.0,0.0
2026-01-13 07:39:50,2001,TV Salle à manger,0.026,244.0,0.0,0.0
2026-01-13 07:39:50,2002,Ecran,0.0,243.5,0.0,0.0
2026-01-13 07:39:50,2003,Telephone / Tablette,0.0,243.2,0.0,0.0
2026-01-13 07:39:50,2004,Cafetiere,0.0,243.2,0.0,0.0
2026-01-13 07:39:50,2005,Lampe Salle à manger,0.0,243.1,0.0,0.0
2026-01-13 07:39:50,2006,PC Portable,0.0,244.0,0.0,0.0
2026-01-13 07:39:50,2007,Lampe Cuisine,0.0,243.0,0.0,0.0
2026-01-13 07:39:50,2008,Lampe Chambre,0.0,244.4,0.0,0.0
2026-01-13 07:40:50,2001,TV Salle à manger,0.0,243.9,0.0,0.0
2026-01-13 07:40:50,2002,Ecran,0.0,243.4,0.0,0.0
2026-01-13 07:40:50,2003,Telephone / Tablette,0.0,243.1,0.0,0.0
2026-01-13 07:40:50,2004,Cafetiere,0.0,243.1,0.0,0.0
2026-01-13 07:40:50,2005,Lampe Salle à manger,0.0,242.9,0.0,0.0
2026-01-13 07:40:50,2006,PC Portable,0.0,243.8,0.0,0.0
2026-01-13 07:40:50,2007,Lampe Cuisine,0.0,242.9,0.0,0.0
2026-01-13 07:40:50,2008,Lampe Chambre,0.0,244.2,0.0,0.0
2026-01-13 07:41:50,2001,TV Salle à manger,0.02,244.0,0.0,0.0
2026-01-13 07:41:50,2002,Ecran,0.0,243.5,0.0,0.0
2026-01-13 07:41:50,2003,Telephone / Tablette,0.0,243.1,0.0,0.0
2026-01-13 07:41:50,2004,Cafetiere,0.0,243.1,0.0,0.0
2026-01-13 07:41:50,2005,Lampe Salle à manger,0.0,242.9,0.0,0.0
2026-01-13 07:41:50,2006,PC Portable,0.0,243.9,0.0,0.0
2026-01-13 07:41:50,2007,Lampe Cuisine,0.0,243.0,0.0,0.0
2026-01-13 07:41:50,2008,Lampe Chambre,0.0,244.2,0.0,0.0
2026-01-13 07:42:51,2001,TV Salle à manger,0.0,243.1,0.0,0.0
2026-01-13 07:42:51,2002,Ecran,0.0,242.6,0.0,0.0
2026-01-13 07:42:51,2003,Telephone / Tablette,0.0,242.3,0.0,0.0
2026-01-13 07:42:51,2004,Cafetiere,0.0,242.3,0.0,0.0
2026-01-13 07:42:51,2005,Lampe Salle à manger,0.0,242.0,0.0,0.0
2026-01-13 07:42:51,2006,PC Portable,0.0,243.1,0.0,0.0
2026-01-13 07:42:51,2007,Lampe Cuisine,0.0,242.2,0.0,0.0
2026-01-13 07:42:51,2008,Lampe Chambre,0.0,243.4,0.0,0.0
2026-01-13 07:43:51,2001,TV Salle à manger,0.018,243.8,0.0,0.0
2026-01-13 07:43:51,2002,Ecran,0.0,243.3,0.0,0.0
2026-01-13 07:43:51,2003,Telephone / Tablette,0.0,242.9,0.0,0.0
2026-01-13 07:43:51,2004,Cafetiere,0.0,243.0,0.0,0.0
2026-01-13 07:43:51,2005,Lampe Salle à manger,0.0,242.7,0.0,0.0
2026-01-13 07:43:51,2006,PC Portable,0.0,243.7,0.0,0.0
2026-01-13 07:43:51,2007,Lampe Cuisine,0.0,242.8,0.0,0.0
2026-01-13 07:43:51,2008,Lampe Chambre,0.0,244.1,0.0,0.0
2026-01-13 07:44:51,2001,TV Salle à manger,0.015,244.0,0.0,0.0
2026-01-13 07:44:51,2002,Ecran,0.0,243.6,0.0,0.0
2026-01-13 07:44:51,2003,Telephone / Tablette,0.0,243.2,0.0,0.0
2026-01-13 07:44:51,2004,Cafetiere,0.0,243.2,0.0,0.0
2026-01-13 07:44:51,2005,Lampe Salle à manger,0.0,243.0,0.0,0.0
2026-01-13 07:44:51,2006,PC Portable,0.0,244.0,0.0,0.0
2026-01-13 07:44:51,2007,Lampe Cuisine,0.0,242.8,0.0,0.0
2026-01-13 07:44:51,2008,Lampe Chambre,0.0,244.3,0.0,0.0
2026-01-13 07:45:52,2001,TV Salle à manger,0.0,243.1,0.0,0.0
2026-01-13 07:45:52,2002,Ecran,0.0,242.6,0.0,0.0
2026-01-13 07:45:52,2003,Telephone / Tablette,0.0,242.2,0.0,0.0
2026-01-13 07:45:52,2004,Cafetiere,0.0,242.2,0.0,0.0
2026-01-13 07:45:52,2005,Lampe Salle à manger,0.0,242.0,0.0,0.0
2026-01-13 07:45:52,2006,PC Portable,0.0,243.0,0.0,0.0
2026-01-13 07:45:52,2007,Lampe Cuisine,0.0,242.1,0.0,0.0
2026-01-13 07:45:52,2008,Lampe Chambre,0.0,243.4,0.0,0.0
2026-01-13 07:46:52,2001,TV Salle à manger,0.0,243.9,0.0,0.0
2026-01-13 07:46:52,2002,Ecran,0.0,243.4,0.0,0.0
2026-01-13 07:46:52,2003,Telephone / Tablette,0.0,243.1,0.0,0.0
2026-01-13 07:46:52,2004,Cafetiere,0.0,243.1,0.0,0.0
2026-01-13 07:46:52,2005,Lampe Salle à manger,0.052,242.8,11.8,0.197
2026-01-13 07:46:52,2006,PC Portable,0.0,243.8,0.0,0.0
2026-01-13 07:46:52,2007,Lampe Cuisine,0.0,242.9,0.0,0.0
2026-01-13 07:46:52,2008,Lampe Chambre,0.0,244.3,0.0,0.0
2026-01-13 07:47:52,2001,TV Salle à manger,0.0,243.7,0.0,0.0
2026-01-13 07:47:52,2002,Ecran,0.0,243.2,0.0,0.0
2026-01-13 07:47:52,2003,Telephone / Tablette,0.0,242.8,0.0,0.0
2026-01-13 07:47:52,2004,Cafetiere,0.0,243.0,0.0,0.0
2026-01-13 07:47:52,2005,Lampe Salle à manger,0.052,242.6,11.7,0.195
2026-01-13 07:47:52,2006,PC Portable,0.0,243.6,0.0,0.0
2026-01-13 07:47:52,2007,Lampe Cuisine,0.0,242.7,0.0,0.0
2026-01-13 07:47:52,2008,Lampe Chambre,0.0,244.0,0.0,0.0
2026-01-13 07:48:52,2001,TV Salle à manger,0.0,242.9,0.0,0.0
2026-01-13 07:48:52,2002,Ecran,0.0,242.4,0.0,0.0
2026-01-13 07:48:52,2003,Telephone / Tablette,0.0,242.0,0.0,0.0
2026-01-13 07:48:52,2004,Cafetiere,0.0,242.1,0.0,0.0
2026-01-13 07:48:52,2005,Lampe Salle à manger,0.051,241.8,11.7,0.195
2026-01-13 07:48:52,2006,PC Portable,0.0,242.8,0.0,0.0
2026-01-13 07:48:52,2007,Lampe Cuisine,0.0,241.9,0.0,0.0
2026-01-13 07:48:52,2008,Lampe Chambre,0.0,243.2,0.0,0.0
2026-01-13 07:49:53,2001,TV Salle à manger,0.023,243.2,0.0,0.0
2026-01-13 07:49:53,2002,Ecran,0.0,242.7,0.0,0.0
2026-01-13 07:49:53,2003,Telephone / Tablette,0.0,242.3,0.0,0.0
2026-01-13 07:49:53,2004,Cafetiere,0.0,242.4,0.0,0.0
2026-01-13 07:49:53,2005,Lampe Salle à manger,0.051,242.1,11.7,0.195
2026-01-13 07:49:53,2006,PC Portable,0.0,243.1,0.0,0.0
2026-01-13 07:49:53,2007,Lampe Cuisine,0.0,242.3,0.0,0.0
2026-01-13 07:49:53,2008,Lampe Chambre,0.0,243.5,0.0,0.0
2026-01-13 07:50:53,2001,TV Salle à manger,0.0,242.9,0.0,0.0
2026-01-13 07:50:53,2002,Ecran,0.0,242.4,0.0,0.0
2026-01-13 07:50:53,2003,Telephone / Tablette,0.0,242.1,0.0,0.0
2026-01-13 07:50:53,2004,Cafetiere,0.0,242.1,0.0,0.0
2026-01-13 07:50:53,2005,Lampe Salle à manger,0.051,241.9,11.5,0.192
2026-01-13 07:50:53,2006,PC Portable,0.0,242.8,0.0,0.0
2026-01-13 07:50:53,2007,Lampe Cuisine,0.0,241.9,0.0,0.0
2026-01-13 07:50:53,2008,Lampe Chambre,0.0,243.2,0.0,0.0
2026-01-13 07:51:53,2001,TV Salle à manger,0.0,243.2,0.0,0.0
2026-01-13 07:51:53,2002,Ecran,0.0,242.9,0.0,0.0
2026-01-13 07:51:53,2003,Telephone / Tablette,0.0,242.4,0.0,0.0
2026-01-13 07:51:53,2004,Cafetiere,0.0,242.5,0.0,0.0
2026-01-13 07:51:53,2005,Lampe Salle à manger,0.056,242.1,11.5,0.192
2026-01-13 07:51:53,2006,PC Portable,0.0,243.2,0.0,0.0
2026-01-13 07:51:53,2007,Lampe Cuisine,0.0,242.2,0.0,0.0
2026-01-13 07:51:53,2008,Lampe Chambre,0.0,243.6,0.0,0.0
2026-01-13 07:52:53,2001,TV Salle à manger,0.025,242.6,0.0,0.0
2026-01-13 07:52:53,2002,Ecran,0.0,242.1,0.0,0.0
2026-01-13 07:52:53,2003,Telephone / Tablette,0.0,241.8,0.0,0.0
2026-01-13 07:52:53,2004,Cafetiere,0.0,241.8,0.0,0.0
2026-01-13 07:52:53,2005,Lampe Salle à manger,0.051,241.5,11.5,0.192
2026-01-13 07:52:53,2006,PC Portable,0.0,242.5,0.0,0.0
2026-01-13 07:52:53,2007,Lampe Cuisine,0.0,241.6,0.0,0.0
2026-01-13 07:52:53,2008,Lampe Chambre,0.0,242.9,0.0,0.0
2026-01-13 07:53:54,2001,TV Salle à manger,0.0,241.9,0.0,0.0
2026-01-13 07:53:54,2002,Ecran,0.0,241.8,0.0,0.0
2026-01-13 07:53:54,2003,Telephone / Tablette,0.0,241.4,0.0,0.0
2026-01-13 07:53:54,2004,Cafetiere,0.0,241.4,0.0,0.0
2026-01-13 07:53:54,2005,Lampe Salle à manger,0.051,241.2,11.5,0.192
2026-01-13 07:53:54,2006,PC Portable,0.0,241.9,0.0,0.0
2026-01-13 07:53:54,2007,Lampe Cuisine,0.0,241.0,0.0,0.0
2026-01-13 07:53:54,2008,Lampe Chambre,0.0,242.2,0.0,0.0
2026-01-13 07:54:54,2001,TV Salle à manger,0.0,243.4,0.0,0.0
2026-01-13 07:54:54,2002,Ecran,0.0,242.9,0.0,0.0
2026-01-13 07:54:54,2003,Telephone / Tablette,0.0,242.6,0.0,0.0
2026-01-13 07:54:54,2004,Cafetiere,0.0,242.5,0.0,0.0
2026-01-13 07:54:54,2005,Lampe Salle à manger,0.05,242.3,11.4,0.19
2026-01-13 07:54:54,2006,PC Portable,0.0,243.3,0.0,0.0
2026-01-13 07:54:54,2007,Lampe Cuisine,0.0,242.4,0.0,0.0
2026-01-13 07:54:54,2008,Lampe Chambre,0.0,243.7,0.0,0.0
2026-01-13 07:55:54,2001,TV Salle à manger,0.0,242.2,0.0,0.0
2026-01-13 07:55:54,2002,Ecran,0.0,241.6,0.0,0.0
2026-01-13 07:55:54,2003,Telephone / Tablette,0.0,241.5,0.0,0.0
2026-01-13 07:55:54,2004,Cafetiere,0.0,241.3,0.0,0.0
2026-01-13 07:55:54,2005,Lampe Salle à manger,0.05,241.2,11.4,0.19
2026-01-13 07:55:54,2006,PC Portable,0.0,242.3,0.0,0.0
2026-01-13 07:55:54,2007,Lampe Cuisine,0.0,241.2,0.0,0.0
2026-01-13 07:55:54,2008,Lampe Chambre,0.0,242.7,0.0,0.0
2026-01-13 07:56:54,2001,TV Salle à manger,0.0,242.1,0.0,0.0
2026-01-13 07:56:54,2002,Ecran,0.0,241.7,0.0,0.0
2026-01-13 07:56:54,2003,Telephone / Tablette,0.0,241.3,0.0,0.0
2026-01-13 07:56:54,2004,Cafetiere,0.0,241.4,0.0,0.0
2026-01-13 07:56:54,2005,Lampe Salle à manger,0.051,241.1,11.4,0.19
2026-01-13 07:56:54,2006,PC Portable,0.0,242.0,0.0,0.0
2026-01-13 07:56:54,2007,Lampe Cuisine,0.0,241.2,0.0,0.0
2026-01-13 07:56:54,2008,Lampe Chambre,0.0,242.4,0.0,0.0
2026-01-13 07:57:55,2001,TV Salle à manger,0.0,242.6,0.0,0.0
2026-01-13 07:57:55,2002,Ecran,0.0,242.1,0.0,0.0
2026-01-13 07:57:55,2003,Telephone / Tablette,0.0,241.7,0.0,0.0
2026-01-13 07:57:55,2004,Cafetiere,0.0,241.7,0.0,0.0
2026-01-13 07:57:55,2005,Lampe Salle à manger,0.051,241.6,11.4,0.19
2026-01-13 07:57:55,2006,PC Portable,0.0,242.5,0.0,0.0
2026-01-13 07:57:55,2007,Lampe Cuisine,0.0,241.5,0.0,0.0
2026-01-13 07:57:55,2008,Lampe Chambre,0.0,242.9,0.0,0.0
2026-01-13 07:58:55,2001,TV Salle à manger,0.0,241.7,0.0,0.0
2026-01-13 07:58:55,2002,Ecran,0.0,241.4,0.0,0.0
2026-01-13 07:58:55,2003,Telephone / Tablette,0.0,240.9,0.0,0.0
2026-01-13 07:58:55,2004,Cafetiere,0.0,241.0,0.0,0.0
2026-01-13 07:58:55,2005,Lampe Salle à manger,0.051,240.7,11.4,0.19
2026-01-13 07:58:55,2006,PC Portable,0.0,241.6,0.0,0.0
2026-01-13 07:58:55,2007,Lampe Cuisine,0.0,240.8,0.0,0.0
2026-01-13 07:58:55,2008,Lampe Chambre,0.0,242.0,0.0,0.0
2026-01-13 07:59:55,2001,TV Salle à manger,0.0,242.5,0.0,0.0
2026-01-13 07:59:55,2002,Ecran,0.0,241.9,0.0,0.0
2026-01-13 07:59:55,2003,Telephone / Tablette,0.0,241.6,0.0,0.0
2026-01-13 07:59:55,2004,Cafetiere,0.0,241.8,0.0,0.0
2026-01-13 07:59:55,2005,Lampe Salle à manger,0.05,241.3,11.3,0.188
2026-01-13 07:59:55,2006,PC Portable,0.0,242.4,0.0,0.0
2026-01-13 07:59:55,2007,Lampe Cuisine,0.0,241.4,0.0,0.0
2026-01-13 07:59:55,2008,Lampe Chambre,0.0,242.6,0.0,0.0
2026-01-13 08:00:55,2001,TV Salle à manger,0.023,241.3,0.0,0.0
2026-01-13 08:00:55,2002,Ecran,0.0,240.8,0.0,0.0
2026-01-13 08:00:55,2003,Telephone / Tablette,0.0,240.4,0.0,0.0
2026-01-13 08:00:55,2004,Cafetiere,0.0,240.4,0.0,0.0
2026-01-13 08:00:55,2005,Lampe Salle à manger,0.051,240.2,11.4,0.19
2026-01-13 08:00:55,2006,PC Portable,0.0,241.2,0.0,0.0
2026-01-13 08:00:55,2007,Lampe Cuisine,0.0,240.3,0.0,0.0
2026-01-13 08:00:55,2008,Lampe Chambre,0.0,241.5,0.0,0.0
2026-01-13 08:01:56,2001,TV Salle à manger,0.0,242.6,0.0,0.0
2026-01-13 08:01:56,2002,Ecran,0.0,242.2,0.0,0.0
2026-01-13 08:01:56,2003,Telephone / Tablette,0.0,241.7,0.0,0.0
2026-01-13 08:01:56,2004,Cafetiere,0.0,241.8,0.0,0.0
2026-01-13 08:01:56,2005,Lampe Salle à manger,0.05,241.5,11.3,0.188
2026-01-13 08:01:56,2006,PC Portable,0.0,242.5,0.0,0.0
2026-01-13 08:01:56,2007,Lampe Cuisine,0.0,241.7,0.0,0.0
2026-01-13 08:01:56,2008,Lampe Chambre,0.0,242.8,0.0,0.0
2026-01-13 08:02:56,2001,TV Salle à manger,0.0,242.3,0.0,0.0
2026-01-13 08:02:56,2002,Ecran,0.0,241.9,0.0,0.0
2026-01-13 08:02:56,2003,Telephone / Tablette,0.0,241.5,0.0,0.0
2026-01-13 08:02:56,2004,Cafetiere,0.0,241.6,0.0,0.0
2026-01-13 08:02:56,2005,Lampe Salle à manger,0.05,241.4,11.4,0.19
2026-01-13 08:02:56,2006,PC Portable,0.0,242.2,0.0,0.0
2026-01-13 08:02:56,2007,Lampe Cuisine,0.0,241.4,0.0,0.0
2026-01-13 08:02:56,2008,Lampe Chambre,0.0,242.6,0.0,0.0
2026-01-13 08:03:56,2001,TV Salle à manger,0.018,241.1,0.0,0.0
2026-01-13 08:03:56,2002,Ecran,0.0,240.5,0.0,0.0
2026-01-13 08:03:56,2003,Telephone / Tablette,0.0,240.4,0.0,0.0
2026-01-13 08:03:56,2004,Cafetiere,0.0,240.3,0.0,0.0
2026-01-13 08:03:56,2005,Lampe Salle à manger,0.051,240.2,11.4,0.19
2026-01-13 08:03:56,2006,PC Portable,0.0,241.1,0.0,0.0
2026-01-13 08:03:56,2007,Lampe Cuisine,0.0,240.2,0.0,0.0
2026-01-13 08:03:56,2008,Lampe Chambre,0.0,241.5,0.0,0.0
2026-01-13 08:04:56,2001,TV Salle à manger,0.0,242.6,0.0,0.0
2026-01-13 08:04:56,2002,Ecran,0.0,242.1,0.0,0.0
2026-01-13 08:04:56,2003,Telephone / Tablette,0.0,241.8,0.0,0.0
2026-01-13 08:04:56,2004,Cafetiere,0.0,241.8,0.0,0.0
2026-01-13 08:04:56,2005,Lampe Salle à manger,0.05,241.5,11.4,0.19
2026-01-13 08:04:56,2006,PC Portable,0.0,242.4,0.0,0.0
2026-01-13 08:04:56,2007,Lampe Cuisine,0.0,241.6,0.0,0.0
2026-01-13 08:04:56,2008,Lampe Chambre,0.0,242.9,0.0,0.0
2026-01-13 08:05:56,2001,TV Salle à manger,0.015,242.7,0.0,0.0
2026-01-13 08:05:56,2002,Ecran,0.0,242.2,0.0,0.0
2026-01-13 08:05:56,2003,Telephone / Tablette,0.0,241.9,0.0,0.0
2026-01-13 08:05:56,2004,Cafetiere,0.0,242.0,0.0,0.0
2026-01-13 08:05:56,2005,Lampe Salle à manger,0.05,241.7,11.4,0.19
2026-01-13 08:05:56,2006,PC Portable,0.0,242.7,0.0,0.0
2026-01-13 08:05:56,2007,Lampe Cuisine,0.0,241.8,0.0,0.0
2026-01-13 08:05:56,2008,Lampe Chambre,0.0,243.0,0.0,0.0
2026-01-13 08:06:57,2001,TV Salle à manger,0.0,241.5,0.0,0.0
2026-01-13 08:06:57,2002,Ecran,0.0,241.1,0.0,0.0
2026-01-13 08:06:57,2003,Telephone / Tablette,0.0,240.6,0.0,0.0
2026-01-13 08:06:57,2004,Cafetiere,0.0,240.8,0.0,0.0
2026-01-13 08:06:57,2005,Lampe Salle à manger,0.05,240.5,11.4,0.19
2026-01-13 08:06:57,2006,PC Portable,0.0,241.5,0.0,0.0
2026-01-13 08:06:57,2007,Lampe Cuisine,0.0,240.6,0.0,0.0
2026-01-13 08:06:57,2008,Lampe Chambre,0.0,241.9,0.0,0.0
2026-01-13 08:07:57,2001,TV Salle à manger,0.0,242.5,0.0,0.0
2026-01-13 08:07:57,2002,Ecran,0.0,242.0,0.0,0.0
2026-01-13 08:07:57,2003,Telephone / Tablette,0.0,241.6,0.0,0.0
2026-01-13 08:07:57,2004,Cafetiere,0.0,241.7,0.0,0.0
2026-01-13 08:07:57,2005,Lampe Salle à manger,0.05,241.4,11.3,0.188
2026-01-13 08:07:57,2006,PC Portable,0.0,242.4,0.0,0.0
2026-01-13 08:07:57,2007,Lampe Cuisine,0.0,241.5,0.0,0.0
2026-01-13 08:07:57,2008,Lampe Chambre,0.0,242.7,0.0,0.0
2026-01-13 08:08:57,2001,TV Salle à manger,0.029,243.0,0.0,0.0
2026-01-13 08:08:57,2002,Ecran,0.0,242.5,0.0,0.0
2026-01-13 08:08:57,2003,Telephone / Tablette,0.0,242.3,0.0,0.0
2026-01-13 08:08:57,2004,Cafetiere,0.0,242.1,0.0,0.0
2026-01-13 08:08:57,2005,Lampe Salle à manger,0.05,242.0,11.3,0.188
2026-01-13 08:08:57,2006,PC Portable,0.0,242.9,0.0,0.0
2026-01-13 08:08:57,2007,Lampe Cuisine,0.0,242.1,0.0,0.0
2026-01-13 08:08:57,2008,Lampe Chambre,0.0,243.4,0.0,0.0
2026-01-13 08:09:57,2001,TV Salle à manger,0.0,241.3,0.0,0.0
2026-01-13 08:09:57,2002,Ecran,0.0,240.8,0.0,0.0
2026-01-13 08:09:57,2003,Telephone / Tablette,0.0,240.5,0.0,0.0
2026-01-13 08:09:57,2004,Cafetiere,0.0,240.5,0.0,0.0
2026-01-13 08:09:57,2005,Lampe Salle à manger,0.05,240.2,11.3,0.188
2026-01-13 08:09:57,2006,PC Portable,0.0,241.1,0.0,0.0
2026-01-13 08:09:57,2007,Lampe Cuisine,0.0,240.3,0.0,0.0
2026-01-13 08:09:57,2008,Lampe Chambre,0.0,241.5,0.0,0.0
2026-01-13 08:10:58,2001,TV Salle à manger,0.024,243.1,0.0,0.0
2026-01-13 08:10:58,2002,Ecran,0.0,242.5,0.0,0.0
2026-01-13 08:10:58,2003,Telephone / Tablette,0.0,242.3,0.0,0.0
2026-01-13 08:10:58,2004,Cafetiere,0.0,242.3,0.0,0.0
2026-01-13 08:10:58,2005,Lampe Salle à manger,0.05,242.0,11.3,0.188
2026-01-13 08:10:58,2006,PC Portable,0.0,243.0,0.0,0.0
2026-01-13 08:10:58,2007,Lampe Cuisine,0.0,242.1,0.0,0.0
2026-01-13 08:10:58,2008,Lampe Chambre,0.0,243.4,0.0,0.0
2026-01-13 08:11:58,2001,TV Salle à manger,0.0,242.3,0.0,0.0
2026-01-13 08:11:58,2002,Ecran,0.0,241.8,0.0,0.0
2026-01-13 08:11:58,2003,Telephone / Tablette,0.0,241.4,0.0,0.0
2026-01-13 08:11:58,2004,Cafetiere,0.0,241.6,0.0,0.0
2026-01-13 08:11:58,2005,Lampe Salle à manger,0.05,241.3,11.3,0.188
2026-01-13 08:11:58,2006,PC Portable,0.0,242.3,0.0,0.0
2026-01-13 08:11:58,2007,Lampe Cuisine,0.0,241.4,0.0,0.0
2026-01-13 08:11:58,2008,Lampe Chambre,0.0,242.7,0.0,0.0
2026-01-13 08:12:58,2001,TV Salle à manger,0.0,242.5,0.0,0.0
2026-01-13 08:12:58,2002,Ecran,0.0,242.1,0.0,0.0
2026-01-13 08:12:58,2003,Telephone / Tablette,0.0,241.7,0.0,0.0
2026-01-13 08:12:58,2004,Cafetiere,0.0,241.8,0.0,0.0
2026-01-13 08:12:58,2005,Lampe Salle à manger,0.05,241.5,11.3,0.188
2026-01-13 08:12:58,2006,PC Portable,0.0,242.5,0.0,0.0
2026-01-13 08:12:58,2007,Lampe Cuisine,0.0,241.5,0.0,0.0
2026-01-13 08:12:58,2008,Lampe Chambre,0.0,242.8,0.0,0.0
2026-01-13 08:13:58,2001,TV Salle à manger,0.0,241.8,0.0,0.0
2026-01-13 08:13:58,2002,Ecran,0.0,241.4,0.0,0.0
2026-01-13 08:13:58,2003,Telephone / Tablette,0.0,240.9,0.0,0.0
2026-01-13 08:13:58,2004,Cafetiere,0.0,241.2,0.0,0.0
2026-01-13 08:13:58,2005,Lampe Salle à manger,0.05,240.8,11.3,0.188
2026-01-13 08:13:58,2006,PC Portable,0.0,241.7,0.0,0.0
2026-01-13 08:13:58,2007,Lampe Cuisine,0.0,240.9,0.0,0.0
2026-01-13 08:13:58,2008,Lampe Chambre,0.0,242.1,0.0,0.0
2026-01-13 08:14:59,2001,TV Salle à manger,0.0,241.6,0.0,0.0
2026-01-13 08:14:59,2002,Ecran,0.0,241.1,0.0,0.0
2026-01-13 08:14:59,2003,Telephone / Tablette,0.0,240.8,0.0,0.0
2026-01-13 08:14:59,2004,Cafetiere,0.0,240.9,0.0,0.0
2026-01-13 08:14:59,2005,Lampe Salle à manger,0.05,240.6,11.3,0.188
2026-01-13 08:14:59,2006,PC Portable,0.0,241.5,0.0,0.0
2026-01-13 08:14:59,2007,Lampe Cuisine,0.0,240.7,0.0,0.0
2026-01-13 08:14:59,2008,Lampe Chambre,0.0,241.9,0.0,0.0
2026-01-13 08:15:59,2001,TV Salle à manger,0.0,241.5,0.0,0.0
2026-01-13 08:15:59,2002,Ecran,0.0,241.1,0.0,0.0
2026-01-13 08:15:59,2003,Telephone / Tablette,0.0,240.8,0.0,0.0
2026-01-13 08:15:59,2004,Cafetiere,0.0,240.8,0.0,0.0
2026-01-13 08:15:59,2005,Lampe Salle à manger,0.051,240.5,11.4,0.19
2026-01-13 08:15:59,2006,PC Portable,0.0,241.5,0.0,0.0
2026-01-13 08:15:59,2007,Lampe Cuisine,0.0,240.5,0.0,0.0
2026-01-13 08:15:59,2008,Lampe Chambre,0.0,241.8,0.0,0.0
2026-01-13 08:16:59,2001,TV Salle à manger,0.0,242.2,0.0,0.0
2026-01-13 08:16:59,2002,Ecran,0.0,241.7,0.0,0.0
2026-01-13 08:16:59,2003,Telephone / Tablette,0.0,241.4,0.0,0.0
2026-01-13 08:16:59,2004,Cafetiere,0.0,241.4,0.0,0.0
2026-01-13 08:16:59,2005,Lampe Salle à manger,0.05,241.1,11.3,0.188
2026-01-13 08:16:59,2006,PC Portable,0.0,242.2,0.0,0.0
2026-01-13 08:16:59,2007,Lampe Cuisine,0.0,241.2,0.0,0.0
2026-01-13 08:16:59,2008,Lampe Chambre,0.0,242.5,0.0,0.0
2026-01-13 08:17:59,2001,TV Salle à manger,0.0,242.9,0.0,0.0
2026-01-13 08:17:59,2002,Ecran,0.0,242.5,0.0,0.0
2026-01-13 08:17:59,2003,Telephone / Tablette,0.0,242.0,0.0,0.0
2026-01-13 08:17:59,2004,Cafetiere,0.0,242.2,0.0,0.0
2026-01-13 08:17:59,2005,Lampe Salle à manger,0.05,241.8,11.3,0.188
2026-01-13 08:17:59,2006,PC Portable,0.0,242.7,0.0,0.0
2026-01-13 08:17:59,2007,Lampe Cuisine,0.0,242.0,0.0,0.0
2026-01-13 08:17:59,2008,Lampe Chambre,0.0,243.2,0.0,0.0
2026-01-13 08:19:00,2001,TV Salle à manger,0.0,242.8,0.0,0.0
2026-01-13 08:19:00,2002,Ecran,0.0,242.3,0.0,0.0
2026-01-13 08:19:00,2003,Telephone / Tablette,0.0,241.9,0.0,0.0
2026-01-13 08:19:00,2004,Cafetiere,0.0,242.0,0.0,0.0
2026-01-13 08:19:00,2005,Lampe Salle à manger,0.0,241.7,0.0,0.0
2026-01-13 08:19:00,2006,PC Portable,0.0,242.7,0.0,0.0
2026-01-13 08:19:00,2007,Lampe Cuisine,0.0,241.8,0.0,0.0
2026-01-13 08:19:00,2008,Lampe Chambre,0.0,243.1,0.0,0.0
2026-01-13 08:20:00,2001,TV Salle à manger,0.0,242.6,0.0,0.0
2026-01-13 08:20:00,2002,Ecran,0.0,242.1,0.0,0.0
2026-01-13 08:20:00,2003,Telephone / Tablette,0.0,241.7,0.0,0.0
2026-01-13 08:20:00,2004,Cafetiere,0.0,241.8,0.0,0.0
2026-01-13 08:20:00,2005,Lampe Salle à manger,0.0,241.5,0.0,0.0
2026-01-13 08:20:00,2006,PC Portable,0.0,242.5,0.0,0.0
2026-01-13 08:20:00,2007,Lampe Cuisine,0.0,241.6,0.0,0.0
2026-01-13 08:20:00,2008,Lampe Chambre,0.0,242.8,0.0,0.0
2026-01-13 08:21:01,2001,TV Salle à manger,0.0,241.9,0.0,0.0
2026-01-13 08:21:01,2002,Ecran,0.0,241.5,0.0,0.0
2026-01-13 08:21:01,2003,Telephone / Tablette,0.0,241.1,0.0,0.0
2026-01-13 08:21:01,2004,Cafetiere,0.0,241.1,0.0,0.0
2026-01-13 08:21:01,2005,Lampe Salle à manger,0.0,240.9,0.0,0.0
2026-01-13 08:21:01,2006,PC Portable,0.0,241.8,0.0,0.0
2026-01-13 08:21:01,2007,Lampe Cuisine,0.0,240.9,0.0,0.0
2026-01-13 08:21:01,2008,Lampe Chambre,0.0,242.2,0.0,0.0
2026-01-13 08:22:01,2001,TV Salle à manger,0.0,242.6,0.0,0.0
2026-01-13 08:22:01,2002,Ecran,0.0,242.2,0.0,0.0
2026-01-13 08:22:01,2003,Telephone / Tablette,0.0,241.8,0.0,0.0
2026-01-13 08:22:01,2004,Cafetiere,0.0,241.8,0.0,0.0
2026-01-13 08:22:01,2005,Lampe Salle à manger,0.0,241.6,0.0,0.0
2026-01-13 08:22:01,2006,PC Portable,0.0,242.5,0.0,0.0
2026-01-13 08:22:01,2007,Lampe Cuisine,0.0,241.7,0.0,0.0
2026-01-13 08:22:01,2008,Lampe Chambre,0.0,242.9,0.0,0.0
2026-01-13 08:23:01,2001,TV Salle à manger,0.025,243.7,0.0,0.0
2026-01-13 08:23:01,2002,Ecran,0.0,243.2,0.0,0.0
2026-01-13 08:23:01,2003,Telephone / Tablette,0.0,242.8,0.0,0.0
2026-01-13 08:23:01,2004,Cafetiere,0.0,242.8,0.0,0.0
2026-01-13 08:23:01,2005,Lampe Salle à manger,0.0,242.6,0.0,0.0
2026-01-13 08:23:01,2006,PC Portable,0.0,243.5,0.0,0.0
2026-01-13 08:23:01,2007,Lampe Cuisine,0.0,242.7,0.0,0.0
2026-01-13 08:23:01,2008,Lampe Chambre,0.0,244.0,0.0,0.0
2026-01-13 08:24:01,2001,TV Salle à manger,0.0,244.1,0.0,0.0
2026-01-13 08:24:01,2002,Ecran,0.0,243.6,0.0,0.0
2026-01-13 08:24:01,2003,Telephone / Tablette,0.0,243.2,0.0,0.0
2026-01-13 08:24:01,2004,Cafetiere,0.0,243.2,0.0,0.0
2026-01-13 08:24:01,2005,Lampe Salle à manger,0.0,243.0,0.0,0.0
2026-01-13 08:24:01,2006,PC Portable,0.0,243.9,0.0,0.0
2026-01-13 08:24:01,2007,Lampe Cuisine,0.0,243.1,0.0,0.0
2026-01-13 08:24:01,2008,Lampe Chambre,0.0,244.3,0.0,0.0
2026-01-13 08:25:01,2001,TV Salle à manger,0.0,243.4,0.0,0.0
2026-01-13 08:25:01,2002,Ecran,0.0,243.0,0.0,0.0
2026-01-13 08:25:01,2003,Telephone / Tablette,0.0,242.6,0.0,0.0
2026-01-13 08:25:01,2004,Cafetiere,0.0,242.6,0.0,0.0
2026-01-13 08:25:01,2005,Lampe Salle à manger,0.0,242.4,0.0,0.0
2026-01-13 08:25:01,2006,PC Portable,0.0,243.4,0.0,0.0
2026-01-13 08:25:01,2007,Lampe Cuisine,0.0,242.4,0.0,0.0
2026-01-13 08:25:01,2008,Lampe Chambre,0.0,243.9,0.0,0.0
2026-01-13 08:26:02,2001,TV Salle à manger,0.02,244.3,0.0,0.0
2026-01-13 08:26:02,2002,Ecran,0.0,243.9,0.0,0.0
2026-01-13 08:26:02,2003,Telephone / Tablette,0.0,243.4,0.0,0.0
2026-01-13 08:26:02,2004,Cafetiere,0.0,243.5,0.0,0.0
2026-01-13 08:26:02,2005,Lampe Salle à manger,0.0,243.3,0.0,0.0
2026-01-13 08:26:02,2006,PC Portable,0.0,244.2,0.0,0.0
2026-01-13 08:26:02,2007,Lampe Cuisine,0.0,243.4,0.0,0.0
2026-01-13 08:26:02,2008,Lampe Chambre,0.0,244.5,0.0,0.0
2026-01-13 08:27:02,2001,TV Salle à manger,0.0,243.7,0.0,0.0
2026-01-13 08:27:02,2002,Ecran,0.0,243.2,0.0,0.0
2026-01-13 08:27:02,2003,Telephone / Tablette,0.0,242.8,0.0,0.0
2026-01-13 08:27:02,2004,Cafetiere,0.0,242.9,0.0,0.0
2026-01-13 08:27:02,2005,Lampe Salle à manger,0.0,242.6,0.0,0.0
2026-01-13 08:27:02,2006,PC Portable,0.0,243.8,0.0,0.0
2026-01-13 08:27:02,2007,Lampe Cuisine,0.0,242.7,0.0,0.0
2026-01-13 08:27:02,2008,Lampe Chambre,0.0,244.1,0.0,0.0
2026-01-13 08:28:02,2001,TV Salle à manger,0.0,243.7,0.0,0.0
2026-01-13 08:28:02,2002,Ecran,0.0,242.7,0.0,0.0
2026-01-13 08:28:02,2003,Telephone / Tablette,0.0,242.4,0.0,0.0
2026-01-13 08:28:02,2004,Cafetiere,0.0,242.4,0.0,0.0
2026-01-13 08:28:02,2005,Lampe Salle à manger,0.0,242.3,0.0,0.0
2026-01-13 08:28:02,2006,PC Portable,0.0,243.3,0.0,0.0
2026-01-13 08:28:02,2007,Lampe Cuisine,0.0,242.4,0.0,0.0
2026-01-13 08:28:02,2008,Lampe Chambre,0.0,243.8,0.0,0.0
2026-01-13 08:29:02,2001,TV Salle à manger,0.0,243.7,0.0,0.0
2026-01-13 08:29:02,2002,Ecran,0.0,243.1,0.0,0.0
2026-01-13 08:29:02,2003,Telephone / Tablette,0.0,242.8,0.0,0.0
2026-01-13 08:29:02,2004,Cafetiere,0.0,242.8,0.0,0.0
2026-01-13 08:29:02,2005,Lampe Salle à manger,0.0,242.5,0.0,0.0
2026-01-13 08:29:02,2006,PC Portable,0.0,243.5,0.0,0.0
2026-01-13 08:29:02,2007,Lampe Cuisine,0.0,242.7,0.0,0.0
2026-01-13 08:29:02,2008,Lampe Chambre,0.0,243.9,0.0,0.0
2026-01-13 08:30:03,2001,TV Salle à manger,0.0,241.9,0.0,0.0
2026-01-13 08:30:03,2002,Ecran,0.0,241.4,0.0,0.0
2026-01-13 08:30:03,2003,Telephone / Tablette,0.0,241.1,0.0,0.0
2026-01-13 08:30:03,2004,Cafetiere,0.0,241.1,0.0,0.0
2026-01-13 08:30:03,2005,Lampe Salle à manger,0.0,240.8,0.0,0.0
2026-01-13 08:30:03,2006,PC Portable,0.0,241.8,0.0,0.0
2026-01-13 08:30:03,2007,Lampe Cuisine,0.0,241.1,0.0,0.0
2026-01-13 08:30:03,2008,Lampe Chambre,0.0,242.1,0.0,0.0
2026-01-13 08:31:03,2001,TV Salle à manger,0.0,242.2,0.0,0.0
2026-01-13 08:31:03,2002,Ecran,0.0,241.7,0.0,0.0
2026-01-13 08:31:03,2003,Telephone / Tablette,0.0,241.5,0.0,0.0
2026-01-13 08:31:03,2004,Cafetiere,0.0,241.4,0.0,0.0
2026-01-13 08:31:03,2005,Lampe Salle à manger,0.0,241.2,0.0,0.0
2026-01-13 08:31:03,2006,PC Portable,0.0,242.1,0.0,0.0
2026-01-13 08:31:03,2007,Lampe Cuisine,0.0,241.2,0.0,0.0
2026-01-13 08:31:03,2008,Lampe Chambre,0.0,242.7,0.0,0.0
2026-01-13 08:32:03,2001,TV Salle à manger,0.0,242.8,0.0,0.0
2026-01-13 08:32:03,2002,Ecran,0.0,242.3,0.0,0.0
2026-01-13 08:32:03,2003,Telephone / Tablette,0.0,241.9,0.0,0.0
2026-01-13 08:32:03,2004,Cafetiere,0.0,242.0,0.0,0.0
2026-01-13 08:32:03,2005,Lampe Salle à manger,0.0,241.7,0.0,0.0
2026-01-13 08:32:03,2006,PC Portable,0.0,242.6,0.0,0.0
2026-01-13 08:32:03,2007,Lampe Cuisine,0.0,241.9,0.0,0.0
2026-01-13 08:32:03,2008,Lampe Chambre,0.0,243.0,0.0,0.0
2026-01-13 08:33:04,2001,TV Salle à manger,0.0,243.3,0.0,0.0
2026-01-13 08:33:04,2002,Ecran,0.0,242.9,0.0,0.0
2026-01-13 08:33:04,2003,Telephone / Tablette,0.0,242.5,0.0,0.0
2026-01-13 08:33:04,2004,Cafetiere,0.0,242.5,0.0,0.0
2026-01-13 08:33:04,2005,Lampe Salle à manger,0.0,242.4,0.0,0.0
2026-01-13 08:33:04,2006,PC Portable,0.0,243.3,0.0,0.0
2026-01-13 08:33:04,2007,Lampe Cuisine,0.0,242.5,0.0,0.0
2026-01-13 08:33:04,2008,Lampe Chambre,0.0,243.7,0.0,0.0
2026-01-13 08:34:04,2001,TV Salle à manger,0.0,242.9,0.0,0.0
2026-01-13 08:34:04,2002,Ecran,0.0,242.6,0.0,0.0
2026-01-13 08:34:04,2003,Telephone / Tablette,0.0,242.0,0.0,0.0
2026-01-13 08:34:04,2004,Cafetiere,0.0,242.1,0.0,0.0
2026-01-13 08:34:04,2005,Lampe Salle à manger,0.0,242.1,0.0,0.0
2026-01-13 08:34:04,2006,PC Portable,0.0,243.1,0.0,0.0
2026-01-13 08:34:04,2007,Lampe Cuisine,0.0,242.3,0.0,0.0
2026-01-13 08:34:04,2008,Lampe Chambre,0.0,243.5,0.0,0.0
2026-01-13 08:35:04,2001,TV Salle à manger,0.022,243.0,0.0,0.0
2026-01-13 08:35:04,2002,Ecran,0.0,242.7,0.0,0.0
2026-01-13 08:35:04,2003,Telephone / Tablette,0.0,242.1,0.0,0.0
2026-01-13 08:35:04,2004,Cafetiere,0.0,242.2,0.0,0.0
2026-01-13 08:35:04,2005,Lampe Salle à manger,0.0,241.9,0.0,0.0
2026-01-13 08:35:04,2006,PC Portable,0.0,242.8,0.0,0.0
2026-01-13 08:35:04,2007,Lampe Cuisine,0.0,241.9,0.0,0.0
2026-01-13 08:35:04,2008,Lampe Chambre,0.0,243.3,0.0,0.0
2026-01-13 08:36:04,2001,TV Salle à manger,0.0,243.1,0.0,0.0
2026-01-13 08:36:04,2002,Ecran,0.0,242.6,0.0,0.0
2026-01-13 08:36:04,2003,Telephone / Tablette,0.0,242.3,0.0,0.0
2026-01-13 08:36:04,2004,Cafetiere,0.0,242.3,0.0,0.0
2026-01-13 08:36:04,2005,Lampe Salle à manger,0.0,242.0,0.0,0.0
2026-01-13 08:36:04,2006,PC Portable,0.0,243.0,0.0,0.0
2026-01-13 08:36:04,2007,Lampe Cuisine,0.0,242.2,0.0,0.0
2026-01-13 08:36:04,2008,Lampe Chambre,0.0,243.3,0.0,0.0
2026-01-13 08:37:05,2001,TV Salle à manger,0.02,243.2,0.0,0.0
2026-01-13 08:37:05,2002,Ecran,0.0,242.7,0.0,0.0
2026-01-13 08:37:05,2003,Telephone / Tablette,0.0,242.3,0.0,0.0
2026-01-13 08:37:05,2004,Cafetiere,0.0,242.4,0.0,0.0
2026-01-13 08:37:05,2005,Lampe Salle à manger,0.0,242.0,0.0,0.0
2026-01-13 08:37:05,2006,PC Portable,0.0,243.1,0.0,0.0
2026-01-13 08:37:05,2007,Lampe Cuisine,0.0,242.2,0.0,0.0
2026-01-13 08:37:05,2008,Lampe Chambre,0.0,243.3,0.0,0.0
2026-01-13 08:38:05,2001,TV Salle à manger,0.0,242.6,0.0,0.0
2026-01-13 08:38:05,2002,Ecran,0.0,242.2,0.0,0.0
2026-01-13 08:38:05,2003,Telephone / Tablette,0.0,241.8,0.0,0.0
2026-01-13 08:38:05,2004,Cafetiere,0.0,241.9,0.0,0.0
2026-01-13 08:38:05,2005,Lampe Salle à manger,0.0,241.6,0.0,0.0
2026-01-13 08:38:05,2006,PC Portable,0.0,242.6,0.0,0.0
2026-01-13 08:38:05,2007,Lampe Cuisine,0.0,241.7,0.0,0.0
2026-01-13 08:38:05,2008,Lampe Chambre,0.0,243.0,0.0,0.0
2026-01-13 08:39:05,2001,TV Salle à manger,0.0,242.6,0.0,0.0
2026-01-13 08:39:05,2002,Ecran,0.0,242.1,0.0,0.0
2026-01-13 08:39:05,2003,Telephone / Tablette,0.0,241.5,0.0,0.0
2026-01-13 08:39:05,2004,Cafetiere,0.0,241.7,0.0,0.0
2026-01-13 08:39:05,2005,Lampe Salle à manger,0.0,241.4,0.0,0.0
2026-01-13 08:39:05,2006,PC Portable,0.0,242.2,0.0,0.0
2026-01-13 08:39:05,2007,Lampe Cuisine,0.0,241.4,0.0,0.0
2026-01-13 08:39:05,2008,Lampe Chambre,0.0,242.7,0.0,0.0
2026-01-13 08:40:05,2001,TV Salle à manger,0.0,243.4,0.0,0.0
2026-01-13 08:40:05,2002,Ecran,0.0,243.0,0.0,0.0
2026-01-13 08:40:05,2003,Telephone / Tablette,0.0,242.5,0.0,0.0
2026-01-13 08:40:05,2004,Cafetiere,0.0,242.6,0.0,0.0
2026-01-13 08:40:05,2005,Lampe Salle à manger,0.0,242.3,0.0,0.0
2026-01-13 08:40:05,2006,PC Portable,0.0,243.3,0.0,0.0
2026-01-13 08:40:05,2007,Lampe Cuisine,0.0,242.5,0.0,0.0
2026-01-13 08:40:05,2008,Lampe Chambre,0.0,243.7,0.0,0.0
2026-01-13 08:41:06,2001,TV Salle à manger,0.021,243.1,0.0,0.0
2026-01-13 08:41:06,2002,Ecran,0.0,242.3,0.0,0.0
2026-01-13 08:41:06,2003,Telephone / Tablette,0.0,242.1,0.0,0.0
2026-01-13 08:41:06,2004,Cafetiere,0.0,241.9,0.0,0.0
2026-01-13 08:41:06,2005,Lampe Salle à manger,0.0,242.2,0.0,0.0
2026-01-13 08:41:06,2006,PC Portable,0.0,242.9,0.0,0.0
2026-01-13 08:41:06,2007,Lampe Cuisine,0.0,242.1,0.0,0.0
2026-01-13 08:41:06,2008,Lampe Chambre,0.0,243.1,0.0,0.0
2026-01-13 08:42:06,2001,TV Salle à manger,0.0,243.0,0.0,0.0
2026-01-13 08:42:06,2002,Ecran,0.0,242.5,0.0,0.0
2026-01-13 08:42:06,2003,Telephone / Tablette,0.0,242.2,0.0,0.0
2026-01-13 08:42:06,2004,Cafetiere,0.0,242.3,0.0,0.0
2026-01-13 08:42:06,2005,Lampe Salle à manger,0.0,242.0,0.0,0.0
2026-01-13 08:42:06,2006,PC Portable,0.0,242.9,0.0,0.0
2026-01-13 08:42:06,2007,Lampe Cuisine,0.0,242.0,0.0,0.0
2026-01-13 08:42:06,2008,Lampe Chambre,0.0,243.2,0.0,0.0
2026-01-13 08:43:06,2001,TV Salle à manger,0.0,242.3,0.0,0.0
2026-01-13 08:43:06,2002,Ecran,0.0,241.8,0.0,0.0
2026-01-13 08:43:06,2003,Telephone / Tablette,0.0,241.4,0.0,0.0
2026-01-13 08:43:06,2004,Cafetiere,0.0,241.5,0.0,0.0
2026-01-13 08:43:06,2005,Lampe Salle à manger,0.0,241.2,0.0,0.0
2026-01-13 08:43:06,2006,PC Portable,0.0,242.2,0.0,0.0
2026-01-13 08:43:06,2007,Lampe Cuisine,0.0,241.3,0.0,0.0
2026-01-13 08:43:06,2008,Lampe Chambre,0.0,242.6,0.0,0.0
2026-01-13 08:44:06,2001,TV Salle à manger,0.0,243.1,0.0,0.0
2026-01-13 08:44:06,2002,Ecran,0.0,242.6,0.0,0.0
2026-01-13 08:44:06,2003,Telephone / Tablette,0.0,242.5,0.0,0.0
2026-01-13 08:44:06,2004,Cafetiere,0.0,242.3,0.0,0.0
2026-01-13 08:44:06,2005,Lampe Salle à manger,0.0,242.0,0.0,0.0
2026-01-13 08:44:06,2006,PC Portable,0.0,243.0,0.0,0.0
2026-01-13 08:44:06,2007,Lampe Cuisine,0.0,242.3,0.0,0.0
2026-01-13 08:44:06,2008,Lampe Chambre,0.0,243.5,0.0,0.0
2026-01-13 08:45:07,2001,TV Salle à manger,0.021,241.8,0.0,0.0
2026-01-13 08:45:07,2002,Ecran,0.0,241.4,0.0,0.0
2026-01-13 08:45:07,2003,Telephone / Tablette,0.0,241.1,0.0,0.0
2026-01-13 08:45:07,2004,Cafetiere,0.0,241.0,0.0,0.0
2026-01-13 08:45:07,2005,Lampe Salle à manger,0.0,240.9,0.0,0.0
2026-01-13 08:45:07,2006,PC Portable,0.0,241.8,0.0,0.0
2026-01-13 08:45:07,2007,Lampe Cuisine,0.0,241.0,0.0,0.0
2026-01-13 08:45:07,2008,Lampe Chambre,0.0,242.1,0.0,0.0
2026-01-13 08:46:07,2001,TV Salle à manger,0.0,242.7,0.0,0.0
2026-01-13 08:46:07,2002,Ecran,0.0,242.4,0.0,0.0
2026-01-13 08:46:07,2003,Telephone / Tablette,0.0,241.9,0.0,0.0
2026-01-13 08:46:07,2004,Cafetiere,0.0,242.0,0.0,0.0
2026-01-13 08:46:07,2005,Lampe Salle à manger,0.0,241.8,0.0,0.0
2026-01-13 08:46:07,2006,PC Portable,0.0,242.7,0.0,0.0
2026-01-13 08:46:07,2007,Lampe Cuisine,0.0,241.8,0.0,0.0
2026-01-13 08:46:07,2008,Lampe Chambre,0.0,243.1,0.0,0.0
2026-01-13 08:47:07,2001,TV Salle à manger,0.023,242.7,0.0,0.0
2026-01-13 08:47:07,2002,Ecran,0.0,242.1,0.0,0.0
2026-01-13 08:47:07,2003,Telephone / Tablette,0.0,241.9,0.0,0.0
2026-01-13 08:47:07,2004,Cafetiere,0.0,241.7,0.0,0.0
2026-01-13 08:47:07,2005,Lampe Salle à manger,0.0,241.7,0.0,0.0
2026-01-13 08:47:07,2006,PC Portable,0.0,242.7,0.0,0.0
2026-01-13 08:47:07,2007,Lampe Cuisine,0.0,241.7,0.0,0.0
2026-01-13 08:47:07,2008,Lampe Chambre,0.0,243.2,0.0,0.0
2026-01-13 08:48:07,2001,TV Salle à manger,0.0,241.4,0.0,0.0
2026-01-13 08:48:07,2002,Ecran,0.0,241.0,0.0,0.0
2026-01-13 08:48:07,2003,Telephone / Tablette,0.0,240.6,0.0,0.0
2026-01-13 08:48:07,2004,Cafetiere,0.0,240.6,0.0,0.0
2026-01-13 08:48:07,2005,Lampe Salle à manger,0.0,240.3,0.0,0.0
2026-01-13 08:48:07,2006,PC Portable,0.0,241.4,0.0,0.0
2026-01-13 08:48:07,2007,Lampe Cuisine,0.0,240.5,0.0,0.0
2026-01-13 08:48:07,2008,Lampe Chambre,0.0,241.8,0.0,0.0
2026-01-13 08:49:08,2001,TV Salle à manger,0.0,242.3,0.0,0.0
2026-01-13 08:49:08,2002,Ecran,0.0,241.8,0.0,0.0
2026-01-13 08:49:08,2003,Telephone / Tablette,0.0,241.4,0.0,0.0
2026-01-13 08:49:08,2004,Cafetiere,0.0,241.5,0.0,0.0
2026-01-13 08:49:08,2005,Lampe Salle à manger,0.0,241.2,0.0,0.0
2026-01-13 08:49:08,2006,PC Portable,0.0,242.2,0.0,0.0
2026-01-13 08:49:08,2007,Lampe Cuisine,0.0,241.3,0.0,0.0
2026-01-13 08:49:08,2008,Lampe Chambre,0.0,242.6,0.0,0.0
2026-01-13 08:50:08,2001,TV Salle à manger,0.0,242.5,0.0,0.0
2026-01-13 08:50:08,2002,Ecran,0.0,242.0,0.0,0.0
2026-01-13 08:50:08,2003,Telephone / Tablette,0.0,241.6,0.0,0.0
2026-01-13 08:50:08,2004,Cafetiere,0.0,241.7,0.0,0.0
2026-01-13 08:50:08,2005,Lampe Salle à manger,0.0,241.4,0.0,0.0
2026-01-13 08:50:08,2006,PC Portable,0.0,242.4,0.0,0.0
2026-01-13 08:50:08,2007,Lampe Cuisine,0.0,241.5,0.0,0.0
2026-01-13 08:50:08,2008,Lampe Chambre,0.0,242.7,0.0,0.0
2026-01-13 08:51:08,2001,TV Salle à manger,0.022,242.4,0.0,0.0
2026-01-13 08:51:08,2002,Ecran,0.0,241.9,0.0,0.0
2026-01-13 08:51:08,2003,Telephone / Tablette,0.0,241.6,0.0,0.0
2026-01-13 08:51:08,2004,Cafetiere,0.0,241.5,0.0,0.0
2026-01-13 08:51:08,2005,Lampe Salle à manger,0.0,241.3,0.0,0.0
2026-01-13 08:51:08,2006,PC Portable,0.0,242.3,0.0,0.0
2026-01-13 08:51:08,2007,Lampe Cuisine,0.0,241.5,0.0,0.0
2026-01-13 08:51:08,2008,Lampe Chambre,0.0,242.7,0.0,0.0
2026-01-13 08:52:08,2001,TV Salle à manger,0.0,243.1,0.0,0.0
2026-01-13 08:52:08,2002,Ecran,0.0,242.7,0.0,0.0
2026-01-13 08:52:08,2003,Telephone / Tablette,0.0,242.3,0.0,0.0
2026-01-13 08:52:08,2004,Cafetiere,0.0,242.2,0.0,0.0
2026-01-13 08:52:08,2005,Lampe Salle à manger,0.0,242.1,0.0,0.0
2026-01-13 08:52:08,2006,PC Portable,0.0,243.0,0.0,0.0
2026-01-13 08:52:08,2007,Lampe Cuisine,0.0,242.2,0.0,0.0
2026-01-13 08:52:08,2008,Lampe Chambre,0.0,243.3,0.0,0.0
2026-01-13 08:53:09,2001,TV Salle à manger,0.0,242.3,0.0,0.0
2026-01-13 08:53:09,2002,Ecran,0.0,242.0,0.0,0.0
2026-01-13 08:53:09,2003,Telephone / Tablette,0.0,241.5,0.0,0.0
2026-01-13 08:53:09,2004,Cafetiere,0.0,241.6,0.0,0.0
2026-01-13 08:53:09,2005,Lampe Salle à manger,0.0,241.2,0.0,0.0
2026-01-13 08:53:09,2006,PC Portable,0.0,242.4,0.0,0.0
2026-01-13 08:53:09,2007,Lampe Cuisine,0.0,241.6,0.0,0.0
2026-01-13 08:53:09,2008,Lampe Chambre,0.0,242.5,0.0,0.0
2026-01-13 08:54:09,2001,TV Salle à manger,0.018,242.6,0.0,0.0
2026-01-13 08:54:09,2002,Ecran,0.0,242.1,0.0,0.0
2026-01-13 08:54:09,2003,Telephone / Tablette,0.0,241.8,0.0,0.0
2026-01-13 08:54:09,2004,Cafetiere,0.0,241.8,0.0,0.0
2026-01-13 08:54:09,2005,Lampe Salle à manger,0.0,241.5,0.0,0.0
2026-01-13 08:54:09,2006,PC Portable,0.0,242.6,0.0,0.0
2026-01-13 08:54:09,2007,Lampe Cuisine,0.0,241.7,0.0,0.0
2026-01-13 08:54:09,2008,Lampe Chambre,0.0,243.0,0.0,0.0
2026-01-13 08:55:09,2001,TV Salle à manger,0.0,242.6,0.0,0.0
2026-01-13 08:55:09,2002,Ecran,0.0,242.4,0.0,0.0
2026-01-13 08:55:09,2003,Telephone / Tablette,0.0,241.8,0.0,0.0
2026-01-13 08:55:09,2004,Cafetiere,0.0,241.9,0.0,0.0
2026-01-13 08:55:09,2005,Lampe Salle à manger,0.0,241.6,0.0,0.0
2026-01-13 08:55:09,2006,PC Portable,0.0,242.5,0.0,0.0
2026-01-13 08:55:09,2007,Lampe Cuisine,0.0,241.8,0.0,0.0
2026-01-13 08:55:09,2008,Lampe Chambre,0.0,242.9,0.0,0.0
2026-01-13 08:56:09,2001,TV Salle à manger,0.024,243.1,0.0,0.0
2026-01-13 08:56:09,2002,Ecran,0.0,242.8,0.0,0.0
2026-01-13 08:56:09,2003,Telephone / Tablette,0.0,242.5,0.0,0.0
2026-01-13 08:56:09,2004,Cafetiere,0.0,242.6,0.0,0.0
2026-01-13 08:56:09,2005,Lampe Salle à manger,0.0,242.2,0.0,0.0
2026-01-13 08:56:09,2006,PC Portable,0.0,243.2,0.0,0.0
2026-01-13 08:56:09,2007,Lampe Cuisine,0.0,242.5,0.0,0.0
2026-01-13 08:56:09,2008,Lampe Chambre,0.0,243.6,0.0,0.0
2026-01-13 08:57:11,2001,TV Salle à manger,0.0,242.2,0.0,0.0
2026-01-13 08:57:11,2002,Ecran,0.0,241.9,0.0,0.0
2026-01-13 08:57:11,2003,Telephone / Tablette,0.0,241.4,0.0,0.0
2026-01-13 08:57:11,2004,Cafetiere,0.0,241.6,0.0,0.0
2026-01-13 08:57:11,2005,Lampe Salle à manger,0.0,241.2,0.0,0.0
2026-01-13 08:57:11,2006,PC Portable,0.0,242.2,0.0,0.0
2026-01-13 08:57:11,2007,Lampe Cuisine,0.0,241.3,0.0,0.0
2026-01-13 08:57:11,2008,Lampe Chambre,0.0,242.6,0.0,0.0
2026-01-13 08:58:11,2001,TV Salle à manger,0.0,243.8,0.0,0.0
2026-01-13 08:58:11,2002,Ecran,0.0,243.5,0.0,0.0
2026-01-13 08:58:11,2003,Telephone / Tablette,0.0,243.0,0.0,0.0
2026-01-13 08:58:11,2004,Cafetiere,0.0,243.1,0.0,0.0
2026-01-13 08:58:11,2005,Lampe Salle à manger,0.0,242.8,0.0,0.0
2026-01-13 08:58:11,2006,PC Portable,0.0,243.8,0.0,0.0
2026-01-13 08:58:11,2007,Lampe Cuisine,0.0,243.0,0.0,0.0
2026-01-13 08:58:11,2008,Lampe Chambre,0.0,244.3,0.0,0.0
2026-01-13 08:59:11,2001,TV Salle à manger,0.024,243.4,0.0,0.0
2026-01-13 08:59:11,2002,Ecran,0.0,242.8,0.0,0.0
2026-01-13 08:59:11,2003,Telephone / Tablette,0.0,242.6,0.0,0.0
2026-01-13 08:59:11,2004,Cafetiere,0.0,242.7,0.0,0.0
2026-01-13 08:59:11,2005,Lampe Salle à manger,0.0,242.4,0.0,0.0
2026-01-13 08:59:11,2006,PC Portable,0.0,243.4,0.0,0.0
2026-01-13 08:59:11,2007,Lampe Cuisine,0.0,242.5,0.0,0.0
2026-01-13 08:59:11,2008,Lampe Chambre,0.0,243.7,0.0,0.0
2026-01-13 09:00:11,2001,TV Salle à manger,0.0,243.5,0.0,0.0
2026-01-13 09:00:11,2002,Ecran,0.0,243.0,0.0,0.0
2026-01-13 09:00:11,2003,Telephone / Tablette,0.0,242.6,0.0,0.0
2026-01-13 09:00:11,2004,Cafetiere,0.0,242.6,0.0,0.0
2026-01-13 09:00:11,2005,Lampe Salle à manger,0.0,242.4,0.0,0.0
2026-01-13 09:00:11,2006,PC Portable,0.0,243.3,0.0,0.0
2026-01-13 09:00:11,2007,Lampe Cuisine,0.0,242.5,0.0,0.0
2026-01-13 09:00:11,2008,Lampe Chambre,0.0,243.7,0.0,0.0
2026-01-13 09:01:12,2001,TV Salle à manger,0.0,242.9,0.0,0.0
2026-01-13 09:01:12,2002,Ecran,0.0,242.5,0.0,0.0
2026-01-13 09:01:12,2003,Telephone / Tablette,0.0,242.1,0.0,0.0
2026-01-13 09:01:12,2004,Cafetiere,0.0,242.1,0.0,0.0
2026-01-13 09:01:12,2005,Lampe Salle à manger,0.0,241.5,0.0,0.0
2026-01-13 09:01:12,2006,PC Portable,0.0,242.9,0.0,0.0
2026-01-13 09:01:12,2007,Lampe Cuisine,0.0,241.6,0.0,0.0
2026-01-13 09:01:12,2008,Lampe Chambre,0.0,243.3,0.0,0.0
2026-01-13 09:02:12,2001,TV Salle à manger,0.0,243.5,0.0,0.0
2026-01-13 09:02:12,2002,Ecran,0.0,243.0,0.0,0.0
2026-01-13 09:02:12,2003,Telephone / Tablette,0.0,242.5,0.0,0.0
2026-01-13 09:02:12,2004,Cafetiere,0.0,242.7,0.0,0.0
2026-01-13 09:02:12,2005,Lampe Salle à manger,0.0,242.4,0.0,0.0
2026-01-13 09:02:12,2006,PC Portable,0.0,243.3,0.0,0.0
2026-01-13 09:02:12,2007,Lampe Cuisine,0.0,242.4,0.0,0.0
2026-01-13 09:02:12,2008,Lampe Chambre,0.0,243.7,0.0,0.0
2026-01-13 09:03:12,2001,TV Salle à manger,0.0,242.5,0.0,0.0
2026-01-13 09:03:12,2002,Ecran,0.0,242.1,0.0,0.0
2026-01-13 09:03:12,2003,Telephone / Tablette,0.0,241.7,0.0,0.0
2026-01-13 09:03:12,2004,Cafetiere,0.0,241.7,0.0,0.0
2026-01-13 09:03:12,2005,Lampe Salle à manger,0.0,241.4,0.0,0.0
2026-01-13 09:03:12,2006,PC Portable,0.0,242.4,0.0,0.0
2026-01-13 09:03:12,2007,Lampe Cuisine,0.0,241.5,0.0,0.0
2026-01-13 09:03:12,2008,Lampe Chambre,0.0,242.8,0.0,0.0
2026-01-13 09:04:12,2001,TV Salle à manger,0.0,242.9,0.0,0.0
2026-01-13 09:04:12,2002,Ecran,0.0,242.5,0.0,0.0
2026-01-13 09:04:12,2003,Telephone / Tablette,0.0,242.2,0.0,0.0
2026-01-13 09:04:12,2004,Cafetiere,0.0,242.1,0.0,0.0
2026-01-13 09:04:12,2005,Lampe Salle à manger,0.0,241.8,0.0,0.0
2026-01-13 09:04:12,2006,PC Portable,0.0,242.9,0.0,0.0
2026-01-13 09:04:12,2007,Lampe Cuisine,0.0,242.0,0.0,0.0
2026-01-13 09:04:12,2008,Lampe Chambre,0.0,243.2,0.0,0.0
2026-01-13 09:05:13,2001,TV Salle à manger,0.0,243.4,0.0,0.0
2026-01-13 09:05:13,2002,Ecran,0.0,243.1,0.0,0.0
2026-01-13 09:05:13,2003,Telephone / Tablette,0.0,242.5,0.0,0.0
2026-01-13 09:05:13,2004,Cafetiere,0.0,242.7,0.0,0.0
2026-01-13 09:05:13,2005,Lampe Salle à manger,0.0,242.3,0.0,0.0
2026-01-13 09:05:13,2006,PC Portable,0.0,243.3,0.0,0.0
2026-01-13 09:05:13,2007,Lampe Cuisine,0.0,242.4,0.0,0.0
2026-01-13 09:05:13,2008,Lampe Chambre,0.0,243.7,0.0,0.0
2026-01-13 09:06:13,2001,TV Salle à manger,0.0,242.3,0.0,0.0
2026-01-13 09:06:13,2002,Ecran,0.0,241.9,0.0,0.0
2026-01-13 09:06:13,2003,Telephone / Tablette,0.0,241.4,0.0,0.0
2026-01-13 09:06:13,2004,Cafetiere,0.0,241.6,0.0,0.0
2026-01-13 09:06:13,2005,Lampe Salle à manger,0.0,241.3,0.0,0.0
2026-01-13 09:06:13,2006,PC Portable,0.0,242.2,0.0,0.0
2026-01-13 09:06:13,2007,Lampe Cuisine,0.0,241.3,0.0,0.0
2026-01-13 09:06:13,2008,Lampe Chambre,0.0,242.6,0.0,0.0
2026-01-13 09:07:13,2001,TV Salle à manger,0.0,242.6,0.0,0.0
2026-01-13 09:07:13,2002,Ecran,0.0,242.1,0.0,0.0
2026-01-13 09:07:13,2003,Telephone / Tablette,0.0,241.8,0.0,0.0
2026-01-13 09:07:13,2004,Cafetiere,0.0,241.8,0.0,0.0
2026-01-13 09:07:13,2005,Lampe Salle à manger,0.0,241.6,0.0,0.0
2026-01-13 09:07:13,2006,PC Portable,0.0,242.5,0.0,0.0
2026-01-13 09:07:13,2007,Lampe Cuisine,0.0,241.7,0.0,0.0
2026-01-13 09:07:13,2008,Lampe Chambre,0.0,243.0,0.0,0.0
2026-01-13 09:08:14,2001,TV Salle à manger,0.0,242.5,0.0,0.0
2026-01-13 09:08:14,2002,Ecran,0.0,242.1,0.0,0.0
2026-01-13 09:08:14,2003,Telephone / Tablette,0.0,241.7,0.0,0.0
2026-01-13 09:08:14,2004,Cafetiere,0.0,241.7,0.0,0.0
2026-01-13 09:08:14,2005,Lampe Salle à manger,0.0,241.4,0.0,0.0
2026-01-13 09:08:14,2006,PC Portable,0.0,242.4,0.0,0.0
2026-01-13 09:08:14,2007,Lampe Cuisine,0.0,241.6,0.0,0.0
2026-01-13 09:08:14,2008,Lampe Chambre,0.0,242.8,0.0,0.0
2026-01-13 09:09:14,2001,TV Salle à manger,0.0,242.0,0.0,0.0
2026-01-13 09:09:14,2002,Ecran,0.0,241.5,0.0,0.0
2026-01-13 09:09:14,2003,Telephone / Tablette,0.0,241.3,0.0,0.0
2026-01-13 09:09:14,2004,Cafetiere,0.0,241.2,0.0,0.0
2026-01-13 09:09:14,2005,Lampe Salle à manger,0.0,240.9,0.0,0.0
2026-01-13 09:09:14,2006,PC Portable,0.0,241.9,0.0,0.0
2026-01-13 09:09:14,2007,Lampe Cuisine,0.0,241.0,0.0,0.0
2026-01-13 09:09:14,2008,Lampe Chambre,0.0,242.3,0.0,0.0
2026-01-13 09:10:14,2001,TV Salle à manger,0.0,241.7,0.0,0.0
2026-01-13 09:10:14,2002,Ecran,0.0,241.3,0.0,0.0
2026-01-13 09:10:14,2003,Telephone / Tablette,0.0,240.9,0.0,0.0
2026-01-13 09:10:14,2004,Cafetiere,0.0,241.0,0.0,0.0
2026-01-13 09:10:14,2005,Lampe Salle à manger,0.0,240.7,0.0,0.0
2026-01-13 09:10:14,2006,PC Portable,0.0,241.6,0.0,0.0
2026-01-13 09:10:14,2007,Lampe Cuisine,0.0,240.8,0.0,0.0
2026-01-13 09:10:14,2008,Lampe Chambre,0.0,242.1,0.0,0.0
2026-01-13 09:11:14,2001,TV Salle à manger,0.0,243.5,0.0,0.0
2026-01-13 09:11:14,2002,Ecran,0.0,243.1,0.0,0.0
2026-01-13 09:11:14,2003,Telephone / Tablette,0.0,242.4,0.0,0.0
2026-01-13 09:11:14,2004,Cafetiere,0.0,242.6,0.0,0.0
2026-01-13 09:11:14,2005,Lampe Salle à manger,0.0,242.5,0.0,0.0
2026-01-13 09:11:14,2006,PC Portable,0.0,243.3,0.0,0.0
2026-01-13 09:11:14,2007,Lampe Cuisine,0.0,242.2,0.0,0.0
2026-01-13 09:11:14,2008,Lampe Chambre,0.0,243.4,0.0,0.0
2026-01-13 09:12:15,2001,TV Salle à manger,0.0,243.6,0.0,0.0
2026-01-13 09:12:15,2002,Ecran,0.0,243.2,0.0,0.0
2026-01-13 09:12:15,2003,Telephone / Tablette,0.0,242.8,0.0,0.0
2026-01-13 09:12:15,2004,Cafetiere,0.0,242.9,0.0,0.0
2026-01-13 09:12:15,2005,Lampe Salle à manger,0.0,242.6,0.0,0.0
2026-01-13 09:12:15,2006,PC Portable,0.0,243.6,0.0,0.0
2026-01-13 09:12:15,2007,Lampe Cuisine,0.0,242.7,0.0,0.0
2026-01-13 09:12:15,2008,Lampe Chambre,0.0,244.0,0.0,0.0
2026-01-13 09:13:15,2001,TV Salle à manger,0.0,242.7,0.0,0.0
2026-01-13 09:13:15,2002,Ecran,0.0,242.4,0.0,0.0
2026-01-13 09:13:15,2003,Telephone / Tablette,0.0,241.9,0.0,0.0
2026-01-13 09:13:15,2004,Cafetiere,0.0,241.9,0.0,0.0
2026-01-13 09:13:15,2005,Lampe Salle à manger,0.0,241.7,0.0,0.0
2026-01-13 09:13:15,2006,PC Portable,0.0,242.7,0.0,0.0
2026-01-13 09:13:15,2007,Lampe Cuisine,0.0,241.8,0.0,0.0
2026-01-13 09:13:15,2008,Lampe Chambre,0.0,243.1,0.0,0.0
2026-01-13 09:14:15,2001,TV Salle à manger,0.0,242.9,0.0,0.0
2026-01-13 09:14:15,2002,Ecran,0.0,242.5,0.0,0.0
2026-01-13 09:14:15,2003,Telephone / Tablette,0.0,242.0,0.0,0.0
2026-01-13 09:14:15,2004,Cafetiere,0.0,242.1,0.0,0.0
2026-01-13 09:14:15,2005,Lampe Salle à manger,0.0,241.8,0.0,0.0
2026-01-13 09:14:15,2006,PC Portable,0.0,243.0,0.0,0.0
2026-01-13 09:14:15,2007,Lampe Cuisine,0.0,242.0,0.0,0.0
2026-01-13 09:14:15,2008,Lampe Chambre,0.0,243.3,0.0,0.0
2026-01-13 09:15:15,2001,TV Salle à manger,0.0,242.0,0.0,0.0
2026-01-13 09:15:15,2002,Ecran,0.0,241.5,0.0,0.0
2026-01-13 09:15:15,2003,Telephone / Tablette,0.0,241.1,0.0,0.0
2026-01-13 09:15:15,2004,Cafetiere,0.0,241.0,0.0,0.0
2026-01-13 09:15:15,2005,Lampe Salle à manger,0.0,240.9,0.0,0.0
2026-01-13 09:15:15,2006,PC Portable,0.0,241.9,0.0,0.0
2026-01-13 09:15:15,2007,Lampe Cuisine,0.0,240.9,0.0,0.0
2026-01-13 09:15:15,2008,Lampe Chambre,0.0,242.2,0.0,0.0
2026-01-13 09:16:16,2001,TV Salle à manger,0.016,241.5,0.0,0.0
2026-01-13 09:16:16,2002,Ecran,0.0,241.2,0.0,0.0
2026-01-13 09:16:16,2003,Telephone / Tablette,0.0,240.6,0.0,0.0
2026-01-13 09:16:16,2004,Cafetiere,0.0,240.9,0.0,0.0
2026-01-13 09:16:16,2005,Lampe Salle à manger,0.0,240.6,0.0,0.0
2026-01-13 09:16:16,2006,PC Portable,0.0,241.4,0.0,0.0
2026-01-13 09:16:16,2007,Lampe Cuisine,0.0,240.4,0.0,0.0
2026-01-13 09:16:16,2008,Lampe Chambre,0.0,241.7,0.0,0.0
2026-01-13 09:17:16,2001,TV Salle à manger,0.0,242.8,0.0,0.0
2026-01-13 09:17:16,2002,Ecran,0.0,242.4,0.0,0.0
2026-01-13 09:17:16,2003,Telephone / Tablette,0.0,242.1,0.0,0.0
2026-01-13 09:17:16,2004,Cafetiere,0.0,242.1,0.0,0.0
2026-01-13 09:17:16,2005,Lampe Salle à manger,0.0,241.9,0.0,0.0
2026-01-13 09:17:16,2006,PC Portable,0.0,242.8,0.0,0.0
2026-01-13 09:17:16,2007,Lampe Cuisine,0.0,242.0,0.0,0.0
2026-01-13 09:17:16,2008,Lampe Chambre,0.0,243.2,0.0,0.0
2026-01-13 09:18:16,2001,TV Salle à manger,0.0,242.1,0.0,0.0
2026-01-13 09:18:16,2002,Ecran,0.0,241.2,0.0,0.0
2026-01-13 09:18:16,2003,Telephone / Tablette,0.0,240.9,0.0,0.0
2026-01-13 09:18:16,2004,Cafetiere,0.0,241.0,0.0,0.0
2026-01-13 09:18:16,2005,Lampe Salle à manger,0.0,241.0,0.0,0.0
2026-01-13 09:18:16,2006,PC Portable,0.0,241.7,0.0,0.0
2026-01-13 09:18:16,2007,Lampe Cuisine,0.0,241.0,0.0,0.0
2026-01-13 09:18:16,2008,Lampe Chambre,0.0,242.3,0.0,0.0
2026-01-13 09:19:16,2001,TV Salle à manger,0.0,242.3,0.0,0.0
2026-01-13 09:19:16,2002,Ecran,0.0,241.8,0.0,0.0
2026-01-13 09:19:16,2003,Telephone / Tablette,0.0,241.4,0.0,0.0
2026-01-13 09:19:16,2004,Cafetiere,0.0,241.5,0.0,0.0
2026-01-13 09:19:16,2005,Lampe Salle à manger,0.0,241.1,0.0,0.0
2026-01-13 09:19:16,2006,PC Portable,0.0,242.2,0.0,0.0
2026-01-13 09:19:16,2007,Lampe Cuisine,0.0,241.3,0.0,0.0
2026-01-13 09:19:16,2008,Lampe Chambre,0.0,242.6,0.0,0.0
2026-01-13 09:20:17,2001,TV Salle à manger,0.0,242.3,0.0,0.0
2026-01-13 09:20:17,2002,Ecran,0.0,241.8,0.0,0.0
2026-01-13 09:20:17,2003,Telephone / Tablette,0.0,241.5,0.0,0.0
2026-01-13 09:20:17,2004,Cafetiere,0.0,241.4,0.0,0.0
2026-01-13 09:20:17,2005,Lampe Salle à manger,0.0,241.1,0.0,0.0
2026-01-13 09:20:17,2006,PC Portable,0.0,242.3,0.0,0.0
2026-01-13 09:20:17,2007,Lampe Cuisine,0.0,241.3,0.0,0.0
2026-01-13 09:20:17,2008,Lampe Chambre,0.0,242.6,0.0,0.0
2026-01-13 09:21:17,2001,TV Salle à manger,0.018,242.7,0.0,0.0
2026-01-13 09:21:17,2002,Ecran,0.0,242.3,0.0,0.0
2026-01-13 09:21:17,2003,Telephone / Tablette,0.0,241.8,0.0,0.0
2026-01-13 09:21:17,2004,Cafetiere,0.0,242.0,0.0,0.0
2026-01-13 09:21:17,2005,Lampe Salle à manger,0.0,241.6,0.0,0.0
2026-01-13 09:21:17,2006,PC Portable,0.0,242.6,0.0,0.0
2026-01-13 09:21:17,2007,Lampe Cuisine,0.0,241.8,0.0,0.0
2026-01-13 09:21:17,2008,Lampe Chambre,0.0,243.0,0.0,0.0
2026-01-13 09:22:17,2001,TV Salle à manger,0.0,243.2,0.0,0.0
2026-01-13 09:22:17,2002,Ecran,0.0,242.6,0.0,0.0
2026-01-13 09:22:17,2003,Telephone / Tablette,0.0,242.4,0.0,0.0
2026-01-13 09:22:17,2004,Cafetiere,0.0,242.3,0.0,0.0
2026-01-13 09:22:17,2005,Lampe Salle à manger,0.0,242.1,0.0,0.0
2026-01-13 09:22:17,2006,PC Portable,0.0,243.1,0.0,0.0
2026-01-13 09:22:17,2007,Lampe Cuisine,0.0,242.2,0.0,0.0
2026-01-13 09:22:17,2008,Lampe Chambre,0.0,243.6,0.0,0.0
2026-01-13 09:23:17,2001,TV Salle à manger,0.024,242.2,0.0,0.0
2026-01-13 09:23:17,2002,Ecran,0.0,241.7,0.0,0.0
2026-01-13 09:23:17,2003,Telephone / Tablette,0.0,241.3,0.0,0.0
2026-01-13 09:23:17,2004,Cafetiere,0.0,241.4,0.0,0.0
2026-01-13 09:23:17,2005,Lampe Salle à manger,0.0,241.1,0.0,0.0
2026-01-13 09:23:17,2006,PC Portable,0.0,242.1,0.0,0.0
2026-01-13 09:23:17,2007,Lampe Cuisine,0.0,241.2,0.0,0.0
2026-01-13 09:23:17,2008,Lampe Chambre,0.0,242.5,0.0,0.0
2026-01-13 09:24:18,2001,TV Salle à manger,0.0,241.5,0.0,0.0
2026-01-13 09:24:18,2002,Ecran,0.0,241.0,0.0,0.0
2026-01-13 09:24:18,2003,Telephone / Tablette,0.0,240.6,0.0,0.0
2026-01-13 09:24:18,2004,Cafetiere,0.0,240.7,0.0,0.0
2026-01-13 09:24:18,2005,Lampe Salle à manger,0.0,240.4,0.0,0.0
2026-01-13 09:24:18,2006,PC Portable,0.0,241.4,0.0,0.0
2026-01-13 09:24:18,2007,Lampe Cuisine,0.0,240.5,0.0,0.0
2026-01-13 09:24:18,2008,Lampe Chambre,0.0,241.8,0.0,0.0
2026-01-13 09:25:18,2001,TV Salle à manger,0.023,242.9,0.0,0.0
2026-01-13 09:25:18,2002,Ecran,0.0,242.1,0.0,0.0
2026-01-13 09:25:18,2003,Telephone / Tablette,0.0,242.0,0.0,0.0
2026-01-13 09:25:18,2004,Cafetiere,0.0,241.6,0.0,0.0
2026-01-13 09:25:18,2005,Lampe Salle à manger,0.0,241.4,0.0,0.0
2026-01-13 09:25:18,2006,PC Portable,0.0,242.3,0.0,0.0
2026-01-13 09:25:18,2007,Lampe Cuisine,0.0,241.4,0.0,0.0
2026-01-13 09:25:18,2008,Lampe Chambre,0.0,242.7,0.0,0.0
2026-01-13 09:26:18,2001,TV Salle à manger,0.022,242.4,0.0,0.0
2026-01-13 09:26:18,2002,Ecran,0.0,242.1,0.0,0.0
2026-01-13 09:26:18,2003,Telephone / Tablette,0.0,241.5,0.0,0.0
2026-01-13 09:26:18,2004,Cafetiere,0.0,241.7,0.0,0.0
2026-01-13 09:26:18,2005,Lampe Salle à manger,0.0,241.4,0.0,0.0
2026-01-13 09:26:18,2006,PC Portable,0.0,242.3,0.0,0.0
2026-01-13 09:26:18,2007,Lampe Cuisine,0.0,241.3,0.0,0.0
2026-01-13 09:26:18,2008,Lampe Chambre,0.0,242.8,0.0,0.0
2026-01-13 09:27:19,2001,TV Salle à manger,0.0,242.5,0.0,0.0
2026-01-13 09:27:19,2002,Ecran,0.0,241.9,0.0,0.0
2026-01-13 09:27:19,2003,Telephone / Tablette,0.0,241.7,0.0,0.0
2026-01-13 09:27:19,2004,Cafetiere,0.0,241.6,0.0,0.0
2026-01-13 09:27:19,2005,Lampe Salle à manger,0.0,241.4,0.0,0.0
2026-01-13 09:27:19,2006,PC Portable,0.0,242.5,0.0,0.0
2026-01-13 09:27:19,2007,Lampe Cuisine,0.0,241.5,0.0,0.0
2026-01-13 09:27:19,2008,Lampe Chambre,0.0,242.8,0.0,0.0
2026-01-13 09:28:19,2001,TV Salle à manger,0.0,243.1,0.0,0.0
2026-01-13 09:28:19,2002,Ecran,0.0,242.6,0.0,0.0
2026-01-13 09:28:19,2003,Telephone / Tablette,0.0,242.2,0.0,0.0
2026-01-13 09:28:19,2004,Cafetiere,0.0,242.3,0.0,0.0
2026-01-13 09:28:19,2005,Lampe Salle à manger,0.0,242.0,0.0,0.0
2026-01-13 09:28:19,2006,PC Portable,0.0,243.2,0.0,0.0
2026-01-13 09:28:19,2007,Lampe Cuisine,0.0,242.1,0.0,0.0
2026-01-13 09:28:19,2008,Lampe Chambre,0.0,243.5,0.0,0.0
2026-01-13 09:29:19,2001,TV Salle à manger,0.0,241.9,0.0,0.0
2026-01-13 09:29:19,2002,Ecran,0.0,241.5,0.0,0.0
2026-01-13 09:29:19,2003,Telephone / Tablette,0.0,241.1,0.0,0.0
2026-01-13 09:29:19,2004,Cafetiere,0.0,241.1,0.0,0.0
2026-01-13 09:29:19,2005,Lampe Salle à manger,0.0,240.9,0.0,0.0
2026-01-13 09:29:19,2006,PC Portable,0.0,241.9,0.0,0.0
2026-01-13 09:29:19,2007,Lampe Cuisine,0.0,241.0,0.0,0.0
2026-01-13 09:29:19,2008,Lampe Chambre,0.0,242.4,0.0,0.0
2026-01-13 09:30:19,2001,TV Salle à manger,0.019,242.4,0.0,0.0
2026-01-13 09:30:19,2002,Ecran,0.0,242.0,0.0,0.0
2026-01-13 09:30:19,2003,Telephone / Tablette,0.0,241.6,0.0,0.0
2026-01-13 09:30:19,2004,Cafetiere,0.0,241.7,0.0,0.0
2026-01-13 09:30:19,2005,Lampe Salle à manger,0.0,241.4,0.0,0.0
2026-01-13 09:30:19,2006,PC Portable,0.0,242.4,0.0,0.0
2026-01-13 09:30:19,2007,Lampe Cuisine,0.0,241.6,0.0,0.0
2026-01-13 09:30:19,2008,Lampe Chambre,0.0,242.8,0.0,0.0
2026-01-13 09:31:19,2001,TV Salle à manger,0.0,242.2,0.0,0.0
2026-01-13 09:31:19,2002,Ecran,0.0,241.8,0.0,0.0
2026-01-13 09:31:19,2003,Telephone / Tablette,0.0,241.5,0.0,0.0
2026-01-13 09:31:19,2004,Cafetiere,0.0,241.5,0.0,0.0
2026-01-13 09:31:19,2005,Lampe Salle à manger,0.0,241.2,0.0,0.0
2026-01-13 09:31:19,2006,PC Portable,0.0,242.1,0.0,0.0
2026-01-13 09:31:19,2007,Lampe Cuisine,0.0,241.3,0.0,0.0
2026-01-13 09:31:19,2008,Lampe Chambre,0.0,242.5,0.0,0.0
2026-01-13 09:32:20,2001,TV Salle à manger,0.032,242.3,0.0,0.0
2026-01-13 09:32:20,2002,Ecran,0.0,241.8,0.0,0.0
2026-01-13 09:32:20,2003,Telephone / Tablette,0.0,241.5,0.0,0.0
2026-01-13 09:32:20,2004,Cafetiere,0.0,241.4,0.0,0.0
2026-01-13 09:32:20,2005,Lampe Salle à manger,0.0,241.2,0.0,0.0
2026-01-13 09:32:20,2006,PC Portable,0.0,242.1,0.0,0.0
2026-01-13 09:32:20,2007,Lampe Cuisine,0.0,241.3,0.0,0.0
2026-01-13 09:32:20,2008,Lampe Chambre,0.0,242.7,0.0,0.0
2026-01-13 09:33:20,2001,TV Salle à manger,0.0,243.0,0.0,0.0
2026-01-13 09:33:20,2002,Ecran,0.0,242.6,0.0,0.0
2026-01-13 09:33:20,2003,Telephone / Tablette,0.0,242.2,0.0,0.0
2026-01-13 09:33:20,2004,Cafetiere,0.0,242.3,0.0,0.0
2026-01-13 09:33:20,2005,Lampe Salle à manger,0.0,242.0,0.0,0.0
2026-01-13 09:33:20,2006,PC Portable,0.0,243.0,0.0,0.0
2026-01-13 09:33:20,2007,Lampe Cuisine,0.0,242.2,0.0,0.0
2026-01-13 09:33:20,2008,Lampe Chambre,0.0,243.4,0.0,0.0
2026-01-13 09:34:20,2001,TV Salle à manger,0.017,242.9,0.0,0.0
2026-01-13 09:34:20,2002,Ecran,0.0,242.5,0.0,0.0
2026-01-13 09:34:20,2003,Telephone / Tablette,0.0,242.0,0.0,0.0
2026-01-13 09:34:20,2004,Cafetiere,0.0,242.1,0.0,0.0
2026-01-13 09:34:20,2005,Lampe Salle à manger,0.0,241.7,0.0,0.0
2026-01-13 09:34:20,2006,PC Portable,0.0,242.7,0.0,0.0
2026-01-13 09:34:20,2007,Lampe Cuisine,0.0,241.8,0.0,0.0
2026-01-13 09:34:20,2008,Lampe Chambre,0.0,243.0,0.0,0.0
2026-01-13 09:35:20,2001,TV Salle à manger,0.017,242.5,0.0,0.0
2026-01-13 09:35:20,2002,Ecran,0.0,242.1,0.0,0.0
2026-01-13 09:35:20,2003,Telephone / Tablette,0.0,241.7,0.0,0.0
2026-01-13 09:35:20,2004,Cafetiere,0.0,241.7,0.0,0.0
2026-01-13 09:35:20,2005,Lampe Salle à manger,0.0,241.5,0.0,0.0
2026-01-13 09:35:20,2006,PC Portable,0.0,242.5,0.0,0.0
2026-01-13 09:35:20,2007,Lampe Cuisine,0.0,241.7,0.0,0.0
2026-01-13 09:35:20,2008,Lampe Chambre,0.0,243.0,0.0,0.0
2026-01-13 09:36:21,2001,TV Salle à manger,0.0,242.9,0.0,0.0
2026-01-13 09:36:21,2002,Ecran,0.0,242.4,0.0,0.0
2026-01-13 09:36:21,2003,Telephone / Tablette,0.0,242.0,0.0,0.0
2026-01-13 09:36:21,2004,Cafetiere,0.0,242.1,0.0,0.0
2026-01-13 09:36:21,2005,Lampe Salle à manger,0.0,241.8,0.0,0.0
2026-01-13 09:36:21,2006,PC Portable,0.0,242.8,0.0,0.0
2026-01-13 09:36:21,2007,Lampe Cuisine,0.0,241.9,0.0,0.0
2026-01-13 09:36:21,2008,Lampe Chambre,0.0,243.2,0.0,0.0
2026-01-13 09:37:21,2001,TV Salle à manger,0.0,241.7,0.0,0.0
2026-01-13 09:37:21,2002,Ecran,0.0,240.9,0.0,0.0
2026-01-13 09:37:21,2003,Telephone / Tablette,0.0,240.8,0.0,0.0
2026-01-13 09:37:21,2004,Cafetiere,0.0,240.9,0.0,0.0
2026-01-13 09:37:21,2005,Lampe Salle à manger,0.0,240.6,0.0,0.0
2026-01-13 09:37:21,2006,PC Portable,0.0,241.6,0.0,0.0
2026-01-13 09:37:21,2007,Lampe Cuisine,0.0,240.7,0.0,0.0
2026-01-13 09:37:21,2008,Lampe Chambre,0.0,241.8,0.0,0.0
2026-01-13 09:38:21,2001,TV Salle à manger,0.0,242.5,0.0,0.0
2026-01-13 09:38:21,2002,Ecran,0.0,242.0,0.0,0.0
2026-01-13 09:38:21,2003,Telephone / Tablette,0.0,241.5,0.0,0.0
2026-01-13 09:38:21,2004,Cafetiere,0.0,241.7,0.0,0.0
2026-01-13 09:38:21,2005,Lampe Salle à manger,0.0,241.4,0.0,0.0
2026-01-13 09:38:21,2006,PC Portable,0.0,242.3,0.0,0.0
2026-01-13 09:38:21,2007,Lampe Cuisine,0.0,241.5,0.0,0.0
2026-01-13 09:38:21,2008,Lampe Chambre,0.0,242.6,0.0,0.0
2026-01-13 09:39:22,2001,TV Salle à manger,0.0,242.6,0.0,0.0
2026-01-13 09:39:22,2002,Ecran,0.0,242.2,0.0,0.0
2026-01-13 09:39:22,2003,Telephone / Tablette,0.0,241.8,0.0,0.0
2026-01-13 09:39:22,2004,Cafetiere,0.0,241.9,0.0,0.0
2026-01-13 09:39:22,2005,Lampe Salle à manger,0.0,241.6,0.0,0.0
2026-01-13 09:39:22,2006,PC Portable,0.0,242.5,0.0,0.0
2026-01-13 09:39:22,2007,Lampe Cuisine,0.0,241.6,0.0,0.0
2026-01-13 09:39:22,2008,Lampe Chambre,0.0,242.9,0.0,0.0
2026-01-13 09:40:22,2001,TV Salle à manger,0.0,242.3,0.0,0.0
2026-01-13 09:40:22,2002,Ecran,0.0,241.8,0.0,0.0
2026-01-13 09:40:22,2003,Telephone / Tablette,0.0,241.5,0.0,0.0
2026-01-13 09:40:22,2004,Cafetiere,0.0,241.4,0.0,0.0
2026-01-13 09:40:22,2005,Lampe Salle à manger,0.0,241.2,0.0,0.0
2026-01-13 09:40:22,2006,PC Portable,0.0,242.2,0.0,0.0
2026-01-13 09:40:22,2007,Lampe Cuisine,0.0,241.3,0.0,0.0
2026-01-13 09:40:22,2008,Lampe Chambre,0.0,242.6,0.0,0.0
2026-01-13 09:41:22,2001,TV Salle à manger,0.0,242.7,0.0,0.0
2026-01-13 09:41:22,2002,Ecran,0.0,242.3,0.0,0.0
2026-01-13 09:41:22,2003,Telephone / Tablette,0.0,241.8,0.0,0.0
2026-01-13 09:41:22,2004,Cafetiere,0.0,241.9,0.0,0.0
2026-01-13 09:41:22,2005,Lampe Salle à manger,0.0,241.6,0.0,0.0
2026-01-13 09:41:22,2006,PC Portable,0.0,242.6,0.0,0.0
2026-01-13 09:41:22,2007,Lampe Cuisine,0.0,241.8,0.0,0.0
2026-01-13 09:41:22,2008,Lampe Chambre,0.0,243.0,0.0,0.0
2026-01-13 09:42:22,2001,TV Salle à manger,0.019,241.5,0.0,0.0
2026-01-13 09:42:22,2002,Ecran,0.0,241.2,0.0,0.0
2026-01-13 09:42:22,2003,Telephone / Tablette,0.0,240.7,0.0,0.0
2026-01-13 09:42:22,2004,Cafetiere,0.0,240.8,0.0,0.0
2026-01-13 09:42:22,2005,Lampe Salle à manger,0.0,240.5,0.0,0.0
2026-01-13 09:42:22,2006,PC Portable,0.0,241.4,0.0,0.0
2026-01-13 09:42:22,2007,Lampe Cuisine,0.0,240.5,0.0,0.0
2026-01-13 09:42:22,2008,Lampe Chambre,0.0,241.8,0.0,0.0
2026-01-13 09:43:23,2001,TV Salle à manger,0.018,243.1,0.0,0.0
2026-01-13 09:43:23,2002,Ecran,0.0,242.7,0.0,0.0
2026-01-13 09:43:23,2003,Telephone / Tablette,0.0,242.2,0.0,0.0
2026-01-13 09:43:23,2004,Cafetiere,0.0,242.4,0.0,0.0
2026-01-13 09:43:23,2005,Lampe Salle à manger,0.0,241.8,0.0,0.0
2026-01-13 09:43:23,2006,PC Portable,0.0,242.9,0.0,0.0
2026-01-13 09:43:23,2007,Lampe Cuisine,0.0,242.1,0.0,0.0
2026-01-13 09:43:23,2008,Lampe Chambre,0.0,243.2,0.0,0.0
2026-01-13 09:44:23,2001,TV Salle à manger,0.0,242.8,0.0,0.0
2026-01-13 09:44:23,2002,Ecran,0.0,242.4,0.0,0.0
2026-01-13 09:44:23,2003,Telephone / Tablette,0.0,242.0,0.0,0.0
2026-01-13 09:44:23,2004,Cafetiere,0.0,242.0,0.0,0.0
2026-01-13 09:44:23,2005,Lampe Salle à manger,0.0,241.8,0.0,0.0
2026-01-13 09:44:23,2006,PC Portable,0.0,242.7,0.0,0.0
2026-01-13 09:44:23,2007,Lampe Cuisine,0.0,241.9,0.0,0.0
2026-01-13 09:44:23,2008,Lampe Chambre,0.0,243.1,0.0,0.0
2026-01-13 09:45:23,2001,TV Salle à manger,0.045,243.0,1.3,0.022
2026-01-13 09:45:23,2002,Ecran,0.0,242.6,0.0,0.0
2026-01-13 09:45:23,2003,Telephone / Tablette,0.0,242.2,0.0,0.0
2026-01-13 09:45:23,2004,Cafetiere,0.0,242.3,0.0,0.0
2026-01-13 09:45:23,2005,Lampe Salle à manger,0.0,241.9,0.0,0.0
2026-01-13 09:45:23,2006,PC Portable,0.0,243.0,0.0,0.0
2026-01-13 09:45:23,2007,Lampe Cuisine,0.0,242.1,0.0,0.0
2026-01-13 09:45:23,2008,Lampe Chambre,0.0,243.4,0.0,0.0
2026-01-13 09:46:23,2001,TV Salle à manger,0.0,243.0,0.0,0.0
2026-01-13 09:46:23,2002,Ecran,0.0,242.8,0.0,0.0
2026-01-13 09:46:23,2003,Telephone / Tablette,0.0,242.1,0.0,0.0
2026-01-13 09:46:23,2004,Cafetiere,0.0,242.4,0.0,0.0
2026-01-13 09:46:23,2005,Lampe Salle à manger,0.0,242.1,0.0,0.0
2026-01-13 09:46:23,2006,PC Portable,0.0,243.0,0.0,0.0
2026-01-13 09:46:23,2007,Lampe Cuisine,0.0,242.0,0.0,0.0
2026-01-13 09:46:23,2008,Lampe Chambre,0.0,243.4,0.0,0.0
2026-01-13 09:47:24,2001,TV Salle à manger,0.0,242.8,0.0,0.0
2026-01-13 09:47:24,2002,Ecran,0.0,242.5,0.0,0.0
2026-01-13 09:47:24,2003,Telephone / Tablette,0.0,242.0,0.0,0.0
2026-01-13 09:47:24,2004,Cafetiere,0.0,242.2,0.0,0.0
2026-01-13 09:47:24,2005,Lampe Salle à manger,0.0,241.9,0.0,0.0
2026-01-13 09:47:24,2006,PC Portable,0.0,242.8,0.0,0.0
2026-01-13 09:47:24,2007,Lampe Cuisine,0.0,241.9,0.0,0.0
2026-01-13 09:47:24,2008,Lampe Chambre,0.0,243.2,0.0,0.0
2026-01-13 09:48:24,2001,TV Salle à manger,0.027,242.4,0.0,0.0
2026-01-13 09:48:24,2002,Ecran,0.0,241.6,0.0,0.0
2026-01-13 09:48:24,2003,Telephone / Tablette,0.0,241.4,0.0,0.0
2026-01-13 09:48:24,2004,Cafetiere,0.0,241.6,0.0,0.0
2026-01-13 09:48:24,2005,Lampe Salle à manger,0.0,241.1,0.0,0.0
2026-01-13 09:48:24,2006,PC Portable,0.0,242.0,0.0,0.0
2026-01-13 09:48:24,2007,Lampe Cuisine,0.0,241.3,0.0,0.0
2026-01-13 09:48:24,2008,Lampe Chambre,0.0,242.4,0.0,0.0
2026-01-13 09:49:24,2001,TV Salle à manger,0.0,243.3,0.0,0.0
2026-01-13 09:49:24,2002,Ecran,0.0,242.9,0.0,0.0
2026-01-13 09:49:24,2003,Telephone / Tablette,0.0,242.5,0.0,0.0
2026-01-13 09:49:24,2004,Cafetiere,0.0,242.5,0.0,0.0
2026-01-13 09:49:24,2005,Lampe Salle à manger,0.0,242.3,0.0,0.0
2026-01-13 09:49:24,2006,PC Portable,0.0,243.2,0.0,0.0
2026-01-13 09:49:24,2007,Lampe Cuisine,0.0,242.4,0.0,0.0
2026-01-13 09:49:24,2008,Lampe Chambre,0.0,243.7,0.0,0.0
2026-01-13 09:50:24,2001,TV Salle à manger,0.0,242.5,0.0,0.0
2026-01-13 09:50:24,2002,Ecran,0.0,242.1,0.0,0.0
2026-01-13 09:50:24,2003,Telephone / Tablette,0.0,241.6,0.0,0.0
2026-01-13 09:50:24,2004,Cafetiere,0.0,241.7,0.0,0.0
2026-01-13 09:50:24,2005,Lampe Salle à manger,0.0,241.6,0.0,0.0
2026-01-13 09:50:24,2006,PC Portable,0.0,242.5,0.0,0.0
2026-01-13 09:50:24,2007,Lampe Cuisine,0.0,241.4,0.0,0.0
2026-01-13 09:50:24,2008,Lampe Chambre,0.0,243.1,0.0,0.0
2026-01-13 09:51:25,2001,TV Salle à manger,0.0,241.5,0.0,0.0
2026-01-13 09:51:25,2002,Ecran,0.0,240.9,0.0,0.0
2026-01-13 09:51:25,2003,Telephone / Tablette,0.0,240.7,0.0,0.0
2026-01-13 09:51:25,2004,Cafetiere,0.0,240.5,0.0,0.0
2026-01-13 09:51:25,2005,Lampe Salle à manger,0.0,240.4,0.0,0.0
2026-01-13 09:51:25,2006,PC Portable,0.0,241.4,0.0,0.0
2026-01-13 09:51:25,2007,Lampe Cuisine,0.0,240.6,0.0,0.0
2026-01-13 09:51:25,2008,Lampe Chambre,0.0,241.7,0.0,0.0
2026-01-13 09:52:25,2001,TV Salle à manger,0.0,242.5,0.0,0.0
2026-01-13 09:52:25,2002,Ecran,0.0,242.1,0.0,0.0
2026-01-13 09:52:25,2003,Telephone / Tablette,0.0,241.7,0.0,0.0
2026-01-13 09:52:25,2004,Cafetiere,0.0,241.8,0.0,0.0
2026-01-13 09:52:25,2005,Lampe Salle à manger,0.0,241.5,0.0,0.0
2026-01-13 09:52:25,2006,PC Portable,0.0,242.4,0.0,0.0
2026-01-13 09:52:25,2007,Lampe Cuisine,0.0,241.6,0.0,0.0
2026-01-13 09:52:25,2008,Lampe Chambre,0.0,242.8,0.0,0.0
2026-01-13 09:53:25,2001,TV Salle à manger,0.018,241.9,0.0,0.0
2026-01-13 09:53:25,2002,Ecran,0.0,241.4,0.0,0.0
2026-01-13 09:53:25,2003,Telephone / Tablette,0.0,241.1,0.0,0.0
2026-01-13 09:53:25,2004,Cafetiere,0.0,241.1,0.0,0.0
2026-01-13 09:53:25,2005,Lampe Salle à manger,0.0,240.9,0.0,0.0
2026-01-13 09:53:25,2006,PC Portable,0.0,241.9,0.0,0.0
2026-01-13 09:53:25,2007,Lampe Cuisine,0.0,240.9,0.0,0.0
2026-01-13 09:53:25,2008,Lampe Chambre,0.0,242.2,0.0,0.0
2026-01-13 09:54:26,2001,TV Salle à manger,0.013,242.3,0.0,0.0
2026-01-13 09:54:26,2002,Ecran,0.0,242.0,0.0,0.0
2026-01-13 09:54:26,2003,Telephone / Tablette,0.0,241.5,0.0,0.0
2026-01-13 09:54:26,2004,Cafetiere,0.0,241.6,0.0,0.0
2026-01-13 09:54:26,2005,Lampe Salle à manger,0.0,241.3,0.0,0.0
2026-01-13 09:54:26,2006,PC Portable,0.0,242.3,0.0,0.0
2026-01-13 09:54:26,2007,Lampe Cuisine,0.0,241.4,0.0,0.0
2026-01-13 09:54:26,2008,Lampe Chambre,0.0,242.6,0.0,0.0
2026-01-13 09:55:26,2001,TV Salle à manger,0.0,243.0,0.0,0.0
2026-01-13 09:55:26,2002,Ecran,0.0,242.5,0.0,0.0
2026-01-13 09:55:26,2003,Telephone / Tablette,0.0,242.1,0.0,0.0
2026-01-13 09:55:26,2004,Cafetiere,0.0,242.2,0.0,0.0
2026-01-13 09:55:26,2005,Lampe Salle à manger,0.0,241.9,0.0,0.0
2026-01-13 09:55:26,2006,PC Portable,0.0,242.7,0.0,0.0
2026-01-13 09:55:26,2007,Lampe Cuisine,0.0,242.0,0.0,0.0
2026-01-13 09:55:26,2008,Lampe Chambre,0.0,243.1,0.0,0.0
2026-01-13 09:56:26,2001,TV Salle à manger,0.029,241.8,0.0,0.0
2026-01-13 09:56:26,2002,Ecran,0.0,241.3,0.0,0.0
2026-01-13 09:56:26,2003,Telephone / Tablette,0.0,240.9,0.0,0.0
2026-01-13 09:56:26,2004,Cafetiere,0.0,241.0,0.0,0.0
2026-01-13 09:56:26,2005,Lampe Salle à manger,0.0,240.9,0.0,0.0
2026-01-13 09:56:26,2006,PC Portable,0.0,241.7,0.0,0.0
2026-01-13 09:56:26,2007,Lampe Cuisine,0.0,240.8,0.0,0.0
2026-01-13 09:56:26,2008,Lampe Chambre,0.0,242.3,0.0,0.0
2026-01-13 09:57:26,2001,TV Salle à manger,0.0,242.4,0.0,0.0
2026-01-13 09:57:26,2002,Ecran,0.0,242.0,0.0,0.0
2026-01-13 09:57:26,2003,Telephone / Tablette,0.0,241.5,0.0,0.0
2026-01-13 09:57:26,2004,Cafetiere,0.0,241.6,0.0,0.0
2026-01-13 09:57:26,2005,Lampe Salle à manger,0.0,241.2,0.0,0.0
2026-01-13 09:57:26,2006,PC Portable,0.0,242.5,0.0,0.0
2026-01-13 09:57:26,2007,Lampe Cuisine,0.0,241.6,0.0,0.0
2026-01-13 09:57:26,2008,Lampe Chambre,0.0,242.7,0.0,0.0
2026-01-13 09:58:27,2001,TV Salle à manger,0.019,242.4,0.0,0.0
2026-01-13 09:58:27,2002,Ecran,0.0,242.0,0.0,0.0
2026-01-13 09:58:27,2003,Telephone / Tablette,0.0,241.6,0.0,0.0
2026-01-13 09:58:27,2004,Cafetiere,0.0,241.6,0.0,0.0
2026-01-13 09:58:27,2005,Lampe Salle à manger,0.0,241.4,0.0,0.0
2026-01-13 09:58:27,2006,PC Portable,0.0,242.3,0.0,0.0
2026-01-13 09:58:27,2007,Lampe Cuisine,0.0,241.5,0.0,0.0
2026-01-13 09:58:27,2008,Lampe Chambre,0.0,242.7,0.0,0.0
2026-01-13 09:59:27,2001,TV Salle à manger,,,,
2026-01-13 09:59:27,2002,Ecran,,,,
2026-01-13 09:59:27,2003,Telephone / Tablette,,,,
2026-01-13 09:59:27,2004,Cafetiere,0.0,241.5,0.0,0.0
2026-01-13 09:59:27,2005,Lampe Salle à manger,,,,
2026-01-13 09:59:27,2006,PC Portable,,,,
2026-01-13 09:59:27,2007,Lampe Cuisine,,,,
2026-01-13 09:59:27,2008,Lampe Chambre,,,,
2026-01-13 10:01:02,2001,TV Salle à manger,,,,
2026-01-13 10:01:02,2002,Ecran,,,,
2026-01-13 10:01:02,2003,Telephone / Tablette,,,,
2026-01-13 10:01:02,2004,Cafetiere,0.0,241.4,0.0,0.0
2026-01-13 10:01:02,2005,Lampe Salle à manger,,,,
2026-01-13 10:01:02,2006,PC Portable,,,,
2026-01-13 10:01:02,2007,Lampe Cuisine,,,,
2026-01-13 10:01:02,2008,Lampe Chambre,,,,
2026-01-13 10:02:25,2001,TV Salle à manger,,,,
2026-01-13 10:02:25,2002,Ecran,,,,
2026-01-13 10:02:25,2003,Telephone / Tablette,,,,
2026-01-13 10:02:25,2004,Cafetiere,0.0,242.8,0.0,0.0
2026-01-13 10:02:25,2005,Lampe Salle à manger,,,,
2026-01-13 10:02:25,2006,PC Portable,,,,
2026-01-13 10:02:25,2007,Lampe Cuisine,,,,
2026-01-13 10:02:25,2008,Lampe Chambre,,,,
2026-01-13 10:03:47,2001,TV Salle à manger,,,,
2026-01-13 10:03:47,2002,Ecran,,,,
2026-01-13 10:03:47,2003,Telephone / Tablette,,,,
2026-01-13 10:03:47,2004,Cafetiere,0.0,241.9,0.0,0.0
2026-01-13 10:03:47,2005,Lampe Salle à manger,,,,
2026-01-13 10:03:47,2006,PC Portable,,,,
2026-01-13 10:03:47,2007,Lampe Cuisine,,,,
2026-01-13 10:03:47,2008,Lampe Chambre,,,,
2026-01-13 10:05:08,2001,TV Salle à manger,,,,
2026-01-13 10:05:08,2002,Ecran,,,,
2026-01-13 10:05:08,2003,Telephone / Tablette,,,,
2026-01-13 10:05:08,2004,Cafetiere,0.0,242.3,0.0,0.0
2026-01-13 10:05:08,2005,Lampe Salle à manger,,,,
2026-01-13 10:05:08,2006,PC Portable,,,,
2026-01-13 10:05:08,2007,Lampe Cuisine,,,,
2026-01-13 10:05:08,2008,Lampe Chambre,,,,
2026-01-13 10:06:30,2001,TV Salle à manger,,,,
2026-01-13 10:06:30,2002,Ecran,,,,
2026-01-13 10:06:30,2003,Telephone / Tablette,,,,
2026-01-13 10:06:30,2004,Cafetiere,0.0,242.0,0.0,0.0
2026-01-13 10:06:30,2005,Lampe Salle à manger,,,,
2026-01-13 10:06:30,2006,PC Portable,,,,
2026-01-13 10:06:30,2007,Lampe Cuisine,,,,
2026-01-13 10:06:30,2008,Lampe Chambre,,,,
2026-01-13 10:07:51,2001,TV Salle à manger,,,,
2026-01-13 10:07:51,2002,Ecran,,,,
2026-01-13 10:07:51,2003,Telephone / Tablette,,,,
2026-01-13 10:07:51,2004,Cafetiere,0.0,242.6,0.0,0.0
2026-01-13 10:07:51,2005,Lampe Salle à manger,,,,
2026-01-13 10:07:51,2006,PC Portable,,,,
2026-01-13 10:07:51,2007,Lampe Cuisine,,,,
2026-01-13 10:07:51,2008,Lampe Chambre,,,,
2026-01-13 10:09:13,2001,TV Salle à manger,,,,
2026-01-13 10:09:13,2002,Ecran,,,,
2026-01-13 10:09:13,2003,Telephone / Tablette,,,,
2026-01-13 10:09:13,2004,Cafetiere,0.0,242.4,0.0,0.0
2026-01-13 10:09:13,2005,Lampe Salle à manger,,,,
2026-01-13 10:09:13,2006,PC Portable,,,,
2026-01-13 10:09:13,2007,Lampe Cuisine,,,,
2026-01-13 10:09:13,2008,Lampe Chambre,,,,
2026-01-13 10:10:34,2001,TV Salle à manger,,,,
2026-01-13 10:10:34,2002,Ecran,,,,
2026-01-13 10:10:34,2003,Telephone / Tablette,,,,
2026-01-13 10:10:34,2004,Cafetiere,0.0,242.7,0.0,0.0
2026-01-13 10:10:34,2005,Lampe Salle à manger,,,,
2026-01-13 10:10:34,2006,PC Portable,,,,
2026-01-13 10:10:34,2007,Lampe Cuisine,,,,
2026-01-13 10:10:34,2008,Lampe Chambre,,,,
2026-01-13 10:11:56,2001,TV Salle à manger,,,,
2026-01-13 10:11:56,2002,Ecran,,,,
2026-01-13 10:11:56,2003,Telephone / Tablette,,,,
2026-01-13 10:11:56,2004,Cafetiere,0.0,242.3,0.0,0.0
2026-01-13 10:11:56,2005,Lampe Salle à manger,,,,
2026-01-13 10:11:56,2006,PC Portable,,,,
2026-01-13 10:11:56,2007,Lampe Cuisine,,,,
2026-01-13 10:11:56,2008,Lampe Chambre,,,,
2026-01-13 10:13:17,2001,TV Salle à manger,,,,
2026-01-13 10:13:17,2002,Ecran,,,,
2026-01-13 10:13:17,2003,Telephone / Tablette,,,,
2026-01-13 10:13:17,2004,Cafetiere,0.0,242.0,0.0,0.0
2026-01-13 10:13:17,2005,Lampe Salle à manger,,,,
2026-01-13 10:13:17,2006,PC Portable,,,,
2026-01-13 10:13:17,2007,Lampe Cuisine,,,,
2026-01-13 10:13:17,2008,Lampe Chambre,,,,
2026-01-13 10:14:39,2001,TV Salle à manger,,,,
2026-01-13 10:14:39,2002,Ecran,,,,
2026-01-13 10:14:39,2003,Telephone / Tablette,,,,
2026-01-13 10:14:39,2004,Cafetiere,0.0,241.7,0.0,0.0
2026-01-13 10:14:39,2005,Lampe Salle à manger,,,,
2026-01-13 10:14:39,2006,PC Portable,,,,
2026-01-13 10:14:39,2007,Lampe Cuisine,,,,
2026-01-13 10:14:39,2008,Lampe Chambre,,,,
2026-01-13 10:16:00,2001,TV Salle à manger,,,,
2026-01-13 10:16:00,2002,Ecran,,,,
2026-01-13 10:16:00,2003,Telephone / Tablette,,,,
2026-01-13 10:16:00,2004,Cafetiere,0.0,242.2,0.0,0.0
2026-01-13 10:16:00,2005,Lampe Salle à manger,,,,
2026-01-13 10:16:00,2006,PC Portable,,,,
2026-01-13 10:16:00,2007,Lampe Cuisine,,,,
2026-01-13 10:16:00,2008,Lampe Chambre,,,,
2026-01-13 10:17:22,2001,TV Salle à manger,,,,
2026-01-13 10:17:22,2002,Ecran,,,,
2026-01-13 10:17:22,2003,Telephone / Tablette,,,,
2026-01-13 10:17:22,2004,Cafetiere,0.0,241.8,0.0,0.0
2026-01-13 10:17:22,2005,Lampe Salle à manger,,,,
2026-01-13 10:17:22,2006,PC Portable,,,,
2026-01-13 10:17:22,2007,Lampe Cuisine,,,,
2026-01-13 10:17:22,2008,Lampe Chambre,,,,
2026-01-13 10:18:44,2001,TV Salle à manger,,,,
2026-01-13 10:18:44,2002,Ecran,,,,
2026-01-13 10:18:44,2003,Telephone / Tablette,,,,
2026-01-13 10:18:44,2004,Cafetiere,0.0,241.8,0.0,0.0
2026-01-13 10:18:44,2005,Lampe Salle à manger,,,,
2026-01-13 10:18:44,2006,PC Portable,,,,
2026-01-13 10:18:44,2007,Lampe Cuisine,,,,
2026-01-13 10:18:44,2008,Lampe Chambre,,,,
2026-01-13 10:20:05,2001,TV Salle à manger,,,,
2026-01-13 10:20:05,2002,Ecran,,,,
2026-01-13 10:20:05,2003,Telephone / Tablette,,,,
2026-01-13 10:20:05,2004,Cafetiere,0.0,241.6,0.0,0.0
2026-01-13 10:20:05,2005,Lampe Salle à manger,,,,
2026-01-13 10:20:05,2006,PC Portable,,,,
2026-01-13 10:20:05,2007,Lampe Cuisine,,,,
2026-01-13 10:20:05,2008,Lampe Chambre,,,,
2026-01-13 10:21:27,2001,TV Salle à manger,,,,
2026-01-13 10:21:27,2002,Ecran,,,,
2026-01-13 10:21:27,2003,Telephone / Tablette,,,,
2026-01-13 10:21:27,2004,Cafetiere,0.0,242.4,0.0,0.0
2026-01-13 10:21:27,2005,Lampe Salle à manger,,,,
2026-01-13 10:21:27,2006,PC Portable,,,,
2026-01-13 10:21:27,2007,Lampe Cuisine,,,,
2026-01-13 10:21:27,2008,Lampe Chambre,,,,
2026-01-13 10:22:48,2001,TV Salle à manger,,,,
2026-01-13 10:22:48,2002,Ecran,,,,
2026-01-13 10:22:48,2003,Telephone / Tablette,,,,
2026-01-13 10:22:48,2004,Cafetiere,0.0,242.2,0.0,0.0
2026-01-13 10:22:48,2005,Lampe Salle à manger,,,,
2026-01-13 10:22:48,2006,PC Portable,,,,
2026-01-13 10:22:48,2007,Lampe Cuisine,,,,
2026-01-13 10:22:48,2008,Lampe Chambre,,,,
2026-01-13 10:24:10,2001,TV Salle à manger,,,,
2026-01-13 10:24:10,2002,Ecran,,,,
2026-01-13 10:24:10,2003,Telephone / Tablette,,,,
2026-01-13 10:24:10,2004,Cafetiere,0.0,241.5,0.0,0.0
2026-01-13 10:24:10,2005,Lampe Salle à manger,,,,
2026-01-13 10:24:10,2006,PC Portable,,,,
2026-01-13 10:24:10,2007,Lampe Cuisine,,,,
2026-01-13 10:24:10,2008,Lampe Chambre,,,,
2026-01-13 10:25:31,2001,TV Salle à manger,,,,
2026-01-13 10:25:31,2002,Ecran,,,,
2026-01-13 10:25:31,2003,Telephone / Tablette,,,,
2026-01-13 10:25:31,2004,Cafetiere,0.0,242.1,0.0,0.0
2026-01-13 10:25:31,2005,Lampe Salle à manger,,,,
2026-01-13 10:25:31,2006,PC Portable,,,,
2026-01-13 10:25:31,2007,Lampe Cuisine,,,,
2026-01-13 10:25:31,2008,Lampe Chambre,,,,
2026-01-13 10:26:53,2001,TV Salle à manger,,,,
2026-01-13 10:26:53,2002,Ecran,,,,
2026-01-13 10:26:53,2003,Telephone / Tablette,,,,
2026-01-13 10:26:53,2004,Cafetiere,0.0,242.5,0.0,0.0
2026-01-13 10:26:53,2005,Lampe Salle à manger,,,,
2026-01-13 10:26:53,2006,PC Portable,,,,
2026-01-13 10:26:53,2007,Lampe Cuisine,,,,
2026-01-13 10:26:53,2008,Lampe Chambre,,,,
2026-01-13 10:28:14,2001,TV Salle à manger,,,,
2026-01-13 10:28:14,2002,Ecran,,,,
2026-01-13 10:28:14,2003,Telephone / Tablette,,,,
2026-01-13 10:28:14,2004,Cafetiere,0.0,241.8,0.0,0.0
2026-01-13 10:28:14,2005,Lampe Salle à manger,,,,
2026-01-13 10:28:14,2006,PC Portable,,,,
2026-01-13 10:28:14,2007,Lampe Cuisine,,,,
2026-01-13 10:28:14,2008,Lampe Chambre,,,,
2026-01-13 10:29:36,2001,TV Salle à manger,,,,
2026-01-13 10:29:36,2002,Ecran,,,,
2026-01-13 10:29:36,2003,Telephone / Tablette,,,,
2026-01-13 10:29:36,2004,Cafetiere,0.0,242.6,0.0,0.0
2026-01-13 10:29:36,2005,Lampe Salle à manger,,,,
2026-01-13 10:29:36,2006,PC Portable,,,,
2026-01-13 10:29:36,2007,Lampe Cuisine,,,,
2026-01-13 10:29:36,2008,Lampe Chambre,,,,
2026-01-13 10:30:57,2001,TV Salle à manger,,,,
2026-01-13 10:30:57,2002,Ecran,,,,
2026-01-13 10:30:57,2003,Telephone / Tablette,,,,
2026-01-13 10:30:57,2004,Cafetiere,0.0,241.9,0.0,0.0
2026-01-13 10:30:57,2005,Lampe Salle à manger,,,,
2026-01-13 10:30:57,2006,PC Portable,,,,
2026-01-13 10:30:57,2007,Lampe Cuisine,,,,
2026-01-13 10:30:57,2008,Lampe Chambre,,,,
2026-01-13 10:32:19,2001,TV Salle à manger,,,,
2026-01-13 10:32:19,2002,Ecran,,,,
2026-01-13 10:32:19,2003,Telephone / Tablette,,,,
2026-01-13 10:32:19,2004,Cafetiere,0.0,241.6,0.0,0.0
2026-01-13 10:32:19,2005,Lampe Salle à manger,,,,
2026-01-13 10:32:19,2006,PC Portable,,,,
2026-01-13 10:32:19,2007,Lampe Cuisine,,,,
2026-01-13 10:32:19,2008,Lampe Chambre,,,,
2026-01-13 10:33:41,2001,TV Salle à manger,,,,
2026-01-13 10:33:41,2002,Ecran,,,,
2026-01-13 10:33:41,2003,Telephone / Tablette,,,,
2026-01-13 10:33:41,2004,Cafetiere,0.0,241.7,0.0,0.0
2026-01-13 10:33:41,2005,Lampe Salle à manger,,,,
2026-01-13 10:33:41,2006,PC Portable,,,,
2026-01-13 10:33:41,2007,Lampe Cuisine,,,,
2026-01-13 10:33:41,2008,Lampe Chambre,,,,
2026-01-13 10:35:02,2001,TV Salle à manger,,,,
2026-01-13 10:35:02,2002,Ecran,,,,
2026-01-13 10:35:02,2003,Telephone / Tablette,,,,
2026-01-13 10:35:02,2004,Cafetiere,0.0,241.4,0.0,0.0
2026-01-13 10:35:02,2005,Lampe Salle à manger,,,,
2026-01-13 10:35:02,2006,PC Portable,,,,
2026-01-13 10:35:02,2007,Lampe Cuisine,,,,
2026-01-13 10:35:02,2008,Lampe Chambre,,,,
2026-01-13 10:36:24,2001,TV Salle à manger,,,,
2026-01-13 10:36:24,2002,Ecran,,,,
2026-01-13 10:36:24,2003,Telephone / Tablette,,,,
2026-01-13 10:36:24,2004,Cafetiere,0.0,242.3,0.0,0.0
2026-01-13 10:36:24,2005,Lampe Salle à manger,,,,
2026-01-13 10:36:24,2006,PC Portable,,,,
2026-01-13 10:36:24,2007,Lampe Cuisine,,,,
2026-01-13 10:36:24,2008,Lampe Chambre,,,,
2026-01-13 10:37:45,2001,TV Salle à manger,,,,
2026-01-13 10:37:45,2002,Ecran,,,,
2026-01-13 10:37:45,2003,Telephone / Tablette,,,,
2026-01-13 10:37:45,2004,Cafetiere,0.0,241.1,0.0,0.0
2026-01-13 10:37:45,2005,Lampe Salle à manger,,,,
2026-01-13 10:37:45,2006,PC Portable,,,,
2026-01-13 10:37:45,2007,Lampe Cuisine,,,,
2026-01-13 10:37:45,2008,Lampe Chambre,,,,
2026-01-13 10:39:07,2001,TV Salle à manger,,,,
2026-01-13 10:39:07,2002,Ecran,,,,
2026-01-13 10:39:07,2003,Telephone / Tablette,,,,
2026-01-13 10:39:07,2004,Cafetiere,0.0,242.2,0.0,0.0
2026-01-13 10:39:07,2005,Lampe Salle à manger,,,,
2026-01-13 10:39:07,2006,PC Portable,,,,
2026-01-13 10:39:07,2007,Lampe Cuisine,,,,
2026-01-13 10:39:07,2008,Lampe Chambre,,,,
2026-01-13 10:40:28,2001,TV Salle à manger,,,,
2026-01-13 10:40:28,2002,Ecran,,,,
2026-01-13 10:40:28,2003,Telephone / Tablette,,,,
2026-01-13 10:40:28,2004,Cafetiere,0.0,241.4,0.0,0.0
2026-01-13 10:40:28,2005,Lampe Salle à manger,,,,
2026-01-13 10:40:28,2006,PC Portable,,,,
2026-01-13 10:40:28,2007,Lampe Cuisine,,,,
2026-01-13 10:40:28,2008,Lampe Chambre,,,,
2026-01-13 10:41:50,2001,TV Salle à manger,,,,
2026-01-13 10:41:50,2002,Ecran,,,,
2026-01-13 10:41:50,2003,Telephone / Tablette,,,,
2026-01-13 10:41:50,2004,Cafetiere,0.0,241.9,0.0,0.0
2026-01-13 10:41:50,2005,Lampe Salle à manger,,,,
2026-01-13 10:41:50,2006,PC Portable,,,,
2026-01-13 10:41:50,2007,Lampe Cuisine,,,,
2026-01-13 10:41:50,2008,Lampe Chambre,,,,
2026-01-13 10:43:11,2001,TV Salle à manger,,,,
2026-01-13 10:43:11,2002,Ecran,,,,
2026-01-13 10:43:11,2003,Telephone / Tablette,,,,
2026-01-13 10:43:11,2004,Cafetiere,0.0,241.7,0.0,0.0
2026-01-13 10:43:11,2005,Lampe Salle à manger,,,,
2026-01-13 10:43:11,2006,PC Portable,,,,
2026-01-13 10:43:11,2007,Lampe Cuisine,,,,
2026-01-13 10:43:11,2008,Lampe Chambre,,,,
2026-01-13 10:44:33,2001,TV Salle à manger,,,,
2026-01-13 10:44:33,2002,Ecran,,,,
2026-01-13 10:44:33,2003,Telephone / Tablette,,,,
2026-01-13 10:44:33,2004,Cafetiere,0.0,241.3,0.0,0.0
2026-01-13 10:44:33,2005,Lampe Salle à manger,,,,
2026-01-13 10:44:33,2006,PC Portable,,,,
2026-01-13 10:44:33,2007,Lampe Cuisine,,,,
2026-01-13 10:44:33,2008,Lampe Chambre,,,,
2026-01-13 10:45:54,2001,TV Salle à manger,,,,
2026-01-13 10:45:54,2002,Ecran,,,,
2026-01-13 10:45:54,2003,Telephone / Tablette,,,,
2026-01-13 10:45:54,2004,Cafetiere,0.0,241.2,0.0,0.0
2026-01-13 10:45:54,2005,Lampe Salle à manger,,,,
2026-01-13 10:45:54,2006,PC Portable,,,,
2026-01-13 10:45:54,2007,Lampe Cuisine,,,,
2026-01-13 10:45:54,2008,Lampe Chambre,,,,
2026-01-13 10:47:16,2001,TV Salle à manger,,,,
2026-01-13 10:47:16,2002,Ecran,,,,
2026-01-13 10:47:16,2003,Telephone / Tablette,,,,
2026-01-13 10:47:16,2004,Cafetiere,0.0,241.3,0.0,0.0
2026-01-13 10:47:16,2005,Lampe Salle à manger,,,,
2026-01-13 10:47:16,2006,PC Portable,,,,
2026-01-13 10:47:16,2007,Lampe Cuisine,,,,
2026-01-13 10:47:16,2008,Lampe Chambre,,,,
2026-01-13 10:48:37,2001,TV Salle à manger,,,,
2026-01-13 10:48:37,2002,Ecran,,,,
2026-01-13 10:48:37,2003,Telephone / Tablette,,,,
2026-01-13 10:48:37,2004,Cafetiere,0.0,241.3,0.0,0.0
2026-01-13 10:48:37,2005,Lampe Salle à manger,,,,
2026-01-13 10:48:37,2006,PC Portable,,,,
2026-01-13 10:48:37,2007,Lampe Cuisine,,,,
2026-01-13 10:48:37,2008,Lampe Chambre,,,,
2026-01-13 10:49:59,2001,TV Salle à manger,,,,
2026-01-13 10:49:59,2002,Ecran,,,,
2026-01-13 10:49:59,2003,Telephone / Tablette,,,,
2026-01-13 10:49:59,2004,Cafetiere,0.0,242.1,0.0,0.0
2026-01-13 10:49:59,2005,Lampe Salle à manger,,,,
2026-01-13 10:49:59,2006,PC Portable,,,,
2026-01-13 10:49:59,2007,Lampe Cuisine,,,,
2026-01-13 10:49:59,2008,Lampe Chambre,,,,
2026-01-13 10:51:21,2001,TV Salle à manger,,,,
2026-01-13 10:51:21,2002,Ecran,,,,
2026-01-13 10:51:21,2003,Telephone / Tablette,,,,
2026-01-13 10:51:21,2004,Cafetiere,0.0,242.1,0.0,0.0
2026-01-13 10:51:21,2005,Lampe Salle à manger,,,,
2026-01-13 10:51:21,2006,PC Portable,,,,
2026-01-13 10:51:21,2007,Lampe Cuisine,,,,
2026-01-13 10:51:21,2008,Lampe Chambre,,,,
2026-01-13 10:52:42,2001,TV Salle à manger,,,,
2026-01-13 10:52:42,2002,Ecran,,,,
2026-01-13 10:52:42,2003,Telephone / Tablette,,,,
2026-01-13 10:52:42,2004,Cafetiere,0.0,242.3,0.0,0.0
2026-01-13 10:52:42,2005,Lampe Salle à manger,,,,
2026-01-13 10:52:42,2006,PC Portable,,,,
2026-01-13 10:52:42,2007,Lampe Cuisine,,,,
2026-01-13 10:52:42,2008,Lampe Chambre,,,,
2026-01-13 10:54:04,2001,TV Salle à manger,,,,
2026-01-13 10:54:04,2002,Ecran,,,,
2026-01-13 10:54:04,2003,Telephone / Tablette,,,,
2026-01-13 10:54:04,2004,Cafetiere,0.0,242.5,0.0,0.0
2026-01-13 10:54:04,2005,Lampe Salle à manger,,,,
2026-01-13 10:54:04,2006,PC Portable,,,,
2026-01-13 10:54:04,2007,Lampe Cuisine,,,,
2026-01-13 10:54:04,2008,Lampe Chambre,,,,
2026-01-13 10:55:25,2001,TV Salle à manger,,,,
2026-01-13 10:55:25,2002,Ecran,,,,
2026-01-13 10:55:25,2003,Telephone / Tablette,,,,
2026-01-13 10:55:25,2004,Cafetiere,0.0,242.3,0.0,0.0
2026-01-13 10:55:25,2005,Lampe Salle à manger,,,,
2026-01-13 10:55:25,2006,PC Portable,,,,
2026-01-13 10:55:25,2007,Lampe Cuisine,,,,
2026-01-13 10:55:25,2008,Lampe Chambre,,,,
2026-01-13 10:56:47,2001,TV Salle à manger,,,,
2026-01-13 10:56:47,2002,Ecran,,,,
2026-01-13 10:56:47,2003,Telephone / Tablette,,,,
2026-01-13 10:56:47,2004,Cafetiere,0.0,241.7,0.0,0.0
2026-01-13 10:56:47,2005,Lampe Salle à manger,,,,
2026-01-13 10:56:47,2006,PC Portable,,,,
2026-01-13 10:56:47,2007,Lampe Cuisine,,,,
2026-01-13 10:56:47,2008,Lampe Chambre,,,,
2026-01-13 10:58:08,2001,TV Salle à manger,,,,
2026-01-13 10:58:08,2002,Ecran,,,,
2026-01-13 10:58:08,2003,Telephone / Tablette,,,,
2026-01-13 10:58:08,2004,Cafetiere,0.0,241.6,0.0,0.0
2026-01-13 10:58:08,2005,Lampe Salle à manger,,,,
2026-01-13 10:58:08,2006,PC Portable,,,,
2026-01-13 10:58:08,2007,Lampe Cuisine,,,,
2026-01-13 10:58:08,2008,Lampe Chambre,,,,
2026-01-13 10:59:30,2001,TV Salle à manger,,,,
2026-01-13 10:59:30,2002,Ecran,,,,
2026-01-13 10:59:30,2003,Telephone / Tablette,,,,
2026-01-13 10:59:30,2004,Cafetiere,0.0,242.2,0.0,0.0
2026-01-13 10:59:30,2005,Lampe Salle à manger,,,,
2026-01-13 10:59:30,2006,PC Portable,,,,
2026-01-13 10:59:30,2007,Lampe Cuisine,,,,
2026-01-13 10:59:30,2008,Lampe Chambre,,,,
2026-01-13 11:00:51,2001,TV Salle à manger,,,,
2026-01-13 11:00:51,2002,Ecran,,,,
2026-01-13 11:00:51,2003,Telephone / Tablette,,,,
2026-01-13 11:00:51,2004,Cafetiere,0.0,241.5,0.0,0.0
2026-01-13 11:00:51,2005,Lampe Salle à manger,,,,
2026-01-13 11:00:51,2006,PC Portable,,,,
2026-01-13 11:00:51,2007,Lampe Cuisine,,,,
2026-01-13 11:00:51,2008,Lampe Chambre,,,,
2026-01-13 11:02:13,2001,TV Salle à manger,,,,
2026-01-13 11:02:13,2002,Ecran,,,,
2026-01-13 11:02:13,2003,Telephone / Tablette,,,,
2026-01-13 11:02:13,2004,Cafetiere,0.0,241.8,0.0,0.0
2026-01-13 11:02:13,2005,Lampe Salle à manger,,,,
2026-01-13 11:02:13,2006,PC Portable,,,,
2026-01-13 11:02:13,2007,Lampe Cuisine,,,,
2026-01-13 11:02:13,2008,Lampe Chambre,,,,
2026-01-13 11:03:34,2001,TV Salle à manger,,,,
2026-01-13 11:03:34,2002,Ecran,,,,
2026-01-13 11:03:34,2003,Telephone / Tablette,,,,
2026-01-13 11:03:34,2004,Cafetiere,0.0,242.4,0.0,0.0
2026-01-13 11:03:34,2005,Lampe Salle à manger,,,,
2026-01-13 11:03:34,2006,PC Portable,,,,
2026-01-13 11:03:34,2007,Lampe Cuisine,,,,
2026-01-13 11:03:34,2008,Lampe Chambre,,,,
2026-01-13 11:04:56,2001,TV Salle à manger,,,,
2026-01-13 11:04:56,2002,Ecran,,,,
2026-01-13 11:04:56,2003,Telephone / Tablette,,,,
2026-01-13 11:04:56,2004,Cafetiere,0.0,241.5,0.0,0.0
2026-01-13 11:04:56,2005,Lampe Salle à manger,,,,
2026-01-13 11:04:56,2006,PC Portable,,,,
2026-01-13 11:04:56,2007,Lampe Cuisine,,,,
2026-01-13 11:04:56,2008,Lampe Chambre,,,,
2026-01-13 11:06:17,2001,TV Salle à manger,,,,
2026-01-13 11:06:17,2002,Ecran,,,,
2026-01-13 11:06:17,2003,Telephone / Tablette,,,,
2026-01-13 11:06:17,2004,Cafetiere,0.0,241.4,0.0,0.0
2026-01-13 11:06:17,2005,Lampe Salle à manger,,,,
2026-01-13 11:06:17,2006,PC Portable,,,,
2026-01-13 11:06:17,2007,Lampe Cuisine,,,,
2026-01-13 11:06:17,2008,Lampe Chambre,,,,
2026-01-13 11:07:39,2001,TV Salle à manger,,,,
2026-01-13 11:07:39,2002,Ecran,,,,
2026-01-13 11:07:39,2003,Telephone / Tablette,,,,
2026-01-13 11:07:39,2004,Cafetiere,0.0,240.8,0.0,0.0
2026-01-13 11:07:39,2005,Lampe Salle à manger,,,,
2026-01-13 11:07:39,2006,PC Portable,,,,
2026-01-13 11:07:39,2007,Lampe Cuisine,,,,
2026-01-13 11:07:39,2008,Lampe Chambre,,,,
2026-01-13 11:09:01,2001,TV Salle à manger,,,,
2026-01-13 11:09:01,2002,Ecran,,,,
2026-01-13 11:09:01,2003,Telephone / Tablette,,,,
2026-01-13 11:09:01,2004,Cafetiere,0.0,241.7,0.0,0.0
2026-01-13 11:09:01,2005,Lampe Salle à manger,,,,
2026-01-13 11:09:01,2006,PC Portable,,,,
2026-01-13 11:09:01,2007,Lampe Cuisine,,,,
2026-01-13 11:09:01,2008,Lampe Chambre,,,,
2026-01-13 11:10:22,2001,TV Salle à manger,,,,
2026-01-13 11:10:22,2002,Ecran,,,,
2026-01-13 11:10:22,2003,Telephone / Tablette,,,,
2026-01-13 11:10:22,2004,Cafetiere,0.0,241.9,0.0,0.0
2026-01-13 11:10:22,2005,Lampe Salle à manger,,,,
2026-01-13 11:10:22,2006,PC Portable,,,,
2026-01-13 11:10:22,2007,Lampe Cuisine,,,,
2026-01-13 11:10:22,2008,Lampe Chambre,,,,
2026-01-13 11:11:44,2001,TV Salle à manger,,,,
2026-01-13 11:11:44,2002,Ecran,,,,
2026-01-13 11:11:44,2003,Telephone / Tablette,,,,
2026-01-13 11:11:44,2004,Cafetiere,0.0,241.3,0.0,0.0
2026-01-13 11:11:44,2005,Lampe Salle à manger,,,,
2026-01-13 11:11:44,2006,PC Portable,,,,
2026-01-13 11:11:44,2007,Lampe Cuisine,,,,
2026-01-13 11:11:44,2008,Lampe Chambre,,,,
2026-01-13 11:13:05,2001,TV Salle à manger,,,,
2026-01-13 11:13:05,2002,Ecran,,,,
2026-01-13 11:13:05,2003,Telephone / Tablette,,,,
2026-01-13 11:13:05,2004,Cafetiere,0.0,241.6,0.0,0.0
2026-01-13 11:13:05,2005,Lampe Salle à manger,,,,
2026-01-13 11:13:05,2006,PC Portable,,,,
2026-01-13 11:13:05,2007,Lampe Cuisine,,,,
2026-01-13 11:13:05,2008,Lampe Chambre,,,,
2026-01-13 11:14:27,2001,TV Salle à manger,,,,
2026-01-13 11:14:27,2002,Ecran,,,,
2026-01-13 11:14:27,2003,Telephone / Tablette,,,,
2026-01-13 11:14:27,2004,Cafetiere,0.0,242.0,0.0,0.0
2026-01-13 11:14:27,2005,Lampe Salle à manger,,,,
2026-01-13 11:14:27,2006,PC Portable,,,,
2026-01-13 11:14:27,2007,Lampe Cuisine,,,,
2026-01-13 11:14:27,2008,Lampe Chambre,,,,
2026-01-13 11:15:48,2001,TV Salle à manger,,,,
2026-01-13 11:15:48,2002,Ecran,,,,
2026-01-13 11:15:48,2003,Telephone / Tablette,,,,
2026-01-13 11:15:48,2004,Cafetiere,0.0,241.0,0.0,0.0
2026-01-13 11:15:48,2005,Lampe Salle à manger,,,,
2026-01-13 11:15:48,2006,PC Portable,,,,
2026-01-13 11:15:48,2007,Lampe Cuisine,,,,
2026-01-13 11:15:48,2008,Lampe Chambre,,,,
2026-01-13 11:17:10,2001,TV Salle à manger,,,,
2026-01-13 11:17:10,2002,Ecran,,,,
2026-01-13 11:17:10,2003,Telephone / Tablette,,,,
2026-01-13 11:17:10,2004,Cafetiere,0.0,241.0,0.0,0.0
2026-01-13 11:17:10,2005,Lampe Salle à manger,,,,
2026-01-13 11:17:10,2006,PC Portable,,,,
2026-01-13 11:17:10,2007,Lampe Cuisine,,,,
2026-01-13 11:17:10,2008,Lampe Chambre,,,,
2026-01-13 11:18:31,2001,TV Salle à manger,,,,
2026-01-13 11:18:31,2002,Ecran,,,,
2026-01-13 11:18:31,2003,Telephone / Tablette,,,,
2026-01-13 11:18:31,2004,Cafetiere,0.0,242.3,0.0,0.0
2026-01-13 11:18:31,2005,Lampe Salle à manger,,,,
2026-01-13 11:18:31,2006,PC Portable,,,,
2026-01-13 11:18:31,2007,Lampe Cuisine,,,,
2026-01-13 11:18:31,2008,Lampe Chambre,,,,
2026-01-13 11:19:53,2001,TV Salle à manger,,,,
2026-01-13 11:19:53,2002,Ecran,,,,
2026-01-13 11:19:53,2003,Telephone / Tablette,,,,
2026-01-13 11:19:53,2004,Cafetiere,0.0,241.2,0.0,0.0
2026-01-13 11:19:53,2005,Lampe Salle à manger,,,,
2026-01-13 11:19:53,2006,PC Portable,,,,
2026-01-13 11:19:53,2007,Lampe Cuisine,,,,
2026-01-13 11:19:53,2008,Lampe Chambre,,,,
2026-01-13 11:21:14,2001,TV Salle à manger,,,,
2026-01-13 11:21:14,2002,Ecran,,,,
2026-01-13 11:21:14,2003,Telephone / Tablette,,,,
2026-01-13 11:21:14,2004,Cafetiere,0.0,240.9,0.0,0.0
2026-01-13 11:21:14,2005,Lampe Salle à manger,,,,
2026-01-13 11:21:14,2006,PC Portable,,,,
2026-01-13 11:21:14,2007,Lampe Cuisine,,,,
2026-01-13 11:21:14,2008,Lampe Chambre,,,,
2026-01-13 11:22:36,2001,TV Salle à manger,,,,
2026-01-13 11:22:36,2002,Ecran,,,,
2026-01-13 11:22:36,2003,Telephone / Tablette,,,,
2026-01-13 11:22:36,2004,Cafetiere,0.0,241.3,0.0,0.0
2026-01-13 11:22:36,2005,Lampe Salle à manger,,,,
2026-01-13 11:22:36,2006,PC Portable,,,,
2026-01-13 11:22:36,2007,Lampe Cuisine,,,,
2026-01-13 11:22:36,2008,Lampe Chambre,,,,
2026-01-13 11:23:58,2001,TV Salle à manger,,,,
2026-01-13 11:23:58,2002,Ecran,,,,
2026-01-13 11:23:58,2003,Telephone / Tablette,,,,
2026-01-13 11:23:58,2004,Cafetiere,0.0,241.6,0.0,0.0
2026-01-13 11:23:58,2005,Lampe Salle à manger,,,,
2026-01-13 11:23:58,2006,PC Portable,,,,
2026-01-13 11:23:58,2007,Lampe Cuisine,,,,
2026-01-13 11:23:58,2008,Lampe Chambre,,,,
2026-01-13 11:25:19,2001,TV Salle à manger,,,,
2026-01-13 11:25:19,2002,Ecran,,,,
2026-01-13 11:25:19,2003,Telephone / Tablette,,,,
2026-01-13 11:25:19,2004,Cafetiere,0.0,241.7,0.0,0.0
2026-01-13 11:25:19,2005,Lampe Salle à manger,,,,
2026-01-13 11:25:19,2006,PC Portable,,,,
2026-01-13 11:25:19,2007,Lampe Cuisine,,,,
2026-01-13 11:25:19,2008,Lampe Chambre,,,,
2026-01-13 11:26:41,2001,TV Salle à manger,,,,
2026-01-13 11:26:41,2002,Ecran,,,,
2026-01-13 11:26:41,2003,Telephone / Tablette,,,,
2026-01-13 11:26:41,2004,Cafetiere,0.0,241.4,0.0,0.0
2026-01-13 11:26:41,2005,Lampe Salle à manger,,,,
2026-01-13 11:26:41,2006,PC Portable,,,,
2026-01-13 11:26:41,2007,Lampe Cuisine,,,,
2026-01-13 11:26:41,2008,Lampe Chambre,,,,
2026-01-13 11:28:02,2001,TV Salle à manger,,,,
2026-01-13 11:28:02,2002,Ecran,,,,
2026-01-13 11:28:02,2003,Telephone / Tablette,,,,
2026-01-13 11:28:02,2004,Cafetiere,0.0,241.5,0.0,0.0
2026-01-13 11:28:02,2005,Lampe Salle à manger,,,,
2026-01-13 11:28:02,2006,PC Portable,,,,
2026-01-13 11:28:02,2007,Lampe Cuisine,,,,
2026-01-13 11:28:02,2008,Lampe Chambre,,,,
2026-01-13 11:29:24,2001,TV Salle à manger,,,,
2026-01-13 11:29:24,2002,Ecran,,,,
2026-01-13 11:29:24,2003,Telephone / Tablette,,,,
2026-01-13 11:29:24,2004,Cafetiere,0.0,241.7,0.0,0.0
2026-01-13 11:29:24,2005,Lampe Salle à manger,,,,
2026-01-13 11:29:24,2006,PC Portable,,,,
2026-01-13 11:29:24,2007,Lampe Cuisine,,,,
2026-01-13 11:29:24,2008,Lampe Chambre,,,,
2026-01-13 11:30:45,2001,TV Salle à manger,,,,
2026-01-13 11:30:45,2002,Ecran,,,,
2026-01-13 11:30:45,2003,Telephone / Tablette,,,,
2026-01-13 11:30:45,2004,Cafetiere,0.0,241.1,0.0,0.0
2026-01-13 11:30:45,2005,Lampe Salle à manger,,,,
2026-01-13 11:30:45,2006,PC Portable,,,,
2026-01-13 11:30:45,2007,Lampe Cuisine,,,,
2026-01-13 11:30:45,2008,Lampe Chambre,,,,
2026-01-13 11:32:07,2001,TV Salle à manger,,,,
2026-01-13 11:32:07,2002,Ecran,,,,
2026-01-13 11:32:07,2003,Telephone / Tablette,,,,
2026-01-13 11:32:07,2004,Cafetiere,0.0,241.9,0.0,0.0
2026-01-13 11:32:07,2005,Lampe Salle à manger,,,,
2026-01-13 11:32:07,2006,PC Portable,,,,
2026-01-13 11:32:07,2007,Lampe Cuisine,,,,
2026-01-13 11:32:07,2008,Lampe Chambre,,,,
2026-01-13 11:33:28,2001,TV Salle à manger,,,,
2026-01-13 11:33:28,2002,Ecran,,,,
2026-01-13 11:33:28,2003,Telephone / Tablette,,,,
2026-01-13 11:33:28,2004,Cafetiere,0.0,241.5,0.0,0.0
2026-01-13 11:33:28,2005,Lampe Salle à manger,,,,
2026-01-13 11:33:28,2006,PC Portable,,,,
2026-01-13 11:33:28,2007,Lampe Cuisine,,,,
2026-01-13 11:33:28,2008,Lampe Chambre,,,,
2026-01-13 11:34:50,2001,TV Salle à manger,,,,
2026-01-13 11:34:50,2002,Ecran,,,,
2026-01-13 11:34:50,2003,Telephone / Tablette,,,,
2026-01-13 11:34:50,2004,Cafetiere,0.0,241.8,0.0,0.0
2026-01-13 11:34:50,2005,Lampe Salle à manger,,,,
2026-01-13 11:34:50,2006,PC Portable,,,,
2026-01-13 11:34:50,2007,Lampe Cuisine,,,,
2026-01-13 11:34:50,2008,Lampe Chambre,,,,
2026-01-13 11:36:11,2001,TV Salle à manger,,,,
2026-01-13 11:36:11,2002,Ecran,,,,
2026-01-13 11:36:11,2003,Telephone / Tablette,,,,
2026-01-13 11:36:11,2004,Cafetiere,0.0,242.2,0.0,0.0
2026-01-13 11:36:11,2005,Lampe Salle à manger,,,,
2026-01-13 11:36:11,2006,PC Portable,,,,
2026-01-13 11:36:11,2007,Lampe Cuisine,,,,
2026-01-13 11:36:11,2008,Lampe Chambre,,,,
2026-01-13 11:37:33,2001,TV Salle à manger,,,,
2026-01-13 11:37:33,2002,Ecran,,,,
2026-01-13 11:37:33,2003,Telephone / Tablette,,,,
2026-01-13 11:37:33,2004,Cafetiere,0.0,241.8,0.0,0.0
2026-01-13 11:37:33,2005,Lampe Salle à manger,,,,
2026-01-13 11:37:33,2006,PC Portable,,,,
2026-01-13 11:37:33,2007,Lampe Cuisine,,,,
2026-01-13 11:37:33,2008,Lampe Chambre,,,,
2026-01-13 11:38:54,2001,TV Salle à manger,,,,
2026-01-13 11:38:54,2002,Ecran,,,,
2026-01-13 11:38:54,2003,Telephone / Tablette,,,,
2026-01-13 11:38:54,2004,Cafetiere,0.0,241.7,0.0,0.0
2026-01-13 11:38:54,2005,Lampe Salle à manger,,,,
2026-01-13 11:38:54,2006,PC Portable,,,,
2026-01-13 11:38:54,2007,Lampe Cuisine,,,,
2026-01-13 11:38:54,2008,Lampe Chambre,,,,
2026-01-13 11:40:16,2001,TV Salle à manger,,,,
2026-01-13 11:40:16,2002,Ecran,,,,
2026-01-13 11:40:16,2003,Telephone / Tablette,,,,
2026-01-13 11:40:16,2004,Cafetiere,0.0,242.1,0.0,0.0
2026-01-13 11:40:16,2005,Lampe Salle à manger,,,,
2026-01-13 11:40:16,2006,PC Portable,,,,
2026-01-13 11:40:16,2007,Lampe Cuisine,,,,
2026-01-13 11:40:16,2008,Lampe Chambre,,,,
2026-01-13 11:41:38,2001,TV Salle à manger,,,,
2026-01-13 11:41:38,2002,Ecran,,,,
2026-01-13 11:41:38,2003,Telephone / Tablette,,,,
2026-01-13 11:41:38,2004,Cafetiere,0.0,241.6,0.0,0.0
2026-01-13 11:41:38,2005,Lampe Salle à manger,,,,
2026-01-13 11:41:38,2006,PC Portable,,,,
2026-01-13 11:41:38,2007,Lampe Cuisine,,,,
2026-01-13 11:41:38,2008,Lampe Chambre,,,,
2026-01-13 11:42:59,2001,TV Salle à manger,,,,
2026-01-13 11:42:59,2002,Ecran,,,,
2026-01-13 11:42:59,2003,Telephone / Tablette,,,,
2026-01-13 11:42:59,2004,Cafetiere,0.0,241.3,0.0,0.0
2026-01-13 11:42:59,2005,Lampe Salle à manger,,,,
2026-01-13 11:42:59,2006,PC Portable,,,,
2026-01-13 11:42:59,2007,Lampe Cuisine,,,,
2026-01-13 11:42:59,2008,Lampe Chambre,,,,
2026-01-13 11:44:21,2001,TV Salle à manger,,,,
2026-01-13 11:44:21,2002,Ecran,,,,
2026-01-13 11:44:21,2003,Telephone / Tablette,,,,
2026-01-13 11:44:21,2004,Cafetiere,0.0,241.8,0.0,0.0
2026-01-13 11:44:21,2005,Lampe Salle à manger,,,,
2026-01-13 11:44:21,2006,PC Portable,,,,
2026-01-13 11:44:21,2007,Lampe Cuisine,,,,
2026-01-13 11:44:21,2008,Lampe Chambre,,,,
2026-01-13 11:45:42,2001,TV Salle à manger,,,,
2026-01-13 11:45:42,2002,Ecran,,,,
2026-01-13 11:45:42,2003,Telephone / Tablette,,,,
2026-01-13 11:45:42,2004,Cafetiere,0.0,242.3,0.0,0.0
2026-01-13 11:45:42,2005,Lampe Salle à manger,,,,
2026-01-13 11:45:42,2006,PC Portable,,,,
2026-01-13 11:45:42,2007,Lampe Cuisine,,,,
2026-01-13 11:45:42,2008,Lampe Chambre,,,,
2026-01-13 11:47:04,2001,TV Salle à manger,,,,
2026-01-13 11:47:04,2002,Ecran,,,,
2026-01-13 11:47:04,2003,Telephone / Tablette,,,,
2026-01-13 11:47:04,2004,Cafetiere,0.0,241.8,0.0,0.0
2026-01-13 11:47:04,2005,Lampe Salle à manger,,,,
2026-01-13 11:47:04,2006,PC Portable,,,,
2026-01-13 11:47:04,2007,Lampe Cuisine,,,,
2026-01-13 11:47:04,2008,Lampe Chambre,,,,
2026-01-13 11:48:25,2001,TV Salle à manger,,,,
2026-01-13 11:48:25,2002,Ecran,,,,
2026-01-13 11:48:25,2003,Telephone / Tablette,,,,
2026-01-13 11:48:25,2004,Cafetiere,0.0,242.6,0.0,0.0
2026-01-13 11:48:25,2005,Lampe Salle à manger,,,,
2026-01-13 11:48:25,2006,PC Portable,,,,
2026-01-13 11:48:25,2007,Lampe Cuisine,,,,
2026-01-13 11:48:25,2008,Lampe Chambre,,,,
2026-01-13 11:49:47,2001,TV Salle à manger,,,,
2026-01-13 11:49:47,2002,Ecran,,,,
2026-01-13 11:49:47,2003,Telephone / Tablette,,,,
2026-01-13 11:49:47,2004,Cafetiere,0.0,242.2,0.0,0.0
2026-01-13 11:49:47,2005,Lampe Salle à manger,,,,
2026-01-13 11:49:47,2006,PC Portable,,,,
2026-01-13 11:49:47,2007,Lampe Cuisine,,,,
2026-01-13 11:49:47,2008,Lampe Chambre,,,,
2026-01-13 11:51:08,2001,TV Salle à manger,,,,
2026-01-13 11:51:08,2002,Ecran,,,,
2026-01-13 11:51:08,2003,Telephone / Tablette,,,,
2026-01-13 11:51:08,2004,Cafetiere,0.0,242.3,0.0,0.0
2026-01-13 11:51:08,2005,Lampe Salle à manger,,,,
2026-01-13 11:51:08,2006,PC Portable,,,,
2026-01-13 11:51:08,2007,Lampe Cuisine,,,,
2026-01-13 11:51:08,2008,Lampe Chambre,,,,
2026-01-13 11:52:30,2001,TV Salle à manger,,,,
2026-01-13 11:52:30,2002,Ecran,,,,
2026-01-13 11:52:30,2003,Telephone / Tablette,,,,
2026-01-13 11:52:30,2004,Cafetiere,0.0,241.6,0.0,0.0
2026-01-13 11:52:30,2005,Lampe Salle à manger,,,,
2026-01-13 11:52:30,2006,PC Portable,,,,
2026-01-13 11:52:30,2007,Lampe Cuisine,,,,
2026-01-13 11:52:30,2008,Lampe Chambre,,,,
2026-01-13 11:53:52,2001,TV Salle à manger,,,,
2026-01-13 11:53:52,2002,Ecran,,,,
2026-01-13 11:53:52,2003,Telephone / Tablette,,,,
2026-01-13 11:53:52,2004,Cafetiere,0.0,241.9,0.0,0.0
2026-01-13 11:53:52,2005,Lampe Salle à manger,,,,
2026-01-13 11:53:52,2006,PC Portable,,,,
2026-01-13 11:53:52,2007,Lampe Cuisine,,,,
2026-01-13 11:53:52,2008,Lampe Chambre,,,,
2026-01-13 11:55:13,2001,TV Salle à manger,,,,
2026-01-13 11:55:13,2002,Ecran,,,,
2026-01-13 11:55:13,2003,Telephone / Tablette,,,,
2026-01-13 11:55:13,2004,Cafetiere,0.0,242.4,0.0,0.0
2026-01-13 11:55:13,2005,Lampe Salle à manger,,,,
2026-01-13 11:55:13,2006,PC Portable,,,,
2026-01-13 11:55:13,2007,Lampe Cuisine,,,,
2026-01-13 11:55:13,2008,Lampe Chambre,,,,
2026-01-13 11:56:35,2001,TV Salle à manger,,,,
2026-01-13 11:56:35,2002,Ecran,,,,
2026-01-13 11:56:35,2003,Telephone / Tablette,,,,
2026-01-13 11:56:35,2004,Cafetiere,0.0,241.4,0.0,0.0
2026-01-13 11:56:35,2005,Lampe Salle à manger,,,,
2026-01-13 11:56:35,2006,PC Portable,,,,
2026-01-13 11:56:35,2007,Lampe Cuisine,,,,
2026-01-13 11:56:35,2008,Lampe Chambre,,,,
2026-01-13 11:57:56,2001,TV Salle à manger,,,,
2026-01-13 11:57:56,2002,Ecran,,,,
2026-01-13 11:57:56,2003,Telephone / Tablette,,,,
2026-01-13 11:57:56,2004,Cafetiere,0.0,242.7,0.0,0.0
2026-01-13 11:57:56,2005,Lampe Salle à manger,,,,
2026-01-13 11:57:56,2006,PC Portable,,,,
2026-01-13 11:57:56,2007,Lampe Cuisine,,,,
2026-01-13 11:57:56,2008,Lampe Chambre,,,,
2026-01-13 11:59:18,2001,TV Salle à manger,,,,
2026-01-13 11:59:18,2002,Ecran,,,,
2026-01-13 11:59:18,2003,Telephone / Tablette,,,,
2026-01-13 11:59:18,2004,Cafetiere,0.0,242.2,0.0,0.0
2026-01-13 11:59:18,2005,Lampe Salle à manger,,,,
2026-01-13 11:59:18,2006,PC Portable,,,,
2026-01-13 11:59:18,2007,Lampe Cuisine,,,,
2026-01-13 11:59:18,2008,Lampe Chambre,,,,
2026-01-13 12:00:39,2001,TV Salle à manger,,,,
2026-01-13 12:00:39,2002,Ecran,,,,
2026-01-13 12:00:39,2003,Telephone / Tablette,,,,
2026-01-13 12:00:39,2004,Cafetiere,0.0,242.6,0.0,0.0
2026-01-13 12:00:39,2005,Lampe Salle à manger,,,,
2026-01-13 12:00:39,2006,PC Portable,,,,
2026-01-13 12:00:39,2007,Lampe Cuisine,,,,
2026-01-13 12:00:39,2008,Lampe Chambre,,,,
2026-01-13 12:02:01,2001,TV Salle à manger,,,,
2026-01-13 12:02:01,2002,Ecran,,,,
2026-01-13 12:02:01,2003,Telephone / Tablette,,,,
2026-01-13 12:02:01,2004,Cafetiere,0.0,242.7,0.0,0.0
2026-01-13 12:02:01,2005,Lampe Salle à manger,,,,
2026-01-13 12:02:01,2006,PC Portable,,,,
2026-01-13 12:02:01,2007,Lampe Cuisine,,,,
2026-01-13 12:02:01,2008,Lampe Chambre,,,,
2026-01-13 12:03:22,2001,TV Salle à manger,,,,
2026-01-13 12:03:22,2002,Ecran,,,,
2026-01-13 12:03:22,2003,Telephone / Tablette,,,,
2026-01-13 12:03:22,2004,Cafetiere,0.0,243.1,0.0,0.0
2026-01-13 12:03:22,2005,Lampe Salle à manger,,,,
2026-01-13 12:03:22,2006,PC Portable,,,,
2026-01-13 12:03:22,2007,Lampe Cuisine,,,,
2026-01-13 12:03:22,2008,Lampe Chambre,,,,
2026-01-13 12:04:44,2001,TV Salle à manger,,,,
2026-01-13 12:04:44,2002,Ecran,,,,
2026-01-13 12:04:44,2003,Telephone / Tablette,,,,
2026-01-13 12:04:44,2004,Cafetiere,0.0,242.6,0.0,0.0
2026-01-13 12:04:44,2005,Lampe Salle à manger,,,,
2026-01-13 12:04:44,2006,PC Portable,,,,
2026-01-13 12:04:44,2007,Lampe Cuisine,,,,
2026-01-13 12:04:44,2008,Lampe Chambre,,,,
2026-01-13 12:06:05,2001,TV Salle à manger,,,,
2026-01-13 12:06:05,2002,Ecran,,,,
2026-01-13 12:06:05,2003,Telephone / Tablette,,,,
2026-01-13 12:06:05,2004,Cafetiere,0.0,242.2,0.0,0.0
2026-01-13 12:06:05,2005,Lampe Salle à manger,,,,
2026-01-13 12:06:05,2006,PC Portable,,,,
2026-01-13 12:06:05,2007,Lampe Cuisine,,,,
2026-01-13 12:06:05,2008,Lampe Chambre,,,,
2026-01-13 12:07:27,2001,TV Salle à manger,,,,
2026-01-13 12:07:27,2002,Ecran,,,,
2026-01-13 12:07:27,2003,Telephone / Tablette,,,,
2026-01-13 12:07:27,2004,Cafetiere,0.0,242.2,0.0,0.0
2026-01-13 12:07:27,2005,Lampe Salle à manger,,,,
2026-01-13 12:07:27,2006,PC Portable,,,,
2026-01-13 12:07:27,2007,Lampe Cuisine,,,,
2026-01-13 12:07:27,2008,Lampe Chambre,,,,
2026-01-13 12:08:48,2001,TV Salle à manger,,,,
2026-01-13 12:08:48,2002,Ecran,,,,
2026-01-13 12:08:48,2003,Telephone / Tablette,,,,
2026-01-13 12:08:48,2004,Cafetiere,0.0,242.6,0.0,0.0
2026-01-13 12:08:48,2005,Lampe Salle à manger,,,,
2026-01-13 12:08:48,2006,PC Portable,,,,
2026-01-13 12:08:48,2007,Lampe Cuisine,,,,
2026-01-13 12:08:48,2008,Lampe Chambre,,,,
2026-01-13 12:10:10,2001,TV Salle à manger,,,,
2026-01-13 12:10:10,2002,Ecran,,,,
2026-01-13 12:10:10,2003,Telephone / Tablette,,,,
2026-01-13 12:10:10,2004,Cafetiere,0.0,242.1,0.0,0.0
2026-01-13 12:10:10,2005,Lampe Salle à manger,,,,
2026-01-13 12:10:10,2006,PC Portable,,,,
2026-01-13 12:10:10,2007,Lampe Cuisine,,,,
2026-01-13 12:10:10,2008,Lampe Chambre,,,,
2026-01-13 12:11:31,2001,TV Salle à manger,,,,
2026-01-13 12:11:31,2002,Ecran,,,,
2026-01-13 12:11:31,2003,Telephone / Tablette,,,,
2026-01-13 12:11:31,2004,Cafetiere,0.0,242.6,0.0,0.0
2026-01-13 12:11:31,2005,Lampe Salle à manger,,,,
2026-01-13 12:11:31,2006,PC Portable,,,,
2026-01-13 12:11:31,2007,Lampe Cuisine,,,,
2026-01-13 12:11:31,2008,Lampe Chambre,,,,
2026-01-13 12:12:53,2001,TV Salle à manger,,,,
2026-01-13 12:12:53,2002,Ecran,,,,
2026-01-13 12:12:53,2003,Telephone / Tablette,,,,
2026-01-13 12:12:53,2004,Cafetiere,0.0,242.5,0.0,0.0
2026-01-13 12:12:53,2005,Lampe Salle à manger,,,,
2026-01-13 12:12:53,2006,PC Portable,,,,
2026-01-13 12:12:53,2007,Lampe Cuisine,,,,
2026-01-13 12:12:53,2008,Lampe Chambre,,,,
2026-01-13 12:14:15,2001,TV Salle à manger,,,,
2026-01-13 12:14:15,2002,Ecran,,,,
2026-01-13 12:14:15,2003,Telephone / Tablette,,,,
2026-01-13 12:14:15,2004,Cafetiere,0.0,242.0,0.0,0.0
2026-01-13 12:14:15,2005,Lampe Salle à manger,,,,
2026-01-13 12:14:15,2006,PC Portable,,,,
2026-01-13 12:14:15,2007,Lampe Cuisine,,,,
2026-01-13 12:14:15,2008,Lampe Chambre,,,,
2026-01-13 12:15:36,2001,TV Salle à manger,,,,
2026-01-13 12:15:36,2002,Ecran,,,,
2026-01-13 12:15:36,2003,Telephone / Tablette,,,,
2026-01-13 12:15:36,2004,Cafetiere,0.0,242.2,0.0,0.0
2026-01-13 12:15:36,2005,Lampe Salle à manger,,,,
2026-01-13 12:15:36,2006,PC Portable,,,,
2026-01-13 12:15:36,2007,Lampe Cuisine,,,,
2026-01-13 12:15:36,2008,Lampe Chambre,,,,
2026-01-13 12:16:58,2001,TV Salle à manger,,,,
2026-01-13 12:16:58,2002,Ecran,,,,
2026-01-13 12:16:58,2003,Telephone / Tablette,,,,
2026-01-13 12:16:58,2004,Cafetiere,0.0,242.4,0.0,0.0
2026-01-13 12:16:58,2005,Lampe Salle à manger,,,,
2026-01-13 12:16:58,2006,PC Portable,,,,
2026-01-13 12:16:58,2007,Lampe Cuisine,,,,
2026-01-13 12:16:58,2008,Lampe Chambre,,,,
2026-01-13 12:18:19,2001,TV Salle à manger,,,,
2026-01-13 12:18:19,2002,Ecran,,,,
2026-01-13 12:18:19,2003,Telephone / Tablette,,,,
2026-01-13 12:18:19,2004,Cafetiere,0.0,242.4,0.0,0.0
2026-01-13 12:18:19,2005,Lampe Salle à manger,,,,
2026-01-13 12:18:19,2006,PC Portable,,,,
2026-01-13 12:18:19,2007,Lampe Cuisine,,,,
2026-01-13 12:18:19,2008,Lampe Chambre,,,,
2026-01-13 12:19:41,2001,TV Salle à manger,,,,
2026-01-13 12:19:41,2002,Ecran,,,,
2026-01-13 12:19:41,2003,Telephone / Tablette,,,,
2026-01-13 12:19:41,2004,Cafetiere,0.0,242.7,0.0,0.0
2026-01-13 12:19:41,2005,Lampe Salle à manger,,,,
2026-01-13 12:19:41,2006,PC Portable,,,,
2026-01-13 12:19:41,2007,Lampe Cuisine,,,,
2026-01-13 12:19:41,2008,Lampe Chambre,,,,
2026-01-13 12:21:02,2001,TV Salle à manger,,,,
2026-01-13 12:21:02,2002,Ecran,,,,
2026-01-13 12:21:02,2003,Telephone / Tablette,,,,
2026-01-13 12:21:02,2004,Cafetiere,0.0,242.4,0.0,0.0
2026-01-13 12:21:02,2005,Lampe Salle à manger,,,,
2026-01-13 12:21:02,2006,PC Portable,,,,
2026-01-13 12:21:02,2007,Lampe Cuisine,,,,
2026-01-13 12:21:02,2008,Lampe Chambre,,,,
2026-01-13 12:22:24,2001,TV Salle à manger,,,,
2026-01-13 12:22:24,2002,Ecran,,,,
2026-01-13 12:22:24,2003,Telephone / Tablette,,,,
2026-01-13 12:22:24,2004,Cafetiere,0.0,242.7,0.0,0.0
2026-01-13 12:22:24,2005,Lampe Salle à manger,,,,
2026-01-13 12:22:24,2006,PC Portable,,,,
2026-01-13 12:22:24,2007,Lampe Cuisine,,,,
2026-01-13 12:22:24,2008,Lampe Chambre,,,,
2026-01-13 12:23:45,2001,TV Salle à manger,,,,
2026-01-13 12:23:45,2002,Ecran,,,,
2026-01-13 12:23:45,2003,Telephone / Tablette,,,,
2026-01-13 12:23:45,2004,Cafetiere,0.0,242.4,0.0,0.0
2026-01-13 12:23:45,2005,Lampe Salle à manger,,,,
2026-01-13 12:23:45,2006,PC Portable,,,,
2026-01-13 12:23:45,2007,Lampe Cuisine,,,,
2026-01-13 12:23:45,2008,Lampe Chambre,,,,
2026-01-13 12:25:07,2001,TV Salle à manger,,,,
2026-01-13 12:25:07,2002,Ecran,,,,
2026-01-13 12:25:07,2003,Telephone / Tablette,,,,
2026-01-13 12:25:07,2004,Cafetiere,0.0,243.3,0.0,0.0
2026-01-13 12:25:07,2005,Lampe Salle à manger,,,,
2026-01-13 12:25:07,2006,PC Portable,,,,
2026-01-13 12:25:07,2007,Lampe Cuisine,,,,
2026-01-13 12:25:07,2008,Lampe Chambre,,,,
2026-01-13 12:26:28,2001,TV Salle à manger,,,,
2026-01-13 12:26:28,2002,Ecran,,,,
2026-01-13 12:26:28,2003,Telephone / Tablette,,,,
2026-01-13 12:26:28,2004,Cafetiere,0.0,243.1,0.0,0.0
2026-01-13 12:26:28,2005,Lampe Salle à manger,,,,
2026-01-13 12:26:28,2006,PC Portable,,,,
2026-01-13 12:26:28,2007,Lampe Cuisine,,,,
2026-01-13 12:26:28,2008,Lampe Chambre,,,,
2026-01-13 12:27:50,2001,TV Salle à manger,,,,
2026-01-13 12:27:50,2002,Ecran,,,,
2026-01-13 12:27:50,2003,Telephone / Tablette,,,,
2026-01-13 12:27:50,2004,Cafetiere,0.0,242.4,0.0,0.0
2026-01-13 12:27:50,2005,Lampe Salle à manger,,,,
2026-01-13 12:27:50,2006,PC Portable,,,,
2026-01-13 12:27:50,2007,Lampe Cuisine,,,,
2026-01-13 12:27:50,2008,Lampe Chambre,,,,
2026-01-13 12:29:11,2001,TV Salle à manger,,,,
2026-01-13 12:29:11,2002,Ecran,,,,
2026-01-13 12:29:11,2003,Telephone / Tablette,,,,
2026-01-13 12:29:11,2004,Cafetiere,0.0,242.9,0.0,0.0
2026-01-13 12:29:11,2005,Lampe Salle à manger,,,,
2026-01-13 12:29:11,2006,PC Portable,,,,
2026-01-13 12:29:11,2007,Lampe Cuisine,,,,
2026-01-13 12:29:11,2008,Lampe Chambre,,,,
2026-01-13 12:30:33,2001,TV Salle à manger,,,,
2026-01-13 12:30:33,2002,Ecran,,,,
2026-01-13 12:30:33,2003,Telephone / Tablette,,,,
2026-01-13 12:30:33,2004,Cafetiere,0.0,242.0,0.0,0.0
2026-01-13 12:30:33,2005,Lampe Salle à manger,,,,
2026-01-13 12:30:33,2006,PC Portable,,,,
2026-01-13 12:30:33,2007,Lampe Cuisine,,,,
2026-01-13 12:30:33,2008,Lampe Chambre,,,,
2026-01-13 12:31:55,2001,TV Salle à manger,,,,
2026-01-13 12:31:55,2002,Ecran,,,,
2026-01-13 12:31:55,2003,Telephone / Tablette,,,,
2026-01-13 12:31:55,2004,Cafetiere,0.0,241.7,0.0,0.0
2026-01-13 12:31:55,2005,Lampe Salle à manger,,,,
2026-01-13 12:31:55,2006,PC Portable,,,,
2026-01-13 12:31:55,2007,Lampe Cuisine,,,,
2026-01-13 12:31:55,2008,Lampe Chambre,,,,
2026-01-13 12:33:16,2001,TV Salle à manger,,,,
2026-01-13 12:33:16,2002,Ecran,,,,
2026-01-13 12:33:16,2003,Telephone / Tablette,,,,
2026-01-13 12:33:16,2004,Cafetiere,0.0,241.5,0.0,0.0
2026-01-13 12:33:16,2005,Lampe Salle à manger,,,,
2026-01-13 12:33:16,2006,PC Portable,,,,
2026-01-13 12:33:16,2007,Lampe Cuisine,,,,
2026-01-13 12:33:16,2008,Lampe Chambre,,,,
2026-01-13 12:34:38,2001,TV Salle à manger,,,,
2026-01-13 12:34:38,2002,Ecran,,,,
2026-01-13 12:34:38,2003,Telephone / Tablette,,,,
2026-01-13 12:34:38,2004,Cafetiere,0.0,242.5,0.0,0.0
2026-01-13 12:34:38,2005,Lampe Salle à manger,,,,
2026-01-13 12:34:38,2006,PC Portable,,,,
2026-01-13 12:34:38,2007,Lampe Cuisine,,,,
2026-01-13 12:34:38,2008,Lampe Chambre,,,,
2026-01-13 12:35:59,2001,TV Salle à manger,,,,
2026-01-13 12:35:59,2002,Ecran,,,,
2026-01-13 12:35:59,2003,Telephone / Tablette,,,,
2026-01-13 12:35:59,2004,Cafetiere,0.0,242.2,0.0,0.0
2026-01-13 12:35:59,2005,Lampe Salle à manger,,,,
2026-01-13 12:35:59,2006,PC Portable,,,,
2026-01-13 12:35:59,2007,Lampe Cuisine,,,,
2026-01-13 12:35:59,2008,Lampe Chambre,,,,
2026-01-13 12:37:21,2001,TV Salle à manger,,,,
2026-01-13 12:37:21,2002,Ecran,,,,
2026-01-13 12:37:21,2003,Telephone / Tablette,,,,
2026-01-13 12:37:21,2004,Cafetiere,0.0,242.4,0.0,0.0
2026-01-13 12:37:21,2005,Lampe Salle à manger,,,,
2026-01-13 12:37:21,2006,PC Portable,,,,
2026-01-13 12:37:21,2007,Lampe Cuisine,,,,
2026-01-13 12:37:21,2008,Lampe Chambre,,,,
2026-01-13 12:38:42,2001,TV Salle à manger,,,,
2026-01-13 12:38:42,2002,Ecran,,,,
2026-01-13 12:38:42,2003,Telephone / Tablette,,,,
2026-01-13 12:38:42,2004,Cafetiere,0.0,241.8,0.0,0.0
2026-01-13 12:38:42,2005,Lampe Salle à manger,,,,
2026-01-13 12:38:42,2006,PC Portable,,,,
2026-01-13 12:38:42,2007,Lampe Cuisine,,,,
2026-01-13 12:38:42,2008,Lampe Chambre,,,,
2026-01-13 12:40:04,2001,TV Salle à manger,,,,
2026-01-13 12:40:04,2002,Ecran,,,,
2026-01-13 12:40:04,2003,Telephone / Tablette,,,,
2026-01-13 12:40:04,2004,Cafetiere,0.0,243.2,0.0,0.0
2026-01-13 12:40:04,2005,Lampe Salle à manger,,,,
2026-01-13 12:40:04,2006,PC Portable,,,,
2026-01-13 12:40:04,2007,Lampe Cuisine,,,,
2026-01-13 12:40:04,2008,Lampe Chambre,,,,
2026-01-13 12:41:25,2001,TV Salle à manger,,,,
2026-01-13 12:41:25,2002,Ecran,,,,
2026-01-13 12:41:25,2003,Telephone / Tablette,,,,
2026-01-13 12:41:25,2004,Cafetiere,0.0,242.9,0.0,0.0
2026-01-13 12:41:25,2005,Lampe Salle à manger,,,,
2026-01-13 12:41:25,2006,PC Portable,,,,
2026-01-13 12:41:25,2007,Lampe Cuisine,,,,
2026-01-13 12:41:25,2008,Lampe Chambre,,,,
2026-01-13 12:42:47,2001,TV Salle à manger,,,,
2026-01-13 12:42:47,2002,Ecran,,,,
2026-01-13 12:42:47,2003,Telephone / Tablette,,,,
2026-01-13 12:42:47,2004,Cafetiere,0.0,242.8,0.0,0.0
2026-01-13 12:42:47,2005,Lampe Salle à manger,,,,
2026-01-13 12:42:47,2006,PC Portable,,,,
2026-01-13 12:42:47,2007,Lampe Cuisine,,,,
2026-01-13 12:42:47,2008,Lampe Chambre,,,,
2026-01-13 12:44:08,2001,TV Salle à manger,,,,
2026-01-13 12:44:08,2002,Ecran,,,,
2026-01-13 12:44:08,2003,Telephone / Tablette,,,,
2026-01-13 12:44:08,2004,Cafetiere,0.0,243.1,0.0,0.0
2026-01-13 12:44:08,2005,Lampe Salle à manger,,,,
2026-01-13 12:44:08,2006,PC Portable,,,,
2026-01-13 12:44:08,2007,Lampe Cuisine,,,,
2026-01-13 12:44:08,2008,Lampe Chambre,,,,
2026-01-13 12:45:30,2001,TV Salle à manger,,,,
2026-01-13 12:45:30,2002,Ecran,,,,
2026-01-13 12:45:30,2003,Telephone / Tablette,,,,
2026-01-13 12:45:30,2004,Cafetiere,0.0,241.9,0.0,0.0
2026-01-13 12:45:30,2005,Lampe Salle à manger,,,,
2026-01-13 12:45:30,2006,PC Portable,,,,
2026-01-13 12:45:30,2007,Lampe Cuisine,,,,
2026-01-13 12:45:30,2008,Lampe Chambre,,,,
2026-01-13 12:46:51,2001,TV Salle à manger,,,,
2026-01-13 12:46:51,2002,Ecran,,,,
2026-01-13 12:46:51,2003,Telephone / Tablette,,,,
2026-01-13 12:46:51,2004,Cafetiere,0.0,242.7,0.0,0.0
2026-01-13 12:46:51,2005,Lampe Salle à manger,,,,
2026-01-13 12:46:51,2006,PC Portable,,,,
2026-01-13 12:46:51,2007,Lampe Cuisine,,,,
2026-01-13 12:46:51,2008,Lampe Chambre,,,,
2026-01-13 12:48:13,2001,TV Salle à manger,,,,
2026-01-13 12:48:13,2002,Ecran,,,,
2026-01-13 12:48:13,2003,Telephone / Tablette,,,,
2026-01-13 12:48:13,2004,Cafetiere,0.0,242.4,0.0,0.0
2026-01-13 12:48:13,2005,Lampe Salle à manger,,,,
2026-01-13 12:48:13,2006,PC Portable,,,,
2026-01-13 12:48:13,2007,Lampe Cuisine,,,,
2026-01-13 12:48:13,2008,Lampe Chambre,,,,
2026-01-13 12:49:34,2001,TV Salle à manger,,,,
2026-01-13 12:49:34,2002,Ecran,,,,
2026-01-13 12:49:34,2003,Telephone / Tablette,,,,
2026-01-13 12:49:34,2004,Cafetiere,0.0,242.9,0.0,0.0
2026-01-13 12:49:34,2005,Lampe Salle à manger,,,,
2026-01-13 12:49:34,2006,PC Portable,,,,
2026-01-13 12:49:34,2007,Lampe Cuisine,,,,
2026-01-13 12:49:34,2008,Lampe Chambre,,,,
2026-01-13 12:50:56,2001,TV Salle à manger,,,,
2026-01-13 12:50:56,2002,Ecran,,,,
2026-01-13 12:50:56,2003,Telephone / Tablette,,,,
2026-01-13 12:50:56,2004,Cafetiere,0.0,243.3,0.0,0.0
2026-01-13 12:50:56,2005,Lampe Salle à manger,,,,
2026-01-13 12:50:56,2006,PC Portable,,,,
2026-01-13 12:50:56,2007,Lampe Cuisine,,,,
2026-01-13 12:50:56,2008,Lampe Chambre,,,,
2026-01-13 12:52:18,2001,TV Salle à manger,,,,
2026-01-13 12:52:18,2002,Ecran,,,,
2026-01-13 12:52:18,2003,Telephone / Tablette,,,,
2026-01-13 12:52:18,2004,Cafetiere,0.0,242.9,0.0,0.0
2026-01-13 12:52:18,2005,Lampe Salle à manger,,,,
2026-01-13 12:52:18,2006,PC Portable,,,,
2026-01-13 12:52:18,2007,Lampe Cuisine,,,,
2026-01-13 12:52:18,2008,Lampe Chambre,,,,
2026-01-13 12:53:39,2001,TV Salle à manger,,,,
2026-01-13 12:53:39,2002,Ecran,,,,
2026-01-13 12:53:39,2003,Telephone / Tablette,,,,
2026-01-13 12:53:39,2004,Cafetiere,0.0,242.9,0.0,0.0
2026-01-13 12:53:39,2005,Lampe Salle à manger,,,,
2026-01-13 12:53:39,2006,PC Portable,,,,
2026-01-13 12:53:39,2007,Lampe Cuisine,,,,
2026-01-13 12:53:39,2008,Lampe Chambre,,,,
2026-01-13 12:55:01,2001,TV Salle à manger,,,,
2026-01-13 12:55:01,2002,Ecran,,,,
2026-01-13 12:55:01,2003,Telephone / Tablette,,,,
2026-01-13 12:55:01,2004,Cafetiere,0.0,244.2,0.0,0.0
2026-01-13 12:55:01,2005,Lampe Salle à manger,,,,
2026-01-13 12:55:01,2006,PC Portable,,,,
2026-01-13 12:55:01,2007,Lampe Cuisine,,,,
2026-01-13 12:55:01,2008,Lampe Chambre,,,,
2026-01-13 12:56:22,2001,TV Salle à manger,,,,
2026-01-13 12:56:22,2002,Ecran,,,,
2026-01-13 12:56:22,2003,Telephone / Tablette,,,,
2026-01-13 12:56:22,2004,Cafetiere,0.0,242.8,0.0,0.0
2026-01-13 12:56:22,2005,Lampe Salle à manger,,,,
2026-01-13 12:56:22,2006,PC Portable,,,,
2026-01-13 12:56:22,2007,Lampe Cuisine,,,,
2026-01-13 12:56:22,2008,Lampe Chambre,,,,
2026-01-13 12:57:44,2001,TV Salle à manger,,,,
2026-01-13 12:57:44,2002,Ecran,,,,
2026-01-13 12:57:44,2003,Telephone / Tablette,,,,
2026-01-13 12:57:44,2004,Cafetiere,0.0,242.7,0.0,0.0
2026-01-13 12:57:44,2005,Lampe Salle à manger,,,,
2026-01-13 12:57:44,2006,PC Portable,,,,
2026-01-13 12:57:44,2007,Lampe Cuisine,,,,
2026-01-13 12:57:44,2008,Lampe Chambre,,,,
2026-01-13 12:59:05,2001,TV Salle à manger,,,,
2026-01-13 12:59:05,2002,Ecran,,,,
2026-01-13 12:59:05,2003,Telephone / Tablette,,,,
2026-01-13 12:59:05,2004,Cafetiere,0.0,244.1,0.0,0.0
2026-01-13 12:59:05,2005,Lampe Salle à manger,,,,
2026-01-13 12:59:05,2006,PC Portable,,,,
2026-01-13 12:59:05,2007,Lampe Cuisine,,,,
2026-01-13 12:59:05,2008,Lampe Chambre,,,,
2026-01-13 13:00:27,2001,TV Salle à manger,,,,
2026-01-13 13:00:27,2002,Ecran,,,,
2026-01-13 13:00:27,2003,Telephone / Tablette,,,,
2026-01-13 13:00:27,2004,Cafetiere,0.0,243.8,0.0,0.0
2026-01-13 13:00:27,2005,Lampe Salle à manger,,,,
2026-01-13 13:00:27,2006,PC Portable,,,,
2026-01-13 13:00:27,2007,Lampe Cuisine,,,,
2026-01-13 13:00:27,2008,Lampe Chambre,,,,
2026-01-13 13:01:48,2001,TV Salle à manger,,,,
2026-01-13 13:01:48,2002,Ecran,,,,
2026-01-13 13:01:48,2003,Telephone / Tablette,,,,
2026-01-13 13:01:48,2004,Cafetiere,0.0,244.1,0.0,0.0
2026-01-13 13:01:48,2005,Lampe Salle à manger,,,,
2026-01-13 13:01:48,2006,PC Portable,,,,
2026-01-13 13:01:48,2007,Lampe Cuisine,,,,
2026-01-13 13:01:48,2008,Lampe Chambre,,,,
2026-01-13 13:03:10,2001,TV Salle à manger,,,,
2026-01-13 13:03:10,2002,Ecran,,,,
2026-01-13 13:03:10,2003,Telephone / Tablette,,,,
2026-01-13 13:03:10,2004,Cafetiere,0.0,243.0,0.0,0.0
2026-01-13 13:03:10,2005,Lampe Salle à manger,,,,
2026-01-13 13:03:10,2006,PC Portable,,,,
2026-01-13 13:03:10,2007,Lampe Cuisine,,,,
2026-01-13 13:03:10,2008,Lampe Chambre,,,,
2026-01-13 13:04:31,2001,TV Salle à manger,,,,
2026-01-13 13:04:31,2002,Ecran,,,,
2026-01-13 13:04:31,2003,Telephone / Tablette,,,,
2026-01-13 13:04:31,2004,Cafetiere,0.0,243.2,0.0,0.0
2026-01-13 13:04:31,2005,Lampe Salle à manger,,,,
2026-01-13 13:04:31,2006,PC Portable,,,,
2026-01-13 13:04:31,2007,Lampe Cuisine,,,,
2026-01-13 13:04:31,2008,Lampe Chambre,,,,
2026-01-13 13:05:53,2001,TV Salle à manger,,,,
2026-01-13 13:05:53,2002,Ecran,,,,
2026-01-13 13:05:53,2003,Telephone / Tablette,,,,
2026-01-13 13:05:53,2004,Cafetiere,0.0,243.9,0.0,0.0
2026-01-13 13:05:53,2005,Lampe Salle à manger,,,,
2026-01-13 13:05:53,2006,PC Portable,,,,
2026-01-13 13:05:53,2007,Lampe Cuisine,,,,
2026-01-13 13:05:53,2008,Lampe Chambre,,,,
2026-01-13 13:07:14,2001,TV Salle à manger,,,,
2026-01-13 13:07:14,2002,Ecran,,,,
2026-01-13 13:07:14,2003,Telephone / Tablette,,,,
2026-01-13 13:07:14,2004,Cafetiere,0.0,243.2,0.0,0.0
2026-01-13 13:07:14,2005,Lampe Salle à manger,,,,
2026-01-13 13:07:14,2006,PC Portable,,,,
2026-01-13 13:07:14,2007,Lampe Cuisine,,,,
2026-01-13 13:07:14,2008,Lampe Chambre,,,,
2026-01-13 13:08:36,2001,TV Salle à manger,,,,
2026-01-13 13:08:36,2002,Ecran,,,,
2026-01-13 13:08:36,2003,Telephone / Tablette,,,,
2026-01-13 13:08:36,2004,Cafetiere,0.0,243.9,0.0,0.0
2026-01-13 13:08:36,2005,Lampe Salle à manger,,,,
2026-01-13 13:08:36,2006,PC Portable,,,,
2026-01-13 13:08:36,2007,Lampe Cuisine,,,,
2026-01-13 13:08:36,2008,Lampe Chambre,,,,
2026-01-13 13:09:58,2001,TV Salle à manger,,,,
2026-01-13 13:09:58,2002,Ecran,,,,
2026-01-13 13:09:58,2003,Telephone / Tablette,,,,
2026-01-13 13:09:58,2004,Cafetiere,0.0,243.2,0.0,0.0
2026-01-13 13:09:58,2005,Lampe Salle à manger,,,,
2026-01-13 13:09:58,2006,PC Portable,,,,
2026-01-13 13:09:58,2007,Lampe Cuisine,,,,
2026-01-13 13:09:58,2008,Lampe Chambre,,,,
2026-01-13 13:11:19,2001,TV Salle à manger,,,,
2026-01-13 13:11:19,2002,Ecran,,,,
2026-01-13 13:11:19,2003,Telephone / Tablette,,,,
2026-01-13 13:11:19,2004,Cafetiere,0.0,242.8,0.0,0.0
2026-01-13 13:11:19,2005,Lampe Salle à manger,,,,
2026-01-13 13:11:19,2006,PC Portable,,,,
2026-01-13 13:11:19,2007,Lampe Cuisine,,,,
2026-01-13 13:11:19,2008,Lampe Chambre,,,,
2026-01-13 13:12:41,2001,TV Salle à manger,,,,
2026-01-13 13:12:41,2002,Ecran,,,,
2026-01-13 13:12:41,2003,Telephone / Tablette,,,,
2026-01-13 13:12:41,2004,Cafetiere,0.0,243.2,0.0,0.0
2026-01-13 13:12:41,2005,Lampe Salle à manger,,,,
2026-01-13 13:12:41,2006,PC Portable,,,,
2026-01-13 13:12:41,2007,Lampe Cuisine,,,,
2026-01-13 13:12:41,2008,Lampe Chambre,,,,
2026-01-13 13:14:02,2001,TV Salle à manger,,,,
2026-01-13 13:14:02,2002,Ecran,,,,
2026-01-13 13:14:02,2003,Telephone / Tablette,,,,
2026-01-13 13:14:02,2004,Cafetiere,0.0,244.0,0.0,0.0
2026-01-13 13:14:02,2005,Lampe Salle à manger,,,,
2026-01-13 13:14:02,2006,PC Portable,,,,
2026-01-13 13:14:02,2007,Lampe Cuisine,,,,
2026-01-13 13:14:02,2008,Lampe Chambre,,,,
2026-01-13 13:15:24,2001,TV Salle à manger,,,,
2026-01-13 13:15:24,2002,Ecran,,,,
2026-01-13 13:15:24,2003,Telephone / Tablette,,,,
2026-01-13 13:15:24,2004,Cafetiere,0.0,243.8,0.0,0.0
2026-01-13 13:15:24,2005,Lampe Salle à manger,,,,
2026-01-13 13:15:24,2006,PC Portable,,,,
2026-01-13 13:15:24,2007,Lampe Cuisine,,,,
2026-01-13 13:15:24,2008,Lampe Chambre,,,,
2026-01-13 13:16:45,2001,TV Salle à manger,,,,
2026-01-13 13:16:45,2002,Ecran,,,,
2026-01-13 13:16:45,2003,Telephone / Tablette,,,,
2026-01-13 13:16:45,2004,Cafetiere,0.0,243.8,0.0,0.0
2026-01-13 13:16:45,2005,Lampe Salle à manger,,,,
2026-01-13 13:16:45,2006,PC Portable,,,,
2026-01-13 13:16:45,2007,Lampe Cuisine,,,,
2026-01-13 13:16:45,2008,Lampe Chambre,,,,
2026-01-13 13:18:07,2001,TV Salle à manger,,,,
2026-01-13 13:18:07,2002,Ecran,,,,
2026-01-13 13:18:07,2003,Telephone / Tablette,,,,
2026-01-13 13:18:07,2004,Cafetiere,0.0,243.6,0.0,0.0
2026-01-13 13:18:07,2005,Lampe Salle à manger,,,,
2026-01-13 13:18:07,2006,PC Portable,,,,
2026-01-13 13:18:07,2007,Lampe Cuisine,,,,
2026-01-13 13:18:07,2008,Lampe Chambre,,,,
2026-01-13 13:19:28,2001,TV Salle à manger,,,,
2026-01-13 13:19:28,2002,Ecran,,,,
2026-01-13 13:19:28,2003,Telephone / Tablette,,,,
2026-01-13 13:19:28,2004,Cafetiere,0.0,243.5,0.0,0.0
2026-01-13 13:19:28,2005,Lampe Salle à manger,,,,
2026-01-13 13:19:28,2006,PC Portable,,,,
2026-01-13 13:19:28,2007,Lampe Cuisine,,,,
2026-01-13 13:19:28,2008,Lampe Chambre,,,,
2026-01-13 13:20:50,2001,TV Salle à manger,,,,
2026-01-13 13:20:50,2002,Ecran,,,,
2026-01-13 13:20:50,2003,Telephone / Tablette,,,,
2026-01-13 13:20:50,2004,Cafetiere,0.0,243.8,0.0,0.0
2026-01-13 13:20:50,2005,Lampe Salle à manger,,,,
2026-01-13 13:20:50,2006,PC Portable,,,,
2026-01-13 13:20:50,2007,Lampe Cuisine,,,,
2026-01-13 13:20:50,2008,Lampe Chambre,,,,
2026-01-13 13:22:11,2001,TV Salle à manger,,,,
2026-01-13 13:22:11,2002,Ecran,,,,
2026-01-13 13:22:11,2003,Telephone / Tablette,,,,
2026-01-13 13:22:11,2004,Cafetiere,0.0,242.6,0.0,0.0
2026-01-13 13:22:11,2005,Lampe Salle à manger,,,,
2026-01-13 13:22:11,2006,PC Portable,,,,
2026-01-13 13:22:11,2007,Lampe Cuisine,,,,
2026-01-13 13:22:11,2008,Lampe Chambre,,,,
2026-01-13 13:23:33,2001,TV Salle à manger,,,,
2026-01-13 13:23:33,2002,Ecran,,,,
2026-01-13 13:23:33,2003,Telephone / Tablette,,,,
2026-01-13 13:23:33,2004,Cafetiere,0.0,243.8,0.0,0.0
2026-01-13 13:23:33,2005,Lampe Salle à manger,,,,
2026-01-13 13:23:33,2006,PC Portable,,,,
2026-01-13 13:23:33,2007,Lampe Cuisine,,,,
2026-01-13 13:23:33,2008,Lampe Chambre,,,,
2026-01-13 13:24:55,2001,TV Salle à manger,,,,
2026-01-13 13:24:55,2002,Ecran,,,,
2026-01-13 13:24:55,2003,Telephone / Tablette,,,,
2026-01-13 13:24:55,2004,Cafetiere,0.0,243.1,0.0,0.0
2026-01-13 13:24:55,2005,Lampe Salle à manger,,,,
2026-01-13 13:24:55,2006,PC Portable,,,,
2026-01-13 13:24:55,2007,Lampe Cuisine,,,,
2026-01-13 13:24:55,2008,Lampe Chambre,,,,
2026-01-13 13:26:16,2001,TV Salle à manger,,,,
2026-01-13 13:26:16,2002,Ecran,,,,
2026-01-13 13:26:16,2003,Telephone / Tablette,,,,
2026-01-13 13:26:16,2004,Cafetiere,0.0,243.9,0.0,0.0
2026-01-13 13:26:16,2005,Lampe Salle à manger,,,,
2026-01-13 13:26:16,2006,PC Portable,,,,
2026-01-13 13:26:16,2007,Lampe Cuisine,,,,
2026-01-13 13:26:16,2008,Lampe Chambre,,,,
2026-01-13 13:27:38,2001,TV Salle à manger,,,,
2026-01-13 13:27:38,2002,Ecran,,,,
2026-01-13 13:27:38,2003,Telephone / Tablette,,,,
2026-01-13 13:27:38,2004,Cafetiere,0.0,244.5,0.0,0.0
2026-01-13 13:27:38,2005,Lampe Salle à manger,,,,
2026-01-13 13:27:38,2006,PC Portable,,,,
2026-01-13 13:27:38,2007,Lampe Cuisine,,,,
2026-01-13 13:27:38,2008,Lampe Chambre,,,,
2026-01-13 13:28:59,2001,TV Salle à manger,,,,
2026-01-13 13:28:59,2002,Ecran,,,,
2026-01-13 13:28:59,2003,Telephone / Tablette,,,,
2026-01-13 13:28:59,2004,Cafetiere,0.0,244.1,0.0,0.0
2026-01-13 13:28:59,2005,Lampe Salle à manger,,,,
2026-01-13 13:28:59,2006,PC Portable,,,,
2026-01-13 13:28:59,2007,Lampe Cuisine,,,,
2026-01-13 13:28:59,2008,Lampe Chambre,,,,
2026-01-13 13:30:21,2001,TV Salle à manger,,,,
2026-01-13 13:30:21,2002,Ecran,,,,
2026-01-13 13:30:21,2003,Telephone / Tablette,,,,
2026-01-13 13:30:21,2004,Cafetiere,0.0,243.8,0.0,0.0
2026-01-13 13:30:21,2005,Lampe Salle à manger,,,,
2026-01-13 13:30:21,2006,PC Portable,,,,
2026-01-13 13:30:21,2007,Lampe Cuisine,,,,
2026-01-13 13:30:21,2008,Lampe Chambre,,,,
2026-01-13 13:31:42,2001,TV Salle à manger,,,,
2026-01-13 13:31:42,2002,Ecran,,,,
2026-01-13 13:31:42,2003,Telephone / Tablette,,,,
2026-01-13 13:31:42,2004,Cafetiere,0.0,243.9,0.0,0.0
2026-01-13 13:31:42,2005,Lampe Salle à manger,,,,
2026-01-13 13:31:42,2006,PC Portable,,,,
2026-01-13 13:31:42,2007,Lampe Cuisine,,,,
2026-01-13 13:31:42,2008,Lampe Chambre,,,,
2026-01-13 13:33:04,2001,TV Salle à manger,,,,
2026-01-13 13:33:04,2002,Ecran,,,,
2026-01-13 13:33:04,2003,Telephone / Tablette,,,,
2026-01-13 13:33:04,2004,Cafetiere,0.0,244.2,0.0,0.0
2026-01-13 13:33:04,2005,Lampe Salle à manger,,,,
2026-01-13 13:33:04,2006,PC Portable,,,,
2026-01-13 13:33:04,2007,Lampe Cuisine,,,,
2026-01-13 13:33:04,2008,Lampe Chambre,,,,
2026-01-13 13:34:25,2001,TV Salle à manger,,,,
2026-01-13 13:34:25,2002,Ecran,,,,
2026-01-13 13:34:25,2003,Telephone / Tablette,,,,
2026-01-13 13:34:25,2004,Cafetiere,0.0,244.2,0.0,0.0
2026-01-13 13:34:25,2005,Lampe Salle à manger,,,,
2026-01-13 13:34:25,2006,PC Portable,,,,
2026-01-13 13:34:25,2007,Lampe Cuisine,,,,
2026-01-13 13:34:25,2008,Lampe Chambre,,,,
2026-01-13 13:35:47,2001,TV Salle à manger,,,,
2026-01-13 13:35:47,2002,Ecran,,,,
2026-01-13 13:35:47,2003,Telephone / Tablette,,,,
2026-01-13 13:35:47,2004,Cafetiere,0.0,243.7,0.0,0.0
2026-01-13 13:35:47,2005,Lampe Salle à manger,,,,
2026-01-13 13:35:47,2006,PC Portable,,,,
2026-01-13 13:35:47,2007,Lampe Cuisine,,,,
2026-01-13 13:35:47,2008,Lampe Chambre,,,,
2026-01-13 13:37:08,2001,TV Salle à manger,,,,
2026-01-13 13:37:08,2002,Ecran,,,,
2026-01-13 13:37:08,2003,Telephone / Tablette,,,,
2026-01-13 13:37:08,2004,Cafetiere,0.0,243.0,0.0,0.0
2026-01-13 13:37:08,2005,Lampe Salle à manger,,,,
2026-01-13 13:37:08,2006,PC Portable,,,,
2026-01-13 13:37:08,2007,Lampe Cuisine,,,,
2026-01-13 13:37:08,2008,Lampe Chambre,,,,
2026-01-13 13:38:30,2001,TV Salle à manger,,,,
2026-01-13 13:38:30,2002,Ecran,,,,
2026-01-13 13:38:30,2003,Telephone / Tablette,,,,
2026-01-13 13:38:30,2004,Cafetiere,0.0,243.1,0.0,0.0
2026-01-13 13:38:30,2005,Lampe Salle à manger,,,,
2026-01-13 13:38:30,2006,PC Portable,,,,
2026-01-13 13:38:30,2007,Lampe Cuisine,,,,
2026-01-13 13:38:30,2008,Lampe Chambre,,,,
2026-01-13 13:39:51,2001,TV Salle à manger,,,,
2026-01-13 13:39:51,2002,Ecran,,,,
2026-01-13 13:39:51,2003,Telephone / Tablette,,,,
2026-01-13 13:39:51,2004,Cafetiere,0.0,243.7,0.0,0.0
2026-01-13 13:39:51,2005,Lampe Salle à manger,,,,
2026-01-13 13:39:51,2006,PC Portable,,,,
2026-01-13 13:39:51,2007,Lampe Cuisine,,,,
2026-01-13 13:39:51,2008,Lampe Chambre,,,,
2026-01-13 13:41:13,2001,TV Salle à manger,,,,
2026-01-13 13:41:13,2002,Ecran,,,,
2026-01-13 13:41:13,2003,Telephone / Tablette,,,,
2026-01-13 13:41:13,2004,Cafetiere,0.0,243.7,0.0,0.0
2026-01-13 13:41:13,2005,Lampe Salle à manger,,,,
2026-01-13 13:41:13,2006,PC Portable,,,,
2026-01-13 13:41:13,2007,Lampe Cuisine,,,,
2026-01-13 13:41:13,2008,Lampe Chambre,,,,
2026-01-13 13:42:35,2001,TV Salle à manger,,,,
2026-01-13 13:42:35,2002,Ecran,,,,
2026-01-13 13:42:35,2003,Telephone / Tablette,,,,
2026-01-13 13:42:35,2004,Cafetiere,0.0,243.5,0.0,0.0
2026-01-13 13:42:35,2005,Lampe Salle à manger,,,,
2026-01-13 13:42:35,2006,PC Portable,,,,
2026-01-13 13:42:35,2007,Lampe Cuisine,,,,
2026-01-13 13:42:35,2008,Lampe Chambre,,,,
2026-01-13 13:43:56,2001,TV Salle à manger,,,,
2026-01-13 13:43:56,2002,Ecran,,,,
2026-01-13 13:43:56,2003,Telephone / Tablette,,,,
2026-01-13 13:43:56,2004,Cafetiere,0.0,243.1,0.0,0.0
2026-01-13 13:43:56,2005,Lampe Salle à manger,,,,
2026-01-13 13:43:56,2006,PC Portable,,,,
2026-01-13 13:43:56,2007,Lampe Cuisine,,,,
2026-01-13 13:43:56,2008,Lampe Chambre,,,,
2026-01-13 13:45:18,2001,TV Salle à manger,,,,
2026-01-13 13:45:18,2002,Ecran,,,,
2026-01-13 13:45:18,2003,Telephone / Tablette,,,,
2026-01-13 13:45:18,2004,Cafetiere,0.0,242.9,0.0,0.0
2026-01-13 13:45:18,2005,Lampe Salle à manger,,,,
2026-01-13 13:45:18,2006,PC Portable,,,,
2026-01-13 13:45:18,2007,Lampe Cuisine,,,,
2026-01-13 13:45:18,2008,Lampe Chambre,,,,
2026-01-13 13:46:39,2001,TV Salle à manger,,,,
2026-01-13 13:46:39,2002,Ecran,,,,
2026-01-13 13:46:39,2003,Telephone / Tablette,,,,
2026-01-13 13:46:39,2004,Cafetiere,0.0,243.2,0.0,0.0
2026-01-13 13:46:39,2005,Lampe Salle à manger,,,,
2026-01-13 13:46:39,2006,PC Portable,,,,
2026-01-13 13:46:39,2007,Lampe Cuisine,,,,
2026-01-13 13:46:39,2008,Lampe Chambre,,,,
2026-01-13 13:48:01,2001,TV Salle à manger,,,,
2026-01-13 13:48:01,2002,Ecran,,,,
2026-01-13 13:48:01,2003,Telephone / Tablette,,,,
2026-01-13 13:48:01,2004,Cafetiere,0.0,242.4,0.0,0.0
2026-01-13 13:48:01,2005,Lampe Salle à manger,,,,
2026-01-13 13:48:01,2006,PC Portable,,,,
2026-01-13 13:48:01,2007,Lampe Cuisine,,,,
2026-01-13 13:48:01,2008,Lampe Chambre,,,,
2026-01-13 13:49:22,2001,TV Salle à manger,,,,
2026-01-13 13:49:22,2002,Ecran,,,,
2026-01-13 13:49:22,2003,Telephone / Tablette,,,,
2026-01-13 13:49:22,2004,Cafetiere,0.0,243.0,0.0,0.0
2026-01-13 13:49:22,2005,Lampe Salle à manger,,,,
2026-01-13 13:49:22,2006,PC Portable,,,,
2026-01-13 13:49:22,2007,Lampe Cuisine,,,,
2026-01-13 13:49:22,2008,Lampe Chambre,,,,
2026-01-13 13:50:44,2001,TV Salle à manger,,,,
2026-01-13 13:50:44,2002,Ecran,,,,
2026-01-13 13:50:44,2003,Telephone / Tablette,,,,
2026-01-13 13:50:44,2004,Cafetiere,0.0,243.1,0.0,0.0
2026-01-13 13:50:44,2005,Lampe Salle à manger,,,,
2026-01-13 13:50:44,2006,PC Portable,,,,
2026-01-13 13:50:44,2007,Lampe Cuisine,,,,
2026-01-13 13:50:44,2008,Lampe Chambre,,,,
2026-01-13 13:52:05,2001,TV Salle à manger,,,,
2026-01-13 13:52:05,2002,Ecran,,,,
2026-01-13 13:52:05,2003,Telephone / Tablette,,,,
2026-01-13 13:52:05,2004,Cafetiere,0.0,243.7,0.0,0.0
2026-01-13 13:52:05,2005,Lampe Salle à manger,,,,
2026-01-13 13:52:05,2006,PC Portable,,,,
2026-01-13 13:52:05,2007,Lampe Cuisine,,,,
2026-01-13 13:52:05,2008,Lampe Chambre,,,,
2026-01-13 13:53:27,2001,TV Salle à manger,,,,
2026-01-13 13:53:27,2002,Ecran,,,,
2026-01-13 13:53:27,2003,Telephone / Tablette,,,,
2026-01-13 13:53:27,2004,Cafetiere,0.0,242.8,0.0,0.0
2026-01-13 13:53:27,2005,Lampe Salle à manger,,,,
2026-01-13 13:53:27,2006,PC Portable,,,,
2026-01-13 13:53:27,2007,Lampe Cuisine,,,,
2026-01-13 13:53:27,2008,Lampe Chambre,,,,
2026-01-13 13:54:48,2001,TV Salle à manger,,,,
2026-01-13 13:54:48,2002,Ecran,,,,
2026-01-13 13:54:48,2003,Telephone / Tablette,,,,
2026-01-13 13:54:48,2004,Cafetiere,0.0,243.1,0.0,0.0
2026-01-13 13:54:48,2005,Lampe Salle à manger,,,,
2026-01-13 13:54:48,2006,PC Portable,,,,
2026-01-13 13:54:48,2007,Lampe Cuisine,,,,
2026-01-13 13:54:48,2008,Lampe Chambre,,,,
2026-01-13 13:56:10,2001,TV Salle à manger,,,,
2026-01-13 13:56:10,2002,Ecran,,,,
2026-01-13 13:56:10,2003,Telephone / Tablette,,,,
2026-01-13 13:56:10,2004,Cafetiere,0.0,243.1,0.0,0.0
2026-01-13 13:56:10,2005,Lampe Salle à manger,,,,
2026-01-13 13:56:10,2006,PC Portable,,,,
2026-01-13 13:56:10,2007,Lampe Cuisine,,,,
2026-01-13 13:56:10,2008,Lampe Chambre,,,,
2026-01-13 13:57:31,2001,TV Salle à manger,,,,
2026-01-13 13:57:31,2002,Ecran,,,,
2026-01-13 13:57:31,2003,Telephone / Tablette,,,,
2026-01-13 13:57:31,2004,Cafetiere,0.0,243.3,0.0,0.0
2026-01-13 13:57:31,2005,Lampe Salle à manger,,,,
2026-01-13 13:57:31,2006,PC Portable,,,,
2026-01-13 13:57:31,2007,Lampe Cuisine,,,,
2026-01-13 13:57:31,2008,Lampe Chambre,,,,
2026-01-13 13:58:53,2001,TV Salle à manger,,,,
2026-01-13 13:58:53,2002,Ecran,,,,
2026-01-13 13:58:53,2003,Telephone / Tablette,,,,
2026-01-13 13:58:53,2004,Cafetiere,0.0,243.8,0.0,0.0
2026-01-13 13:58:53,2005,Lampe Salle à manger,,,,
2026-01-13 13:58:53,2006,PC Portable,,,,
2026-01-13 13:58:53,2007,Lampe Cuisine,,,,
2026-01-13 13:58:53,2008,Lampe Chambre,,,,
2026-01-13 14:00:14,2001,TV Salle à manger,,,,
2026-01-13 14:00:14,2002,Ecran,,,,
2026-01-13 14:00:14,2003,Telephone / Tablette,,,,
2026-01-13 14:00:14,2004,Cafetiere,0.0,242.8,0.0,0.0
2026-01-13 14:00:14,2005,Lampe Salle à manger,,,,
2026-01-13 14:00:14,2006,PC Portable,,,,
2026-01-13 14:00:14,2007,Lampe Cuisine,,,,
2026-01-13 14:00:14,2008,Lampe Chambre,,,,
2026-01-13 14:01:36,2001,TV Salle à manger,,,,
2026-01-13 14:01:36,2002,Ecran,,,,
2026-01-13 14:01:36,2003,Telephone / Tablette,,,,
2026-01-13 14:01:36,2004,Cafetiere,0.0,243.4,0.0,0.0
2026-01-13 14:01:36,2005,Lampe Salle à manger,,,,
2026-01-13 14:01:36,2006,PC Portable,,,,
2026-01-13 14:01:36,2007,Lampe Cuisine,,,,
2026-01-13 14:01:36,2008,Lampe Chambre,,,,
2026-01-13 14:02:58,2001,TV Salle à manger,,,,
2026-01-13 14:02:58,2002,Ecran,,,,
2026-01-13 14:02:58,2003,Telephone / Tablette,,,,
2026-01-13 14:02:58,2004,Cafetiere,0.0,243.7,0.0,0.0
2026-01-13 14:02:58,2005,Lampe Salle à manger,,,,
2026-01-13 14:02:58,2006,PC Portable,,,,
2026-01-13 14:02:58,2007,Lampe Cuisine,,,,
2026-01-13 14:02:58,2008,Lampe Chambre,,,,
2026-01-13 14:04:19,2001,TV Salle à manger,,,,
2026-01-13 14:04:19,2002,Ecran,,,,
2026-01-13 14:04:19,2003,Telephone / Tablette,,,,
2026-01-13 14:04:19,2004,Cafetiere,0.0,243.7,0.0,0.0
2026-01-13 14:04:19,2005,Lampe Salle à manger,,,,
2026-01-13 14:04:19,2006,PC Portable,,,,
2026-01-13 14:04:19,2007,Lampe Cuisine,,,,
2026-01-13 14:04:19,2008,Lampe Chambre,,,,
2026-01-13 14:05:41,2001,TV Salle à manger,,,,
2026-01-13 14:05:41,2002,Ecran,,,,
2026-01-13 14:05:41,2003,Telephone / Tablette,,,,
2026-01-13 14:05:41,2004,Cafetiere,0.0,244.1,0.0,0.0
2026-01-13 14:05:41,2005,Lampe Salle à manger,,,,
2026-01-13 14:05:41,2006,PC Portable,,,,
2026-01-13 14:05:41,2007,Lampe Cuisine,,,,
2026-01-13 14:05:41,2008,Lampe Chambre,,,,
2026-01-13 14:07:02,2001,TV Salle à manger,,,,
2026-01-13 14:07:02,2002,Ecran,,,,
2026-01-13 14:07:02,2003,Telephone / Tablette,,,,
2026-01-13 14:07:02,2004,Cafetiere,0.0,243.5,0.0,0.0
2026-01-13 14:07:02,2005,Lampe Salle à manger,,,,
2026-01-13 14:07:02,2006,PC Portable,,,,
2026-01-13 14:07:02,2007,Lampe Cuisine,,,,
2026-01-13 14:07:02,2008,Lampe Chambre,,,,
2026-01-13 14:08:24,2001,TV Salle à manger,,,,
2026-01-13 14:08:24,2002,Ecran,,,,
2026-01-13 14:08:24,2003,Telephone / Tablette,,,,
2026-01-13 14:08:24,2004,Cafetiere,0.0,243.8,0.0,0.0
2026-01-13 14:08:24,2005,Lampe Salle à manger,,,,
2026-01-13 14:08:24,2006,PC Portable,,,,
2026-01-13 14:08:24,2007,Lampe Cuisine,,,,
2026-01-13 14:08:24,2008,Lampe Chambre,,,,
2026-01-13 14:09:45,2001,TV Salle à manger,,,,
2026-01-13 14:09:45,2002,Ecran,,,,
2026-01-13 14:09:45,2003,Telephone / Tablette,,,,
2026-01-13 14:09:45,2004,Cafetiere,0.0,243.9,0.0,0.0
2026-01-13 14:09:45,2005,Lampe Salle à manger,,,,
2026-01-13 14:09:45,2006,PC Portable,,,,
2026-01-13 14:09:45,2007,Lampe Cuisine,,,,
2026-01-13 14:09:45,2008,Lampe Chambre,,,,
2026-01-13 14:11:07,2001,TV Salle à manger,,,,
2026-01-13 14:11:07,2002,Ecran,,,,
2026-01-13 14:11:07,2003,Telephone / Tablette,,,,
2026-01-13 14:11:07,2004,Cafetiere,0.0,242.8,0.0,0.0
2026-01-13 14:11:07,2005,Lampe Salle à manger,,,,
2026-01-13 14:11:07,2006,PC Portable,,,,
2026-01-13 14:11:07,2007,Lampe Cuisine,,,,
2026-01-13 14:11:07,2008,Lampe Chambre,,,,
2026-01-13 14:12:28,2001,TV Salle à manger,,,,
2026-01-13 14:12:28,2002,Ecran,,,,
2026-01-13 14:12:28,2003,Telephone / Tablette,,,,
2026-01-13 14:12:28,2004,Cafetiere,0.0,243.6,0.0,0.0
2026-01-13 14:12:28,2005,Lampe Salle à manger,,,,
2026-01-13 14:12:28,2006,PC Portable,,,,
2026-01-13 14:12:28,2007,Lampe Cuisine,,,,
2026-01-13 14:12:28,2008,Lampe Chambre,,,,
2026-01-13 14:13:50,2001,TV Salle à manger,,,,
2026-01-13 14:13:50,2002,Ecran,,,,
2026-01-13 14:13:50,2003,Telephone / Tablette,,,,
2026-01-13 14:13:50,2004,Cafetiere,0.0,243.5,0.0,0.0
2026-01-13 14:13:50,2005,Lampe Salle à manger,,,,
2026-01-13 14:13:50,2006,PC Portable,,,,
2026-01-13 14:13:50,2007,Lampe Cuisine,,,,
2026-01-13 14:13:50,2008,Lampe Chambre,,,,
2026-01-13 14:15:11,2001,TV Salle à manger,,,,
2026-01-13 14:15:11,2002,Ecran,,,,
2026-01-13 14:15:11,2003,Telephone / Tablette,,,,
2026-01-13 14:15:11,2004,Cafetiere,0.0,243.4,0.0,0.0
2026-01-13 14:15:11,2005,Lampe Salle à manger,,,,
2026-01-13 14:15:11,2006,PC Portable,,,,
2026-01-13 14:15:11,2007,Lampe Cuisine,,,,
2026-01-13 14:15:11,2008,Lampe Chambre,,,,
2026-01-13 14:16:33,2001,TV Salle à manger,,,,
2026-01-13 14:16:33,2002,Ecran,,,,
2026-01-13 14:16:33,2003,Telephone / Tablette,,,,
2026-01-13 14:16:33,2004,Cafetiere,0.0,243.5,0.0,0.0
2026-01-13 14:16:33,2005,Lampe Salle à manger,,,,
2026-01-13 14:16:33,2006,PC Portable,,,,
2026-01-13 14:16:33,2007,Lampe Cuisine,,,,
2026-01-13 14:16:33,2008,Lampe Chambre,,,,
2026-01-13 14:17:54,2001,TV Salle à manger,,,,
2026-01-13 14:17:54,2002,Ecran,,,,
2026-01-13 14:17:54,2003,Telephone / Tablette,,,,
2026-01-13 14:17:54,2004,Cafetiere,0.0,243.7,0.0,0.0
2026-01-13 14:17:54,2005,Lampe Salle à manger,,,,
2026-01-13 14:17:54,2006,PC Portable,,,,
2026-01-13 14:17:54,2007,Lampe Cuisine,,,,
2026-01-13 14:17:54,2008,Lampe Chambre,,,,
2026-01-13 14:19:16,2001,TV Salle à manger,,,,
2026-01-13 14:19:16,2002,Ecran,,,,
2026-01-13 14:19:16,2003,Telephone / Tablette,,,,
2026-01-13 14:19:16,2004,Cafetiere,0.0,244.1,0.0,0.0
2026-01-13 14:19:16,2005,Lampe Salle à manger,,,,
2026-01-13 14:19:16,2006,PC Portable,,,,
2026-01-13 14:19:16,2007,Lampe Cuisine,,,,
2026-01-13 14:19:16,2008,Lampe Chambre,,,,
2026-01-13 14:20:38,2001,TV Salle à manger,,,,
2026-01-13 14:20:38,2002,Ecran,,,,
2026-01-13 14:20:38,2003,Telephone / Tablette,,,,
2026-01-13 14:20:38,2004,Cafetiere,0.0,243.7,0.0,0.0
2026-01-13 14:20:38,2005,Lampe Salle à manger,,,,
2026-01-13 14:20:38,2006,PC Portable,,,,
2026-01-13 14:20:38,2007,Lampe Cuisine,,,,
2026-01-13 14:20:38,2008,Lampe Chambre,,,,
2026-01-13 14:21:59,2001,TV Salle à manger,,,,
2026-01-13 14:21:59,2002,Ecran,,,,
2026-01-13 14:21:59,2003,Telephone / Tablette,,,,
2026-01-13 14:21:59,2004,Cafetiere,0.0,244.5,0.0,0.0
2026-01-13 14:21:59,2005,Lampe Salle à manger,,,,
2026-01-13 14:21:59,2006,PC Portable,,,,
2026-01-13 14:21:59,2007,Lampe Cuisine,,,,
2026-01-13 14:21:59,2008,Lampe Chambre,,,,
2026-01-13 14:23:21,2001,TV Salle à manger,,,,
2026-01-13 14:23:21,2002,Ecran,,,,
2026-01-13 14:23:21,2003,Telephone / Tablette,,,,
2026-01-13 14:23:21,2004,Cafetiere,0.0,244.3,0.0,0.0
2026-01-13 14:23:21,2005,Lampe Salle à manger,,,,
2026-01-13 14:23:21,2006,PC Portable,,,,
2026-01-13 14:23:21,2007,Lampe Cuisine,,,,
2026-01-13 14:23:21,2008,Lampe Chambre,,,,
2026-01-13 14:24:42,2001,TV Salle à manger,,,,
2026-01-13 14:24:42,2002,Ecran,,,,
2026-01-13 14:24:42,2003,Telephone / Tablette,,,,
2026-01-13 14:24:42,2004,Cafetiere,0.0,244.4,0.0,0.0
2026-01-13 14:24:42,2005,Lampe Salle à manger,,,,
2026-01-13 14:24:42,2006,PC Portable,,,,
2026-01-13 14:24:42,2007,Lampe Cuisine,,,,
2026-01-13 14:24:42,2008,Lampe Chambre,,,,
2026-01-13 14:26:04,2001,TV Salle à manger,,,,
2026-01-13 14:26:04,2002,Ecran,,,,
2026-01-13 14:26:04,2003,Telephone / Tablette,,,,
2026-01-13 14:26:04,2004,Cafetiere,0.0,244.1,0.0,0.0
2026-01-13 14:26:04,2005,Lampe Salle à manger,,,,
2026-01-13 14:26:04,2006,PC Portable,,,,
2026-01-13 14:26:04,2007,Lampe Cuisine,,,,
2026-01-13 14:26:04,2008,Lampe Chambre,,,,
2026-01-13 14:27:25,2001,TV Salle à manger,,,,
2026-01-13 14:27:25,2002,Ecran,,,,
2026-01-13 14:27:25,2003,Telephone / Tablette,,,,
2026-01-13 14:27:25,2004,Cafetiere,0.0,243.8,0.0,0.0
2026-01-13 14:27:25,2005,Lampe Salle à manger,,,,
2026-01-13 14:27:25,2006,PC Portable,,,,
2026-01-13 14:27:25,2007,Lampe Cuisine,,,,
2026-01-13 14:27:25,2008,Lampe Chambre,,,,
2026-01-13 14:28:47,2001,TV Salle à manger,,,,
2026-01-13 14:28:47,2002,Ecran,,,,
2026-01-13 14:28:47,2003,Telephone / Tablette,,,,
2026-01-13 14:28:47,2004,Cafetiere,0.0,244.1,0.0,0.0
2026-01-13 14:28:47,2005,Lampe Salle à manger,,,,
2026-01-13 14:28:47,2006,PC Portable,,,,
2026-01-13 14:28:47,2007,Lampe Cuisine,,,,
2026-01-13 14:28:47,2008,Lampe Chambre,,,,
2026-01-13 14:30:08,2001,TV Salle à manger,,,,
2026-01-13 14:30:08,2002,Ecran,,,,
2026-01-13 14:30:08,2003,Telephone / Tablette,,,,
2026-01-13 14:30:08,2004,Cafetiere,0.0,244.0,0.0,0.0
2026-01-13 14:30:08,2005,Lampe Salle à manger,,,,
2026-01-13 14:30:08,2006,PC Portable,,,,
2026-01-13 14:30:08,2007,Lampe Cuisine,,,,
2026-01-13 14:30:08,2008,Lampe Chambre,,,,
2026-01-13 14:31:30,2001,TV Salle à manger,,,,
2026-01-13 14:31:30,2002,Ecran,,,,
2026-01-13 14:31:30,2003,Telephone / Tablette,,,,
2026-01-13 14:31:30,2004,Cafetiere,0.0,243.7,0.0,0.0
2026-01-13 14:31:30,2005,Lampe Salle à manger,,,,
2026-01-13 14:31:30,2006,PC Portable,,,,
2026-01-13 14:31:30,2007,Lampe Cuisine,,,,
2026-01-13 14:31:30,2008,Lampe Chambre,,,,
2026-01-13 14:32:51,2001,TV Salle à manger,,,,
2026-01-13 14:32:51,2002,Ecran,,,,
2026-01-13 14:32:51,2003,Telephone / Tablette,,,,
2026-01-13 14:32:51,2004,Cafetiere,0.0,243.5,0.0,0.0
2026-01-13 14:32:51,2005,Lampe Salle à manger,,,,
2026-01-13 14:32:51,2006,PC Portable,,,,
2026-01-13 14:32:51,2007,Lampe Cuisine,,,,
2026-01-13 14:32:51,2008,Lampe Chambre,,,,
2026-01-13 14:34:13,2001,TV Salle à manger,,,,
2026-01-13 14:34:13,2002,Ecran,,,,
2026-01-13 14:34:13,2003,Telephone / Tablette,,,,
2026-01-13 14:34:13,2004,Cafetiere,0.0,243.7,0.0,0.0
2026-01-13 14:34:13,2005,Lampe Salle à manger,,,,
2026-01-13 14:34:13,2006,PC Portable,,,,
2026-01-13 14:34:13,2007,Lampe Cuisine,,,,
2026-01-13 14:34:13,2008,Lampe Chambre,,,,
2026-01-13 14:35:35,2001,TV Salle à manger,,,,
2026-01-13 14:35:35,2002,Ecran,,,,
2026-01-13 14:35:35,2003,Telephone / Tablette,,,,
2026-01-13 14:35:35,2004,Cafetiere,0.0,244.3,0.0,0.0
2026-01-13 14:35:35,2005,Lampe Salle à manger,,,,
2026-01-13 14:35:35,2006,PC Portable,,,,
2026-01-13 14:35:35,2007,Lampe Cuisine,,,,
2026-01-13 14:35:35,2008,Lampe Chambre,,,,
2026-01-13 14:36:56,2001,TV Salle à manger,,,,
2026-01-13 14:36:56,2002,Ecran,,,,
2026-01-13 14:36:56,2003,Telephone / Tablette,,,,
2026-01-13 14:36:56,2004,Cafetiere,0.0,244.1,0.0,0.0
2026-01-13 14:36:56,2005,Lampe Salle à manger,,,,
2026-01-13 14:36:56,2006,PC Portable,,,,
2026-01-13 14:36:56,2007,Lampe Cuisine,,,,
2026-01-13 14:36:56,2008,Lampe Chambre,,,,
2026-01-13 14:38:18,2001,TV Salle à manger,,,,
2026-01-13 14:38:18,2002,Ecran,,,,
2026-01-13 14:38:18,2003,Telephone / Tablette,,,,
2026-01-13 14:38:18,2004,Cafetiere,0.0,243.8,0.0,0.0
2026-01-13 14:38:18,2005,Lampe Salle à manger,,,,
2026-01-13 14:38:18,2006,PC Portable,,,,
2026-01-13 14:38:18,2007,Lampe Cuisine,,,,
2026-01-13 14:38:18,2008,Lampe Chambre,,,,
2026-01-13 14:39:39,2001,TV Salle à manger,,,,
2026-01-13 14:39:39,2002,Ecran,,,,
2026-01-13 14:39:39,2003,Telephone / Tablette,,,,
2026-01-13 14:39:39,2004,Cafetiere,0.0,244.1,0.0,0.0
2026-01-13 14:39:39,2005,Lampe Salle à manger,,,,
2026-01-13 14:39:39,2006,PC Portable,,,,
2026-01-13 14:39:39,2007,Lampe Cuisine,,,,
2026-01-13 14:39:39,2008,Lampe Chambre,,,,
2026-01-13 14:41:01,2001,TV Salle à manger,,,,
2026-01-13 14:41:01,2002,Ecran,,,,
2026-01-13 14:41:01,2003,Telephone / Tablette,,,,
2026-01-13 14:41:01,2004,Cafetiere,0.0,243.7,0.0,0.0
2026-01-13 14:41:01,2005,Lampe Salle à manger,,,,
2026-01-13 14:41:01,2006,PC Portable,,,,
2026-01-13 14:41:01,2007,Lampe Cuisine,,,,
2026-01-13 14:41:01,2008,Lampe Chambre,,,,
2026-01-13 14:42:22,2001,TV Salle à manger,,,,
2026-01-13 14:42:22,2002,Ecran,,,,
2026-01-13 14:42:22,2003,Telephone / Tablette,,,,
2026-01-13 14:42:22,2004,Cafetiere,0.0,243.8,0.0,0.0
2026-01-13 14:42:22,2005,Lampe Salle à manger,,,,
2026-01-13 14:42:22,2006,PC Portable,,,,
2026-01-13 14:42:22,2007,Lampe Cuisine,,,,
2026-01-13 14:42:22,2008,Lampe Chambre,,,,
2026-01-13 14:43:44,2001,TV Salle à manger,,,,
2026-01-13 14:43:44,2002,Ecran,,,,
2026-01-13 14:43:44,2003,Telephone / Tablette,,,,
2026-01-13 14:43:44,2004,Cafetiere,0.0,243.9,0.0,0.0
2026-01-13 14:43:44,2005,Lampe Salle à manger,,,,
2026-01-13 14:43:44,2006,PC Portable,,,,
2026-01-13 14:43:44,2007,Lampe Cuisine,,,,
2026-01-13 14:43:44,2008,Lampe Chambre,,,,
2026-01-13 14:45:05,2001,TV Salle à manger,,,,
2026-01-13 14:45:05,2002,Ecran,,,,
2026-01-13 14:45:05,2003,Telephone / Tablette,,,,
2026-01-13 14:45:05,2004,Cafetiere,0.0,244.5,0.0,0.0
2026-01-13 14:45:05,2005,Lampe Salle à manger,,,,
2026-01-13 14:45:05,2006,PC Portable,,,,
2026-01-13 14:45:05,2007,Lampe Cuisine,,,,
2026-01-13 14:45:05,2008,Lampe Chambre,,,,
2026-01-13 14:46:27,2001,TV Salle à manger,,,,
2026-01-13 14:46:27,2002,Ecran,,,,
2026-01-13 14:46:27,2003,Telephone / Tablette,,,,
2026-01-13 14:46:27,2004,Cafetiere,0.0,243.9,0.0,0.0
2026-01-13 14:46:27,2005,Lampe Salle à manger,,,,
2026-01-13 14:46:27,2006,PC Portable,,,,
2026-01-13 14:46:27,2007,Lampe Cuisine,,,,
2026-01-13 14:46:27,2008,Lampe Chambre,,,,
2026-01-13 14:47:48,2001,TV Salle à manger,,,,
2026-01-13 14:47:48,2002,Ecran,,,,
2026-01-13 14:47:48,2003,Telephone / Tablette,,,,
2026-01-13 14:47:48,2004,Cafetiere,0.0,242.7,0.0,0.0
2026-01-13 14:47:48,2005,Lampe Salle à manger,,,,
2026-01-13 14:47:48,2006,PC Portable,,,,
2026-01-13 14:47:48,2007,Lampe Cuisine,,,,
2026-01-13 14:47:48,2008,Lampe Chambre,,,,
2026-01-13 14:49:10,2001,TV Salle à manger,,,,
2026-01-13 14:49:10,2002,Ecran,,,,
2026-01-13 14:49:10,2003,Telephone / Tablette,,,,
2026-01-13 14:49:10,2004,Cafetiere,0.0,244.2,0.0,0.0
2026-01-13 14:49:10,2005,Lampe Salle à manger,,,,
2026-01-13 14:49:10,2006,PC Portable,,,,
2026-01-13 14:49:10,2007,Lampe Cuisine,,,,
2026-01-13 14:49:10,2008,Lampe Chambre,,,,
2026-01-13 14:50:31,2001,TV Salle à manger,,,,
2026-01-13 14:50:31,2002,Ecran,,,,
2026-01-13 14:50:31,2003,Telephone / Tablette,,,,
2026-01-13 14:50:31,2004,Cafetiere,0.0,243.9,0.0,0.0
2026-01-13 14:50:31,2005,Lampe Salle à manger,,,,
2026-01-13 14:50:31,2006,PC Portable,,,,
2026-01-13 14:50:31,2007,Lampe Cuisine,,,,
2026-01-13 14:50:31,2008,Lampe Chambre,,,,
2026-01-13 14:51:53,2001,TV Salle à manger,,,,
2026-01-13 14:51:53,2002,Ecran,,,,
2026-01-13 14:51:53,2003,Telephone / Tablette,,,,
2026-01-13 14:51:53,2004,Cafetiere,0.0,243.4,0.0,0.0
2026-01-13 14:51:53,2005,Lampe Salle à manger,,,,
2026-01-13 14:51:53,2006,PC Portable,,,,
2026-01-13 14:51:53,2007,Lampe Cuisine,,,,
2026-01-13 14:51:53,2008,Lampe Chambre,,,,
2026-01-13 14:53:15,2001,TV Salle à manger,,,,
2026-01-13 14:53:15,2002,Ecran,,,,
2026-01-13 14:53:15,2003,Telephone / Tablette,,,,
2026-01-13 14:53:15,2004,Cafetiere,0.0,244.0,0.0,0.0
2026-01-13 14:53:15,2005,Lampe Salle à manger,,,,
2026-01-13 14:53:15,2006,PC Portable,,,,
2026-01-13 14:53:15,2007,Lampe Cuisine,,,,
2026-01-13 14:53:15,2008,Lampe Chambre,,,,
2026-01-13 14:54:36,2001,TV Salle à manger,,,,
2026-01-13 14:54:36,2002,Ecran,,,,
2026-01-13 14:54:36,2003,Telephone / Tablette,,,,
2026-01-13 14:54:36,2004,Cafetiere,0.0,244.0,0.0,0.0
2026-01-13 14:54:36,2005,Lampe Salle à manger,,,,
2026-01-13 14:54:36,2006,PC Portable,,,,
2026-01-13 14:54:36,2007,Lampe Cuisine,,,,
2026-01-13 14:54:36,2008,Lampe Chambre,,,,
2026-01-13 14:55:58,2001,TV Salle à manger,,,,
2026-01-13 14:55:58,2002,Ecran,,,,
2026-01-13 14:55:58,2003,Telephone / Tablette,,,,
2026-01-13 14:55:58,2004,Cafetiere,0.0,244.0,0.0,0.0
2026-01-13 14:55:58,2005,Lampe Salle à manger,,,,
2026-01-13 14:55:58,2006,PC Portable,,,,
2026-01-13 14:55:58,2007,Lampe Cuisine,,,,
2026-01-13 14:55:58,2008,Lampe Chambre,,,,
2026-01-13 14:57:19,2001,TV Salle à manger,,,,
2026-01-13 14:57:19,2002,Ecran,,,,
2026-01-13 14:57:19,2003,Telephone / Tablette,,,,
2026-01-13 14:57:19,2004,Cafetiere,0.0,243.4,0.0,0.0
2026-01-13 14:57:19,2005,Lampe Salle à manger,,,,
2026-01-13 14:57:19,2006,PC Portable,,,,
2026-01-13 14:57:19,2007,Lampe Cuisine,,,,
2026-01-13 14:57:19,2008,Lampe Chambre,,,,
2026-01-13 14:58:41,2001,TV Salle à manger,,,,
2026-01-13 14:58:41,2002,Ecran,,,,
2026-01-13 14:58:41,2003,Telephone / Tablette,,,,
2026-01-13 14:58:41,2004,Cafetiere,0.0,244.1,0.0,0.0
2026-01-13 14:58:41,2005,Lampe Salle à manger,,,,
2026-01-13 14:58:41,2006,PC Portable,,,,
2026-01-13 14:58:41,2007,Lampe Cuisine,,,,
2026-01-13 14:58:41,2008,Lampe Chambre,,,,
2026-01-13 15:00:02,2001,TV Salle à manger,,,,
2026-01-13 15:00:02,2002,Ecran,,,,
2026-01-13 15:00:02,2003,Telephone / Tablette,,,,
2026-01-13 15:00:02,2004,Cafetiere,0.0,244.2,0.0,0.0
2026-01-13 15:00:02,2005,Lampe Salle à manger,,,,
2026-01-13 15:00:02,2006,PC Portable,,,,
2026-01-13 15:00:02,2007,Lampe Cuisine,,,,
2026-01-13 15:00:02,2008,Lampe Chambre,,,,
2026-01-13 15:01:24,2001,TV Salle à manger,,,,
2026-01-13 15:01:24,2002,Ecran,,,,
2026-01-13 15:01:24,2003,Telephone / Tablette,,,,
2026-01-13 15:01:24,2004,Cafetiere,0.0,243.3,0.0,0.0
2026-01-13 15:01:24,2005,Lampe Salle à manger,,,,
2026-01-13 15:01:24,2006,PC Portable,,,,
2026-01-13 15:01:24,2007,Lampe Cuisine,,,,
2026-01-13 15:01:24,2008,Lampe Chambre,,,,
2026-01-13 15:02:45,2001,TV Salle à manger,,,,
2026-01-13 15:02:45,2002,Ecran,,,,
2026-01-13 15:02:45,2003,Telephone / Tablette,,,,
2026-01-13 15:02:45,2004,Cafetiere,0.0,243.6,0.0,0.0
2026-01-13 15:02:45,2005,Lampe Salle à manger,,,,
2026-01-13 15:02:45,2006,PC Portable,,,,
2026-01-13 15:02:45,2007,Lampe Cuisine,,,,
2026-01-13 15:02:45,2008,Lampe Chambre,,,,
2026-01-13 15:04:07,2001,TV Salle à manger,,,,
2026-01-13 15:04:07,2002,Ecran,,,,
2026-01-13 15:04:07,2003,Telephone / Tablette,,,,
2026-01-13 15:04:07,2004,Cafetiere,0.0,243.3,0.0,0.0
2026-01-13 15:04:07,2005,Lampe Salle à manger,,,,
2026-01-13 15:04:07,2006,PC Portable,,,,
2026-01-13 15:04:07,2007,Lampe Cuisine,,,,
2026-01-13 15:04:07,2008,Lampe Chambre,,,,
2026-01-13 15:05:28,2001,TV Salle à manger,,,,
2026-01-13 15:05:28,2002,Ecran,,,,
2026-01-13 15:05:28,2003,Telephone / Tablette,,,,
2026-01-13 15:05:28,2004,Cafetiere,0.0,243.2,0.0,0.0
2026-01-13 15:05:28,2005,Lampe Salle à manger,,,,
2026-01-13 15:05:28,2006,PC Portable,,,,
2026-01-13 15:05:28,2007,Lampe Cuisine,,,,
2026-01-13 15:05:28,2008,Lampe Chambre,,,,
2026-01-13 15:06:50,2001,TV Salle à manger,,,,
2026-01-13 15:06:50,2002,Ecran,,,,
2026-01-13 15:06:50,2003,Telephone / Tablette,,,,
2026-01-13 15:06:50,2004,Cafetiere,0.0,243.7,0.0,0.0
2026-01-13 15:06:50,2005,Lampe Salle à manger,,,,
2026-01-13 15:06:50,2006,PC Portable,,,,
2026-01-13 15:06:50,2007,Lampe Cuisine,,,,
2026-01-13 15:06:50,2008,Lampe Chambre,,,,
2026-01-13 15:08:11,2001,TV Salle à manger,,,,
2026-01-13 15:08:11,2002,Ecran,,,,
2026-01-13 15:08:11,2003,Telephone / Tablette,,,,
2026-01-13 15:08:11,2004,Cafetiere,0.0,243.1,0.0,0.0
2026-01-13 15:08:11,2005,Lampe Salle à manger,,,,
2026-01-13 15:08:11,2006,PC Portable,,,,
2026-01-13 15:08:11,2007,Lampe Cuisine,,,,
2026-01-13 15:08:11,2008,Lampe Chambre,,,,
2026-01-13 15:09:33,2001,TV Salle à manger,,,,
2026-01-13 15:09:33,2002,Ecran,,,,
2026-01-13 15:09:33,2003,Telephone / Tablette,,,,
2026-01-13 15:09:33,2004,Cafetiere,0.0,242.6,0.0,0.0
2026-01-13 15:09:33,2005,Lampe Salle à manger,,,,
2026-01-13 15:09:33,2006,PC Portable,,,,
2026-01-13 15:09:33,2007,Lampe Cuisine,,,,
2026-01-13 15:09:33,2008,Lampe Chambre,,,,
2026-01-13 15:10:55,2001,TV Salle à manger,,,,
2026-01-13 15:10:55,2002,Ecran,,,,
2026-01-13 15:10:55,2003,Telephone / Tablette,,,,
2026-01-13 15:10:55,2004,Cafetiere,0.0,243.3,0.0,0.0
2026-01-13 15:10:55,2005,Lampe Salle à manger,,,,
2026-01-13 15:10:55,2006,PC Portable,,,,
2026-01-13 15:10:55,2007,Lampe Cuisine,,,,
2026-01-13 15:10:55,2008,Lampe Chambre,,,,
2026-01-13 15:12:16,2001,TV Salle à manger,0.0,243.5,0.0,0.0
2026-01-13 15:12:16,2002,Ecran,0.0,243.1,0.0,0.0
2026-01-13 15:12:16,2003,Telephone / Tablette,0.0,242.7,0.0,0.0
2026-01-13 15:12:16,2004,Cafetiere,0.0,243.1,0.0,0.0
2026-01-13 15:12:16,2005,Lampe Salle à manger,0.0,242.5,0.0,0.0
2026-01-13 15:12:16,2006,PC Portable,0.0,243.6,0.0,0.0
2026-01-13 15:12:16,2007,Lampe Cuisine,0.0,242.5,0.0,0.0
2026-01-13 15:12:16,2008,Lampe Chambre,0.0,243.8,0.0,0.0
2026-01-13 15:13:16,2001,TV Salle à manger,0.0,244.4,0.0,0.0
2026-01-13 15:13:16,2002,Ecran,0.0,244.0,0.0,0.0
2026-01-13 15:13:16,2003,Telephone / Tablette,0.0,243.6,0.0,0.0
2026-01-13 15:13:16,2004,Cafetiere,0.0,243.9,0.0,0.0
2026-01-13 15:13:16,2005,Lampe Salle à manger,0.0,243.3,0.0,0.0
2026-01-13 15:13:16,2006,PC Portable,0.0,244.3,0.0,0.0
2026-01-13 15:13:16,2007,Lampe Cuisine,0.0,243.4,0.0,0.0
2026-01-13 15:13:16,2008,Lampe Chambre,0.0,244.7,0.0,0.0
2026-01-13 15:14:17,2001,TV Salle à manger,0.0,244.2,0.0,0.0
2026-01-13 15:14:17,2002,Ecran,0.0,243.8,0.0,0.0
2026-01-13 15:14:17,2003,Telephone / Tablette,0.0,243.3,0.0,0.0
2026-01-13 15:14:17,2004,Cafetiere,0.0,243.8,0.0,0.0
2026-01-13 15:14:17,2005,Lampe Salle à manger,0.0,243.2,0.0,0.0
2026-01-13 15:14:17,2006,PC Portable,0.0,244.2,0.0,0.0
2026-01-13 15:14:17,2007,Lampe Cuisine,0.0,243.3,0.0,0.0
2026-01-13 15:14:17,2008,Lampe Chambre,0.0,244.5,0.0,0.0
2026-01-13 15:15:17,2001,TV Salle à manger,0.0,244.9,0.0,0.0
2026-01-13 15:15:17,2002,Ecran,0.0,244.5,0.0,0.0
2026-01-13 15:15:17,2003,Telephone / Tablette,0.0,244.0,0.0,0.0
2026-01-13 15:15:17,2004,Cafetiere,0.0,244.4,0.0,0.0
2026-01-13 15:15:17,2005,Lampe Salle à manger,0.0,243.8,0.0,0.0
2026-01-13 15:15:17,2006,PC Portable,0.0,244.8,0.0,0.0
2026-01-13 15:15:17,2007,Lampe Cuisine,0.0,244.0,0.0,0.0
2026-01-13 15:15:17,2008,Lampe Chambre,0.0,245.2,0.0,0.0
2026-01-13 15:16:17,2001,TV Salle à manger,0.0,244.3,0.0,0.0
2026-01-13 15:16:17,2002,Ecran,0.0,243.9,0.0,0.0
2026-01-13 15:16:17,2003,Telephone / Tablette,0.0,243.4,0.0,0.0
2026-01-13 15:16:17,2004,Cafetiere,0.0,243.8,0.0,0.0
2026-01-13 15:16:17,2005,Lampe Salle à manger,0.0,243.3,0.0,0.0
2026-01-13 15:16:17,2006,PC Portable,0.0,244.2,0.0,0.0
2026-01-13 15:16:17,2007,Lampe Cuisine,0.0,243.4,0.0,0.0
2026-01-13 15:16:17,2008,Lampe Chambre,0.0,244.6,0.0,0.0
2026-01-13 15:17:17,2001,TV Salle à manger,0.019,244.2,0.0,0.0
2026-01-13 15:17:17,2002,Ecran,0.0,243.8,0.0,0.0
2026-01-13 15:17:17,2003,Telephone / Tablette,0.0,243.4,0.0,0.0
2026-01-13 15:17:17,2004,Cafetiere,0.0,243.8,0.0,0.0
2026-01-13 15:17:17,2005,Lampe Salle à manger,0.0,243.2,0.0,0.0
2026-01-13 15:17:17,2006,PC Portable,0.0,244.2,0.0,0.0
2026-01-13 15:17:17,2007,Lampe Cuisine,0.0,243.3,0.0,0.0
2026-01-13 15:17:17,2008,Lampe Chambre,0.0,244.6,0.0,0.0
2026-01-13 15:18:18,2001,TV Salle à manger,0.015,244.1,0.0,0.0
2026-01-13 15:18:18,2002,Ecran,0.0,243.8,0.0,0.0
2026-01-13 15:18:18,2003,Telephone / Tablette,0.0,243.5,0.0,0.0
2026-01-13 15:18:18,2004,Cafetiere,0.0,243.9,0.0,0.0
2026-01-13 15:18:18,2005,Lampe Salle à manger,0.0,243.2,0.0,0.0
2026-01-13 15:18:18,2006,PC Portable,0.0,244.4,0.0,0.0
2026-01-13 15:18:18,2007,Lampe Cuisine,0.0,243.2,0.0,0.0
2026-01-13 15:18:18,2008,Lampe Chambre,0.0,244.6,0.0,0.0
2026-01-13 15:19:18,2001,TV Salle à manger,0.0,245.1,0.0,0.0
2026-01-13 15:19:18,2002,Ecran,0.0,244.7,0.0,0.0
2026-01-13 15:19:18,2003,Telephone / Tablette,0.0,244.2,0.0,0.0
2026-01-13 15:19:18,2004,Cafetiere,0.0,244.6,0.0,0.0
2026-01-13 15:19:18,2005,Lampe Salle à manger,0.0,244.0,0.0,0.0
2026-01-13 15:19:18,2006,PC Portable,0.0,245.1,0.0,0.0
2026-01-13 15:19:18,2007,Lampe Cuisine,0.0,244.1,0.0,0.0
2026-01-13 15:19:18,2008,Lampe Chambre,0.0,245.3,0.0,0.0
2026-01-13 15:20:18,2001,TV Salle à manger,0.0,244.3,0.0,0.0
2026-01-13 15:20:18,2002,Ecran,0.0,244.0,0.0,0.0
2026-01-13 15:20:18,2003,Telephone / Tablette,0.0,243.5,0.0,0.0
2026-01-13 15:20:18,2004,Cafetiere,0.0,243.9,0.0,0.0
2026-01-13 15:20:18,2005,Lampe Salle à manger,0.0,243.3,0.0,0.0
2026-01-13 15:20:18,2006,PC Portable,0.0,244.3,0.0,0.0
2026-01-13 15:20:18,2007,Lampe Cuisine,0.0,243.4,0.0,0.0
2026-01-13 15:20:18,2008,Lampe Chambre,0.0,244.6,0.0,0.0
2026-01-13 15:21:18,2001,TV Salle à manger,0.0,244.3,0.0,0.0
2026-01-13 15:21:18,2002,Ecran,0.0,243.9,0.0,0.0
2026-01-13 15:21:18,2003,Telephone / Tablette,0.0,243.5,0.0,0.0
2026-01-13 15:21:18,2004,Cafetiere,0.0,243.9,0.0,0.0
2026-01-13 15:21:18,2005,Lampe Salle à manger,0.0,243.3,0.0,0.0
2026-01-13 15:21:18,2006,PC Portable,0.0,244.4,0.0,0.0
2026-01-13 15:21:18,2007,Lampe Cuisine,0.0,243.4,0.0,0.0
2026-01-13 15:21:18,2008,Lampe Chambre,0.0,244.6,0.0,0.0
2026-01-13 15:22:19,2001,TV Salle à manger,0.0,244.4,0.0,0.0
2026-01-13 15:22:19,2002,Ecran,0.0,243.9,0.0,0.0
2026-01-13 15:22:19,2003,Telephone / Tablette,0.0,243.5,0.0,0.0
2026-01-13 15:22:19,2004,Cafetiere,0.0,243.9,0.0,0.0
2026-01-13 15:22:19,2005,Lampe Salle à manger,0.0,243.5,0.0,0.0
2026-01-13 15:22:19,2006,PC Portable,0.0,244.4,0.0,0.0
2026-01-13 15:22:19,2007,Lampe Cuisine,0.0,243.5,0.0,0.0
2026-01-13 15:22:19,2008,Lampe Chambre,0.0,244.7,0.0,0.0
2026-01-13 15:23:19,2001,TV Salle à manger,0.022,244.0,0.0,0.0
2026-01-13 15:23:19,2002,Ecran,0.0,243.6,0.0,0.0
2026-01-13 15:23:19,2003,Telephone / Tablette,0.0,243.0,0.0,0.0
2026-01-13 15:23:19,2004,Cafetiere,0.0,243.3,0.0,0.0
2026-01-13 15:23:19,2005,Lampe Salle à manger,0.0,242.8,0.0,0.0
2026-01-13 15:23:19,2006,PC Portable,0.0,243.8,0.0,0.0
2026-01-13 15:23:19,2007,Lampe Cuisine,0.0,243.1,0.0,0.0
2026-01-13 15:23:19,2008,Lampe Chambre,0.0,244.1,0.0,0.0
2026-01-13 15:24:19,2001,TV Salle à manger,0.0,244.1,0.0,0.0
2026-01-13 15:24:19,2002,Ecran,0.0,243.7,0.0,0.0
2026-01-13 15:24:19,2003,Telephone / Tablette,0.0,243.2,0.0,0.0
2026-01-13 15:24:19,2004,Cafetiere,0.0,243.6,0.0,0.0
2026-01-13 15:24:19,2005,Lampe Salle à manger,0.0,243.1,0.0,0.0
2026-01-13 15:24:19,2006,PC Portable,0.0,244.1,0.0,0.0
2026-01-13 15:24:19,2007,Lampe Cuisine,0.0,243.1,0.0,0.0
2026-01-13 15:24:19,2008,Lampe Chambre,0.0,244.4,0.0,0.0
2026-01-13 15:25:19,2001,TV Salle à manger,0.0,244.4,0.0,0.0
2026-01-13 15:25:19,2002,Ecran,0.0,243.9,0.0,0.0
2026-01-13 15:25:19,2003,Telephone / Tablette,0.0,243.5,0.0,0.0
2026-01-13 15:25:19,2004,Cafetiere,0.0,243.8,0.0,0.0
2026-01-13 15:25:19,2005,Lampe Salle à manger,0.0,243.3,0.0,0.0
2026-01-13 15:25:19,2006,PC Portable,0.0,244.3,0.0,0.0
2026-01-13 15:25:19,2007,Lampe Cuisine,0.0,243.4,0.0,0.0
2026-01-13 15:25:19,2008,Lampe Chambre,0.0,244.7,0.0,0.0
2026-01-13 15:26:20,2001,TV Salle à manger,0.0,244.0,0.0,0.0
2026-01-13 15:26:20,2002,Ecran,0.0,243.6,0.0,0.0
2026-01-13 15:26:20,2003,Telephone / Tablette,0.0,243.3,0.0,0.0
2026-01-13 15:26:20,2004,Cafetiere,0.0,243.6,0.0,0.0
2026-01-13 15:26:20,2005,Lampe Salle à manger,0.0,243.0,0.0,0.0
2026-01-13 15:26:20,2006,PC Portable,0.0,244.1,0.0,0.0
2026-01-13 15:26:20,2007,Lampe Cuisine,0.0,243.2,0.0,0.0
2026-01-13 15:26:20,2008,Lampe Chambre,0.0,244.3,0.0,0.0
2026-01-13 15:27:20,2001,TV Salle à manger,0.0,243.4,0.0,0.0
2026-01-13 15:27:20,2002,Ecran,0.0,243.0,0.0,0.0
2026-01-13 15:27:20,2003,Telephone / Tablette,0.0,242.6,0.0,0.0
2026-01-13 15:27:20,2004,Cafetiere,6.471,242.1,1566.9,26.115
2026-01-13 15:27:20,2005,Lampe Salle à manger,0.0,242.4,0.0,0.0
2026-01-13 15:27:20,2006,PC Portable,0.0,243.4,0.0,0.0
2026-01-13 15:27:20,2007,Lampe Cuisine,0.038,242.4,5.2,0.087
2026-01-13 15:27:20,2008,Lampe Chambre,0.0,243.8,0.0,0.0
2026-01-13 15:28:20,2001,TV Salle à manger,0.0,243.9,0.0,0.0
2026-01-13 15:28:20,2002,Ecran,0.0,243.5,0.0,0.0
2026-01-13 15:28:20,2003,Telephone / Tablette,0.0,243.1,0.0,0.0
2026-01-13 15:28:20,2004,Cafetiere,0.0,243.4,0.0,0.0
2026-01-13 15:28:20,2005,Lampe Salle à manger,0.0,242.9,0.0,0.0
2026-01-13 15:28:20,2006,PC Portable,0.0,243.9,0.0,0.0
2026-01-13 15:28:20,2007,Lampe Cuisine,0.038,243.1,5.3,0.088
2026-01-13 15:28:20,2008,Lampe Chambre,0.0,244.3,0.0,0.0
2026-01-13 15:29:20,2001,TV Salle à manger,0.014,245.3,0.0,0.0
2026-01-13 15:29:20,2002,Ecran,0.0,244.9,0.0,0.0
2026-01-13 15:29:20,2003,Telephone / Tablette,0.0,244.5,0.0,0.0
2026-01-13 15:29:20,2004,Cafetiere,0.0,244.8,0.0,0.0
2026-01-13 15:29:20,2005,Lampe Salle à manger,0.0,244.3,0.0,0.0
2026-01-13 15:29:20,2006,PC Portable,0.0,245.3,0.0,0.0
2026-01-13 15:29:20,2007,Lampe Cuisine,0.038,244.4,5.3,0.088
2026-01-13 15:29:20,2008,Lampe Chambre,0.0,245.7,0.0,0.0
2026-01-13 15:30:21,2001,TV Salle à manger,0.025,244.9,0.0,0.0
2026-01-13 15:30:21,2002,Ecran,0.0,244.5,0.0,0.0
2026-01-13 15:30:21,2003,Telephone / Tablette,0.0,244.0,0.0,0.0
2026-01-13 15:30:21,2004,Cafetiere,0.043,244.4,27.2,0.453
2026-01-13 15:30:21,2005,Lampe Salle à manger,0.0,243.9,0.0,0.0
2026-01-13 15:30:21,2006,PC Portable,0.0,244.9,0.0,0.0
2026-01-13 15:30:21,2007,Lampe Cuisine,0.038,243.9,5.4,0.09
2026-01-13 15:30:21,2008,Lampe Chambre,0.0,245.2,0.0,0.0
2026-01-13 15:31:21,2001,TV Salle à manger,0.0,245.0,0.0,0.0
2026-01-13 15:31:21,2002,Ecran,0.0,244.6,0.0,0.0
2026-01-13 15:31:21,2003,Telephone / Tablette,0.0,244.1,0.0,0.0
2026-01-13 15:31:21,2004,Cafetiere,0.0,244.4,0.0,0.0
2026-01-13 15:31:21,2005,Lampe Salle à manger,0.0,244.0,0.0,0.0
2026-01-13 15:31:21,2006,PC Portable,0.0,244.9,0.0,0.0
2026-01-13 15:31:21,2007,Lampe Cuisine,0.0,244.1,0.0,0.0
2026-01-13 15:31:21,2008,Lampe Chambre,0.0,245.4,0.0,0.0
2026-01-13 15:32:21,2001,TV Salle à manger,0.0,244.3,0.0,0.0
2026-01-13 15:32:21,2002,Ecran,0.0,243.9,0.0,0.0
2026-01-13 15:32:21,2003,Telephone / Tablette,0.0,243.5,0.0,0.0
2026-01-13 15:32:21,2004,Cafetiere,0.0,243.8,0.0,0.0
2026-01-13 15:32:21,2005,Lampe Salle à manger,0.0,243.4,0.0,0.0
2026-01-13 15:32:21,2006,PC Portable,0.0,244.3,0.0,0.0
2026-01-13 15:32:21,2007,Lampe Cuisine,0.0,243.4,0.0,0.0
2026-01-13 15:32:21,2008,Lampe Chambre,0.0,244.7,0.0,0.0
2026-01-13 15:33:21,2001,TV Salle à manger,0.0,244.4,0.0,0.0
2026-01-13 15:33:21,2002,Ecran,0.0,243.9,0.0,0.0
2026-01-13 15:33:21,2003,Telephone / Tablette,0.0,243.5,0.0,0.0
2026-01-13 15:33:21,2004,Cafetiere,0.0,243.7,0.0,0.0
2026-01-13 15:33:21,2005,Lampe Salle à manger,0.0,243.4,0.0,0.0
2026-01-13 15:33:21,2006,PC Portable,0.0,244.3,0.0,0.0
2026-01-13 15:33:21,2007,Lampe Cuisine,0.0,243.4,0.0,0.0
2026-01-13 15:33:21,2008,Lampe Chambre,0.0,244.7,0.0,0.0
2026-01-13 15:34:22,2001,TV Salle à manger,0.022,244.5,0.0,0.0
2026-01-13 15:34:22,2002,Ecran,0.0,244.0,0.0,0.0
2026-01-13 15:34:22,2003,Telephone / Tablette,0.0,243.5,0.0,0.0
2026-01-13 15:34:22,2004,Cafetiere,0.0,243.9,0.0,0.0
2026-01-13 15:34:22,2005,Lampe Salle à manger,0.0,243.4,0.0,0.0
2026-01-13 15:34:22,2006,PC Portable,0.0,244.2,0.0,0.0
2026-01-13 15:34:22,2007,Lampe Cuisine,0.0,243.5,0.0,0.0
2026-01-13 15:34:22,2008,Lampe Chambre,0.0,244.8,0.0,0.0
2026-01-13 15:35:22,2001,TV Salle à manger,0.022,245.5,0.0,0.0
2026-01-13 15:35:22,2002,Ecran,0.0,245.1,0.0,0.0
2026-01-13 15:35:22,2003,Telephone / Tablette,0.0,244.6,0.0,0.0
2026-01-13 15:35:22,2004,Cafetiere,0.0,244.6,0.0,0.0
2026-01-13 15:35:22,2005,Lampe Salle à manger,0.0,244.4,0.0,0.0
2026-01-13 15:35:22,2006,PC Portable,0.0,245.2,0.0,0.0
2026-01-13 15:35:22,2007,Lampe Cuisine,0.0,244.5,0.0,0.0
2026-01-13 15:35:22,2008,Lampe Chambre,0.0,245.9,0.0,0.0
2026-01-13 15:36:22,2001,TV Salle à manger,0.0,244.6,0.0,0.0
2026-01-13 15:36:22,2002,Ecran,0.0,244.2,0.0,0.0
2026-01-13 15:36:22,2003,Telephone / Tablette,0.0,243.8,0.0,0.0
2026-01-13 15:36:22,2004,Cafetiere,0.0,244.0,0.0,0.0
2026-01-13 15:36:22,2005,Lampe Salle à manger,0.0,243.6,0.0,0.0
2026-01-13 15:36:22,2006,PC Portable,0.0,244.5,0.0,0.0
2026-01-13 15:36:22,2007,Lampe Cuisine,0.0,243.6,0.0,0.0
2026-01-13 15:36:22,2008,Lampe Chambre,0.0,245.0,0.0,0.0
2026-01-13 15:37:22,2001,TV Salle à manger,0.01,244.8,0.0,0.0
2026-01-13 15:37:22,2002,Ecran,0.0,244.3,0.0,0.0
2026-01-13 15:37:22,2003,Telephone / Tablette,0.0,244.0,0.0,0.0
2026-01-13 15:37:22,2004,Cafetiere,0.0,244.1,0.0,0.0
2026-01-13 15:37:22,2005,Lampe Salle à manger,0.0,243.7,0.0,0.0
2026-01-13 15:37:22,2006,PC Portable,0.0,244.8,0.0,0.0
2026-01-13 15:37:22,2007,Lampe Cuisine,0.0,243.9,0.0,0.0
2026-01-13 15:37:22,2008,Lampe Chambre,0.0,245.1,0.0,0.0
2026-01-13 15:38:23,2001,TV Salle à manger,0.0,244.7,0.0,0.0
2026-01-13 15:38:23,2002,Ecran,0.0,244.3,0.0,0.0
2026-01-13 15:38:23,2003,Telephone / Tablette,0.0,244.0,0.0,0.0
2026-01-13 15:38:23,2004,Cafetiere,0.0,244.1,0.0,0.0
2026-01-13 15:38:23,2005,Lampe Salle à manger,0.0,243.7,0.0,0.0
2026-01-13 15:38:23,2006,PC Portable,0.0,244.7,0.0,0.0
2026-01-13 15:38:23,2007,Lampe Cuisine,0.0,243.8,0.0,0.0
2026-01-13 15:38:23,2008,Lampe Chambre,0.0,245.1,0.0,0.0
2026-01-13 15:39:23,2001,TV Salle à manger,0.016,245.1,0.0,0.0
2026-01-13 15:39:23,2002,Ecran,0.0,244.7,0.0,0.0
2026-01-13 15:39:23,2003,Telephone / Tablette,0.0,244.3,0.0,0.0
2026-01-13 15:39:23,2004,Cafetiere,0.0,244.5,0.0,0.0
2026-01-13 15:39:23,2005,Lampe Salle à manger,0.0,244.1,0.0,0.0
2026-01-13 15:39:23,2006,PC Portable,0.0,245.0,0.0,0.0
2026-01-13 15:39:23,2007,Lampe Cuisine,0.0,244.1,0.0,0.0
2026-01-13 15:39:23,2008,Lampe Chambre,0.0,245.5,0.0,0.0
2026-01-13 15:40:23,2001,TV Salle à manger,0.015,244.6,0.0,0.0
2026-01-13 15:40:23,2002,Ecran,0.0,244.1,0.0,0.0
2026-01-13 15:40:23,2003,Telephone / Tablette,0.0,243.8,0.0,0.0
2026-01-13 15:40:23,2004,Cafetiere,0.0,243.9,0.0,0.0
2026-01-13 15:40:23,2005,Lampe Salle à manger,0.0,243.5,0.0,0.0
2026-01-13 15:40:23,2006,PC Portable,0.0,244.5,0.0,0.0
2026-01-13 15:40:23,2007,Lampe Cuisine,0.0,243.6,0.0,0.0
2026-01-13 15:40:23,2008,Lampe Chambre,0.0,244.9,0.0,0.0
2026-01-13 15:41:23,2001,TV Salle à manger,0.0,244.7,0.0,0.0
2026-01-13 15:41:23,2002,Ecran,0.0,244.5,0.0,0.0
2026-01-13 15:41:23,2003,Telephone / Tablette,0.0,244.0,0.0,0.0
2026-01-13 15:41:23,2004,Cafetiere,0.0,244.1,0.0,0.0
2026-01-13 15:41:23,2005,Lampe Salle à manger,0.0,243.8,0.0,0.0
2026-01-13 15:41:23,2006,PC Portable,0.0,244.7,0.0,0.0
2026-01-13 15:41:23,2007,Lampe Cuisine,0.0,243.8,0.0,0.0
2026-01-13 15:41:23,2008,Lampe Chambre,0.0,245.2,0.0,0.0
2026-01-13 15:42:24,2001,TV Salle à manger,0.0,245.1,0.0,0.0
2026-01-13 15:42:24,2002,Ecran,0.0,244.8,0.0,0.0
2026-01-13 15:42:24,2003,Telephone / Tablette,0.0,244.3,0.0,0.0
2026-01-13 15:42:24,2004,Cafetiere,0.0,244.5,0.0,0.0
2026-01-13 15:42:24,2005,Lampe Salle à manger,0.0,244.1,0.0,0.0
2026-01-13 15:42:24,2006,PC Portable,0.0,245.1,0.0,0.0
2026-01-13 15:42:24,2007,Lampe Cuisine,0.0,244.2,0.0,0.0
2026-01-13 15:42:24,2008,Lampe Chambre,0.0,245.6,0.0,0.0
2026-01-13 15:43:24,2001,TV Salle à manger,0.0,244.9,0.0,0.0
2026-01-13 15:43:24,2002,Ecran,0.0,244.5,0.0,0.0
2026-01-13 15:43:24,2003,Telephone / Tablette,0.0,244.0,0.0,0.0
2026-01-13 15:43:24,2004,Cafetiere,0.0,244.3,0.0,0.0
2026-01-13 15:43:24,2005,Lampe Salle à manger,0.0,243.9,0.0,0.0
2026-01-13 15:43:24,2006,PC Portable,0.0,244.8,0.0,0.0
2026-01-13 15:43:24,2007,Lampe Cuisine,0.0,244.0,0.0,0.0
2026-01-13 15:43:24,2008,Lampe Chambre,0.0,245.2,0.0,0.0
2026-01-13 15:44:24,2001,TV Salle à manger,0.0,244.8,0.0,0.0
2026-01-13 15:44:24,2002,Ecran,0.0,244.4,0.0,0.0
2026-01-13 15:44:24,2003,Telephone / Tablette,0.0,243.9,0.0,0.0
2026-01-13 15:44:24,2004,Cafetiere,0.0,244.2,0.0,0.0
2026-01-13 15:44:24,2005,Lampe Salle à manger,0.0,243.8,0.0,0.0
2026-01-13 15:44:24,2006,PC Portable,0.0,244.7,0.0,0.0
2026-01-13 15:44:24,2007,Lampe Cuisine,0.038,243.8,5.3,0.088
2026-01-13 15:44:24,2008,Lampe Chambre,0.0,245.1,0.0,0.0
2026-01-13 15:45:25,2001,TV Salle à manger,0.018,244.1,0.0,0.0
2026-01-13 15:45:25,2002,Ecran,0.0,243.6,0.0,0.0
2026-01-13 15:45:25,2003,Telephone / Tablette,0.0,243.4,0.0,0.0
2026-01-13 15:45:25,2004,Cafetiere,0.0,243.5,0.0,0.0
2026-01-13 15:45:25,2005,Lampe Salle à manger,0.0,243.2,0.0,0.0
2026-01-13 15:45:25,2006,PC Portable,0.0,244.1,0.0,0.0
2026-01-13 15:45:25,2007,Lampe Cuisine,0.038,243.1,5.3,0.088
2026-01-13 15:45:25,2008,Lampe Chambre,0.0,244.6,0.0,0.0
2026-01-13 15:46:25,2001,TV Salle à manger,0.019,244.5,0.0,0.0
2026-01-13 15:46:25,2002,Ecran,0.0,244.1,0.0,0.0
2026-01-13 15:46:25,2003,Telephone / Tablette,0.0,243.7,0.0,0.0
2026-01-13 15:46:25,2004,Cafetiere,0.0,243.9,0.0,0.0
2026-01-13 15:46:25,2005,Lampe Salle à manger,0.0,243.5,0.0,0.0
2026-01-13 15:46:25,2006,PC Portable,0.0,244.4,0.0,0.0
2026-01-13 15:46:25,2007,Lampe Cuisine,0.0,243.6,0.0,0.0
2026-01-13 15:46:25,2008,Lampe Chambre,0.0,244.8,0.0,0.0
2026-01-13 15:47:25,2001,TV Salle à manger,0.0,244.8,0.0,0.0
2026-01-13 15:47:25,2002,Ecran,0.0,244.5,0.0,0.0
2026-01-13 15:47:25,2003,Telephone / Tablette,0.0,244.1,0.0,0.0
2026-01-13 15:47:25,2004,Cafetiere,0.0,244.3,0.0,0.0
2026-01-13 15:47:25,2005,Lampe Salle à manger,0.0,243.9,0.0,0.0
2026-01-13 15:47:25,2006,PC Portable,0.0,244.9,0.0,0.0
2026-01-13 15:47:25,2007,Lampe Cuisine,0.0,243.9,0.0,0.0
2026-01-13 15:47:25,2008,Lampe Chambre,0.0,245.3,0.0,0.0
2026-01-13 15:48:25,2001,TV Salle à manger,0.0,245.0,0.0,0.0
2026-01-13 15:48:25,2002,Ecran,0.0,244.7,0.0,0.0
2026-01-13 15:48:25,2003,Telephone / Tablette,0.0,244.1,0.0,0.0
2026-01-13 15:48:25,2004,Cafetiere,0.0,244.4,0.0,0.0
2026-01-13 15:48:25,2005,Lampe Salle à manger,0.0,244.1,0.0,0.0
2026-01-13 15:48:25,2006,PC Portable,0.0,245.0,0.0,0.0
2026-01-13 15:48:25,2007,Lampe Cuisine,0.0,244.1,0.0,0.0
2026-01-13 15:48:25,2008,Lampe Chambre,0.0,245.4,0.0,0.0
2026-01-13 15:49:26,2001,TV Salle à manger,0.0,245.0,0.0,0.0
2026-01-13 15:49:26,2002,Ecran,0.0,244.4,0.0,0.0
2026-01-13 15:49:26,2003,Telephone / Tablette,0.0,244.1,0.0,0.0
2026-01-13 15:49:26,2004,Cafetiere,0.0,244.3,0.0,0.0
2026-01-13 15:49:26,2005,Lampe Salle à manger,0.0,243.8,0.0,0.0
2026-01-13 15:49:26,2006,PC Portable,0.0,244.8,0.0,0.0
2026-01-13 15:49:26,2007,Lampe Cuisine,0.0,243.8,0.0,0.0
2026-01-13 15:49:26,2008,Lampe Chambre,0.0,245.2,0.0,0.0
2026-01-13 15:50:26,2001,TV Salle à manger,0.0,244.9,0.0,0.0
2026-01-13 15:50:26,2002,Ecran,0.0,244.6,0.0,0.0
2026-01-13 15:50:26,2003,Telephone / Tablette,0.0,244.0,0.0,0.0
2026-01-13 15:50:26,2004,Cafetiere,0.0,244.1,0.0,0.0
2026-01-13 15:50:26,2005,Lampe Salle à manger,0.0,243.8,0.0,0.0
2026-01-13 15:50:26,2006,PC Portable,0.0,244.7,0.0,0.0
2026-01-13 15:50:26,2007,Lampe Cuisine,0.0,244.0,0.0,0.0
2026-01-13 15:50:26,2008,Lampe Chambre,0.0,245.1,0.0,0.0
2026-01-13 15:51:26,2001,TV Salle à manger,0.046,245.2,1.3,0.022
2026-01-13 15:51:26,2002,Ecran,0.0,244.7,0.0,0.0
2026-01-13 15:51:26,2003,Telephone / Tablette,0.0,244.4,0.0,0.0
2026-01-13 15:51:26,2004,Cafetiere,0.0,244.5,0.0,0.0
2026-01-13 15:51:26,2005,Lampe Salle à manger,0.0,244.2,0.0,0.0
2026-01-13 15:51:26,2006,PC Portable,0.0,245.1,0.0,0.0
2026-01-13 15:51:26,2007,Lampe Cuisine,0.0,244.3,0.0,0.0
2026-01-13 15:51:26,2008,Lampe Chambre,0.0,245.5,0.0,0.0
2026-01-13 15:52:27,2001,TV Salle à manger,0.021,245.2,0.0,0.0
2026-01-13 15:52:27,2002,Ecran,0.0,244.6,0.0,0.0
2026-01-13 15:52:27,2003,Telephone / Tablette,0.0,244.3,0.0,0.0
2026-01-13 15:52:27,2004,Cafetiere,0.0,244.4,0.0,0.0
2026-01-13 15:52:27,2005,Lampe Salle à manger,0.0,244.1,0.0,0.0
2026-01-13 15:52:27,2006,PC Portable,0.0,245.1,0.0,0.0
2026-01-13 15:52:27,2007,Lampe Cuisine,0.0,244.1,0.0,0.0
2026-01-13 15:52:27,2008,Lampe Chambre,0.0,245.4,0.0,0.0
2026-01-13 15:53:27,2001,TV Salle à manger,0.0,245.6,0.0,0.0
2026-01-13 15:53:27,2002,Ecran,0.0,245.2,0.0,0.0
2026-01-13 15:53:27,2003,Telephone / Tablette,0.0,244.7,0.0,0.0
2026-01-13 15:53:27,2004,Cafetiere,0.0,244.9,0.0,0.0
2026-01-13 15:53:27,2005,Lampe Salle à manger,0.0,244.6,0.0,0.0
2026-01-13 15:53:27,2006,PC Portable,0.0,245.6,0.0,0.0
2026-01-13 15:53:27,2007,Lampe Cuisine,0.0,244.7,0.0,0.0
2026-01-13 15:53:27,2008,Lampe Chambre,0.0,245.8,0.0,0.0
2026-01-13 15:54:27,2001,TV Salle à manger,0.0,245.6,0.0,0.0
2026-01-13 15:54:27,2002,Ecran,0.0,245.1,0.0,0.0
2026-01-13 15:54:27,2003,Telephone / Tablette,0.0,244.7,0.0,0.0
2026-01-13 15:54:27,2004,Cafetiere,0.0,244.9,0.0,0.0
2026-01-13 15:54:27,2005,Lampe Salle à manger,0.0,244.5,0.0,0.0
2026-01-13 15:54:27,2006,PC Portable,0.0,245.4,0.0,0.0
2026-01-13 15:54:27,2007,Lampe Cuisine,0.0,244.6,0.0,0.0
2026-01-13 15:54:27,2008,Lampe Chambre,0.0,245.9,0.0,0.0
2026-01-13 15:55:27,2001,TV Salle à manger,0.0,245.0,0.0,0.0
2026-01-13 15:55:27,2002,Ecran,0.0,244.8,0.0,0.0
2026-01-13 15:55:27,2003,Telephone / Tablette,0.0,244.3,0.0,0.0
2026-01-13 15:55:27,2004,Cafetiere,0.0,244.5,0.0,0.0
2026-01-13 15:55:27,2005,Lampe Salle à manger,0.0,244.0,0.0,0.0
2026-01-13 15:55:27,2006,PC Portable,0.0,245.2,0.0,0.0
2026-01-13 15:55:27,2007,Lampe Cuisine,0.0,244.1,0.0,0.0
2026-01-13 15:55:27,2008,Lampe Chambre,0.0,245.6,0.0,0.0
2026-01-13 15:56:28,2001,TV Salle à manger,0.0,244.5,0.0,0.0
2026-01-13 15:56:28,2002,Ecran,0.0,244.0,0.0,0.0
2026-01-13 15:56:28,2003,Telephone / Tablette,0.0,243.6,0.0,0.0
2026-01-13 15:56:28,2004,Cafetiere,0.0,243.7,0.0,0.0
2026-01-13 15:56:28,2005,Lampe Salle à manger,0.0,243.4,0.0,0.0
2026-01-13 15:56:28,2006,PC Portable,0.0,244.4,0.0,0.0
2026-01-13 15:56:28,2007,Lampe Cuisine,0.0,243.5,0.0,0.0
2026-01-13 15:56:28,2008,Lampe Chambre,0.0,244.7,0.0,0.0
2026-01-13 15:57:28,2001,TV Salle à manger,0.022,244.4,0.0,0.0
2026-01-13 15:57:28,2002,Ecran,0.0,243.9,0.0,0.0
2026-01-13 15:57:28,2003,Telephone / Tablette,0.0,243.5,0.0,0.0
2026-01-13 15:57:28,2004,Cafetiere,0.0,243.6,0.0,0.0
2026-01-13 15:57:28,2005,Lampe Salle à manger,0.0,243.3,0.0,0.0
2026-01-13 15:57:28,2006,PC Portable,0.0,244.3,0.0,0.0
2026-01-13 15:57:28,2007,Lampe Cuisine,0.0,243.4,0.0,0.0
2026-01-13 15:57:28,2008,Lampe Chambre,0.0,244.7,0.0,0.0
2026-01-13 15:58:28,2001,TV Salle à manger,0.029,245.8,0.0,0.0
2026-01-13 15:58:28,2002,Ecran,0.0,245.3,0.0,0.0
2026-01-13 15:58:28,2003,Telephone / Tablette,0.0,245.0,0.0,0.0
2026-01-13 15:58:28,2004,Cafetiere,0.0,245.2,0.0,0.0
2026-01-13 15:58:28,2005,Lampe Salle à manger,0.0,244.7,0.0,0.0
2026-01-13 15:58:28,2006,PC Portable,0.0,245.7,0.0,0.0
2026-01-13 15:58:28,2007,Lampe Cuisine,0.0,244.9,0.0,0.0
2026-01-13 15:58:28,2008,Lampe Chambre,0.0,246.2,0.0,0.0
2026-01-13 15:59:28,2001,TV Salle à manger,0.0,244.9,0.0,0.0
2026-01-13 15:59:28,2002,Ecran,0.0,244.4,0.0,0.0
2026-01-13 15:59:28,2003,Telephone / Tablette,0.0,244.0,0.0,0.0
2026-01-13 15:59:28,2004,Cafetiere,0.0,244.3,0.0,0.0
2026-01-13 15:59:28,2005,Lampe Salle à manger,0.0,243.9,0.0,0.0
2026-01-13 15:59:28,2006,PC Portable,0.0,244.5,0.0,0.0
2026-01-13 15:59:28,2007,Lampe Cuisine,0.0,244.0,0.0,0.0
2026-01-13 15:59:28,2008,Lampe Chambre,0.0,245.3,0.0,0.0
2026-01-13 16:00:29,2001,TV Salle à manger,0.016,245.2,0.0,0.0
2026-01-13 16:00:29,2002,Ecran,0.0,244.7,0.0,0.0
2026-01-13 16:00:29,2003,Telephone / Tablette,0.0,244.4,0.0,0.0
2026-01-13 16:00:29,2004,Cafetiere,0.0,244.5,0.0,0.0
2026-01-13 16:00:29,2005,Lampe Salle à manger,0.0,244.4,0.0,0.0
2026-01-13 16:00:29,2006,PC Portable,0.0,245.2,0.0,0.0
2026-01-13 16:00:29,2007,Lampe Cuisine,0.0,244.4,0.0,0.0
2026-01-13 16:00:29,2008,Lampe Chambre,0.0,245.5,0.0,0.0
2026-01-13 16:01:29,2001,TV Salle à manger,0.0,245.8,0.0,0.0
2026-01-13 16:01:29,2002,Ecran,0.0,245.3,0.0,0.0
2026-01-13 16:01:29,2003,Telephone / Tablette,0.0,245.0,0.0,0.0
2026-01-13 16:01:29,2004,Cafetiere,0.0,245.1,0.0,0.0
2026-01-13 16:01:29,2005,Lampe Salle à manger,0.0,244.7,0.0,0.0
2026-01-13 16:01:29,2006,PC Portable,0.0,245.7,0.0,0.0
2026-01-13 16:01:29,2007,Lampe Cuisine,0.0,244.9,0.0,0.0
2026-01-13 16:01:29,2008,Lampe Chambre,0.0,246.1,0.0,0.0
2026-01-13 16:02:29,2001,TV Salle à manger,0.0,244.9,0.0,0.0
2026-01-13 16:02:29,2002,Ecran,0.0,244.4,0.0,0.0
2026-01-13 16:02:29,2003,Telephone / Tablette,0.0,244.1,0.0,0.0
2026-01-13 16:02:29,2004,Cafetiere,0.0,244.2,0.0,0.0
2026-01-13 16:02:29,2005,Lampe Salle à manger,0.0,243.9,0.0,0.0
2026-01-13 16:02:29,2006,PC Portable,0.0,244.8,0.0,0.0
2026-01-13 16:02:29,2007,Lampe Cuisine,0.0,244.0,0.0,0.0
2026-01-13 16:02:29,2008,Lampe Chambre,0.0,245.2,0.0,0.0
2026-01-13 16:03:29,2001,TV Salle à manger,0.0,245.4,0.0,0.0
2026-01-13 16:03:29,2002,Ecran,0.0,244.9,0.0,0.0
2026-01-13 16:03:29,2003,Telephone / Tablette,0.0,244.6,0.0,0.0
2026-01-13 16:03:29,2004,Cafetiere,0.0,244.7,0.0,0.0
2026-01-13 16:03:29,2005,Lampe Salle à manger,0.0,244.4,0.0,0.0
2026-01-13 16:03:29,2006,PC Portable,0.0,245.3,0.0,0.0
2026-01-13 16:03:29,2007,Lampe Cuisine,0.0,244.5,0.0,0.0
2026-01-13 16:03:29,2008,Lampe Chambre,0.0,245.6,0.0,0.0
2026-01-13 16:04:30,2001,TV Salle à manger,0.0,245.3,0.0,0.0
2026-01-13 16:04:30,2002,Ecran,0.0,244.8,0.0,0.0
2026-01-13 16:04:30,2003,Telephone / Tablette,0.0,244.2,0.0,0.0
2026-01-13 16:04:30,2004,Cafetiere,0.0,244.2,0.0,0.0
2026-01-13 16:04:30,2005,Lampe Salle à manger,0.0,244.1,0.0,0.0
2026-01-13 16:04:30,2006,PC Portable,0.0,244.8,0.0,0.0
2026-01-13 16:04:30,2007,Lampe Cuisine,0.0,244.2,0.0,0.0
2026-01-13 16:04:30,2008,Lampe Chambre,0.0,245.2,0.0,0.0
2026-01-13 16:05:30,2001,TV Salle à manger,0.02,246.1,0.0,0.0
2026-01-13 16:05:30,2002,Ecran,0.0,245.6,0.0,0.0
2026-01-13 16:05:30,2003,Telephone / Tablette,0.0,245.2,0.0,0.0
2026-01-13 16:05:30,2004,Cafetiere,0.0,245.3,0.0,0.0
2026-01-13 16:05:30,2005,Lampe Salle à manger,0.0,245.0,0.0,0.0
2026-01-13 16:05:30,2006,PC Portable,0.0,245.9,0.0,0.0
2026-01-13 16:05:30,2007,Lampe Cuisine,0.0,245.1,0.0,0.0
2026-01-13 16:05:30,2008,Lampe Chambre,0.0,246.4,0.0,0.0
2026-01-13 16:06:30,2001,TV Salle à manger,0.0,245.2,0.0,0.0
2026-01-13 16:06:30,2002,Ecran,0.0,244.8,0.0,0.0
2026-01-13 16:06:30,2003,Telephone / Tablette,0.0,244.3,0.0,0.0
2026-01-13 16:06:30,2004,Cafetiere,0.0,244.5,0.0,0.0
2026-01-13 16:06:30,2005,Lampe Salle à manger,0.0,244.1,0.0,0.0
2026-01-13 16:06:30,2006,PC Portable,0.0,245.1,0.0,0.0
2026-01-13 16:06:30,2007,Lampe Cuisine,0.0,244.2,0.0,0.0
2026-01-13 16:06:30,2008,Lampe Chambre,0.0,245.5,0.0,0.0
2026-01-13 16:07:31,2001,TV Salle à manger,0.026,245.7,0.0,0.0
2026-01-13 16:07:31,2002,Ecran,0.0,245.3,0.0,0.0
2026-01-13 16:07:31,2003,Telephone / Tablette,0.0,244.9,0.0,0.0
2026-01-13 16:07:31,2004,Cafetiere,0.0,245.1,0.0,0.0
2026-01-13 16:07:31,2005,Lampe Salle à manger,0.0,244.7,0.0,0.0
2026-01-13 16:07:31,2006,PC Portable,0.0,245.6,0.0,0.0
2026-01-13 16:07:31,2007,Lampe Cuisine,0.0,244.8,0.0,0.0
2026-01-13 16:07:31,2008,Lampe Chambre,0.0,246.1,0.0,0.0
2026-01-13 16:08:31,2001,TV Salle à manger,0.0,245.2,0.0,0.0
2026-01-13 16:08:31,2002,Ecran,0.0,244.7,0.0,0.0
2026-01-13 16:08:31,2003,Telephone / Tablette,0.0,244.3,0.0,0.0
2026-01-13 16:08:31,2004,Cafetiere,0.0,244.4,0.0,0.0
2026-01-13 16:08:31,2005,Lampe Salle à manger,0.0,244.1,0.0,0.0
2026-01-13 16:08:31,2006,PC Portable,0.0,245.0,0.0,0.0
2026-01-13 16:08:31,2007,Lampe Cuisine,0.0,244.2,0.0,0.0
2026-01-13 16:08:31,2008,Lampe Chambre,0.0,245.5,0.0,0.0
2026-01-13 16:09:31,2001,TV Salle à manger,0.023,244.6,0.0,0.0
2026-01-13 16:09:31,2002,Ecran,0.0,244.3,0.0,0.0
2026-01-13 16:09:31,2003,Telephone / Tablette,0.0,244.1,0.0,0.0
2026-01-13 16:09:31,2004,Cafetiere,0.0,244.0,0.0,0.0
2026-01-13 16:09:31,2005,Lampe Salle à manger,0.0,243.7,0.0,0.0
2026-01-13 16:09:31,2006,PC Portable,0.0,244.7,0.0,0.0
2026-01-13 16:09:31,2007,Lampe Cuisine,0.0,243.7,0.0,0.0
2026-01-13 16:09:31,2008,Lampe Chambre,0.0,245.0,0.0,0.0
2026-01-13 16:10:32,2001,TV Salle à manger,0.0,244.9,0.0,0.0
2026-01-13 16:10:32,2002,Ecran,0.0,244.5,0.0,0.0
2026-01-13 16:10:32,2003,Telephone / Tablette,0.0,244.1,0.0,0.0
2026-01-13 16:10:32,2004,Cafetiere,0.0,244.2,0.0,0.0
2026-01-13 16:10:32,2005,Lampe Salle à manger,0.0,243.9,0.0,0.0
2026-01-13 16:10:32,2006,PC Portable,0.0,244.8,0.0,0.0
2026-01-13 16:10:32,2007,Lampe Cuisine,0.0,243.9,0.0,0.0
2026-01-13 16:10:32,2008,Lampe Chambre,0.0,245.2,0.0,0.0
2026-01-13 16:11:32,2001,TV Salle à manger,0.0,245.2,0.0,0.0
2026-01-13 16:11:32,2002,Ecran,0.0,244.8,0.0,0.0
2026-01-13 16:11:32,2003,Telephone / Tablette,0.0,244.5,0.0,0.0
2026-01-13 16:11:32,2004,Cafetiere,0.0,244.7,0.0,0.0
2026-01-13 16:11:32,2005,Lampe Salle à manger,0.0,244.2,0.0,0.0
2026-01-13 16:11:32,2006,PC Portable,0.0,245.3,0.0,0.0
2026-01-13 16:11:32,2007,Lampe Cuisine,0.0,244.4,0.0,0.0
2026-01-13 16:11:32,2008,Lampe Chambre,0.0,245.7,0.0,0.0
2026-01-13 16:12:32,2001,TV Salle à manger,0.022,244.5,0.0,0.0
2026-01-13 16:12:32,2002,Ecran,0.0,244.0,0.0,0.0
2026-01-13 16:12:32,2003,Telephone / Tablette,0.0,243.7,0.0,0.0
2026-01-13 16:12:32,2004,Cafetiere,0.0,243.7,0.0,0.0
2026-01-13 16:12:32,2005,Lampe Salle à manger,0.0,243.5,0.0,0.0
2026-01-13 16:12:32,2006,PC Portable,0.0,244.4,0.0,0.0
2026-01-13 16:12:32,2007,Lampe Cuisine,0.0,243.5,0.0,0.0
2026-01-13 16:12:32,2008,Lampe Chambre,0.0,244.8,0.0,0.0
2026-01-13 16:13:33,2001,TV Salle à manger,0.013,244.9,0.0,0.0
2026-01-13 16:13:33,2002,Ecran,0.0,244.5,0.0,0.0
2026-01-13 16:13:33,2003,Telephone / Tablette,0.0,244.0,0.0,0.0
2026-01-13 16:13:33,2004,Cafetiere,0.0,244.1,0.0,0.0
2026-01-13 16:13:33,2005,Lampe Salle à manger,0.0,243.9,0.0,0.0
2026-01-13 16:13:33,2006,PC Portable,0.0,244.8,0.0,0.0
2026-01-13 16:13:33,2007,Lampe Cuisine,0.0,243.9,0.0,0.0
2026-01-13 16:13:33,2008,Lampe Chambre,0.0,245.1,0.0,0.0
2026-01-13 16:14:33,2001,TV Salle à manger,0.0,245.0,0.0,0.0
2026-01-13 16:14:33,2002,Ecran,0.0,244.6,0.0,0.0
2026-01-13 16:14:33,2003,Telephone / Tablette,0.0,244.1,0.0,0.0
2026-01-13 16:14:33,2004,Cafetiere,0.0,244.3,0.0,0.0
2026-01-13 16:14:33,2005,Lampe Salle à manger,0.0,244.0,0.0,0.0
2026-01-13 16:14:33,2006,PC Portable,0.0,244.9,0.0,0.0
2026-01-13 16:14:33,2007,Lampe Cuisine,0.0,244.0,0.0,0.0
2026-01-13 16:14:33,2008,Lampe Chambre,0.0,245.3,0.0,0.0
2026-01-13 16:15:33,2001,TV Salle à manger,0.0,244.8,0.0,0.0
2026-01-13 16:15:33,2002,Ecran,0.0,244.2,0.0,0.0
2026-01-13 16:15:33,2003,Telephone / Tablette,0.0,243.9,0.0,0.0
2026-01-13 16:15:33,2004,Cafetiere,0.0,243.9,0.0,0.0
2026-01-13 16:15:33,2005,Lampe Salle à manger,0.0,243.7,0.0,0.0
2026-01-13 16:15:33,2006,PC Portable,0.0,244.6,0.0,0.0
2026-01-13 16:15:33,2007,Lampe Cuisine,0.0,243.8,0.0,0.0
2026-01-13 16:15:33,2008,Lampe Chambre,0.0,245.0,0.0,0.0
2026-01-13 16:16:33,2001,TV Salle à manger,0.016,245.3,0.0,0.0
2026-01-13 16:16:33,2002,Ecran,0.0,244.9,0.0,0.0
2026-01-13 16:16:33,2003,Telephone / Tablette,0.0,244.5,0.0,0.0
2026-01-13 16:16:33,2004,Cafetiere,0.0,244.6,0.0,0.0
2026-01-13 16:16:33,2005,Lampe Salle à manger,0.0,244.3,0.0,0.0
2026-01-13 16:16:33,2006,PC Portable,0.0,245.2,0.0,0.0
2026-01-13 16:16:33,2007,Lampe Cuisine,0.0,244.4,0.0,0.0
2026-01-13 16:16:33,2008,Lampe Chambre,0.0,245.6,0.0,0.0
2026-01-13 16:17:34,2001,TV Salle à manger,0.0,244.9,0.0,0.0
2026-01-13 16:17:34,2002,Ecran,0.0,244.5,0.0,0.0
2026-01-13 16:17:34,2003,Telephone / Tablette,0.0,244.1,0.0,0.0
2026-01-13 16:17:34,2004,Cafetiere,0.0,244.3,0.0,0.0
2026-01-13 16:17:34,2005,Lampe Salle à manger,0.0,244.0,0.0,0.0
2026-01-13 16:17:34,2006,PC Portable,0.0,244.9,0.0,0.0
2026-01-13 16:17:34,2007,Lampe Cuisine,0.0,243.9,0.0,0.0
2026-01-13 16:17:34,2008,Lampe Chambre,0.0,245.2,0.0,0.0
2026-01-13 16:18:34,2001,TV Salle à manger,0.03,245.3,0.0,0.0
2026-01-13 16:18:34,2002,Ecran,0.0,244.8,0.0,0.0
2026-01-13 16:18:34,2003,Telephone / Tablette,0.0,244.4,0.0,0.0
2026-01-13 16:18:34,2004,Cafetiere,0.0,244.6,0.0,0.0
2026-01-13 16:18:34,2005,Lampe Salle à manger,0.0,244.2,0.0,0.0
2026-01-13 16:18:34,2006,PC Portable,0.0,245.2,0.0,0.0
2026-01-13 16:18:34,2007,Lampe Cuisine,0.0,244.3,0.0,0.0
2026-01-13 16:18:34,2008,Lampe Chambre,0.0,245.6,0.0,0.0
2026-01-13 16:19:34,2001,TV Salle à manger,0.022,245.4,0.0,0.0
2026-01-13 16:19:34,2002,Ecran,0.0,245.0,0.0,0.0
2026-01-13 16:19:34,2003,Telephone / Tablette,0.0,244.6,0.0,0.0
2026-01-13 16:19:34,2004,Cafetiere,0.0,244.9,0.0,0.0
2026-01-13 16:19:34,2005,Lampe Salle à manger,0.0,244.5,0.0,0.0
2026-01-13 16:19:34,2006,PC Portable,0.0,245.3,0.0,0.0
2026-01-13 16:19:34,2007,Lampe Cuisine,0.0,244.5,0.0,0.0
2026-01-13 16:19:34,2008,Lampe Chambre,0.0,245.8,0.0,0.0
2026-01-13 16:20:34,2001,TV Salle à manger,0.02,244.4,0.0,0.0
2026-01-13 16:20:34,2002,Ecran,0.0,243.9,0.0,0.0
2026-01-13 16:20:34,2003,Telephone / Tablette,0.0,243.4,0.0,0.0
2026-01-13 16:20:34,2004,Cafetiere,0.0,243.6,0.0,0.0
2026-01-13 16:20:34,2005,Lampe Salle à manger,0.0,243.2,0.0,0.0
2026-01-13 16:20:34,2006,PC Portable,0.0,244.2,0.0,0.0
2026-01-13 16:20:34,2007,Lampe Cuisine,0.0,243.3,0.0,0.0
2026-01-13 16:20:34,2008,Lampe Chambre,0.0,244.6,0.0,0.0
2026-01-13 16:21:35,2001,TV Salle à manger,0.024,244.8,0.0,0.0
2026-01-13 16:21:35,2002,Ecran,0.0,244.3,0.0,0.0
2026-01-13 16:21:35,2003,Telephone / Tablette,0.0,244.0,0.0,0.0
2026-01-13 16:21:35,2004,Cafetiere,0.0,244.3,0.0,0.0
2026-01-13 16:21:35,2005,Lampe Salle à manger,0.0,244.0,0.0,0.0
2026-01-13 16:21:35,2006,PC Portable,0.0,244.7,0.0,0.0
2026-01-13 16:21:35,2007,Lampe Cuisine,0.0,243.9,0.0,0.0
2026-01-13 16:21:35,2008,Lampe Chambre,0.0,245.2,0.0,0.0
2026-01-13 16:22:35,2001,TV Salle à manger,0.024,245.0,0.0,0.0
2026-01-13 16:22:35,2002,Ecran,0.0,244.6,0.0,0.0
2026-01-13 16:22:35,2003,Telephone / Tablette,0.0,244.2,0.0,0.0
2026-01-13 16:22:35,2004,Cafetiere,0.0,244.1,0.0,0.0
2026-01-13 16:22:35,2005,Lampe Salle à manger,0.0,244.0,0.0,0.0
2026-01-13 16:22:35,2006,PC Portable,0.0,244.9,0.0,0.0
2026-01-13 16:22:35,2007,Lampe Cuisine,0.0,244.1,0.0,0.0
2026-01-13 16:22:35,2008,Lampe Chambre,0.0,245.3,0.0,0.0
2026-01-13 16:23:35,2001,TV Salle à manger,0.01,244.8,0.0,0.0
2026-01-13 16:23:35,2002,Ecran,0.0,244.2,0.0,0.0
2026-01-13 16:23:35,2003,Telephone / Tablette,0.0,244.0,0.0,0.0
2026-01-13 16:23:35,2004,Cafetiere,0.0,244.1,0.0,0.0
2026-01-13 16:23:35,2005,Lampe Salle à manger,0.0,243.7,0.0,0.0
2026-01-13 16:23:35,2006,PC Portable,0.0,244.7,0.0,0.0
2026-01-13 16:23:35,2007,Lampe Cuisine,0.0,243.9,0.0,0.0
2026-01-13 16:23:35,2008,Lampe Chambre,0.0,245.1,0.0,0.0
2026-01-13 16:24:35,2001,TV Salle à manger,0.011,245.3,0.0,0.0
2026-01-13 16:24:35,2002,Ecran,0.0,244.8,0.0,0.0
2026-01-13 16:24:35,2003,Telephone / Tablette,0.0,244.4,0.0,0.0
2026-01-13 16:24:35,2004,Cafetiere,0.0,244.5,0.0,0.0
2026-01-13 16:24:35,2005,Lampe Salle à manger,0.0,244.1,0.0,0.0
2026-01-13 16:24:35,2006,PC Portable,0.0,245.1,0.0,0.0
2026-01-13 16:24:35,2007,Lampe Cuisine,0.0,244.4,0.0,0.0
2026-01-13 16:24:35,2008,Lampe Chambre,0.0,245.5,0.0,0.0
2026-01-13 16:25:36,2001,TV Salle à manger,0.018,245.7,0.0,0.0
2026-01-13 16:25:36,2002,Ecran,0.0,245.2,0.0,0.0
2026-01-13 16:25:36,2003,Telephone / Tablette,0.0,244.9,0.0,0.0
2026-01-13 16:25:36,2004,Cafetiere,0.0,245.0,0.0,0.0
2026-01-13 16:25:36,2005,Lampe Salle à manger,0.0,244.7,0.0,0.0
2026-01-13 16:25:36,2006,PC Portable,0.0,245.5,0.0,0.0
2026-01-13 16:25:36,2007,Lampe Cuisine,0.0,244.8,0.0,0.0
2026-01-13 16:25:36,2008,Lampe Chambre,0.0,246.0,0.0,0.0
2026-01-13 16:26:36,2001,TV Salle à manger,0.0,244.9,0.0,0.0
2026-01-13 16:26:36,2002,Ecran,0.0,244.5,0.0,0.0
2026-01-13 16:26:36,2003,Telephone / Tablette,0.0,244.1,0.0,0.0
2026-01-13 16:26:36,2004,Cafetiere,0.0,244.2,0.0,0.0
2026-01-13 16:26:36,2005,Lampe Salle à manger,0.0,243.9,0.0,0.0
2026-01-13 16:26:36,2006,PC Portable,0.0,244.8,0.0,0.0
2026-01-13 16:26:36,2007,Lampe Cuisine,0.0,244.0,0.0,0.0
2026-01-13 16:26:36,2008,Lampe Chambre,0.0,245.2,0.0,0.0
2026-01-13 16:27:36,2001,TV Salle à manger,0.021,246.0,0.0,0.0
2026-01-13 16:27:36,2002,Ecran,0.0,245.6,0.0,0.0
2026-01-13 16:27:36,2003,Telephone / Tablette,0.0,245.2,0.0,0.0
2026-01-13 16:27:36,2004,Cafetiere,0.0,245.2,0.0,0.0
2026-01-13 16:27:36,2005,Lampe Salle à manger,0.0,245.0,0.0,0.0
2026-01-13 16:27:36,2006,PC Portable,0.0,245.8,0.0,0.0
2026-01-13 16:27:36,2007,Lampe Cuisine,0.0,245.0,0.0,0.0
2026-01-13 16:27:36,2008,Lampe Chambre,0.0,246.3,0.0,0.0
2026-01-13 16:28:36,2001,TV Salle à manger,0.0,245.3,0.0,0.0
2026-01-13 16:28:36,2002,Ecran,0.0,244.8,0.0,0.0
2026-01-13 16:28:36,2003,Telephone / Tablette,0.0,244.5,0.0,0.0
2026-01-13 16:28:36,2004,Cafetiere,0.0,244.5,0.0,0.0
2026-01-13 16:28:36,2005,Lampe Salle à manger,0.0,244.3,0.0,0.0
2026-01-13 16:28:36,2006,PC Portable,0.0,245.2,0.0,0.0
2026-01-13 16:28:36,2007,Lampe Cuisine,0.0,244.4,0.0,0.0
2026-01-13 16:28:36,2008,Lampe Chambre,0.0,245.6,0.0,0.0
2026-01-13 16:29:37,2001,TV Salle à manger,0.0,244.9,0.0,0.0
2026-01-13 16:29:37,2002,Ecran,0.0,244.6,0.0,0.0
2026-01-13 16:29:37,2003,Telephone / Tablette,0.0,244.1,0.0,0.0
2026-01-13 16:29:37,2004,Cafetiere,0.0,244.1,0.0,0.0
2026-01-13 16:29:37,2005,Lampe Salle à manger,0.0,243.9,0.0,0.0
2026-01-13 16:29:37,2006,PC Portable,0.0,244.9,0.0,0.0
2026-01-13 16:29:37,2007,Lampe Cuisine,0.0,244.1,0.0,0.0
2026-01-13 16:29:37,2008,Lampe Chambre,0.0,245.2,0.0,0.0
2026-01-13 16:30:37,2001,TV Salle à manger,0.01,245.8,0.0,0.0
2026-01-13 16:30:37,2002,Ecran,0.0,245.4,0.0,0.0
2026-01-13 16:30:37,2003,Telephone / Tablette,0.0,245.0,0.0,0.0
2026-01-13 16:30:37,2004,Cafetiere,0.0,245.1,0.0,0.0
2026-01-13 16:30:37,2005,Lampe Salle à manger,0.0,244.8,0.0,0.0
2026-01-13 16:30:37,2006,PC Portable,0.0,245.7,0.0,0.0
2026-01-13 16:30:37,2007,Lampe Cuisine,0.0,244.9,0.0,0.0
2026-01-13 16:30:37,2008,Lampe Chambre,0.0,246.2,0.0,0.0
2026-01-13 16:31:37,2001,TV Salle à manger,0.016,245.1,0.0,0.0
2026-01-13 16:31:37,2002,Ecran,0.0,244.8,0.0,0.0
2026-01-13 16:31:37,2003,Telephone / Tablette,0.0,244.3,0.0,0.0
2026-01-13 16:31:37,2004,Cafetiere,0.0,244.3,0.0,0.0
2026-01-13 16:31:37,2005,Lampe Salle à manger,0.0,244.1,0.0,0.0
2026-01-13 16:31:37,2006,PC Portable,0.0,245.0,0.0,0.0
2026-01-13 16:31:37,2007,Lampe Cuisine,0.0,244.2,0.0,0.0
2026-01-13 16:31:37,2008,Lampe Chambre,0.0,245.4,0.0,0.0
2026-01-13 16:32:37,2001,TV Salle à manger,0.013,245.9,0.0,0.0
2026-01-13 16:32:37,2002,Ecran,0.0,245.5,0.0,0.0
2026-01-13 16:32:37,2003,Telephone / Tablette,0.0,245.0,0.0,0.0
2026-01-13 16:32:37,2004,Cafetiere,0.0,245.1,0.0,0.0
2026-01-13 16:32:37,2005,Lampe Salle à manger,0.0,244.9,0.0,0.0
2026-01-13 16:32:37,2006,PC Portable,0.0,245.7,0.0,0.0
2026-01-13 16:32:37,2007,Lampe Cuisine,0.0,244.9,0.0,0.0
2026-01-13 16:32:37,2008,Lampe Chambre,0.0,246.1,0.0,0.0
2026-01-13 16:33:38,2001,TV Salle à manger,0.0,245.3,0.0,0.0
2026-01-13 16:33:38,2002,Ecran,0.0,245.0,0.0,0.0
2026-01-13 16:33:38,2003,Telephone / Tablette,0.0,244.6,0.0,0.0
2026-01-13 16:33:38,2004,Cafetiere,0.0,244.7,0.0,0.0
2026-01-13 16:33:38,2005,Lampe Salle à manger,0.0,244.3,0.0,0.0
2026-01-13 16:33:38,2006,PC Portable,0.0,245.3,0.0,0.0
2026-01-13 16:33:38,2007,Lampe Cuisine,0.0,244.3,0.0,0.0
2026-01-13 16:33:38,2008,Lampe Chambre,0.0,245.7,0.0,0.0
2026-01-13 16:34:38,2001,TV Salle à manger,0.0,244.9,0.0,0.0
2026-01-13 16:34:38,2002,Ecran,0.0,244.5,0.0,0.0
2026-01-13 16:34:38,2003,Telephone / Tablette,0.0,244.0,0.0,0.0
2026-01-13 16:34:38,2004,Cafetiere,0.0,244.2,0.0,0.0
2026-01-13 16:34:38,2005,Lampe Salle à manger,0.0,243.8,0.0,0.0
2026-01-13 16:34:38,2006,PC Portable,0.0,244.7,0.0,0.0
2026-01-13 16:34:38,2007,Lampe Cuisine,0.0,243.8,0.0,0.0
2026-01-13 16:34:38,2008,Lampe Chambre,0.0,245.2,0.0,0.0
2026-01-13 16:35:38,2001,TV Salle à manger,0.0,245.7,0.0,0.0
2026-01-13 16:35:38,2002,Ecran,0.0,245.0,0.0,0.0
2026-01-13 16:35:38,2003,Telephone / Tablette,0.0,244.8,0.0,0.0
2026-01-13 16:35:38,2004,Cafetiere,0.0,244.9,0.0,0.0
2026-01-13 16:35:38,2005,Lampe Salle à manger,0.0,244.5,0.0,0.0
2026-01-13 16:35:38,2006,PC Portable,0.0,245.6,0.0,0.0
2026-01-13 16:35:38,2007,Lampe Cuisine,0.0,244.7,0.0,0.0
2026-01-13 16:35:38,2008,Lampe Chambre,0.0,246.0,0.0,0.0
2026-01-13 16:36:39,2001,TV Salle à manger,0.0,245.4,0.0,0.0
2026-01-13 16:36:39,2002,Ecran,0.0,245.0,0.0,0.0
2026-01-13 16:36:39,2003,Telephone / Tablette,0.0,244.5,0.0,0.0
2026-01-13 16:36:39,2004,Cafetiere,0.0,244.7,0.0,0.0
2026-01-13 16:36:39,2005,Lampe Salle à manger,0.0,244.4,0.0,0.0
2026-01-13 16:36:39,2006,PC Portable,0.0,245.4,0.0,0.0
2026-01-13 16:36:39,2007,Lampe Cuisine,0.0,244.3,0.0,0.0
2026-01-13 16:36:39,2008,Lampe Chambre,0.0,245.7,0.0,0.0
2026-01-13 16:37:39,2001,TV Salle à manger,0.02,245.2,0.0,0.0
2026-01-13 16:37:39,2002,Ecran,0.0,244.7,0.0,0.0
2026-01-13 16:37:39,2003,Telephone / Tablette,0.0,244.4,0.0,0.0
2026-01-13 16:37:39,2004,Cafetiere,0.0,244.5,0.0,0.0
2026-01-13 16:37:39,2005,Lampe Salle à manger,0.0,244.2,0.0,0.0
2026-01-13 16:37:39,2006,PC Portable,0.0,245.1,0.0,0.0
2026-01-13 16:37:39,2007,Lampe Cuisine,0.0,244.3,0.0,0.0
2026-01-13 16:37:39,2008,Lampe Chambre,0.0,245.5,0.0,0.0
2026-01-13 16:38:39,2001,TV Salle à manger,0.0,245.1,0.0,0.0
2026-01-13 16:38:39,2002,Ecran,0.0,244.7,0.0,0.0
2026-01-13 16:38:39,2003,Telephone / Tablette,0.0,244.3,0.0,0.0
2026-01-13 16:38:39,2004,Cafetiere,0.0,244.3,0.0,0.0
2026-01-13 16:38:39,2005,Lampe Salle à manger,0.0,244.1,0.0,0.0
2026-01-13 16:38:39,2006,PC Portable,0.0,245.0,0.0,0.0
2026-01-13 16:38:39,2007,Lampe Cuisine,0.0,244.1,0.0,0.0
2026-01-13 16:38:39,2008,Lampe Chambre,0.0,245.4,0.0,0.0
2026-01-13 16:39:39,2001,TV Salle à manger,0.0,245.1,0.0,0.0
2026-01-13 16:39:39,2002,Ecran,0.0,244.6,0.0,0.0
2026-01-13 16:39:39,2003,Telephone / Tablette,0.0,244.2,0.0,0.0
2026-01-13 16:39:39,2004,Cafetiere,0.0,244.3,0.0,0.0
2026-01-13 16:39:39,2005,Lampe Salle à manger,0.0,244.0,0.0,0.0
2026-01-13 16:39:39,2006,PC Portable,0.0,244.9,0.0,0.0
2026-01-13 16:39:39,2007,Lampe Cuisine,0.0,244.1,0.0,0.0
2026-01-13 16:39:39,2008,Lampe Chambre,0.0,245.4,0.0,0.0
2026-01-13 16:40:40,2001,TV Salle à manger,0.019,245.0,0.0,0.0
2026-01-13 16:40:40,2002,Ecran,0.0,244.6,0.0,0.0
2026-01-13 16:40:40,2003,Telephone / Tablette,0.0,244.2,0.0,0.0
2026-01-13 16:40:40,2004,Cafetiere,0.0,244.3,0.0,0.0
2026-01-13 16:40:40,2005,Lampe Salle à manger,0.0,244.0,0.0,0.0
2026-01-13 16:40:40,2006,PC Portable,0.0,245.0,0.0,0.0
2026-01-13 16:40:40,2007,Lampe Cuisine,0.0,244.1,0.0,0.0
2026-01-13 16:40:40,2008,Lampe Chambre,0.0,245.3,0.0,0.0
2026-01-13 16:41:40,2001,TV Salle à manger,0.0,245.9,0.0,0.0
2026-01-13 16:41:40,2002,Ecran,0.0,245.4,0.0,0.0
2026-01-13 16:41:40,2003,Telephone / Tablette,0.0,245.1,0.0,0.0
2026-01-13 16:41:40,2004,Cafetiere,0.0,245.1,0.0,0.0
2026-01-13 16:41:40,2005,Lampe Salle à manger,0.0,244.8,0.0,0.0
2026-01-13 16:41:40,2006,PC Portable,0.0,245.8,0.0,0.0
2026-01-13 16:41:40,2007,Lampe Cuisine,0.0,244.9,0.0,0.0
2026-01-13 16:41:40,2008,Lampe Chambre,0.0,246.2,0.0,0.0
2026-01-13 16:42:40,2001,TV Salle à manger,0.0,244.9,0.0,0.0
2026-01-13 16:42:40,2002,Ecran,0.0,244.5,0.0,0.0
2026-01-13 16:42:40,2003,Telephone / Tablette,0.0,244.1,0.0,0.0
2026-01-13 16:42:40,2004,Cafetiere,0.0,244.2,0.0,0.0
2026-01-13 16:42:40,2005,Lampe Salle à manger,0.0,243.9,0.0,0.0
2026-01-13 16:42:40,2006,PC Portable,0.0,244.8,0.0,0.0
2026-01-13 16:42:40,2007,Lampe Cuisine,0.0,244.0,0.0,0.0
2026-01-13 16:42:40,2008,Lampe Chambre,0.0,245.2,0.0,0.0
2026-01-13 16:43:41,2001,TV Salle à manger,0.021,245.0,0.0,0.0
2026-01-13 16:43:41,2002,Ecran,0.0,244.6,0.0,0.0
2026-01-13 16:43:41,2003,Telephone / Tablette,0.0,244.2,0.0,0.0
2026-01-13 16:43:41,2004,Cafetiere,0.0,244.3,0.0,0.0
2026-01-13 16:43:41,2005,Lampe Salle à manger,0.0,244.0,0.0,0.0
2026-01-13 16:43:41,2006,PC Portable,0.0,244.9,0.0,0.0
2026-01-13 16:43:41,2007,Lampe Cuisine,0.0,244.1,0.0,0.0
2026-01-13 16:43:41,2008,Lampe Chambre,0.0,245.3,0.0,0.0
2026-01-13 16:44:41,2001,TV Salle à manger,0.0,245.9,0.0,0.0
2026-01-13 16:44:41,2002,Ecran,0.0,245.4,0.0,0.0
2026-01-13 16:44:41,2003,Telephone / Tablette,0.0,245.0,0.0,0.0
2026-01-13 16:44:41,2004,Cafetiere,0.0,245.2,0.0,0.0
2026-01-13 16:44:41,2005,Lampe Salle à manger,0.0,244.7,0.0,0.0
2026-01-13 16:44:41,2006,PC Portable,0.0,245.7,0.0,0.0
2026-01-13 16:44:41,2007,Lampe Cuisine,0.0,244.9,0.0,0.0
2026-01-13 16:44:41,2008,Lampe Chambre,0.0,246.1,0.0,0.0
2026-01-13 16:45:41,2001,TV Salle à manger,0.0,244.6,0.0,0.0
2026-01-13 16:45:41,2002,Ecran,0.0,244.1,0.0,0.0
2026-01-13 16:45:41,2003,Telephone / Tablette,0.0,243.8,0.0,0.0
2026-01-13 16:45:41,2004,Cafetiere,0.0,243.9,0.0,0.0
2026-01-13 16:45:41,2005,Lampe Salle à manger,0.0,243.5,0.0,0.0
2026-01-13 16:45:41,2006,PC Portable,0.0,244.5,0.0,0.0
2026-01-13 16:45:41,2007,Lampe Cuisine,0.0,243.7,0.0,0.0
2026-01-13 16:45:41,2008,Lampe Chambre,0.0,244.9,0.0,0.0
2026-01-13 16:46:42,2001,TV Salle à manger,0.01,245.3,0.0,0.0
2026-01-13 16:46:42,2002,Ecran,0.0,244.9,0.0,0.0
2026-01-13 16:46:42,2003,Telephone / Tablette,0.0,244.5,0.0,0.0
2026-01-13 16:46:42,2004,Cafetiere,0.0,244.7,0.0,0.0
2026-01-13 16:46:42,2005,Lampe Salle à manger,0.0,244.3,0.0,0.0
2026-01-13 16:46:42,2006,PC Portable,0.0,245.3,0.0,0.0
2026-01-13 16:46:42,2007,Lampe Cuisine,0.0,244.4,0.0,0.0
2026-01-13 16:46:42,2008,Lampe Chambre,0.0,245.6,0.0,0.0
2026-01-13 16:47:42,2001,TV Salle à manger,0.0,244.5,0.0,0.0
2026-01-13 16:47:42,2002,Ecran,0.0,244.1,0.0,0.0
2026-01-13 16:47:42,2003,Telephone / Tablette,0.0,243.6,0.0,0.0
2026-01-13 16:47:42,2004,Cafetiere,0.0,243.8,0.0,0.0
2026-01-13 16:47:42,2005,Lampe Salle à manger,0.0,243.5,0.0,0.0
2026-01-13 16:47:42,2006,PC Portable,0.0,244.4,0.0,0.0
2026-01-13 16:47:42,2007,Lampe Cuisine,0.0,243.6,0.0,0.0
2026-01-13 16:47:42,2008,Lampe Chambre,0.0,244.8,0.0,0.0
2026-01-13 16:48:42,2001,TV Salle à manger,0.014,245.9,0.0,0.0
2026-01-13 16:48:42,2002,Ecran,0.0,245.4,0.0,0.0
2026-01-13 16:48:42,2003,Telephone / Tablette,0.0,245.1,0.0,0.0
2026-01-13 16:48:42,2004,Cafetiere,0.0,245.1,0.0,0.0
2026-01-13 16:48:42,2005,Lampe Salle à manger,0.0,244.8,0.0,0.0
2026-01-13 16:48:42,2006,PC Portable,0.0,245.7,0.0,0.0
2026-01-13 16:48:42,2007,Lampe Cuisine,0.0,245.1,0.0,0.0
2026-01-13 16:48:42,2008,Lampe Chambre,0.0,246.2,0.0,0.0
2026-01-13 16:49:42,2001,TV Salle à manger,0.0,244.7,0.0,0.0
2026-01-13 16:49:42,2002,Ecran,0.0,244.3,0.0,0.0
2026-01-13 16:49:42,2003,Telephone / Tablette,0.0,243.9,0.0,0.0
2026-01-13 16:49:42,2004,Cafetiere,0.0,244.0,0.0,0.0
2026-01-13 16:49:42,2005,Lampe Salle à manger,0.0,243.7,0.0,0.0
2026-01-13 16:49:42,2006,PC Portable,0.0,244.6,0.0,0.0
2026-01-13 16:49:42,2007,Lampe Cuisine,0.0,243.8,0.0,0.0
2026-01-13 16:49:42,2008,Lampe Chambre,0.0,245.0,0.0,0.0
2026-01-13 16:50:43,2001,TV Salle à manger,0.026,245.6,0.0,0.0
2026-01-13 16:50:43,2002,Ecran,0.0,245.1,0.0,0.0
2026-01-13 16:50:43,2003,Telephone / Tablette,0.0,244.7,0.0,0.0
2026-01-13 16:50:43,2004,Cafetiere,0.0,244.7,0.0,0.0
2026-01-13 16:50:43,2005,Lampe Salle à manger,0.0,244.5,0.0,0.0
2026-01-13 16:50:43,2006,PC Portable,0.0,245.4,0.0,0.0
2026-01-13 16:50:43,2007,Lampe Cuisine,0.0,244.6,0.0,0.0
2026-01-13 16:50:43,2008,Lampe Chambre,0.0,245.8,0.0,0.0
2026-01-13 16:51:43,2001,TV Salle à manger,0.0,245.4,0.0,0.0
2026-01-13 16:51:43,2002,Ecran,0.0,245.0,0.0,0.0
2026-01-13 16:51:43,2003,Telephone / Tablette,0.0,244.6,0.0,0.0
2026-01-13 16:51:43,2004,Cafetiere,0.0,244.7,0.0,0.0
2026-01-13 16:51:43,2005,Lampe Salle à manger,0.0,244.4,0.0,0.0
2026-01-13 16:51:43,2006,PC Portable,0.0,245.3,0.0,0.0
2026-01-13 16:51:43,2007,Lampe Cuisine,0.0,244.5,0.0,0.0
2026-01-13 16:51:43,2008,Lampe Chambre,0.0,245.7,0.0,0.0
2026-01-13 16:52:43,2001,TV Salle à manger,0.021,244.6,0.0,0.0
2026-01-13 16:52:43,2002,Ecran,0.0,244.2,0.0,0.0
2026-01-13 16:52:43,2003,Telephone / Tablette,0.0,243.8,0.0,0.0
2026-01-13 16:52:43,2004,Cafetiere,0.0,244.0,0.0,0.0
2026-01-13 16:52:43,2005,Lampe Salle à manger,0.0,243.6,0.0,0.0
2026-01-13 16:52:43,2006,PC Portable,0.0,244.6,0.0,0.0
2026-01-13 16:52:43,2007,Lampe Cuisine,0.0,243.8,0.0,0.0
2026-01-13 16:52:43,2008,Lampe Chambre,0.0,245.1,0.0,0.0
2026-01-13 16:53:43,2001,TV Salle à manger,0.0,245.5,0.0,0.0
2026-01-13 16:53:43,2002,Ecran,0.0,245.0,0.0,0.0
2026-01-13 16:53:43,2003,Telephone / Tablette,0.0,244.6,0.0,0.0
2026-01-13 16:53:43,2004,Cafetiere,0.0,244.7,0.0,0.0
2026-01-13 16:53:43,2005,Lampe Salle à manger,0.0,244.5,0.0,0.0
2026-01-13 16:53:43,2006,PC Portable,0.0,245.4,0.0,0.0
2026-01-13 16:53:43,2007,Lampe Cuisine,0.0,244.5,0.0,0.0
2026-01-13 16:53:43,2008,Lampe Chambre,0.0,245.8,0.0,0.0
2026-01-13 16:54:44,2001,TV Salle à manger,0.0,245.2,0.0,0.0
2026-01-13 16:54:44,2002,Ecran,0.0,244.8,0.0,0.0
2026-01-13 16:54:44,2003,Telephone / Tablette,0.0,244.3,0.0,0.0
2026-01-13 16:54:44,2004,Cafetiere,0.0,244.5,0.0,0.0
2026-01-13 16:54:44,2005,Lampe Salle à manger,0.052,244.2,11.9,0.198
2026-01-13 16:54:44,2006,PC Portable,0.0,245.0,0.0,0.0
2026-01-13 16:54:44,2007,Lampe Cuisine,0.0,244.2,0.0,0.0
2026-01-13 16:54:44,2008,Lampe Chambre,0.0,245.4,0.0,0.0
2026-01-13 16:55:44,2001,TV Salle à manger,0.0,245.2,0.0,0.0
2026-01-13 16:55:44,2002,Ecran,0.0,244.8,0.0,0.0
2026-01-13 16:55:44,2003,Telephone / Tablette,0.0,244.4,0.0,0.0
2026-01-13 16:55:44,2004,Cafetiere,0.0,244.5,0.0,0.0
2026-01-13 16:55:44,2005,Lampe Salle à manger,0.051,244.2,11.8,0.197
2026-01-13 16:55:44,2006,PC Portable,0.0,245.1,0.0,0.0
2026-01-13 16:55:44,2007,Lampe Cuisine,0.0,244.3,0.0,0.0
2026-01-13 16:55:44,2008,Lampe Chambre,0.0,245.5,0.0,0.0
2026-01-13 16:56:44,2001,TV Salle à manger,0.028,243.8,0.0,0.0
2026-01-13 16:56:44,2002,Ecran,0.0,243.5,0.0,0.0
2026-01-13 16:56:44,2003,Telephone / Tablette,0.0,243.1,0.0,0.0
2026-01-13 16:56:44,2004,Cafetiere,0.0,243.3,0.0,0.0
2026-01-13 16:56:44,2005,Lampe Salle à manger,0.056,243.0,11.7,0.195
2026-01-13 16:56:44,2006,PC Portable,0.0,243.9,0.0,0.0
2026-01-13 16:56:44,2007,Lampe Cuisine,0.0,243.0,0.0,0.0
2026-01-13 16:56:44,2008,Lampe Chambre,0.0,244.2,0.0,0.0
2026-01-13 16:57:44,2001,TV Salle à manger,0.0,244.6,0.0,0.0
2026-01-13 16:57:44,2002,Ecran,0.0,244.3,0.0,0.0
2026-01-13 16:57:44,2003,Telephone / Tablette,0.0,243.8,0.0,0.0
2026-01-13 16:57:44,2004,Cafetiere,0.0,244.0,0.0,0.0
2026-01-13 16:57:44,2005,Lampe Salle à manger,0.051,243.6,11.5,0.192
2026-01-13 16:57:44,2006,PC Portable,0.0,244.6,0.0,0.0
2026-01-13 16:57:44,2007,Lampe Cuisine,0.0,243.8,0.0,0.0
2026-01-13 16:57:44,2008,Lampe Chambre,0.0,245.0,0.0,0.0
2026-01-13 16:58:45,2001,TV Salle à manger,0.0,244.7,0.0,0.0
2026-01-13 16:58:45,2002,Ecran,0.0,244.2,0.0,0.0
2026-01-13 16:58:45,2003,Telephone / Tablette,0.0,243.8,0.0,0.0
2026-01-13 16:58:45,2004,Cafetiere,0.0,243.9,0.0,0.0
2026-01-13 16:58:45,2005,Lampe Salle à manger,0.051,243.6,11.6,0.193
2026-01-13 16:58:45,2006,PC Portable,0.0,244.6,0.0,0.0
2026-01-13 16:58:45,2007,Lampe Cuisine,0.0,243.8,0.0,0.0
2026-01-13 16:58:45,2008,Lampe Chambre,0.0,245.0,0.0,0.0
2026-01-13 16:59:45,2001,TV Salle à manger,0.013,245.0,0.0,0.0
2026-01-13 16:59:45,2002,Ecran,0.0,244.5,0.0,0.0
2026-01-13 16:59:45,2003,Telephone / Tablette,0.0,244.1,0.0,0.0
2026-01-13 16:59:45,2004,Cafetiere,0.0,244.2,0.0,0.0
2026-01-13 16:59:45,2005,Lampe Salle à manger,0.051,243.9,11.5,0.192
2026-01-13 16:59:45,2006,PC Portable,0.0,244.9,0.0,0.0
2026-01-13 16:59:45,2007,Lampe Cuisine,0.0,244.0,0.0,0.0
2026-01-13 16:59:45,2008,Lampe Chambre,0.0,245.3,0.0,0.0
2026-01-13 17:00:45,2001,TV Salle à manger,0.0,244.7,0.0,0.0
2026-01-13 17:00:45,2002,Ecran,0.0,244.2,0.0,0.0
2026-01-13 17:00:45,2003,Telephone / Tablette,0.0,243.8,0.0,0.0
2026-01-13 17:00:45,2004,Cafetiere,0.0,243.9,0.0,0.0
2026-01-13 17:00:45,2005,Lampe Salle à manger,0.05,243.7,11.4,0.19
2026-01-13 17:00:45,2006,PC Portable,0.0,244.5,0.0,0.0
2026-01-13 17:00:45,2007,Lampe Cuisine,0.0,243.7,0.0,0.0
2026-01-13 17:00:45,2008,Lampe Chambre,0.0,244.9,0.0,0.0
2026-01-13 17:01:46,2001,TV Salle à manger,0.0,243.5,0.0,0.0
2026-01-13 17:01:46,2002,Ecran,0.0,242.9,0.0,0.0
2026-01-13 17:01:46,2003,Telephone / Tablette,0.0,242.7,0.0,0.0
2026-01-13 17:01:46,2004,Cafetiere,0.0,242.6,0.0,0.0
2026-01-13 17:01:46,2005,Lampe Salle à manger,0.051,242.4,11.5,0.192
2026-01-13 17:01:46,2006,PC Portable,0.0,243.4,0.0,0.0
2026-01-13 17:01:46,2007,Lampe Cuisine,0.0,242.6,0.0,0.0
2026-01-13 17:01:46,2008,Lampe Chambre,0.0,243.8,0.0,0.0
2026-01-13 17:02:46,2001,TV Salle à manger,0.022,244.2,0.0,0.0
2026-01-13 17:02:46,2002,Ecran,0.0,243.8,0.0,0.0
2026-01-13 17:02:46,2003,Telephone / Tablette,0.0,243.6,0.0,0.0
2026-01-13 17:02:46,2004,Cafetiere,0.0,243.5,0.0,0.0
2026-01-13 17:02:46,2005,Lampe Salle à manger,0.05,243.2,11.4,0.19
2026-01-13 17:02:46,2006,PC Portable,0.0,244.3,0.0,0.0
2026-01-13 17:02:46,2007,Lampe Cuisine,0.0,243.5,0.0,0.0
2026-01-13 17:02:46,2008,Lampe Chambre,0.0,244.5,0.0,0.0
2026-01-13 17:03:46,2001,TV Salle à manger,0.0,245.0,0.0,0.0
2026-01-13 17:03:46,2002,Ecran,0.0,244.6,0.0,0.0
2026-01-13 17:03:46,2003,Telephone / Tablette,0.0,244.2,0.0,0.0
2026-01-13 17:03:46,2004,Cafetiere,0.0,244.3,0.0,0.0
2026-01-13 17:03:46,2005,Lampe Salle à manger,0.05,244.0,11.4,0.19
2026-01-13 17:03:46,2006,PC Portable,0.0,244.9,0.0,0.0
2026-01-13 17:03:46,2007,Lampe Cuisine,0.0,244.1,0.0,0.0
2026-01-13 17:03:46,2008,Lampe Chambre,0.0,245.3,0.0,0.0
2026-01-13 17:04:46,2001,TV Salle à manger,0.0,244.5,0.0,0.0
2026-01-13 17:04:46,2002,Ecran,0.0,244.0,0.0,0.0
2026-01-13 17:04:46,2003,Telephone / Tablette,0.0,243.7,0.0,0.0
2026-01-13 17:04:46,2004,Cafetiere,0.0,243.7,0.0,0.0
2026-01-13 17:04:46,2005,Lampe Salle à manger,0.05,243.4,11.5,0.192
2026-01-13 17:04:46,2006,PC Portable,0.0,244.5,0.0,0.0
2026-01-13 17:04:46,2007,Lampe Cuisine,0.0,243.6,0.0,0.0
2026-01-13 17:04:46,2008,Lampe Chambre,0.0,245.1,0.0,0.0
2026-01-13 17:05:47,2001,TV Salle à manger,0.0,244.8,0.0,0.0
2026-01-13 17:05:47,2002,Ecran,0.0,244.2,0.0,0.0
2026-01-13 17:05:47,2003,Telephone / Tablette,0.0,244.0,0.0,0.0
2026-01-13 17:05:47,2004,Cafetiere,0.0,244.1,0.0,0.0
2026-01-13 17:05:47,2005,Lampe Salle à manger,0.05,243.7,11.4,0.19
2026-01-13 17:05:47,2006,PC Portable,0.0,244.6,0.0,0.0
2026-01-13 17:05:47,2007,Lampe Cuisine,0.0,243.8,0.0,0.0
2026-01-13 17:05:47,2008,Lampe Chambre,0.0,245.1,0.0,0.0
2026-01-13 17:06:47,2001,TV Salle à manger,0.0,244.5,0.0,0.0
2026-01-13 17:06:47,2002,Ecran,0.0,244.1,0.0,0.0
2026-01-13 17:06:47,2003,Telephone / Tablette,0.0,243.7,0.0,0.0
2026-01-13 17:06:47,2004,Cafetiere,0.0,243.8,0.0,0.0
2026-01-13 17:06:47,2005,Lampe Salle à manger,0.05,243.4,11.3,0.188
2026-01-13 17:06:47,2006,PC Portable,0.0,244.4,0.0,0.0
2026-01-13 17:06:47,2007,Lampe Cuisine,0.0,243.5,0.0,0.0
2026-01-13 17:06:47,2008,Lampe Chambre,0.0,244.8,0.0,0.0
2026-01-13 17:07:47,2001,TV Salle à manger,0.028,244.6,0.0,0.0
2026-01-13 17:07:47,2002,Ecran,0.0,244.3,0.0,0.0
2026-01-13 17:07:47,2003,Telephone / Tablette,0.0,243.8,0.0,0.0
2026-01-13 17:07:47,2004,Cafetiere,0.0,244.1,0.0,0.0
2026-01-13 17:07:47,2005,Lampe Salle à manger,0.05,243.6,11.4,0.19
2026-01-13 17:07:47,2006,PC Portable,0.0,244.7,0.0,0.0
2026-01-13 17:07:47,2007,Lampe Cuisine,0.0,243.6,0.0,0.0
2026-01-13 17:07:47,2008,Lampe Chambre,0.0,245.1,0.0,0.0
2026-01-13 17:08:48,2001,TV Salle à manger,0.0,244.8,0.0,0.0
2026-01-13 17:08:48,2002,Ecran,0.0,244.3,0.0,0.0
2026-01-13 17:08:48,2003,Telephone / Tablette,0.0,244.0,0.0,0.0
2026-01-13 17:08:48,2004,Cafetiere,0.0,244.0,0.0,0.0
2026-01-13 17:08:48,2005,Lampe Salle à manger,0.05,243.7,11.3,0.188
2026-01-13 17:08:48,2006,PC Portable,0.0,244.7,0.0,0.0
2026-01-13 17:08:48,2007,Lampe Cuisine,0.0,243.9,0.0,0.0
2026-01-13 17:08:48,2008,Lampe Chambre,0.0,245.1,0.0,0.0
2026-01-13 17:09:48,2001,TV Salle à manger,0.028,244.6,0.0,0.0
2026-01-13 17:09:48,2002,Ecran,0.0,244.2,0.0,0.0
2026-01-13 17:09:48,2003,Telephone / Tablette,0.0,243.8,0.0,0.0
2026-01-13 17:09:48,2004,Cafetiere,0.0,243.9,0.0,0.0
2026-01-13 17:09:48,2005,Lampe Salle à manger,0.05,243.6,11.4,0.19
2026-01-13 17:09:48,2006,PC Portable,0.0,244.6,0.0,0.0
2026-01-13 17:09:48,2007,Lampe Cuisine,0.0,243.7,0.0,0.0
2026-01-13 17:09:48,2008,Lampe Chambre,0.0,245.0,0.0,0.0
2026-01-13 17:10:49,2001,TV Salle à manger,0.0,245.0,0.0,0.0
2026-01-13 17:10:49,2002,Ecran,0.0,244.6,0.0,0.0
2026-01-13 17:10:49,2003,Telephone / Tablette,0.0,244.2,0.0,0.0
2026-01-13 17:10:49,2004,Cafetiere,0.0,244.3,0.0,0.0
2026-01-13 17:10:49,2005,Lampe Salle à manger,0.05,243.9,11.3,0.188
2026-01-13 17:10:49,2006,PC Portable,0.0,244.8,0.0,0.0
2026-01-13 17:10:49,2007,Lampe Cuisine,0.0,244.0,0.0,0.0
2026-01-13 17:10:49,2008,Lampe Chambre,0.0,245.3,0.0,0.0
2026-01-13 17:11:49,2001,TV Salle à manger,0.0,244.5,0.0,0.0
2026-01-13 17:11:49,2002,Ecran,0.0,244.1,0.0,0.0
2026-01-13 17:11:49,2003,Telephone / Tablette,0.0,243.7,0.0,0.0
2026-01-13 17:11:49,2004,Cafetiere,0.0,243.8,0.0,0.0
2026-01-13 17:11:49,2005,Lampe Salle à manger,0.05,243.5,11.4,0.19
2026-01-13 17:11:49,2006,PC Portable,0.0,244.4,0.0,0.0
2026-01-13 17:11:49,2007,Lampe Cuisine,0.0,243.5,0.0,0.0
2026-01-13 17:11:49,2008,Lampe Chambre,0.0,244.8,0.0,0.0
2026-01-13 17:12:49,2001,TV Salle à manger,0.0,245.0,0.0,0.0
2026-01-13 17:12:49,2002,Ecran,0.0,244.6,0.0,0.0
2026-01-13 17:12:49,2003,Telephone / Tablette,0.0,244.2,0.0,0.0
2026-01-13 17:12:49,2004,Cafetiere,0.0,244.3,0.0,0.0
2026-01-13 17:12:49,2005,Lampe Salle à manger,0.05,244.0,11.4,0.19
2026-01-13 17:12:49,2006,PC Portable,0.0,244.9,0.0,0.0
2026-01-13 17:12:49,2007,Lampe Cuisine,0.0,244.1,0.0,0.0
2026-01-13 17:12:49,2008,Lampe Chambre,0.0,245.3,0.0,0.0
2026-01-13 17:13:49,2001,TV Salle à manger,0.021,244.1,0.0,0.0
2026-01-13 17:13:49,2002,Ecran,0.0,243.6,0.0,0.0
2026-01-13 17:13:49,2003,Telephone / Tablette,0.0,243.3,0.0,0.0
2026-01-13 17:13:49,2004,Cafetiere,0.0,243.4,0.0,0.0
2026-01-13 17:13:49,2005,Lampe Salle à manger,0.05,242.9,11.3,0.188
2026-01-13 17:13:49,2006,PC Portable,0.0,244.0,0.0,0.0
2026-01-13 17:13:49,2007,Lampe Cuisine,0.0,243.1,0.0,0.0
2026-01-13 17:13:49,2008,Lampe Chambre,0.0,244.4,0.0,0.0
2026-01-13 17:14:50,2001,TV Salle à manger,0.0,244.8,0.0,0.0
2026-01-13 17:14:50,2002,Ecran,0.0,244.3,0.0,0.0
2026-01-13 17:14:50,2003,Telephone / Tablette,0.0,243.9,0.0,0.0
2026-01-13 17:14:50,2004,Cafetiere,0.0,244.1,0.0,0.0
2026-01-13 17:14:50,2005,Lampe Salle à manger,0.05,243.8,11.3,0.188
2026-01-13 17:14:50,2006,PC Portable,0.0,244.7,0.0,0.0
2026-01-13 17:14:50,2007,Lampe Cuisine,0.0,243.8,0.0,0.0
2026-01-13 17:14:50,2008,Lampe Chambre,0.0,245.1,0.0,0.0
2026-01-13 17:15:50,2001,TV Salle à manger,0.0,245.5,0.0,0.0
2026-01-13 17:15:50,2002,Ecran,0.0,245.1,0.0,0.0
2026-01-13 17:15:50,2003,Telephone / Tablette,0.0,244.6,0.0,0.0
2026-01-13 17:15:50,2004,Cafetiere,0.0,244.8,0.0,0.0
2026-01-13 17:15:50,2005,Lampe Salle à manger,0.05,244.5,11.3,0.188
2026-01-13 17:15:50,2006,PC Portable,0.0,245.3,0.0,0.0
2026-01-13 17:15:50,2007,Lampe Cuisine,0.0,244.6,0.0,0.0
2026-01-13 17:15:50,2008,Lampe Chambre,0.0,245.7,0.0,0.0
2026-01-13 17:16:50,2001,TV Salle à manger,0.0,243.9,0.0,0.0
2026-01-13 17:16:50,2002,Ecran,0.0,243.4,0.0,0.0
2026-01-13 17:16:50,2003,Telephone / Tablette,0.0,243.0,0.0,0.0
2026-01-13 17:16:50,2004,Cafetiere,0.0,243.1,0.0,0.0
2026-01-13 17:16:50,2005,Lampe Salle à manger,0.05,242.8,11.3,0.188
2026-01-13 17:16:50,2006,PC Portable,0.0,243.7,0.0,0.0
2026-01-13 17:16:50,2007,Lampe Cuisine,0.0,242.9,0.0,0.0
2026-01-13 17:16:50,2008,Lampe Chambre,0.0,244.2,0.0,0.0
2026-01-13 17:17:51,2001,TV Salle à manger,0.0,244.3,0.0,0.0
2026-01-13 17:17:51,2002,Ecran,0.0,243.8,0.0,0.0
2026-01-13 17:17:51,2003,Telephone / Tablette,0.0,243.5,0.0,0.0
2026-01-13 17:17:51,2004,Cafetiere,0.0,243.5,0.0,0.0
2026-01-13 17:17:51,2005,Lampe Salle à manger,0.05,243.3,11.3,0.188
2026-01-13 17:17:51,2006,PC Portable,0.0,244.2,0.0,0.0
2026-01-13 17:17:51,2007,Lampe Cuisine,0.0,243.4,0.0,0.0
2026-01-13 17:17:51,2008,Lampe Chambre,0.0,244.6,0.0,0.0
2026-01-13 17:18:51,2001,TV Salle à manger,0.033,244.9,0.0,0.0
2026-01-13 17:18:51,2002,Ecran,0.0,244.5,0.0,0.0
2026-01-13 17:18:51,2003,Telephone / Tablette,0.0,244.1,0.0,0.0
2026-01-13 17:18:51,2004,Cafetiere,0.0,244.2,0.0,0.0
2026-01-13 17:18:51,2005,Lampe Salle à manger,0.05,243.9,11.3,0.188
2026-01-13 17:18:51,2006,PC Portable,0.0,244.8,0.0,0.0
2026-01-13 17:18:51,2007,Lampe Cuisine,0.0,244.0,0.0,0.0
2026-01-13 17:18:51,2008,Lampe Chambre,0.0,245.2,0.0,0.0
2026-01-13 17:19:51,2001,TV Salle à manger,0.0,244.8,0.0,0.0
2026-01-13 17:19:51,2002,Ecran,0.0,244.3,0.0,0.0
2026-01-13 17:19:51,2003,Telephone / Tablette,0.0,243.9,0.0,0.0
2026-01-13 17:19:51,2004,Cafetiere,0.0,243.9,0.0,0.0
2026-01-13 17:19:51,2005,Lampe Salle à manger,0.05,243.7,11.3,0.188
2026-01-13 17:19:51,2006,PC Portable,0.0,244.5,0.0,0.0
2026-01-13 17:19:51,2007,Lampe Cuisine,0.0,243.7,0.0,0.0
2026-01-13 17:19:51,2008,Lampe Chambre,0.0,244.9,0.0,0.0
2026-01-13 17:20:51,2001,TV Salle à manger,0.028,245.0,0.0,0.0
2026-01-13 17:20:51,2002,Ecran,0.0,244.6,0.0,0.0
2026-01-13 17:20:51,2003,Telephone / Tablette,0.0,244.2,0.0,0.0
2026-01-13 17:20:51,2004,Cafetiere,0.0,244.3,0.0,0.0
2026-01-13 17:20:51,2005,Lampe Salle à manger,0.05,244.0,11.3,0.188
2026-01-13 17:20:51,2006,PC Portable,0.0,245.0,0.0,0.0
2026-01-13 17:20:51,2007,Lampe Cuisine,0.0,244.1,0.0,0.0
2026-01-13 17:20:51,2008,Lampe Chambre,0.0,245.4,0.0,0.0
2026-01-13 17:21:52,2001,TV Salle à manger,0.0,244.3,0.0,0.0
2026-01-13 17:21:52,2002,Ecran,0.0,243.8,0.0,0.0
2026-01-13 17:21:52,2003,Telephone / Tablette,0.0,243.5,0.0,0.0
2026-01-13 17:21:52,2004,Cafetiere,0.0,243.6,0.0,0.0
2026-01-13 17:21:52,2005,Lampe Salle à manger,0.05,243.3,11.3,0.188
2026-01-13 17:21:52,2006,PC Portable,0.0,244.2,0.0,0.0
2026-01-13 17:21:52,2007,Lampe Cuisine,0.0,243.3,0.0,0.0
2026-01-13 17:21:52,2008,Lampe Chambre,0.0,244.6,0.0,0.0
2026-01-13 17:22:52,2001,TV Salle à manger,0.021,244.5,0.0,0.0
2026-01-13 17:22:52,2002,Ecran,0.0,244.0,0.0,0.0
2026-01-13 17:22:52,2003,Telephone / Tablette,0.0,243.8,0.0,0.0
2026-01-13 17:22:52,2004,Cafetiere,0.0,243.9,0.0,0.0
2026-01-13 17:22:52,2005,Lampe Salle à manger,0.05,243.5,11.3,0.188
2026-01-13 17:22:52,2006,PC Portable,0.0,244.6,0.0,0.0
2026-01-13 17:22:52,2007,Lampe Cuisine,0.0,243.8,0.0,0.0
2026-01-13 17:22:52,2008,Lampe Chambre,0.0,244.9,0.0,0.0
2026-01-13 17:23:52,2001,TV Salle à manger,0.014,244.5,0.0,0.0
2026-01-13 17:23:52,2002,Ecran,0.0,244.1,0.0,0.0
2026-01-13 17:23:52,2003,Telephone / Tablette,0.0,243.9,0.0,0.0
2026-01-13 17:23:52,2004,Cafetiere,0.0,243.9,0.0,0.0
2026-01-13 17:23:52,2005,Lampe Salle à manger,0.05,243.6,11.3,0.188
2026-01-13 17:23:52,2006,PC Portable,0.0,244.6,0.0,0.0
2026-01-13 17:23:52,2007,Lampe Cuisine,0.0,243.7,0.0,0.0
2026-01-13 17:23:52,2008,Lampe Chambre,0.0,244.9,0.0,0.0
2026-01-13 17:24:53,2001,TV Salle à manger,0.0,244.0,0.0,0.0
2026-01-13 17:24:53,2002,Ecran,0.0,243.5,0.0,0.0
2026-01-13 17:24:53,2003,Telephone / Tablette,0.0,243.1,0.0,0.0
2026-01-13 17:24:53,2004,Cafetiere,0.0,243.3,0.0,0.0
2026-01-13 17:24:53,2005,Lampe Salle à manger,0.05,243.0,11.3,0.188
2026-01-13 17:24:53,2006,PC Portable,0.0,243.9,0.0,0.0
2026-01-13 17:24:53,2007,Lampe Cuisine,0.0,243.1,0.0,0.0
2026-01-13 17:24:53,2008,Lampe Chambre,0.0,244.4,0.0,0.0
2026-01-13 17:25:53,2001,TV Salle à manger,0.021,244.4,0.0,0.0
2026-01-13 17:25:53,2002,Ecran,0.0,243.9,0.0,0.0
2026-01-13 17:25:53,2003,Telephone / Tablette,0.0,243.5,0.0,0.0
2026-01-13 17:25:53,2004,Cafetiere,0.0,243.6,0.0,0.0
2026-01-13 17:25:53,2005,Lampe Salle à manger,0.05,243.3,11.3,0.188
2026-01-13 17:25:53,2006,PC Portable,0.0,244.2,0.0,0.0
2026-01-13 17:25:53,2007,Lampe Cuisine,0.0,243.4,0.0,0.0
2026-01-13 17:25:53,2008,Lampe Chambre,0.0,244.6,0.0,0.0
2026-01-13 17:26:53,2001,TV Salle à manger,0.0,244.6,0.0,0.0
2026-01-13 17:26:53,2002,Ecran,0.0,244.1,0.0,0.0
2026-01-13 17:26:53,2003,Telephone / Tablette,0.0,243.8,0.0,0.0
2026-01-13 17:26:53,2004,Cafetiere,0.0,243.9,0.0,0.0
2026-01-13 17:26:53,2005,Lampe Salle à manger,0.05,243.5,11.3,0.188
2026-01-13 17:26:53,2006,PC Portable,0.0,244.5,0.0,0.0
2026-01-13 17:26:53,2007,Lampe Cuisine,0.0,243.7,0.0,0.0
2026-01-13 17:26:53,2008,Lampe Chambre,0.0,244.9,0.0,0.0
2026-01-13 17:27:53,2001,TV Salle à manger,0.0,244.3,0.0,0.0
2026-01-13 17:27:53,2002,Ecran,0.0,243.9,0.0,0.0
2026-01-13 17:27:53,2003,Telephone / Tablette,0.0,243.5,0.0,0.0
2026-01-13 17:27:53,2004,Cafetiere,0.0,243.6,0.0,0.0
2026-01-13 17:27:53,2005,Lampe Salle à manger,0.05,243.4,11.3,0.188
2026-01-13 17:27:53,2006,PC Portable,0.0,244.2,0.0,0.0
2026-01-13 17:27:53,2007,Lampe Cuisine,0.0,243.4,0.0,0.0
2026-01-13 17:27:53,2008,Lampe Chambre,0.0,244.6,0.0,0.0
2026-01-13 17:28:54,2001,TV Salle à manger,0.023,244.3,0.0,0.0
2026-01-13 17:28:54,2002,Ecran,0.0,243.8,0.0,0.0
2026-01-13 17:28:54,2003,Telephone / Tablette,0.0,243.4,0.0,0.0
2026-01-13 17:28:54,2004,Cafetiere,0.0,243.6,0.0,0.0
2026-01-13 17:28:54,2005,Lampe Salle à manger,0.05,243.2,11.3,0.188
2026-01-13 17:28:54,2006,PC Portable,0.0,244.1,0.0,0.0
2026-01-13 17:28:54,2007,Lampe Cuisine,0.0,243.4,0.0,0.0
2026-01-13 17:28:54,2008,Lampe Chambre,0.0,244.5,0.0,0.0
2026-01-13 17:29:54,2001,TV Salle à manger,0.015,244.7,0.0,0.0
2026-01-13 17:29:54,2002,Ecran,0.0,244.3,0.0,0.0
2026-01-13 17:29:54,2003,Telephone / Tablette,0.0,244.0,0.0,0.0
2026-01-13 17:29:54,2004,Cafetiere,0.0,244.0,0.0,0.0
2026-01-13 17:29:54,2005,Lampe Salle à manger,0.05,243.7,11.3,0.188
2026-01-13 17:29:54,2006,PC Portable,0.0,244.6,0.0,0.0
2026-01-13 17:29:54,2007,Lampe Cuisine,0.0,243.8,0.0,0.0
2026-01-13 17:29:54,2008,Lampe Chambre,0.0,245.0,0.0,0.0
2026-01-13 17:30:54,2001,TV Salle à manger,0.012,243.8,0.0,0.0
2026-01-13 17:30:54,2002,Ecran,0.0,243.4,0.0,0.0
2026-01-13 17:30:54,2003,Telephone / Tablette,0.0,242.9,0.0,0.0
2026-01-13 17:30:54,2004,Cafetiere,0.0,242.9,0.0,0.0
2026-01-13 17:30:54,2005,Lampe Salle à manger,0.05,242.6,11.3,0.188
2026-01-13 17:30:54,2006,PC Portable,0.0,243.6,0.0,0.0
2026-01-13 17:30:54,2007,Lampe Cuisine,0.0,242.7,0.0,0.0
2026-01-13 17:30:54,2008,Lampe Chambre,0.0,243.9,0.0,0.0
2026-01-13 17:31:54,2001,TV Salle à manger,0.0,243.4,0.0,0.0
2026-01-13 17:31:54,2002,Ecran,0.0,243.0,0.0,0.0
2026-01-13 17:31:54,2003,Telephone / Tablette,0.0,242.5,0.0,0.0
2026-01-13 17:31:54,2004,Cafetiere,0.0,242.7,0.0,0.0
2026-01-13 17:31:54,2005,Lampe Salle à manger,0.05,242.4,11.4,0.19
2026-01-13 17:31:54,2006,PC Portable,0.0,243.4,0.0,0.0
2026-01-13 17:31:54,2007,Lampe Cuisine,0.0,242.5,0.0,0.0
2026-01-13 17:31:54,2008,Lampe Chambre,0.0,243.8,0.0,0.0
2026-01-13 17:32:55,2001,TV Salle à manger,0.0,244.0,0.0,0.0
2026-01-13 17:32:55,2002,Ecran,0.0,243.6,0.0,0.0
2026-01-13 17:32:55,2003,Telephone / Tablette,0.0,243.2,0.0,0.0
2026-01-13 17:32:55,2004,Cafetiere,0.0,243.3,0.0,0.0
2026-01-13 17:32:55,2005,Lampe Salle à manger,0.05,243.0,11.4,0.19
2026-01-13 17:32:55,2006,PC Portable,0.0,243.9,0.0,0.0
2026-01-13 17:32:55,2007,Lampe Cuisine,0.0,243.1,0.0,0.0
2026-01-13 17:32:55,2008,Lampe Chambre,0.0,244.3,0.0,0.0
2026-01-13 17:33:55,2001,TV Salle à manger,0.0,243.0,0.0,0.0
2026-01-13 17:33:55,2002,Ecran,0.0,242.6,0.0,0.0
2026-01-13 17:33:55,2003,Telephone / Tablette,0.0,242.4,0.0,0.0
2026-01-13 17:33:55,2004,Cafetiere,0.0,242.3,0.0,0.0
2026-01-13 17:33:55,2005,Lampe Salle à manger,0.05,242.1,11.3,0.188
2026-01-13 17:33:55,2006,PC Portable,0.0,243.1,0.0,0.0
2026-01-13 17:33:55,2007,Lampe Cuisine,0.0,242.2,0.0,0.0
2026-01-13 17:33:55,2008,Lampe Chambre,0.0,243.4,0.0,0.0
2026-01-13 17:34:55,2001,TV Salle à manger,0.019,243.5,0.0,0.0
2026-01-13 17:34:55,2002,Ecran,0.0,243.0,0.0,0.0
2026-01-13 17:34:55,2003,Telephone / Tablette,0.0,242.8,0.0,0.0
2026-01-13 17:34:55,2004,Cafetiere,0.0,242.8,0.0,0.0
2026-01-13 17:34:55,2005,Lampe Salle à manger,0.05,242.4,11.3,0.188
2026-01-13 17:34:55,2006,PC Portable,0.0,243.4,0.0,0.0
2026-01-13 17:34:55,2007,Lampe Cuisine,0.0,242.6,0.0,0.0
2026-01-13 17:34:55,2008,Lampe Chambre,0.0,243.8,0.0,0.0
2026-01-13 17:35:56,2001,TV Salle à manger,0.0,244.2,0.0,0.0
2026-01-13 17:35:56,2002,Ecran,0.0,243.8,0.0,0.0
2026-01-13 17:35:56,2003,Telephone / Tablette,0.0,243.4,0.0,0.0
2026-01-13 17:35:56,2004,Cafetiere,0.0,243.5,0.0,0.0
2026-01-13 17:35:56,2005,Lampe Salle à manger,0.05,243.3,11.4,0.19
2026-01-13 17:35:56,2006,PC Portable,0.0,244.2,0.0,0.0
2026-01-13 17:35:56,2007,Lampe Cuisine,0.0,243.3,0.0,0.0
2026-01-13 17:35:56,2008,Lampe Chambre,0.0,244.5,0.0,0.0
2026-01-13 17:36:56,2001,TV Salle à manger,0.0,244.0,0.0,0.0
2026-01-13 17:36:56,2002,Ecran,0.0,243.6,0.0,0.0
2026-01-13 17:36:56,2003,Telephone / Tablette,0.0,243.2,0.0,0.0
2026-01-13 17:36:56,2004,Cafetiere,0.0,243.3,0.0,0.0
2026-01-13 17:36:56,2005,Lampe Salle à manger,0.05,243.0,11.3,0.188
2026-01-13 17:36:56,2006,PC Portable,0.0,243.9,0.0,0.0
2026-01-13 17:36:56,2007,Lampe Cuisine,0.038,243.0,5.4,0.09
2026-01-13 17:36:56,2008,Lampe Chambre,0.0,244.3,0.0,0.0
2026-01-13 17:37:56,2001,TV Salle à manger,0.023,244.5,0.0,0.0
2026-01-13 17:37:56,2002,Ecran,0.0,244.1,0.0,0.0
2026-01-13 17:37:56,2003,Telephone / Tablette,0.0,243.4,0.0,0.0
2026-01-13 17:37:56,2004,Cafetiere,0.0,243.5,0.0,0.0
2026-01-13 17:37:56,2005,Lampe Salle à manger,0.05,243.3,11.3,0.188
2026-01-13 17:37:56,2006,PC Portable,0.0,244.1,0.0,0.0
2026-01-13 17:37:56,2007,Lampe Cuisine,0.038,243.3,5.3,0.088
2026-01-13 17:37:56,2008,Lampe Chambre,0.0,244.5,0.0,0.0
2026-01-13 17:38:56,2001,TV Salle à manger,0.0,244.2,0.0,0.0
2026-01-13 17:38:56,2002,Ecran,0.0,243.8,0.0,0.0
2026-01-13 17:38:56,2003,Telephone / Tablette,0.0,243.5,0.0,0.0
2026-01-13 17:38:56,2004,Cafetiere,0.0,243.6,0.0,0.0
2026-01-13 17:38:56,2005,Lampe Salle à manger,0.05,243.3,11.3,0.188
2026-01-13 17:38:56,2006,PC Portable,0.0,244.3,0.0,0.0
2026-01-13 17:38:56,2007,Lampe Cuisine,0.038,243.4,5.3,0.088
2026-01-13 17:38:56,2008,Lampe Chambre,0.0,244.6,0.0,0.0
2026-01-13 17:39:57,2001,TV Salle à manger,0.0,243.4,0.0,0.0
2026-01-13 17:39:57,2002,Ecran,0.0,243.0,0.0,0.0
2026-01-13 17:39:57,2003,Telephone / Tablette,0.0,242.7,0.0,0.0
2026-01-13 17:39:57,2004,Cafetiere,0.0,242.8,0.0,0.0
2026-01-13 17:39:57,2005,Lampe Salle à manger,0.05,242.4,11.3,0.188
2026-01-13 17:39:57,2006,PC Portable,0.0,243.4,0.0,0.0
2026-01-13 17:39:57,2007,Lampe Cuisine,0.038,242.5,5.3,0.088
2026-01-13 17:39:57,2008,Lampe Chambre,0.0,243.7,0.0,0.0
2026-01-13 17:40:57,2001,TV Salle à manger,0.0,244.1,0.0,0.0
2026-01-13 17:40:57,2002,Ecran,0.0,243.8,0.0,0.0
2026-01-13 17:40:57,2003,Telephone / Tablette,0.0,243.3,0.0,0.0
2026-01-13 17:40:57,2004,Cafetiere,0.0,243.6,0.0,0.0
2026-01-13 17:40:57,2005,Lampe Salle à manger,0.05,243.2,11.3,0.188
2026-01-13 17:40:57,2006,PC Portable,0.0,244.0,0.0,0.0
2026-01-13 17:40:57,2007,Lampe Cuisine,0.038,243.3,5.3,0.088
2026-01-13 17:40:57,2008,Lampe Chambre,0.0,244.6,0.0,0.0
2026-01-13 17:41:57,2001,TV Salle à manger,0.0,245.0,0.0,0.0
2026-01-13 17:41:57,2002,Ecran,0.0,244.5,0.0,0.0
2026-01-13 17:41:57,2003,Telephone / Tablette,0.0,244.1,0.0,0.0
2026-01-13 17:41:57,2004,Cafetiere,0.0,244.2,0.0,0.0
2026-01-13 17:41:57,2005,Lampe Salle à manger,0.049,243.9,11.3,0.188
2026-01-13 17:41:57,2006,PC Portable,0.0,244.8,0.0,0.0
2026-01-13 17:41:57,2007,Lampe Cuisine,0.038,244.0,5.3,0.088
2026-01-13 17:41:57,2008,Lampe Chambre,0.0,245.2,0.0,0.0
2026-01-13 17:42:58,2001,TV Salle à manger,0.028,243.5,0.0,0.0
2026-01-13 17:42:58,2002,Ecran,0.0,243.0,0.0,0.0
2026-01-13 17:42:58,2003,Telephone / Tablette,0.0,242.7,0.0,0.0
2026-01-13 17:42:58,2004,Cafetiere,0.0,242.8,0.0,0.0
2026-01-13 17:42:58,2005,Lampe Salle à manger,0.05,242.5,11.3,0.188
2026-01-13 17:42:58,2006,PC Portable,0.0,243.4,0.0,0.0
2026-01-13 17:42:58,2007,Lampe Cuisine,0.039,242.5,5.3,0.088
2026-01-13 17:42:58,2008,Lampe Chambre,0.0,243.8,0.0,0.0
2026-01-13 17:43:58,2001,TV Salle à manger,0.0,244.3,0.0,0.0
2026-01-13 17:43:58,2002,Ecran,0.0,243.9,0.0,0.0
2026-01-13 17:43:58,2003,Telephone / Tablette,0.0,243.5,0.0,0.0
2026-01-13 17:43:58,2004,Cafetiere,0.0,243.7,0.0,0.0
2026-01-13 17:43:58,2005,Lampe Salle à manger,0.05,243.3,11.3,0.188
2026-01-13 17:43:58,2006,PC Portable,0.0,244.2,0.0,0.0
2026-01-13 17:43:58,2007,Lampe Cuisine,0.038,243.5,5.4,0.09
2026-01-13 17:43:58,2008,Lampe Chambre,0.0,244.7,0.0,0.0
2026-01-13 17:44:58,2001,TV Salle à manger,0.0,243.9,0.0,0.0
2026-01-13 17:44:58,2002,Ecran,0.0,243.5,0.0,0.0
2026-01-13 17:44:58,2003,Telephone / Tablette,0.0,243.1,0.0,0.0
2026-01-13 17:44:58,2004,Cafetiere,0.0,243.2,0.0,0.0
2026-01-13 17:44:58,2005,Lampe Salle à manger,0.05,242.9,11.3,0.188
2026-01-13 17:44:58,2006,PC Portable,0.0,243.8,0.0,0.0
2026-01-13 17:44:58,2007,Lampe Cuisine,0.038,243.0,5.4,0.09
2026-01-13 17:44:58,2008,Lampe Chambre,0.0,244.2,0.0,0.0
2026-01-13 17:45:59,2001,TV Salle à manger,0.0,242.8,0.0,0.0
2026-01-13 17:45:59,2002,Ecran,0.0,242.2,0.0,0.0
2026-01-13 17:45:59,2003,Telephone / Tablette,0.0,242.0,0.0,0.0
2026-01-13 17:45:59,2004,Cafetiere,0.0,242.1,0.0,0.0
2026-01-13 17:45:59,2005,Lampe Salle à manger,0.05,241.8,11.3,0.188
2026-01-13 17:45:59,2006,PC Portable,0.0,242.8,0.0,0.0
2026-01-13 17:45:59,2007,Lampe Cuisine,0.038,241.9,5.3,0.088
2026-01-13 17:45:59,2008,Lampe Chambre,0.0,243.1,0.0,0.0
