device_id,device_name,avg_current_a,avg_voltage_v,avg_power_w,energy_wh,start_time,end_time
2001,TV Salle à manger,0.723,243.3,163.3,163.26,2026-07-03 10:00:00,2026-07-03 11:00:00
2002,Ecran,0.166,243.0,21.2,19.12,2026-07-03 10:00:00,2026-07-03 11:00:00
2003,Telephone / Tablette,0.06,242.9,7.5,5.97,2026-07-03 10:00:00,2026-07-03 11:00:00
2004,Cafetiere,1.207,241.8,57.6,3.84,2026-07-03 10:00:00,2026-07-03 11:00:00
2005,Lampe Salle à manger,0.074,241.3,9.9,1.49,2026-07-03 10:00:00,2026-07-03 11:00:00
2006,PC Portable,0.154,243.4,20.8,20.82,2026-07-03 10:00:00,2026-07-03 11:00:00
2007,Lampe Cuisine,0.038,241.5,5.3,0.7,2026-07-03 10:00:00,2026-07-03 11:00:00
2008,Lampe Chambre,0.037,242.9,5.3,0.7,2026-07-03 10:00:00,2026-07-03 11:00:00
2001,TV Salle à manger,0.722,243.8,163.2,68.01,2026-07-03 11:00:00,2026-07-03 12:00:00
2002,Ecran,0.169,243.6,21.6,20.92,2026-07-03 11:00:00,2026-07-03 12:00:00
2003,Telephone / Tablette,0.049,243.4,5.9,1.09,2026-07-03 11:00:00,2026-07-03 12:00:00
2006,PC Portable,0.182,243.9,28.0,27.97,2026-07-03 11:00:00,2026-07-03 12:00:00
2001,TV Salle à manger,0.038,243.2,1.2,0.02,2026-07-03 12:00:00,2026-07-03 13:00:00
2002,Ecran,0.17,242.9,21.6,21.63,2026-07-03 12:00:00,2026-07-03 13:00:00
2006,PC Portable,0.17,243.1,28.9,28.91,2026-07-03 12:00:00,2026-07-03 13:00:00
2002,Ecran,0.167,243.2,21.3,21.34,2026-07-03 13:00:00,2026-07-03 14:00:00
2006,PC Portable,0.167,243.4,22.8,22.82,2026-07-03 13:00:00,2026-07-03 14:00:00
2002,Ecran,0.162,243.0,20.7,6.92,2026-07-03 14:00:00,2026-07-03 15:00:00
2006,PC Portable,0.101,242.2,11.6,11.6,2026-07-03 14:00:00,2026-07-03 15:00:00
2002,Ecran,0.155,242.7,20.1,7.7,2026-07-03 15:00:00,2026-07-03 16:00:00
2006,PC Portable,0.167,243.0,20.3,20.28,2026-07-03 15:00:00,2026-07-03 16:00:00
2002,Ecran,0.155,243.3,19.8,4.29,2026-07-03 16:00:00,2026-07-03 17:00:00
2006,PC Portable,0.185,243.7,22.0,22.04,2026-07-03 16:00:00,2026-07-03 17:00:00
2006,PC Portable,0.156,244.6,18.2,18.17,2026-07-03 17:00:00,2026-07-03 18:00:00
2001,TV Salle à manger,0.705,244.6,159.9,58.65,2026-07-03 18:00:00,2026-07-03 19:00:00
2006,PC Portable,0.097,244.4,10.5,10.5,2026-07-03 18:00:00,2026-07-03 19:00:00
2001,TV Salle à manger,0.684,245.1,154.9,80.03,2026-07-03 19:00:00,2026-07-03 20:00:00
2006,PC Portable,0.083,245.3,8.8,8.77,2026-07-03 19:00:00,2026-07-03 20:00:00
2001,TV Salle à manger,0.047,244.8,1.4,0.02,2026-07-03 20:00:00,2026-07-03 21:00:00
2006,PC Portable,0.084,243.6,8.8,8.81,2026-07-03 20:00:00,2026-07-03 21:00:00
2007,Lampe Cuisine,0.037,243.1,5.3,0.09,2026-07-03 20:00:00,2026-07-03 21:00:00
2005,Lampe Salle à manger,0.081,243.4,11.3,5.25,2026-07-03 21:00:00,2026-07-03 22:00:00
2006,PC Portable,0.083,244.7,8.8,8.76,2026-07-03 21:00:00,2026-07-03 22:00:00
2007,Lampe Cuisine,0.038,243.5,5.3,2.58,2026-07-03 21:00:00,2026-07-03 22:00:00
2008,Lampe Chambre,0.037,245.1,5.3,5.32,2026-07-03 21:00:00,2026-07-03 22:00:00
2006,PC Portable,0.083,244.8,8.7,8.71,2026-07-03 22:00:00,2026-07-03 23:00:00
2008,Lampe Chambre,0.037,245.3,5.3,0.62,2026-07-03 22:00:00,2026-07-03 23:00:00
2001,TV Salle à manger,0.04,244.9,1.1,0.02,2026-07-03 23:00:00,2026-07-04 00:00:00
2006,PC Portable,0.083,244.5,8.8,8.77,2026-07-03 23:00:00,2026-07-04 00:00:00
2001,TV Salle à manger,0.037,245.4,1.0,0.02,2026-07-04 00:00:00,2026-07-04 01:00:00
2006,PC Portable,0.082,245.1,8.8,8.78,2026-07-04 00:00:00,2026-07-04 01:00:00
2006,PC Portable,0.082,245.9,8.8,8.78,2026-07-04 01:00:00,2026-07-04 02:00:00
2006,PC Portable,0.083,245.3,8.8,8.85,2026-07-04 02:00:00,2026-07-04 03:00:00
2001,TV Salle à manger,0.039,244.1,1.0,0.02,2026-07-04 03:00:00,2026-07-04 04:00:00
2006,PC Portable,0.082,244.4,8.8,8.83,2026-07-04 03:00:00,2026-07-04 04:00:00
2006,PC Portable,0.083,244.3,8.9,8.87,2026-07-04 04:00:00,2026-07-04 05:00:00
2007,Lampe Cuisine,0.037,242.8,5.3,0.35,2026-07-04 04:00:00,2026-07-04 05:00:00
2006,PC Portable,0.082,243.8,8.8,8.81,2026-07-04 05:00:00,2026-07-04 06:00:00
2006,PC Portable,0.084,242.1,8.9,8.87,2026-07-04 06:00:00,2026-07-04 07:00:00
2006,PC Portable,0.085,240.8,8.8,8.8,2026-07-04 07:00:00,2026-07-04 08:00:00
2001,TV Salle à manger,0.038,243.4,1.0,0.02,2026-07-04 08:00:00,2026-07-04 09:00:00
2006,PC Portable,0.084,242.9,8.8,8.85,2026-07-04 08:00:00,2026-07-04 09:00:00
2001,TV Salle à manger,0.708,242.7,159.5,156.82,2026-07-04 09:00:00,2026-07-04 10:00:00
2006,PC Portable,0.063,242.7,6.2,6.2,2026-07-04 09:00:00,2026-07-04 10:00:00
2001,TV Salle à manger,0.703,242.4,158.0,115.9,2026-07-04 10:00:00,2026-07-04 11:00:00
2004,Cafetiere,3.787,240.8,798.6,26.62,2026-07-04 10:00:00,2026-07-04 11:00:00
2006,PC Portable,0.049,242.5,4.4,4.38,2026-07-04 10:00:00,2026-07-04 11:00:00
2004,Cafetiere,1.026,241.6,47.0,4.7,2026-07-04 11:00:00,2026-07-04 12:00:00
2006,PC Portable,0.049,242.8,4.4,4.39,2026-07-04 11:00:00,2026-07-04 12:00:00
2006,PC Portable,0.049,243.3,4.4,4.38,2026-07-04 12:00:00,2026-07-04 13:00:00
2001,TV Salle à manger,0.712,242.8,160.5,61.54,2026-07-04 13:00:00,2026-07-04 14:00:00
2006,PC Portable,0.049,243.0,4.4,4.38,2026-07-04 13:00:00,2026-07-04 14:00:00
2001,TV Salle à manger,0.711,242.9,160.2,160.19,2026-07-04 14:00:00,2026-07-04 15:00:00
2002,Ecran,0.031,242.6,1.8,0.03,2026-07-04 14:00:00,2026-07-04 15:00:00
2006,PC Portable,0.151,243.0,17.5,17.54,2026-07-04 14:00:00,2026-07-04 15:00:00
2001,TV Salle à manger,0.714,242.5,160.6,160.61,2026-07-04 15:00:00,2026-07-04 16:00:00
2003,Telephone / Tablette,0.036,241.9,3.9,3.84,2026-07-04 15:00:00,2026-07-04 16:00:00
2006,PC Portable,0.138,242.6,15.9,15.85,2026-07-04 15:00:00,2026-07-04 16:00:00
2001,TV Salle à manger,0.715,242.2,160.6,160.55,2026-07-04 16:00:00,2026-07-04 17:00:00
2003,Telephone / Tablette,0.035,241.6,3.9,3.93,2026-07-04 16:00:00,2026-07-04 17:00:00
2006,PC Portable,0.049,242.3,4.4,4.4,2026-07-04 16:00:00,2026-07-04 17:00:00
2001,TV Salle à manger,0.712,243.4,160.6,160.58,2026-07-04 17:00:00,2026-07-04 18:00:00
2003,Telephone / Tablette,0.034,242.8,3.9,3.93,2026-07-04 17:00:00,2026-07-04 18:00:00
2006,PC Portable,0.049,243.4,4.4,4.38,2026-07-04 17:00:00,2026-07-04 18:00:00
2001,TV Salle à manger,0.709,244.4,160.7,160.71,2026-07-04 18:00:00,2026-07-04 19:00:00
2003,Telephone / Tablette,0.026,243.8,2.8,2.17,2026-07-04 18:00:00,2026-07-04 19:00:00
2006,PC Portable,0.048,244.5,4.4,4.38,2026-07-04 18:00:00,2026-07-04 19:00:00
2001,TV Salle à manger,0.679,245.6,154.1,64.2,2026-07-04 19:00:00,2026-07-04 20:00:00
2003,Telephone / Tablette,0.013,244.9,1.2,0.04,2026-07-04 19:00:00,2026-07-04 20:00:00
2006,PC Portable,0.048,245.8,4.4,4.38,2026-07-04 19:00:00,2026-07-04 20:00:00
2005,Lampe Salle à manger,0.085,244.5,11.9,2.17,2026-07-04 20:00:00,2026-07-04 21:00:00
2006,PC Portable,0.049,245.5,4.4,4.37,2026-07-04 20:00:00,2026-07-04 21:00:00
2007,Lampe Cuisine,0.038,244.6,5.4,0.99,2026-07-04 20:00:00,2026-07-04 21:00:00
2001,TV Salle à manger,0.704,245.5,160.3,154.94,2026-07-04 21:00:00,2026-07-04 22:00:00
2005,Lampe Salle à manger,0.077,244.5,10.7,10.7,2026-07-04 21:00:00,2026-07-04 22:00:00
2006,PC Portable,0.048,245.6,4.4,4.37,2026-07-04 21:00:00,2026-07-04 22:00:00
2007,Lampe Cuisine,0.038,244.6,5.4,1.25,2026-07-04 21:00:00,2026-07-04 22:00:00
2001,TV Salle à manger,0.695,244.2,157.4,128.51,2026-07-04 22:00:00,2026-07-04 23:00:00
2005,Lampe Salle à manger,0.078,243.2,10.7,8.58,2026-07-04 22:00:00,2026-07-04 23:00:00
2006,PC Portable,0.048,244.4,4.4,4.36,2026-07-04 22:00:00,2026-07-04 23:00:00
2008,Lampe Chambre,0.037,244.8,5.3,2.21,2026-07-04 22:00:00,2026-07-04 23:00:00
2006,PC Portable,0.049,243.9,4.4,4.38,2026-07-04 23:00:00,2026-07-05 00:00:00
2008,Lampe Chambre,0.037,244.3,5.3,5.29,2026-07-04 23:00:00,2026-07-05 00:00:00
2006,PC Portable,0.049,244.3,4.4,4.39,2026-07-05 00:00:00,2026-07-05 01:00:00
2006,PC Portable,0.048,244.7,4.4,4.39,2026-07-05 01:00:00,2026-07-05 02:00:00
2006,PC Portable,0.048,244.5,4.4,4.39,2026-07-05 02:00:00,2026-07-05 03:00:00
2001,TV Salle à manger,0.051,245.0,1.4,0.02,2026-07-05 03:00:00,2026-07-05 04:00:00
2006,PC Portable,0.048,244.5,4.4,4.39,2026-07-05 03:00:00,2026-07-05 04:00:00
2006,PC Portable,0.048,244.4,4.4,4.39,2026-07-05 04:00:00,2026-07-05 05:00:00
2001,TV Salle à manger,0.037,244.6,1.0,0.02,2026-07-05 05:00:00,2026-07-05 06:00:00
2006,PC Portable,0.048,244.0,4.4,4.38,2026-07-05 05:00:00,2026-07-05 06:00:00
2006,PC Portable,0.048,243.5,4.4,4.39,2026-07-05 06:00:00,2026-07-05 07:00:00
2006,PC Portable,0.049,242.3,4.4,4.39,2026-07-05 07:00:00,2026-07-05 08:00:00
2001,TV Salle à manger,0.707,242.3,158.9,137.69,2026-07-05 08:00:00,2026-07-05 09:00:00
2002,Ecran,0.031,242.5,1.8,0.03,2026-07-05 08:00:00,2026-07-05 09:00:00
2006,PC Portable,0.108,242.4,12.0,11.99,2026-07-05 08:00:00,2026-07-05 09:00:00
2007,Lampe Cuisine,0.037,241.4,5.3,4.05,2026-07-05 08:00:00,2026-07-05 09:00:00
2001,TV Salle à manger,0.718,241.3,160.8,160.77,2026-07-05 09:00:00,2026-07-05 10:00:00
2006,PC Portable,0.155,241.4,17.7,17.7,2026-07-05 09:00:00,2026-07-05 10:00:00
2007,Lampe Cuisine,0.038,241.7,5.3,0.44,2026-07-05 09:00:00,2026-07-05 10:00:00
2001,TV Salle à manger,0.716,241.6,160.5,160.52,2026-07-05 10:00:00,2026-07-05 11:00:00
2006,PC Portable,0.054,241.7,5.1,5.05,2026-07-05 10:00:00,2026-07-05 11:00:00
2001,TV Salle à manger,0.714,241.7,160.2,160.2,2026-07-05 11:00:00,2026-07-05 12:00:00
2004,Cafetiere,6.551,240.2,1573.8,26.23,2026-07-05 11:00:00,2026-07-05 12:00:00
2006,PC Portable,0.049,241.8,4.4,4.41,2026-07-05 11:00:00,2026-07-05 12:00:00
2007,Lampe Cuisine,0.037,240.6,5.3,2.28,2026-07-05 11:00:00,2026-07-05 12:00:00
2001,TV Salle à manger,0.717,241.7,160.7,160.73,2026-07-05 12:00:00,2026-07-05 13:00:00
2004,Cafetiere,0.127,241.0,26.6,0.44,2026-07-05 12:00:00,2026-07-05 13:00:00
2006,PC Portable,0.049,241.8,4.4,4.42,2026-07-05 12:00:00,2026-07-05 13:00:00
2007,Lampe Cuisine,0.037,241.1,5.3,0.09,2026-07-05 12:00:00,2026-07-05 13:00:00
2001,TV Salle à manger,0.718,240.7,160.5,160.52,2026-07-05 13:00:00,2026-07-05 14:00:00
2006,PC Portable,0.049,240.8,4.4,4.39,2026-07-05 13:00:00,2026-07-05 14:00:00
2001,TV Salle à manger,0.719,240.4,160.6,160.6,2026-07-05 14:00:00,2026-07-05 15:00:00
2006,PC Portable,0.049,240.5,4.4,4.4,2026-07-05 14:00:00,2026-07-05 15:00:00
2007,Lampe Cuisine,0.037,239.2,5.2,0.35,2026-07-05 14:00:00,2026-07-05 15:00:00
2001,TV Salle à manger,0.717,241.2,160.5,160.49,2026-07-05 15:00:00,2026-07-05 16:00:00
2006,PC Portable,0.049,241.2,4.4,4.4,2026-07-05 15:00:00,2026-07-05 16:00:00
2001,TV Salle à manger,0.711,243.4,160.4,160.36,2026-07-05 16:00:00,2026-07-05 17:00:00
2002,Ecran,0.166,242.6,21.8,2.91,2026-07-05 16:00:00,2026-07-05 17:00:00
2006,PC Portable,0.176,243.4,35.6,35.57,2026-07-05 16:00:00,2026-07-05 17:00:00
2001,TV Salle à manger,0.709,244.4,160.5,160.52,2026-07-05 17:00:00,2026-07-05 18:00:00
2006,PC Portable,0.152,244.5,17.9,17.93,2026-07-05 17:00:00,2026-07-05 18:00:00
2007,Lampe Cuisine,0.037,243.8,5.4,4.2,2026-07-05 17:00:00,2026-07-05 18:00:00
2001,TV Salle à manger,0.708,244.9,160.7,160.67,2026-07-05 18:00:00,2026-07-05 19:00:00
2002,Ecran,0.153,244.8,19.6,2.93,2026-07-05 18:00:00,2026-07-05 19:00:00
2006,PC Portable,0.205,245.0,28.0,27.95,2026-07-05 18:00:00,2026-07-05 19:00:00
2007,Lampe Cuisine,0.037,244.1,5.4,0.36,2026-07-05 18:00:00,2026-07-05 19:00:00
2001,TV Salle à manger,0.71,244.4,161.0,160.97,2026-07-05 19:00:00,2026-07-05 20:00:00
2005,Lampe Salle à manger,0.08,243.5,11.2,4.5,2026-07-05 19:00:00,2026-07-05 20:00:00
2006,PC Portable,0.093,244.5,10.1,10.12,2026-07-05 19:00:00,2026-07-05 20:00:00
2007,Lampe Cuisine,0.037,243.7,5.3,2.13,2026-07-05 19:00:00,2026-07-05 20:00:00
2001,TV Salle à manger,0.708,244.6,160.4,104.29,2026-07-05 20:00:00,2026-07-05 21:00:00
2002,Ecran,0.03,244.8,1.8,0.03,2026-07-05 20:00:00,2026-07-05 21:00:00
2003,Telephone / Tablette,0.031,244.0,3.4,1.99,2026-07-05 20:00:00,2026-07-05 21:00:00
2005,Lampe Salle à manger,0.075,243.6,10.6,7.26,2026-07-05 20:00:00,2026-07-05 21:00:00
2006,PC Portable,0.1,244.7,11.1,11.07,2026-07-05 20:00:00,2026-07-05 21:00:00
2007,Lampe Cuisine,0.037,243.9,5.4,1.43,2026-07-05 20:00:00,2026-07-05 21:00:00
2008,Lampe Chambre,0.037,245.1,5.3,3.89,2026-07-05 20:00:00,2026-07-05 21:00:00
2003,Telephone / Tablette,0.093,245.3,12.1,12.11,2026-07-05 21:00:00,2026-07-05 22:00:00
2006,PC Portable,0.048,246.0,4.4,4.4,2026-07-05 21:00:00,2026-07-05 22:00:00
2003,Telephone / Tablette,0.032,245.5,3.6,3.62,2026-07-05 22:00:00,2026-07-05 23:00:00
2006,PC Portable,0.048,246.1,4.4,4.39,2026-07-05 22:00:00,2026-07-05 23:00:00
2003,Telephone / Tablette,0.029,245.0,3.3,3.28,2026-07-05 23:00:00,2026-07-06 00:00:00
2006,PC Portable,0.048,245.7,4.4,4.38,2026-07-05 23:00:00,2026-07-06 00:00:00
2003,Telephone / Tablette,0.028,243.6,3.1,3.11,2026-07-06 00:00:00,2026-07-06 01:00:00
2006,PC Portable,0.048,244.2,4.4,4.37,2026-07-06 00:00:00,2026-07-06 01:00:00
2003,Telephone / Tablette,0.026,243.7,2.8,0.56,2026-07-06 01:00:00,2026-07-06 02:00:00
2006,PC Portable,0.048,244.5,4.4,4.37,2026-07-06 01:00:00,2026-07-06 02:00:00
2001,TV Salle à manger,0.041,244.7,1.2,0.02,2026-07-06 02:00:00,2026-07-06 03:00:00
2005,Lampe Salle à manger,0.08,243.5,11.2,7.25,2026-07-06 02:00:00,2026-07-06 03:00:00
2006,PC Portable,0.112,244.5,12.5,12.52,2026-07-06 02:00:00,2026-07-06 03:00:00
2007,Lampe Cuisine,0.037,243.7,5.4,4.46,2026-07-06 02:00:00,2026-07-06 03:00:00
2005,Lampe Salle à manger,0.078,243.4,10.7,0.89,2026-07-06 03:00:00,2026-07-06 04:00:00
2006,PC Portable,0.071,243.8,7.4,7.37,2026-07-06 03:00:00,2026-07-06 04:00:00
2007,Lampe Cuisine,0.038,243.5,5.4,0.45,2026-07-06 03:00:00,2026-07-06 04:00:00
2006,PC Portable,0.048,242.0,4.4,4.38,2026-07-06 04:00:00,2026-07-06 05:00:00
2006,PC Portable,0.049,242.1,4.4,4.38,2026-07-06 05:00:00,2026-07-06 06:00:00
2002,Ecran,0.166,243.2,21.8,4.72,2026-07-06 06:00:00,2026-07-06 07:00:00
2006,PC Portable,0.068,241.9,7.7,7.71,2026-07-06 06:00:00,2026-07-06 07:00:00
2002,Ecran,0.167,241.8,21.6,21.61,2026-07-06 07:00:00,2026-07-06 08:00:00
2006,PC Portable,0.181,242.1,25.5,25.5,2026-07-06 07:00:00,2026-07-06 08:00:00
2002,Ecran,0.168,240.9,21.6,17.65,2026-07-06 08:00:00,2026-07-06 09:00:00
2006,PC Portable,0.156,241.1,20.5,20.49,2026-07-06 08:00:00,2026-07-06 09:00:00
2001,TV Salle à manger,0.051,242.2,1.4,0.02,2026-07-06 09:00:00,2026-07-06 10:00:00
2006,PC Portable,0.125,242.6,13.9,13.86,2026-07-06 09:00:00,2026-07-06 10:00:00
2006,PC Portable,0.114,243.0,12.7,12.66,2026-07-06 10:00:00,2026-07-06 11:00:00
2001,TV Salle à manger,0.701,243.6,158.2,145.0,2026-07-06 11:00:00,2026-07-06 12:00:00
2002,Ecran,0.16,243.3,20.8,15.27,2026-07-06 11:00:00,2026-07-06 12:00:00
2006,PC Portable,0.149,243.6,21.7,21.74,2026-07-06 11:00:00,2026-07-06 12:00:00
2001,TV Salle à manger,0.699,244.2,158.0,105.34,2026-07-06 12:00:00,2026-07-06 13:00:00
2002,Ecran,0.166,244.0,21.7,21.66,2026-07-06 12:00:00,2026-07-06 13:00:00
2006,PC Portable,0.177,244.3,27.9,27.86,2026-07-06 12:00:00,2026-07-06 13:00:00
2002,Ecran,0.167,243.6,21.6,21.65,2026-07-06 13:00:00,2026-07-06 14:00:00
2006,PC Portable,0.155,243.8,26.0,26.02,2026-07-06 13:00:00,2026-07-06 14:00:00
2002,Ecran,0.162,242.0,21.2,13.76,2026-07-06 14:00:00,2026-07-06 15:00:00
2003,Telephone / Tablette,0.018,241.9,1.8,1.44,2026-07-06 14:00:00,2026-07-06 15:00:00
2006,PC Portable,0.139,242.5,19.2,19.23,2026-07-06 14:00:00,2026-07-06 15:00:00
2002,Ecran,0.165,242.6,21.6,21.28,2026-07-06 15:00:00,2026-07-06 16:00:00
2003,Telephone / Tablette,0.018,242.2,1.8,0.82,2026-07-06 15:00:00,2026-07-06 16:00:00
2006,PC Portable,0.178,242.9,23.8,23.76,2026-07-06 15:00:00,2026-07-06 16:00:00
2002,Ecran,0.11,242.4,13.2,0.44,2026-07-06 16:00:00,2026-07-06 17:00:00
2006,PC Portable,0.094,244.2,10.3,10.32,2026-07-06 16:00:00,2026-07-06 17:00:00
2001,TV Salle à manger,0.044,245.0,1.3,0.02,2026-07-06 17:00:00,2026-07-06 18:00:00
2003,Telephone / Tablette,0.023,244.9,2.5,1.03,2026-07-06 17:00:00,2026-07-06 18:00:00
2006,PC Portable,0.114,245.4,12.9,12.92,2026-07-06 17:00:00,2026-07-06 18:00:00
2001,TV Salle à manger,0.707,244.7,160.5,123.07,2026-07-06 18:00:00,2026-07-06 19:00:00
2003,Telephone / Tablette,0.019,244.5,2.0,1.99,2026-07-06 18:00:00,2026-07-06 19:00:00
2006,PC Portable,0.12,245.1,13.8,13.78,2026-07-06 18:00:00,2026-07-06 19:00:00
2001,TV Salle à manger,0.71,244.3,160.8,160.76,2026-07-06 19:00:00,2026-07-06 20:00:00
2003,Telephone / Tablette,0.019,243.7,2.0,1.99,2026-07-06 19:00:00,2026-07-06 20:00:00
2005,Lampe Salle à manger,0.077,243.2,11.0,6.06,2026-07-06 19:00:00,2026-07-06 20:00:00
2006,PC Portable,0.148,244.4,17.3,17.24,2026-07-06 19:00:00,2026-07-06 20:00:00
2007,Lampe Cuisine,0.037,243.5,5.3,2.93,2026-07-06 19:00:00,2026-07-06 20:00:00
2001,TV Salle à manger,0.708,244.7,160.7,93.77,2026-07-06 20:00:00,2026-07-06 21:00:00
2003,Telephone / Tablette,0.019,244.5,2.0,1.99,2026-07-06 20:00:00,2026-07-06 21:00:00
2005,Lampe Salle à manger,0.074,243.7,10.5,6.14,2026-07-06 20:00:00,2026-07-06 21:00:00
2006,PC Portable,0.105,245.1,11.6,11.55,2026-07-06 20:00:00,2026-07-06 21:00:00
2007,Lampe Cuisine,0.037,243.7,5.3,1.51,2026-07-06 20:00:00,2026-07-06 21:00:00
2008,Lampe Chambre,0.036,245.3,5.3,1.06,2026-07-06 20:00:00,2026-07-06 21:00:00
2003,Telephone / Tablette,0.019,245.6,2.0,1.99,2026-07-06 21:00:00,2026-07-06 22:00:00
2006,PC Portable,0.048,246.2,4.4,4.37,2026-07-06 21:00:00,2026-07-06 22:00:00
2001,TV Salle à manger,0.038,246.5,1.0,0.02,2026-07-06 22:00:00,2026-07-06 23:00:00
2003,Telephone / Tablette,0.019,245.6,2.0,1.99,2026-07-06 22:00:00,2026-07-06 23:00:00
2006,PC Portable,0.048,246.3,4.4,4.37,2026-07-06 22:00:00,2026-07-06 23:00:00
2003,Telephone / Tablette,0.019,245.3,2.0,1.99,2026-07-06 23:00:00,2026-07-07 00:00:00
2006,PC Portable,0.048,246.0,4.4,4.36,2026-07-06 23:00:00,2026-07-07 00:00:00
2003,Telephone / Tablette,0.019,245.6,2.0,1.98,2026-07-07 00:00:00,2026-07-07 01:00:00
2006,PC Portable,0.048,246.2,4.4,4.36,2026-07-07 00:00:00,2026-07-07 01:00:00
2001,TV Salle à manger,0.036,246.5,1.1,0.02,2026-07-07 01:00:00,2026-07-07 02:00:00
2003,Telephone / Tablette,0.019,245.7,2.0,1.36,2026-07-07 01:00:00,2026-07-07 02:00:00
2006,PC Portable,0.048,246.4,4.4,4.35,2026-07-07 01:00:00,2026-07-07 02:00:00
2007,Lampe Cuisine,0.037,245.5,5.4,1.43,2026-07-07 01:00:00,2026-07-07 02:00:00
2005,Lampe Salle à manger,0.079,244.8,11.0,6.79,2026-07-07 02:00:00,2026-07-07 03:00:00
2006,PC Portable,0.048,245.7,4.4,4.35,2026-07-07 02:00:00,2026-07-07 03:00:00
2007,Lampe Cuisine,0.037,244.9,5.4,3.93,2026-07-07 02:00:00,2026-07-07 03:00:00
2006,PC Portable,0.048,245.0,4.4,4.35,2026-07-07 03:00:00,2026-07-07 04:00:00
2001,TV Salle à manger,0.035,244.2,1.1,0.02,2026-07-07 04:00:00,2026-07-07 05:00:00
2006,PC Portable,0.048,244.0,4.3,4.35,2026-07-07 04:00:00,2026-07-07 05:00:00
2001,TV Salle à manger,0.041,241.9,1.2,0.06,2026-07-07 05:00:00,2026-07-07 06:00:00
2006,PC Portable,0.048,242.1,4.4,4.35,2026-07-07 05:00:00,2026-07-07 06:00:00
2002,Ecran,0.161,242.4,20.9,9.42,2026-07-07 06:00:00,2026-07-07 07:00:00
2006,PC Portable,0.142,242.6,26.3,26.26,2026-07-07 06:00:00,2026-07-07 07:00:00
2002,Ecran,0.165,244.0,21.6,21.63,2026-07-07 07:00:00,2026-07-07 08:00:00
2006,PC Portable,0.208,244.3,29.3,29.27,2026-07-07 07:00:00,2026-07-07 08:00:00
2002,Ecran,0.165,243.5,21.6,15.52,2026-07-07 08:00:00,2026-07-07 09:00:00
2006,PC Portable,0.138,243.7,16.4,16.4,2026-07-07 08:00:00,2026-07-07 09:00:00
2001,TV Salle à manger,0.047,244.1,1.3,0.02,2026-07-07 09:00:00,2026-07-07 10:00:00
2002,Ecran,0.166,243.1,21.6,21.65,2026-07-07 09:00:00,2026-07-07 10:00:00
2006,PC Portable,0.158,243.4,20.3,20.31,2026-07-07 09:00:00,2026-07-07 10:00:00
2002,Ecran,0.167,242.7,21.6,16.95,2026-07-07 10:00:00,2026-07-07 11:00:00
2006,PC Portable,0.147,242.9,17.5,17.54,2026-07-07 10:00:00,2026-07-07 11:00:00
2001,TV Salle à manger,0.032,242.6,1.1,0.04,2026-07-07 11:00:00,2026-07-07 12:00:00
2002,Ecran,0.165,242.2,21.6,18.76,2026-07-07 11:00:00,2026-07-07 12:00:00
2006,PC Portable,0.16,242.5,22.8,22.79,2026-07-07 11:00:00,2026-07-07 12:00:00
2001,TV Salle à manger,0.045,242.8,1.3,0.02,2026-07-07 12:00:00,2026-07-07 13:00:00
2002,Ecran,0.165,242.7,21.6,18.04,2026-07-07 12:00:00,2026-07-07 13:00:00
2006,PC Portable,0.15,242.8,18.2,18.23,2026-07-07 12:00:00,2026-07-07 13:00:00
2002,Ecran,0.156,242.9,20.4,4.76,2026-07-07 13:00:00,2026-07-07 14:00:00
2006,PC Portable,0.103,243.3,12.5,12.5,2026-07-07 13:00:00,2026-07-07 14:00:00
2002,Ecran,0.166,242.9,21.6,21.65,2026-07-07 14:00:00,2026-07-07 15:00:00
2006,PC Portable,0.199,243.1,33.6,33.6,2026-07-07 14:00:00,2026-07-07 15:00:00
2001,TV Salle à manger,0.043,242.8,1.3,0.02,2026-07-07 15:00:00,2026-07-07 16:00:00
2002,Ecran,0.164,243.3,21.7,16.98,2026-07-07 15:00:00,2026-07-07 16:00:00
2006,PC Portable,0.171,243.8,29.3,29.35,2026-07-07 15:00:00,2026-07-07 16:00:00
2001,TV Salle à manger,0.648,244.5,146.3,53.64,2026-07-07 16:00:00,2026-07-07 17:00:00
2006,PC Portable,0.121,244.7,13.6,13.56,2026-07-07 16:00:00,2026-07-07 17:00:00
2007,Lampe Cuisine,0.036,242.6,5.3,0.79,2026-07-07 16:00:00,2026-07-07 17:00:00
2001,TV Salle à manger,0.711,243.7,160.7,160.69,2026-07-07 17:00:00,2026-07-07 18:00:00
2006,PC Portable,0.116,243.7,12.9,12.88,2026-07-07 17:00:00,2026-07-07 18:00:00
2007,Lampe Cuisine,0.036,242.9,5.3,5.31,2026-07-07 17:00:00,2026-07-07 18:00:00
2001,TV Salle à manger,0.71,244.2,160.7,160.66,2026-07-07 18:00:00,2026-07-07 19:00:00
2006,PC Portable,0.091,244.2,9.8,9.75,2026-07-07 18:00:00,2026-07-07 19:00:00
2007,Lampe Cuisine,0.037,243.2,5.3,3.82,2026-07-07 18:00:00,2026-07-07 19:00:00
2001,TV Salle à manger,0.707,244.7,160.6,32.12,2026-07-07 19:00:00,2026-07-07 20:00:00
2005,Lampe Salle à manger,0.082,243.4,11.6,2.14,2026-07-07 19:00:00,2026-07-07 20:00:00
2006,PC Portable,0.12,245.0,13.5,13.54,2026-07-07 19:00:00,2026-07-07 20:00:00
2008,Lampe Chambre,0.036,244.9,5.3,0.44,2026-07-07 19:00:00,2026-07-07 20:00:00
2001,TV Salle à manger,0.708,244.5,160.7,80.34,2026-07-07 20:00:00,2026-07-07 21:00:00
2003,Telephone / Tablette,0.016,244.2,1.6,0.89,2026-07-07 20:00:00,2026-07-07 21:00:00
2005,Lampe Salle à manger,0.075,243.4,10.5,5.26,2026-07-07 20:00:00,2026-07-07 21:00:00
2006,PC Portable,0.096,244.7,10.4,10.43,2026-07-07 20:00:00,2026-07-07 21:00:00
2008,Lampe Chambre,0.037,245.0,5.3,3.37,2026-07-07 20:00:00,2026-07-07 21:00:00
2003,Telephone / Tablette,0.015,245.5,1.5,1.53,2026-07-07 21:00:00,2026-07-07 22:00:00
2006,PC Portable,0.11,246.1,12.2,12.23,2026-07-07 21:00:00,2026-07-07 22:00:00
2003,Telephone / Tablette,0.015,245.8,1.5,1.53,2026-07-07 22:00:00,2026-07-07 23:00:00
2006,PC Portable,0.115,246.4,13.0,13.05,2026-07-07 22:00:00,2026-07-07 23:00:00
2003,Telephone / Tablette,0.015,245.5,1.5,1.52,2026-07-07 23:00:00,2026-07-08 00:00:00
2006,PC Portable,0.089,246.1,9.6,9.61,2026-07-07 23:00:00,2026-07-08 00:00:00
2001,TV Salle à manger,0.034,244.2,1.1,0.02,2026-07-08 00:00:00,2026-07-08 01:00:00
2003,Telephone / Tablette,0.015,243.9,1.5,1.52,2026-07-08 00:00:00,2026-07-08 01:00:00
2006,PC Portable,0.123,244.5,13.8,13.85,2026-07-08 00:00:00,2026-07-08 01:00:00
2001,TV Salle à manger,0.04,244.4,1.1,0.02,2026-07-08 01:00:00,2026-07-08 02:00:00
2003,Telephone / Tablette,0.015,244.2,1.5,1.54,2026-07-08 01:00:00,2026-07-08 02:00:00
2006,PC Portable,0.083,244.8,8.7,8.76,2026-07-08 01:00:00,2026-07-08 02:00:00
2003,Telephone / Tablette,0.016,244.0,1.5,0.28,2026-07-08 02:00:00,2026-07-08 03:00:00
2006,PC Portable,0.119,243.9,13.4,13.41,2026-07-08 02:00:00,2026-07-08 03:00:00
2007,Lampe Cuisine,0.038,243.1,5.4,1.69,2026-07-08 02:00:00,2026-07-08 03:00:00
2008,Lampe Chambre,0.037,244.1,5.3,0.35,2026-07-08 02:00:00,2026-07-08 03:00:00
2001,TV Salle à manger,0.037,242.8,1.0,0.02,2026-07-08 03:00:00,2026-07-08 04:00:00
2006,PC Portable,0.107,242.7,11.8,11.78,2026-07-08 03:00:00,2026-07-08 04:00:00
2006,PC Portable,0.1,242.0,10.8,10.84,2026-07-08 04:00:00,2026-07-08 05:00:00
2006,PC Portable,0.136,243.6,15.8,15.76,2026-07-08 05:00:00,2026-07-08 06:00:00
2001,TV Salle à manger,0.042,245.0,1.2,0.02,2026-07-08 06:00:00,2026-07-08 07:00:00
2002,Ecran,0.164,244.4,21.7,20.96,2026-07-08 06:00:00,2026-07-08 07:00:00
2006,PC Portable,0.197,244.7,34.9,34.89,2026-07-08 06:00:00,2026-07-08 07:00:00
2002,Ecran,0.165,243.2,21.6,21.65,2026-07-08 07:00:00,2026-07-08 08:00:00
2006,PC Portable,0.171,243.4,22.7,22.74,2026-07-08 07:00:00,2026-07-08 08:00:00
2001,TV Salle à manger,0.033,243.8,1.1,0.02,2026-07-08 08:00:00,2026-07-08 09:00:00
2002,Ecran,0.166,243.2,21.6,21.61,2026-07-08 08:00:00,2026-07-08 09:00:00
2006,PC Portable,0.193,243.4,29.9,29.95,2026-07-08 08:00:00,2026-07-08 09:00:00
2001,TV Salle à manger,0.037,243.8,1.1,0.04,2026-07-08 09:00:00,2026-07-08 10:00:00
2002,Ecran,0.165,243.6,21.6,21.63,2026-07-08 09:00:00,2026-07-08 10:00:00
2006,PC Portable,0.181,243.8,27.2,27.24,2026-07-08 09:00:00,2026-07-08 10:00:00
2001,TV Salle à manger,0.036,244.7,1.1,0.04,2026-07-08 10:00:00,2026-07-08 11:00:00
2002,Ecran,0.166,243.6,21.6,21.64,2026-07-08 10:00:00,2026-07-08 11:00:00
2006,PC Portable,0.165,243.8,23.9,23.94,2026-07-08 10:00:00,2026-07-08 11:00:00
2002,Ecran,0.167,242.9,21.6,21.64,2026-07-08 11:00:00,2026-07-08 12:00:00
2006,PC Portable,0.193,243.1,31.7,31.7,2026-07-08 11:00:00,2026-07-08 12:00:00
2002,Ecran,0.164,243.5,21.6,16.96,2026-07-08 12:00:00,2026-07-08 13:00:00
2006,PC Portable,0.157,243.6,22.6,22.65,2026-07-08 12:00:00,2026-07-08 13:00:00
2001,TV Salle à manger,0.034,242.6,1.1,0.02,2026-07-08 13:00:00,2026-07-08 14:00:00
2006,PC Portable,0.124,243.4,14.1,14.11,2026-07-08 13:00:00,2026-07-08 14:00:00
2006,PC Portable,0.102,243.3,11.2,11.18,2026-07-08 14:00:00,2026-07-08 15:00:00
2006,PC Portable,0.112,243.6,12.4,12.42,2026-07-08 15:00:00,2026-07-08 16:00:00
2001,TV Salle à manger,0.04,244.8,1.1,0.04,2026-07-08 16:00:00,2026-07-08 17:00:00
2006,PC Portable,0.131,244.7,15.1,15.12,2026-07-08 16:00:00,2026-07-08 17:00:00
2001,TV Salle à manger,0.714,242.4,160.7,152.62,2026-07-08 17:00:00,2026-07-08 18:00:00
2006,PC Portable,0.176,242.7,21.6,21.58,2026-07-08 17:00:00,2026-07-08 18:00:00
2001,TV Salle à manger,0.714,242.9,160.8,40.21,2026-07-08 18:00:00,2026-07-08 19:00:00
2002,Ecran,0.03,242.3,1.8,0.03,2026-07-08 18:00:00,2026-07-08 19:00:00
2006,PC Portable,0.121,242.9,13.5,13.53,2026-07-08 18:00:00,2026-07-08 19:00:00
2006,PC Portable,0.112,243.1,12.6,12.6,2026-07-08 19:00:00,2026-07-08 20:00:00
2007,Lampe Cuisine,0.037,242.2,5.2,0.17,2026-07-08 19:00:00,2026-07-08 20:00:00
2008,Lampe Chambre,0.036,243.4,5.2,0.17,2026-07-08 19:00:00,2026-07-08 20:00:00
2001,TV Salle à manger,0.041,241.8,1.2,0.02,2026-07-08 20:00:00,2026-07-08 21:00:00
2006,PC Portable,0.048,243.2,4.3,4.34,2026-07-08 20:00:00,2026-07-08 21:00:00
2006,PC Portable,0.048,244.5,4.3,4.33,2026-07-08 21:00:00,2026-07-08 22:00:00
2006,PC Portable,0.048,244.8,4.3,4.33,2026-07-08 22:00:00,2026-07-08 23:00:00
2001,TV Salle à manger,0.03,244.7,1.0,0.02,2026-07-08 23:00:00,2026-07-09 00:00:00
2006,PC Portable,0.048,244.9,4.3,4.32,2026-07-08 23:00:00,2026-07-09 00:00:00
2006,PC Portable,0.048,244.8,4.3,4.32,2026-07-09 00:00:00,2026-07-09 01:00:00
2006,PC Portable,0.048,244.9,4.3,4.32,2026-07-09 01:00:00,2026-07-09 02:00:00
2001,TV Salle à manger,0.042,244.9,1.2,0.02,2026-07-09 02:00:00,2026-07-09 03:00:00
2006,PC Portable,0.048,244.2,4.3,4.31,2026-07-09 02:00:00,2026-07-09 03:00:00
2007,Lampe Cuisine,0.038,243.6,5.4,2.14,2026-07-09 02:00:00,2026-07-09 03:00:00
2008,Lampe Chambre,0.037,244.8,5.4,0.36,2026-07-09 02:00:00,2026-07-09 03:00:00
2006,PC Portable,0.048,243.3,4.3,4.33,2026-07-09 03:00:00,2026-07-09 04:00:00
2001,TV Salle à manger,0.033,242.8,1.0,0.02,2026-07-09 04:00:00,2026-07-09 05:00:00
2006,PC Portable,0.048,242.0,4.3,4.32,2026-07-09 04:00:00,2026-07-09 05:00:00
2002,Ecran,0.163,241.8,21.0,10.17,2026-07-09 05:00:00,2026-07-09 06:00:00
2006,PC Portable,0.188,242.3,35.3,35.33,2026-07-09 05:00:00,2026-07-09 06:00:00
2002,Ecran,0.168,242.0,21.7,21.66,2026-07-09 06:00:00,2026-07-09 07:00:00
2006,PC Portable,0.244,242.3,48.0,48.01,2026-07-09 06:00:00,2026-07-09 07:00:00
2002,Ecran,0.167,241.7,21.6,21.64,2026-07-09 07:00:00,2026-07-09 08:00:00
2006,PC Portable,0.205,242.0,32.1,32.1,2026-07-09 07:00:00,2026-07-09 08:00:00
2002,Ecran,0.168,240.5,21.6,21.64,2026-07-09 08:00:00,2026-07-09 09:00:00
2006,PC Portable,0.204,240.7,33.5,33.47,2026-07-09 08:00:00,2026-07-09 09:00:00
2002,Ecran,0.17,240.6,21.6,19.44,2026-07-09 09:00:00,2026-07-09 10:00:00
2006,PC Portable,0.158,240.9,21.6,21.62,2026-07-09 09:00:00,2026-07-09 10:00:00
2001,TV Salle à manger,0.038,241.1,1.1,0.02,2026-07-09 10:00:00,2026-07-09 11:00:00
2002,Ecran,0.168,240.8,21.7,9.05,2026-07-09 10:00:00,2026-07-09 11:00:00
2006,PC Portable,0.134,240.9,19.0,19.0,2026-07-09 10:00:00,2026-07-09 11:00:00
2002,Ecran,0.169,240.9,21.6,21.64,2026-07-09 11:00:00,2026-07-09 12:00:00
2006,PC Portable,0.197,241.2,35.0,35.05,2026-07-09 11:00:00,2026-07-09 12:00:00
2001,TV Salle à manger,0.037,241.9,1.1,0.02,2026-07-09 12:00:00,2026-07-09 13:00:00
2002,Ecran,0.168,241.1,21.6,21.63,2026-07-09 12:00:00,2026-07-09 13:00:00
2006,PC Portable,0.192,241.4,35.4,35.41,2026-07-09 12:00:00,2026-07-09 13:00:00
2007,Lampe Cuisine,0.037,240.2,5.3,0.09,2026-07-09 12:00:00,2026-07-09 13:00:00
2002,Ecran,0.167,241.4,21.6,21.65,2026-07-09 13:00:00,2026-07-09 14:00:00
2006,PC Portable,0.186,241.7,30.8,30.85,2026-07-09 13:00:00,2026-07-09 14:00:00
2001,TV Salle à manger,0.045,240.6,1.3,0.02,2026-07-09 14:00:00,2026-07-09 15:00:00
2002,Ecran,0.168,241.6,21.6,20.19,2026-07-09 14:00:00,2026-07-09 15:00:00
2006,PC Portable,0.171,241.9,23.6,23.55,2026-07-09 14:00:00,2026-07-09 15:00:00
2001,TV Salle à manger,0.697,242.7,156.9,122.87,2026-07-09 15:00:00,2026-07-09 16:00:00
2002,Ecran,0.166,242.8,21.8,5.08,2026-07-09 15:00:00,2026-07-09 16:00:00
2006,PC Portable,0.126,242.7,16.9,16.87,2026-07-09 15:00:00,2026-07-09 16:00:00
2001,TV Salle à manger,0.71,244.2,160.8,160.78,2026-07-09 16:00:00,2026-07-09 17:00:00
2002,Ecran,0.165,244.0,21.7,21.67,2026-07-09 16:00:00,2026-07-09 17:00:00
2006,PC Portable,0.168,244.2,23.3,23.28,2026-07-09 16:00:00,2026-07-09 17:00:00
2001,TV Salle à manger,0.71,244.4,160.9,160.87,2026-07-09 17:00:00,2026-07-09 18:00:00
2002,Ecran,0.165,244.1,21.7,21.66,2026-07-09 17:00:00,2026-07-09 18:00:00
2006,PC Portable,0.181,244.4,31.5,31.52,2026-07-09 17:00:00,2026-07-09 18:00:00
2001,TV Salle à manger,0.71,243.6,160.4,160.45,2026-07-09 18:00:00,2026-07-09 19:00:00
2002,Ecran,0.165,243.4,21.7,21.67,2026-07-09 18:00:00,2026-07-09 19:00:00
2003,Telephone / Tablette,0.02,242.6,2.0,0.6,2026-07-09 18:00:00,2026-07-09 19:00:00
2006,PC Portable,0.178,243.7,29.2,29.22,2026-07-09 18:00:00,2026-07-09 19:00:00
2001,TV Salle à manger,0.712,243.4,160.7,160.72,2026-07-09 19:00:00,2026-07-09 20:00:00
2002,Ecran,0.166,243.4,21.6,15.49,2026-07-09 19:00:00,2026-07-09 20:00:00
2003,Telephone / Tablette,0.013,242.9,1.2,1.18,2026-07-09 19:00:00,2026-07-09 20:00:00
2005,Lampe Salle à manger,0.077,242.4,10.8,9.59,2026-07-09 19:00:00,2026-07-09 20:00:00
2006,PC Portable,0.166,243.5,24.7,24.75,2026-07-09 19:00:00,2026-07-09 20:00:00
2007,Lampe Cuisine,0.037,243.1,5.3,1.86,2026-07-09 19:00:00,2026-07-09 20:00:00
2008,Lampe Chambre,0.036,243.9,5.3,4.67,2026-07-09 19:00:00,2026-07-09 20:00:00
2001,TV Salle à manger,0.708,244.6,160.6,160.63,2026-07-09 20:00:00,2026-07-09 21:00:00
2003,Telephone / Tablette,0.013,242.8,1.1,0.04,2026-07-09 20:00:00,2026-07-09 21:00:00
2005,Lampe Salle à manger,0.075,243.6,10.7,10.67,2026-07-09 20:00:00,2026-07-09 21:00:00
2006,PC Portable,0.169,244.7,20.9,20.9,2026-07-09 20:00:00,2026-07-09 21:00:00
2008,Lampe Chambre,0.036,244.9,5.3,4.33,2026-07-09 20:00:00,2026-07-09 21:00:00
2001,TV Salle à manger,0.706,245.3,160.6,42.81,2026-07-09 21:00:00,2026-07-09 22:00:00
2005,Lampe Salle à manger,0.075,244.8,10.6,8.87,2026-07-09 21:00:00,2026-07-09 22:00:00
2006,PC Portable,0.153,245.8,18.1,18.05,2026-07-09 21:00:00,2026-07-09 22:00:00
2006,PC Portable,0.085,245.1,9.0,9.05,2026-07-09 22:00:00,2026-07-09 23:00:00
2006,PC Portable,0.072,245.7,7.5,7.45,2026-07-09 23:00:00,2026-07-10 00:00:00
2001,TV Salle à manger,0.037,246.0,1.0,0.02,2026-07-10 00:00:00,2026-07-10 01:00:00
2006,PC Portable,0.072,245.9,7.6,7.56,2026-07-10 00:00:00,2026-07-10 01:00:00
2006,PC Portable,0.054,246.3,5.2,5.22,2026-07-10 01:00:00,2026-07-10 02:00:00
2007,Lampe Cuisine,0.037,245.4,5.4,3.14,2026-07-10 01:00:00,2026-07-10 02:00:00
2008,Lampe Chambre,0.037,246.8,5.4,3.13,2026-07-10 01:00:00,2026-07-10 02:00:00
2001,TV Salle à manger,0.038,244.4,1.0,0.02,2026-07-10 02:00:00,2026-07-10 03:00:00
2006,PC Portable,0.047,245.3,4.3,4.3,2026-07-10 02:00:00,2026-07-10 03:00:00
2007,Lampe Cuisine,0.038,244.7,5.4,1.53,2026-07-10 02:00:00,2026-07-10 03:00:00
2008,Lampe Chambre,0.037,245.9,5.3,1.68,2026-07-10 02:00:00,2026-07-10 03:00:00
2006,PC Portable,0.047,244.3,4.3,4.3,2026-07-10 03:00:00,2026-07-10 04:00:00
2006,PC Portable,0.047,242.1,4.3,4.29,2026-07-10 04:00:00,2026-07-10 05:00:00
2002,Ecran,0.168,241.1,21.7,17.7,2026-07-10 05:00:00,2026-07-10 06:00:00
2006,PC Portable,0.244,241.4,51.4,51.37,2026-07-10 05:00:00,2026-07-10 06:00:00
2002,Ecran,0.168,242.5,21.7,20.58,2026-07-10 06:00:00,2026-07-10 07:00:00
2006,PC Portable,0.221,242.7,43.9,43.87,2026-07-10 06:00:00,2026-07-10 07:00:00
2002,Ecran,0.166,241.7,21.6,21.65,2026-07-10 07:00:00,2026-07-10 08:00:00
2006,PC Portable,0.228,242.0,45.4,45.4,2026-07-10 07:00:00,2026-07-10 08:00:00
2002,Ecran,0.167,240.5,21.6,21.63,2026-07-10 08:00:00,2026-07-10 09:00:00
2006,PC Portable,0.204,240.7,37.8,37.76,2026-07-10 08:00:00,2026-07-10 09:00:00
2002,Ecran,0.165,241.1,21.6,21.63,2026-07-10 09:00:00,2026-07-10 10:00:00
2006,PC Portable,0.163,241.3,22.8,22.8,2026-07-10 09:00:00,2026-07-10 10:00:00
2001,TV Salle à manger,0.035,241.7,1.1,0.04,2026-07-10 10:00:00,2026-07-10 11:00:00
2002,Ecran,0.166,241.1,21.7,19.14,2026-07-10 10:00:00,2026-07-10 11:00:00
2006,PC Portable,0.157,241.5,19.2,19.21,2026-07-10 10:00:00,2026-07-10 11:00:00
2002,Ecran,0.167,241.4,21.7,13.01,2026-07-10 11:00:00,2026-07-10 12:00:00
2006,PC Portable,0.139,241.7,24.0,23.97,2026-07-10 11:00:00,2026-07-10 12:00:00
2002,Ecran,0.168,241.7,21.6,21.65,2026-07-10 12:00:00,2026-07-10 13:00:00
2006,PC Portable,0.183,242.0,31.4,31.4,2026-07-10 12:00:00,2026-07-10 13:00:00
2002,Ecran,0.167,241.8,21.6,21.64,2026-07-10 13:00:00,2026-07-10 14:00:00
2006,PC Portable,0.191,242.1,35.3,35.28,2026-07-10 13:00:00,2026-07-10 14:00:00
2001,TV Salle à manger,0.045,241.2,1.2,0.04,2026-07-10 14:00:00,2026-07-10 15:00:00
2002,Ecran,0.165,241.8,21.3,18.86,2026-07-10 14:00:00,2026-07-10 15:00:00
2006,PC Portable,0.186,242.1,30.2,30.17,2026-07-10 14:00:00,2026-07-10 15:00:00
2006,PC Portable,0.09,242.7,9.5,9.56,2026-07-10 15:00:00,2026-07-10 16:00:00
2006,PC Portable,0.127,243.9,14.3,14.35,2026-07-10 16:00:00,2026-07-10 17:00:00
2001,TV Salle à manger,0.039,245.7,1.0,0.02,2026-07-10 17:00:00,2026-07-10 18:00:00
2006,PC Portable,0.124,245.2,14.2,14.17,2026-07-10 17:00:00,2026-07-10 18:00:00
2001,TV Salle à manger,0.037,242.9,1.1,0.04,2026-07-10 18:00:00,2026-07-10 19:00:00
2006,PC Portable,0.085,243.1,9.0,9.0,2026-07-10 18:00:00,2026-07-10 19:00:00
2005,Lampe Salle à manger,0.078,241.8,11.0,5.7,2026-07-10 19:00:00,2026-07-10 20:00:00
2006,PC Portable,0.063,242.4,6.2,6.19,2026-07-10 19:00:00,2026-07-10 20:00:00
2007,Lampe Cuisine,0.037,241.9,5.3,2.75,2026-07-10 19:00:00,2026-07-10 20:00:00
2008,Lampe Chambre,0.037,244.0,5.3,0.44,2026-07-10 19:00:00,2026-07-10 20:00:00
2001,TV Salle à manger,0.707,243.4,159.8,29.3,2026-07-10 20:00:00,2026-07-10 21:00:00
2005,Lampe Salle à manger,0.075,242.3,10.7,2.31,2026-07-10 20:00:00,2026-07-10 21:00:00
2006,PC Portable,0.073,244.0,7.5,7.5,2026-07-10 20:00:00,2026-07-10 21:00:00
2007,Lampe Cuisine,0.037,242.1,5.4,0.27,2026-07-10 20:00:00,2026-07-10 21:00:00
2008,Lampe Chambre,0.036,244.5,5.3,5.31,2026-07-10 20:00:00,2026-07-10 21:00:00
2006,PC Portable,0.048,245.3,4.3,4.31,2026-07-10 21:00:00,2026-07-10 22:00:00
2008,Lampe Chambre,0.037,245.7,5.3,5.33,2026-07-10 21:00:00,2026-07-10 22:00:00
2006,PC Portable,0.048,245.8,4.3,4.31,2026-07-10 22:00:00,2026-07-10 23:00:00
2008,Lampe Chambre,0.037,246.3,5.4,5.37,2026-07-10 22:00:00,2026-07-10 23:00:00
2006,PC Portable,0.047,245.9,4.3,4.31,2026-07-10 23:00:00,2026-07-11 00:00:00
2008,Lampe Chambre,0.037,246.4,5.4,0.72,2026-07-10 23:00:00,2026-07-11 00:00:00
2006,PC Portable,0.047,246.3,4.3,4.31,2026-07-11 00:00:00,2026-07-11 01:00:00
2006,PC Portable,0.047,246.4,4.3,4.3,2026-07-11 01:00:00,2026-07-11 02:00:00
2006,PC Portable,0.047,245.8,4.3,4.3,2026-07-11 02:00:00,2026-07-11 03:00:00
2006,PC Portable,0.047,245.1,4.3,4.3,2026-07-11 03:00:00,2026-07-11 04:00:00
2006,PC Portable,0.047,244.6,4.3,4.31,2026-07-11 04:00:00,2026-07-11 05:00:00
2003,Telephone / Tablette,0.035,240.9,4.0,1.66,2026-07-11 05:00:00,2026-07-11 06:00:00
2006,PC Portable,0.048,242.1,4.3,4.3,2026-07-11 05:00:00,2026-07-11 06:00:00
2001,TV Salle à manger,0.661,242.1,147.8,36.96,2026-07-11 06:00:00,2026-07-11 07:00:00
2003,Telephone / Tablette,0.038,241.6,4.3,4.3,2026-07-11 06:00:00,2026-07-11 07:00:00
2006,PC Portable,0.048,242.2,4.3,4.31,2026-07-11 06:00:00,2026-07-11 07:00:00
2001,TV Salle à manger,0.716,241.6,160.4,160.45,2026-07-11 07:00:00,2026-07-11 08:00:00
2003,Telephone / Tablette,0.037,241.1,4.2,4.23,2026-07-11 07:00:00,2026-07-11 08:00:00
2006,PC Portable,0.048,241.7,4.3,4.3,2026-07-11 07:00:00,2026-07-11 08:00:00
2001,TV Salle à manger,0.715,242.4,160.8,160.8,2026-07-11 08:00:00,2026-07-11 09:00:00
2003,Telephone / Tablette,0.037,241.8,4.2,4.25,2026-07-11 08:00:00,2026-07-11 09:00:00
2004,Cafetiere,5.263,241.3,1071.2,35.7,2026-07-11 08:00:00,2026-07-11 09:00:00
2006,PC Portable,0.048,242.4,4.3,4.31,2026-07-11 08:00:00,2026-07-11 09:00:00
2001,TV Salle à manger,0.716,242.0,160.7,160.74,2026-07-11 09:00:00,2026-07-11 10:00:00
2003,Telephone / Tablette,0.044,241.5,5.2,3.09,2026-07-11 09:00:00,2026-07-11 10:00:00
2006,PC Portable,0.048,242.1,4.3,4.31,2026-07-11 09:00:00,2026-07-11 10:00:00
2001,TV Salle à manger,0.716,242.1,160.9,160.87,2026-07-11 10:00:00,2026-07-11 11:00:00
2003,Telephone / Tablette,0.024,241.6,2.4,0.08,2026-07-11 10:00:00,2026-07-11 11:00:00
2006,PC Portable,0.048,242.2,4.3,4.32,2026-07-11 10:00:00,2026-07-11 11:00:00
2001,TV Salle à manger,0.717,241.5,160.7,160.68,2026-07-11 11:00:00,2026-07-11 12:00:00
2002,Ecran,0.169,241.1,21.7,18.44,2026-07-11 11:00:00,2026-07-11 12:00:00
2006,PC Portable,0.252,241.5,53.3,53.27,2026-07-11 11:00:00,2026-07-11 12:00:00
2001,TV Salle à manger,0.718,241.3,160.8,160.79,2026-07-11 12:00:00,2026-07-11 13:00:00
2002,Ecran,0.168,241.0,21.6,21.62,2026-07-11 12:00:00,2026-07-11 13:00:00
2006,PC Portable,0.203,241.3,33.3,33.31,2026-07-11 12:00:00,2026-07-11 13:00:00
2001,TV Salle à manger,0.719,240.9,160.8,50.93,2026-07-11 13:00:00,2026-07-11 14:00:00
2002,Ecran,0.168,240.7,21.6,21.61,2026-07-11 13:00:00,2026-07-11 14:00:00
2006,PC Portable,0.176,241.0,25.9,25.93,2026-07-11 13:00:00,2026-07-11 14:00:00
2002,Ecran,0.169,240.8,21.8,21.76,2026-07-11 14:00:00,2026-07-11 15:00:00
2006,PC Portable,0.155,241.1,19.4,19.4,2026-07-11 14:00:00,2026-07-11 15:00:00
2002,Ecran,0.169,240.3,21.7,12.29,2026-07-11 15:00:00,2026-07-11 16:00:00
2006,PC Portable,0.137,240.9,16.5,16.46,2026-07-11 15:00:00,2026-07-11 16:00:00
2006,PC Portable,0.06,241.7,5.8,5.81,2026-07-11 16:00:00,2026-07-11 17:00:00
2006,PC Portable,0.048,242.9,4.3,4.32,2026-07-11 17:00:00,2026-07-11 18:00:00
2001,TV Salle à manger,0.039,243.7,1.1,0.02,2026-07-11 18:00:00,2026-07-11 19:00:00
2006,PC Portable,0.048,244.1,4.3,4.32,2026-07-11 18:00:00,2026-07-11 19:00:00
2005,Lampe Salle à manger,0.08,243.5,11.2,4.29,2026-07-11 19:00:00,2026-07-11 20:00:00
2006,PC Portable,0.048,244.4,4.3,4.31,2026-07-11 19:00:00,2026-07-11 20:00:00
2007,Lampe Cuisine,0.037,243.1,5.3,0.09,2026-07-11 19:00:00,2026-07-11 20:00:00
2008,Lampe Chambre,0.037,244.9,5.3,2.04,2026-07-11 19:00:00,2026-07-11 20:00:00
2001,TV Salle à manger,0.708,245.4,161.2,150.41,2026-07-11 20:00:00,2026-07-11 21:00:00
2005,Lampe Salle à manger,0.076,244.4,10.6,10.58,2026-07-11 20:00:00,2026-07-11 21:00:00
2006,PC Portable,0.048,245.5,4.3,4.32,2026-07-11 20:00:00,2026-07-11 21:00:00
2008,Lampe Chambre,0.037,245.9,5.4,5.35,2026-07-11 20:00:00,2026-07-11 21:00:00
2001,TV Salle à manger,0.702,245.6,159.8,5.33,2026-07-11 21:00:00,2026-07-11 22:00:00
2005,Lampe Salle à manger,0.076,244.8,10.7,0.18,2026-07-11 21:00:00,2026-07-11 22:00:00
2006,PC Portable,0.048,245.7,4.3,4.3,2026-07-11 21:00:00,2026-07-11 22:00:00
2008,Lampe Chambre,0.037,246.7,5.4,2.86,2026-07-11 21:00:00,2026-07-11 22:00:00
2006,PC Portable,0.048,245.4,4.3,4.3,2026-07-11 22:00:00,2026-07-11 23:00:00
2006,PC Portable,0.047,246.1,4.3,4.31,2026-07-11 23:00:00,2026-07-12 00:00:00
2006,PC Portable,0.047,246.6,4.3,4.3,2026-07-12 00:00:00,2026-07-12 01:00:00
2006,PC Portable,0.047,246.8,4.3,4.28,2026-07-12 01:00:00,2026-07-12 02:00:00
2006,PC Portable,0.047,246.4,4.3,4.3,2026-07-12 02:00:00,2026-07-12 03:00:00
2006,PC Portable,0.047,246.1,4.3,4.3,2026-07-12 03:00:00,2026-07-12 04:00:00
2006,PC Portable,0.047,245.7,4.3,4.29,2026-07-12 04:00:00,2026-07-12 05:00:00
2001,TV Salle à manger,0.034,245.1,1.1,0.02,2026-07-12 05:00:00,2026-07-12 06:00:00
2006,PC Portable,0.047,245.0,4.3,4.29,2026-07-12 05:00:00,2026-07-12 06:00:00
2006,PC Portable,0.047,243.5,4.3,4.29,2026-07-12 06:00:00,2026-07-12 07:00:00
2001,TV Salle à manger,0.722,242.2,162.5,81.25,2026-07-12 07:00:00,2026-07-12 08:00:00
2002,Ecran,0.03,243.0,1.8,0.03,2026-07-12 07:00:00,2026-07-12 08:00:00
2006,PC Portable,0.092,242.5,10.0,9.97,2026-07-12 07:00:00,2026-07-12 08:00:00
2001,TV Salle à manger,0.721,241.8,161.9,161.87,2026-07-12 08:00:00,2026-07-12 09:00:00
2006,PC Portable,0.135,241.8,15.3,15.29,2026-07-12 08:00:00,2026-07-12 09:00:00
2001,TV Salle à manger,0.704,241.4,157.6,118.23,2026-07-12 09:00:00,2026-07-12 10:00:00
2002,Ecran,0.169,240.7,21.7,18.43,2026-07-12 09:00:00,2026-07-12 10:00:00
2006,PC Portable,0.237,241.1,48.4,48.4,2026-07-12 09:00:00,2026-07-12 10:00:00
2001,TV Salle à manger,0.036,240.5,1.0,0.02,2026-07-12 10:00:00,2026-07-12 11:00:00
2002,Ecran,0.169,240.4,21.6,21.64,2026-07-12 10:00:00,2026-07-12 11:00:00
2006,PC Portable,0.237,240.6,37.6,37.57,2026-07-12 10:00:00,2026-07-12 11:00:00
2002,Ecran,0.17,240.6,21.6,21.65,2026-07-12 11:00:00,2026-07-12 12:00:00
2006,PC Portable,0.186,240.8,31.9,31.87,2026-07-12 11:00:00,2026-07-12 12:00:00
2001,TV Salle à manger,0.038,241.6,1.0,0.02,2026-07-12 12:00:00,2026-07-12 13:00:00
2002,Ecran,0.168,240.4,21.6,9.72,2026-07-12 12:00:00,2026-07-12 13:00:00
2006,PC Portable,0.153,240.7,17.4,17.37,2026-07-12 12:00:00,2026-07-12 13:00:00
2006,PC Portable,0.088,242.2,9.3,9.32,2026-07-12 13:00:00,2026-07-12 14:00:00
2001,TV Salle à manger,0.039,243.1,1.0,0.02,2026-07-12 14:00:00,2026-07-12 15:00:00
2006,PC Portable,0.048,242.5,4.3,4.31,2026-07-12 14:00:00,2026-07-12 15:00:00
2006,PC Portable,0.048,242.6,4.3,4.3,2026-07-12 15:00:00,2026-07-12 16:00:00
2001,TV Salle à manger,0.036,242.8,1.1,0.04,2026-07-12 16:00:00,2026-07-12 17:00:00
2002,Ecran,0.166,242.6,21.7,11.23,2026-07-12 16:00:00,2026-07-12 17:00:00
2006,PC Portable,0.141,242.9,24.3,24.29,2026-07-12 16:00:00,2026-07-12 17:00:00
2007,Lampe Cuisine,0.037,241.8,5.3,0.7,2026-07-12 16:00:00,2026-07-12 17:00:00
2002,Ecran,0.165,243.6,21.6,17.31,2026-07-12 17:00:00,2026-07-12 18:00:00
2005,Lampe Salle à manger,0.079,243.6,11.1,3.88,2026-07-12 17:00:00,2026-07-12 18:00:00
2006,PC Portable,0.159,244.0,21.7,21.68,2026-07-12 17:00:00,2026-07-12 18:00:00
2007,Lampe Cuisine,0.037,243.1,5.4,5.34,2026-07-12 17:00:00,2026-07-12 18:00:00
2001,TV Salle à manger,0.626,244.5,141.3,18.84,2026-07-12 18:00:00,2026-07-12 19:00:00
2005,Lampe Salle à manger,0.073,243.7,10.3,10.31,2026-07-12 18:00:00,2026-07-12 19:00:00
2006,PC Portable,0.132,244.5,15.0,14.98,2026-07-12 18:00:00,2026-07-12 19:00:00
2007,Lampe Cuisine,0.037,243.8,5.4,5.18,2026-07-12 18:00:00,2026-07-12 19:00:00
2001,TV Salle à manger,0.711,244.1,161.1,131.59,2026-07-12 19:00:00,2026-07-12 20:00:00
2005,Lampe Salle à manger,0.074,243.0,10.4,8.64,2026-07-12 19:00:00,2026-07-12 20:00:00
2006,PC Portable,0.128,244.2,14.8,14.8,2026-07-12 19:00:00,2026-07-12 20:00:00
2007,Lampe Cuisine,0.037,243.1,5.3,0.62,2026-07-12 19:00:00,2026-07-12 20:00:00
2008,Lampe Chambre,0.036,244.8,5.3,0.79,2026-07-12 19:00:00,2026-07-12 20:00:00
2006,PC Portable,0.103,245.3,11.4,11.43,2026-07-12 20:00:00,2026-07-12 21:00:00
2006,PC Portable,0.103,244.7,11.2,11.2,2026-07-12 21:00:00,2026-07-12 22:00:00
2006,PC Portable,0.126,245.1,14.4,14.39,2026-07-12 22:00:00,2026-07-12 23:00:00
2006,PC Portable,0.099,245.7,10.9,10.95,2026-07-12 23:00:00,2026-07-13 00:00:00
2005,Lampe Salle à manger,0.095,245.4,13.5,0.45,2026-07-13 00:00:00,2026-07-13 01:00:00
2006,PC Portable,0.101,246.1,11.2,11.23,2026-07-13 00:00:00,2026-07-13 01:00:00
2007,Lampe Cuisine,0.037,245.2,5.4,0.98,2026-07-13 00:00:00,2026-07-13 01:00:00
2005,Lampe Salle à manger,0.079,244.7,10.9,7.45,2026-07-13 01:00:00,2026-07-13 02:00:00
2006,PC Portable,0.119,245.4,13.6,13.64,2026-07-13 01:00:00,2026-07-13 02:00:00
2007,Lampe Cuisine,0.038,244.8,5.4,3.67,2026-07-13 01:00:00,2026-07-13 02:00:00
2006,PC Portable,0.095,244.6,10.4,10.41,2026-07-13 02:00:00,2026-07-13 03:00:00
2006,PC Portable,0.106,243.5,11.8,11.8,2026-07-13 03:00:00,2026-07-13 04:00:00
2006,PC Portable,0.084,243.0,8.9,8.95,2026-07-13 04:00:00,2026-07-13 05:00:00
2006,PC Portable,0.048,242.0,4.3,4.28,2026-07-13 05:00:00,2026-07-13 06:00:00
2001,TV Salle à manger,0.032,243.5,1.1,0.02,2026-07-13 06:00:00,2026-07-13 07:00:00
2006,PC Portable,0.048,242.9,4.3,4.28,2026-07-13 06:00:00,2026-07-13 07:00:00
2006,PC Portable,0.048,242.8,4.3,4.29,2026-07-13 07:00:00,2026-07-13 08:00:00
2006,PC Portable,0.048,242.8,4.3,4.28,2026-07-13 08:00:00,2026-07-13 09:00:00
2006,PC Portable,0.048,242.6,4.3,4.28,2026-07-13 09:00:00,2026-07-13 10:00:00
2006,PC Portable,0.048,243.2,4.3,4.29,2026-07-13 10:00:00,2026-07-13 11:00:00
2006,PC Portable,0.048,243.1,4.3,4.29,2026-07-13 11:00:00,2026-07-13 12:00:00
2006,PC Portable,0.048,243.2,4.3,4.28,2026-07-13 12:00:00,2026-07-13 13:00:00
2006,PC Portable,0.048,243.4,4.3,4.29,2026-07-13 13:00:00,2026-07-13 14:00:00
2006,PC Portable,0.048,243.8,4.3,4.29,2026-07-13 14:00:00,2026-07-13 15:00:00
2006,PC Portable,0.048,244.4,4.3,4.29,2026-07-13 15:00:00,2026-07-13 16:00:00
2001,TV Salle à manger,0.702,243.5,158.5,110.95,2026-07-13 16:00:00,2026-07-13 17:00:00
2006,PC Portable,0.122,243.4,13.8,13.76,2026-07-13 16:00:00,2026-07-13 17:00:00
2001,TV Salle à manger,0.709,244.3,160.6,160.61,2026-07-13 17:00:00,2026-07-13 18:00:00
2006,PC Portable,0.169,244.4,19.9,19.85,2026-07-13 17:00:00,2026-07-13 18:00:00
2001,TV Salle à manger,0.712,243.7,160.9,160.9,2026-07-13 18:00:00,2026-07-13 19:00:00
2005,Lampe Salle à manger,0.077,242.7,10.9,10.57,2026-07-13 18:00:00,2026-07-13 19:00:00
2006,PC Portable,0.061,243.8,5.9,5.89,2026-07-13 18:00:00,2026-07-13 19:00:00
2007,Lampe Cuisine,0.037,243.0,5.3,3.65,2026-07-13 18:00:00,2026-07-13 19:00:00
2008,Lampe Chambre,0.036,244.1,5.3,0.88,2026-07-13 18:00:00,2026-07-13 19:00:00
2001,TV Salle à manger,0.708,244.6,160.6,160.63,2026-07-13 19:00:00,2026-07-13 20:00:00
2005,Lampe Salle à manger,0.076,243.5,10.7,10.74,2026-07-13 19:00:00,2026-07-13 20:00:00
2006,PC Portable,0.048,244.7,4.3,4.28,2026-07-13 19:00:00,2026-07-13 20:00:00
2007,Lampe Cuisine,0.036,244.6,5.3,0.62,2026-07-13 19:00:00,2026-07-13 20:00:00
2008,Lampe Chambre,0.036,245.1,5.3,5.31,2026-07-13 19:00:00,2026-07-13 20:00:00
2001,TV Salle à manger,0.704,245.8,160.5,29.42,2026-07-13 20:00:00,2026-07-13 21:00:00
2002,Ecran,0.164,246.1,21.7,16.98,2026-07-13 20:00:00,2026-07-13 21:00:00
2005,Lampe Salle à manger,0.074,245.3,10.6,10.6,2026-07-13 20:00:00,2026-07-13 21:00:00
2006,PC Portable,0.128,246.2,16.5,16.49,2026-07-13 20:00:00,2026-07-13 21:00:00
2008,Lampe Chambre,0.036,246.3,5.4,0.71,2026-07-13 20:00:00,2026-07-13 21:00:00
2001,TV Salle à manger,0.037,246.6,1.2,0.02,2026-07-13 21:00:00,2026-07-13 22:00:00
2002,Ecran,0.163,245.8,21.6,21.62,2026-07-13 21:00:00,2026-07-13 22:00:00
2005,Lampe Salle à manger,0.076,245.2,10.7,10.68,2026-07-13 21:00:00,2026-07-13 22:00:00
2006,PC Portable,0.174,246.1,25.3,25.3,2026-07-13 21:00:00,2026-07-13 22:00:00
2002,Ecran,0.161,246.2,21.6,1.8,2026-07-13 22:00:00,2026-07-13 23:00:00
2005,Lampe Salle à manger,0.076,245.5,10.7,2.13,2026-07-13 22:00:00,2026-07-13 23:00:00
2006,PC Portable,0.123,246.5,15.0,14.99,2026-07-13 22:00:00,2026-07-13 23:00:00
2006,PC Portable,0.125,246.9,14.3,14.29,2026-07-13 23:00:00,2026-07-14 00:00:00
2006,PC Portable,0.093,246.0,10.2,10.18,2026-07-14 00:00:00,2026-07-14 01:00:00
2001,TV Salle à manger,0.037,244.7,1.1,0.05,2026-07-14 01:00:00,2026-07-14 02:00:00
2005,Lampe Salle à manger,0.084,243.4,11.6,2.71,2026-07-14 01:00:00,2026-07-14 02:00:00
2006,PC Portable,0.115,244.5,12.8,12.85,2026-07-14 01:00:00,2026-07-14 02:00:00
2007,Lampe Cuisine,0.038,243.6,5.3,2.04,2026-07-14 01:00:00,2026-07-14 02:00:00
2001,TV Salle à manger,0.04,243.7,1.1,0.02,2026-07-14 02:00:00,2026-07-14 03:00:00
2006,PC Portable,0.121,243.7,13.6,13.62,2026-07-14 02:00:00,2026-07-14 03:00:00
2001,TV Salle à manger,0.044,243.5,1.2,0.02,2026-07-14 03:00:00,2026-07-14 04:00:00
2006,PC Portable,0.084,243.0,8.9,8.9,2026-07-14 03:00:00,2026-07-14 04:00:00
2006,PC Portable,0.126,242.2,14.3,14.27,2026-07-14 04:00:00,2026-07-14 05:00:00
2001,TV Salle à manger,0.042,241.0,1.2,0.02,2026-07-14 05:00:00,2026-07-14 06:00:00
2006,PC Portable,0.116,241.3,12.7,12.73,2026-07-14 05:00:00,2026-07-14 06:00:00
2006,PC Portable,0.092,241.9,9.7,9.72,2026-07-14 06:00:00,2026-07-14 07:00:00
2006,PC Portable,0.13,241.4,14.4,14.42,2026-07-14 07:00:00,2026-07-14 08:00:00
2006,PC Portable,0.118,240.9,12.9,12.95,2026-07-14 08:00:00,2026-07-14 09:00:00
2006,PC Portable,0.094,239.9,9.8,9.85,2026-07-14 09:00:00,2026-07-14 10:00:00
2001,TV Salle à manger,0.036,240.2,1.1,0.04,2026-07-14 10:00:00,2026-07-14 11:00:00
2006,PC Portable,0.127,240.2,14.0,13.96,2026-07-14 10:00:00,2026-07-14 11:00:00
2006,PC Portable,0.138,241.3,15.6,15.56,2026-07-14 11:00:00,2026-07-14 12:00:00
2001,TV Salle à manger,0.042,241.3,1.1,0.04,2026-07-14 12:00:00,2026-07-14 13:00:00
2006,PC Portable,0.086,241.0,9.1,9.12,2026-07-14 12:00:00,2026-07-14 13:00:00
2002,Ecran,0.168,241.2,21.7,20.25,2026-07-14 13:00:00,2026-07-14 14:00:00
2006,PC Portable,0.21,241.4,35.5,35.49,2026-07-14 13:00:00,2026-07-14 14:00:00
2002,Ecran,0.168,241.5,21.6,21.62,2026-07-14 14:00:00,2026-07-14 15:00:00
2006,PC Portable,0.164,241.8,26.5,26.47,2026-07-14 14:00:00,2026-07-14 15:00:00
2002,Ecran,0.167,242.3,21.6,21.64,2026-07-14 15:00:00,2026-07-14 16:00:00
2006,PC Portable,0.181,242.6,26.9,26.95,2026-07-14 15:00:00,2026-07-14 16:00:00
2002,Ecran,0.166,243.3,21.6,21.63,2026-07-14 16:00:00,2026-07-14 17:00:00
2006,PC Portable,0.201,243.6,29.8,29.78,2026-07-14 16:00:00,2026-07-14 17:00:00
2001,TV Salle à manger,0.711,243.8,160.8,88.42,2026-07-14 17:00:00,2026-07-14 18:00:00
2002,Ecran,0.165,243.4,21.6,12.97,2026-07-14 17:00:00,2026-07-14 18:00:00
2005,Lampe Salle à manger,0.078,242.8,10.9,6.19,2026-07-14 17:00:00,2026-07-14 18:00:00
2006,PC Portable,0.16,243.8,24.1,24.15,2026-07-14 17:00:00,2026-07-14 18:00:00
2007,Lampe Cuisine,0.037,243.1,5.3,3.02,2026-07-14 17:00:00,2026-07-14 18:00:00
2001,TV Salle à manger,0.711,243.9,160.7,160.74,2026-07-14 18:00:00,2026-07-14 19:00:00
2002,Ecran,0.164,243.6,21.6,21.65,2026-07-14 18:00:00,2026-07-14 19:00:00
2005,Lampe Salle à manger,0.075,242.8,10.4,10.43,2026-07-14 18:00:00,2026-07-14 19:00:00
2006,PC Portable,0.177,243.9,27.3,27.26,2026-07-14 18:00:00,2026-07-14 19:00:00
2007,Lampe Cuisine,0.037,243.0,5.3,1.06,2026-07-14 18:00:00,2026-07-14 19:00:00
2008,Lampe Chambre,0.037,244.4,5.3,2.91,2026-07-14 18:00:00,2026-07-14 19:00:00
2001,TV Salle à manger,0.626,244.3,140.7,18.76,2026-07-14 19:00:00,2026-07-14 20:00:00
2002,Ecran,0.165,244.4,21.6,21.63,2026-07-14 19:00:00,2026-07-14 20:00:00
2005,Lampe Salle à manger,0.074,243.8,10.4,10.42,2026-07-14 19:00:00,2026-07-14 20:00:00
2006,PC Portable,0.184,244.7,26.5,26.49,2026-07-14 19:00:00,2026-07-14 20:00:00
2008,Lampe Chambre,0.037,244.7,5.3,1.59,2026-07-14 19:00:00,2026-07-14 20:00:00
2002,Ecran,0.166,245.0,21.6,21.58,2026-07-14 20:00:00,2026-07-14 21:00:00
2005,Lampe Salle à manger,0.074,244.4,10.5,10.5,2026-07-14 20:00:00,2026-07-14 21:00:00
2006,PC Portable,0.166,245.2,23.1,23.12,2026-07-14 20:00:00,2026-07-14 21:00:00
2002,Ecran,0.165,244.9,21.6,21.6,2026-07-14 21:00:00,2026-07-14 22:00:00
2005,Lampe Salle à manger,0.074,244.3,10.5,10.5,2026-07-14 21:00:00,2026-07-14 22:00:00
2006,PC Portable,0.158,245.2,23.5,23.5,2026-07-14 21:00:00,2026-07-14 22:00:00
2002,Ecran,0.164,244.7,21.6,11.53,2026-07-14 22:00:00,2026-07-14 23:00:00
2005,Lampe Salle à manger,0.075,244.0,10.6,6.0,2026-07-14 22:00:00,2026-07-14 23:00:00
2006,PC Portable,0.162,245.0,20.9,20.9,2026-07-14 22:00:00,2026-07-14 23:00:00
2001,TV Salle à manger,0.048,245.8,1.4,0.02,2026-07-14 23:00:00,2026-07-15 00:00:00
2006,PC Portable,0.097,245.3,11.1,11.09,2026-07-14 23:00:00,2026-07-15 00:00:00
2001,TV Salle à manger,0.039,245.6,1.2,0.02,2026-07-15 00:00:00,2026-07-15 01:00:00
2006,PC Portable,0.11,245.5,12.2,12.22,2026-07-15 00:00:00,2026-07-15 01:00:00
2007,Lampe Cuisine,0.037,244.4,5.4,0.89,2026-07-15 00:00:00,2026-07-15 01:00:00
2006,PC Portable,0.114,244.7,12.9,12.88,2026-07-15 01:00:00,2026-07-15 02:00:00
2007,Lampe Cuisine,0.038,243.9,5.4,1.34,2026-07-15 01:00:00,2026-07-15 02:00:00
2008,Lampe Chambre,0.025,245.3,3.9,0.2,2026-07-15 01:00:00,2026-07-15 02:00:00
2006,PC Portable,0.082,244.1,8.8,8.77,2026-07-15 02:00:00,2026-07-15 03:00:00
2006,PC Portable,0.124,242.1,14.0,13.99,2026-07-15 03:00:00,2026-07-15 04:00:00
2001,TV Salle à manger,0.039,241.6,1.2,0.02,2026-07-15 04:00:00,2026-07-15 05:00:00
2006,PC Portable,0.09,240.8,9.6,9.6,2026-07-15 04:00:00,2026-07-15 05:00:00
2001,TV Salle à manger,0.038,239.3,1.0,0.02,2026-07-15 05:00:00,2026-07-15 06:00:00
2006,PC Portable,0.048,240.4,4.2,4.25,2026-07-15 05:00:00,2026-07-15 06:00:00
2006,PC Portable,0.05,241.5,4.6,4.56,2026-07-15 06:00:00,2026-07-15 07:00:00
2001,TV Salle à manger,0.036,241.3,1.1,0.02,2026-07-15 07:00:00,2026-07-15 08:00:00
2002,Ecran,0.166,240.7,21.3,15.96,2026-07-15 07:00:00,2026-07-15 08:00:00
2006,PC Portable,0.244,241.0,36.9,36.87,2026-07-15 07:00:00,2026-07-15 08:00:00
2001,TV Salle à manger,0.038,241.1,1.0,0.03,2026-07-15 08:00:00,2026-07-15 09:00:00
2002,Ecran,0.167,240.3,21.6,21.63,2026-07-15 08:00:00,2026-07-15 09:00:00
2006,PC Portable,0.2,240.6,30.2,30.22,2026-07-15 08:00:00,2026-07-15 09:00:00
2002,Ecran,0.167,242.0,21.7,21.67,2026-07-15 09:00:00,2026-07-15 10:00:00
2006,PC Portable,0.176,242.3,26.7,26.71,2026-07-15 09:00:00,2026-07-15 10:00:00
2001,TV Salle à manger,0.038,246.4,1.0,0.02,2026-07-15 10:00:00,2026-07-15 11:00:00
2002,Ecran,0.165,244.0,21.6,21.63,2026-07-15 10:00:00,2026-07-15 11:00:00
2006,PC Portable,0.176,244.2,26.5,26.49,2026-07-15 10:00:00,2026-07-15 11:00:00
2001,TV Salle à manger,0.044,243.5,1.3,0.02,2026-07-15 11:00:00,2026-07-15 12:00:00
2002,Ecran,0.164,243.5,21.6,21.65,2026-07-15 11:00:00,2026-07-15 12:00:00
2006,PC Portable,0.189,243.7,28.6,28.62,2026-07-15 11:00:00,2026-07-15 12:00:00
2002,Ecran,0.166,242.8,21.6,11.91,2026-07-15 12:00:00,2026-07-15 13:00:00
2006,PC Portable,0.145,243.2,16.6,16.59,2026-07-15 12:00:00,2026-07-15 13:00:00
2002,Ecran,0.165,243.3,21.8,8.34,2026-07-15 13:00:00,2026-07-15 14:00:00
2006,PC Portable,0.116,243.6,14.6,14.64,2026-07-15 13:00:00,2026-07-15 14:00:00
2002,Ecran,0.164,244.1,21.6,21.62,2026-07-15 14:00:00,2026-07-15 15:00:00
2006,PC Portable,0.177,244.3,23.7,23.67,2026-07-15 14:00:00,2026-07-15 15:00:00
2001,TV Salle à manger,0.701,244.1,158.6,111.05,2026-07-15 15:00:00,2026-07-15 16:00:00
2002,Ecran,0.163,245.0,21.7,9.75,2026-07-15 15:00:00,2026-07-15 16:00:00
2006,PC Portable,0.11,244.5,12.7,12.65,2026-07-15 15:00:00,2026-07-15 16:00:00
2001,TV Salle à manger,0.718,243.3,162.0,161.98,2026-07-15 16:00:00,2026-07-15 17:00:00
2002,Ecran,0.161,243.3,21.1,10.54,2026-07-15 16:00:00,2026-07-15 17:00:00
2006,PC Portable,0.146,243.3,19.0,19.0,2026-07-15 16:00:00,2026-07-15 17:00:00
2007,Lampe Cuisine,0.037,242.6,5.3,2.39,2026-07-15 16:00:00,2026-07-15 17:00:00
2001,TV Salle à manger,0.709,244.3,160.6,160.57,2026-07-15 17:00:00,2026-07-15 18:00:00
2005,Lampe Salle à manger,0.078,243.5,11.1,4.46,2026-07-15 17:00:00,2026-07-15 18:00:00
2006,PC Portable,0.048,244.3,4.3,4.28,2026-07-15 17:00:00,2026-07-15 18:00:00
2007,Lampe Cuisine,0.037,243.5,5.4,5.36,2026-07-15 17:00:00,2026-07-15 18:00:00
2001,TV Salle à manger,0.693,244.1,156.6,104.41,2026-07-15 18:00:00,2026-07-15 19:00:00
2005,Lampe Salle à manger,0.074,243.1,10.6,7.08,2026-07-15 18:00:00,2026-07-15 19:00:00
2006,PC Portable,0.048,244.4,4.2,4.24,2026-07-15 18:00:00,2026-07-15 19:00:00
2007,Lampe Cuisine,0.037,243.4,5.4,3.58,2026-07-15 18:00:00,2026-07-15 19:00:00
2008,Lampe Chambre,0.036,244.9,5.3,4.09,2026-07-15 18:00:00,2026-07-15 19:00:00
2006,PC Portable,0.047,245.1,4.2,4.23,2026-07-15 19:00:00,2026-07-15 20:00:00
2008,Lampe Chambre,0.036,246.1,5.4,1.6,2026-07-15 19:00:00,2026-07-15 20:00:00
2006,PC Portable,0.047,245.4,4.2,4.23,2026-07-15 20:00:00,2026-07-15 21:00:00
2001,TV Salle à manger,0.041,246.2,1.2,0.04,2026-07-15 21:00:00,2026-07-15 22:00:00
2006,PC Portable,0.047,246.1,4.2,4.24,2026-07-15 21:00:00,2026-07-15 22:00:00
2007,Lampe Cuisine,0.037,245.7,5.4,0.27,2026-07-15 21:00:00,2026-07-15 22:00:00
2006,PC Portable,0.047,246.3,4.2,4.23,2026-07-15 22:00:00,2026-07-15 23:00:00
2001,TV Salle à manger,0.038,246.4,1.0,0.02,2026-07-15 23:00:00,2026-07-16 00:00:00
2006,PC Portable,0.047,246.5,4.2,4.23,2026-07-15 23:00:00,2026-07-16 00:00:00
2006,PC Portable,0.047,246.1,4.2,4.21,2026-07-16 00:00:00,2026-07-16 01:00:00
2007,Lampe Cuisine,0.037,245.0,5.4,1.61,2026-07-16 00:00:00,2026-07-16 01:00:00
2006,PC Portable,0.047,245.0,4.2,4.22,2026-07-16 01:00:00,2026-07-16 02:00:00
2001,TV Salle à manger,0.039,244.1,1.0,0.02,2026-07-16 02:00:00,2026-07-16 03:00:00
2002,Ecran,0.166,242.4,21.7,9.05,2026-07-16 02:00:00,2026-07-16 03:00:00
2006,PC Portable,0.151,243.1,29.2,29.16,2026-07-16 02:00:00,2026-07-16 03:00:00
2001,TV Salle à manger,0.03,242.1,1.0,0.02,2026-07-16 03:00:00,2026-07-16 04:00:00
2002,Ecran,0.167,241.1,21.6,21.61,2026-07-16 03:00:00,2026-07-16 04:00:00
2006,PC Portable,0.228,241.4,41.6,41.63,2026-07-16 03:00:00,2026-07-16 04:00:00
2001,TV Salle à manger,0.038,244.6,1.1,0.02,2026-07-16 04:00:00,2026-07-16 05:00:00
2002,Ecran,0.164,243.7,21.6,21.62,2026-07-16 04:00:00,2026-07-16 05:00:00
2006,PC Portable,0.155,244.0,21.1,21.13,2026-07-16 04:00:00,2026-07-16 05:00:00
2002,Ecran,0.166,243.1,21.6,21.62,2026-07-16 05:00:00,2026-07-16 06:00:00
2006,PC Portable,0.176,243.4,32.0,32.02,2026-07-16 05:00:00,2026-07-16 06:00:00
2002,Ecran,0.167,241.7,21.6,21.65,2026-07-16 06:00:00,2026-07-16 07:00:00
2006,PC Portable,0.177,242.0,32.0,32.03,2026-07-16 06:00:00,2026-07-16 07:00:00
2002,Ecran,0.166,241.6,21.6,21.62,2026-07-16 07:00:00,2026-07-16 08:00:00
2006,PC Portable,0.186,241.9,32.3,32.26,2026-07-16 07:00:00,2026-07-16 08:00:00
2001,TV Salle à manger,0.038,241.2,1.0,0.02,2026-07-16 08:00:00,2026-07-16 09:00:00
2002,Ecran,0.166,241.6,21.6,21.64,2026-07-16 08:00:00,2026-07-16 09:00:00
2006,PC Portable,0.171,241.9,23.6,23.61,2026-07-16 08:00:00,2026-07-16 09:00:00
2001,TV Salle à manger,0.039,240.3,1.0,0.02,2026-07-16 09:00:00,2026-07-16 10:00:00
2002,Ecran,0.164,241.2,21.3,13.49,2026-07-16 09:00:00,2026-07-16 10:00:00
2006,PC Portable,0.147,241.6,18.2,18.18,2026-07-16 09:00:00,2026-07-16 10:00:00
2002,Ecran,0.167,241.3,21.7,21.71,2026-07-16 10:00:00,2026-07-16 11:00:00
2006,PC Portable,0.166,241.5,21.5,21.45,2026-07-16 10:00:00,2026-07-16 11:00:00
2001,TV Salle à manger,0.687,241.4,153.7,43.56,2026-07-16 11:00:00,2026-07-16 12:00:00
2002,Ecran,0.166,241.6,21.7,21.7,2026-07-16 11:00:00,2026-07-16 12:00:00
2006,PC Portable,0.178,241.8,23.6,23.57,2026-07-16 11:00:00,2026-07-16 12:00:00
2002,Ecran,0.167,241.9,21.7,21.68,2026-07-16 12:00:00,2026-07-16 13:00:00
2006,PC Portable,0.175,242.2,22.9,22.89,2026-07-16 12:00:00,2026-07-16 13:00:00
2001,TV Salle à manger,0.048,242.8,1.4,0.02,2026-07-16 13:00:00,2026-07-16 14:00:00
2002,Ecran,0.168,242.0,21.7,15.18,2026-07-16 13:00:00,2026-07-16 14:00:00
2006,PC Portable,0.137,242.4,20.7,20.74,2026-07-16 13:00:00,2026-07-16 14:00:00
2002,Ecran,0.03,244.1,1.7,0.03,2026-07-16 14:00:00,2026-07-16 15:00:00
2006,PC Portable,0.073,243.5,7.5,7.55,2026-07-16 14:00:00,2026-07-16 15:00:00
2001,TV Salle à manger,0.039,246.1,1.0,0.02,2026-07-16 15:00:00,2026-07-16 16:00:00
2006,PC Portable,0.072,245.2,7.4,7.45,2026-07-16 15:00:00,2026-07-16 16:00:00
2005,Lampe Salle à manger,0.079,243.2,11.2,3.73,2026-07-16 16:00:00,2026-07-16 17:00:00
2006,PC Portable,0.124,244.6,14.2,14.22,2026-07-16 16:00:00,2026-07-16 17:00:00
2007,Lampe Cuisine,0.037,243.3,5.3,1.78,2026-07-16 16:00:00,2026-07-16 17:00:00
2001,TV Salle à manger,0.7,244.8,158.9,2.65,2026-07-16 17:00:00,2026-07-16 18:00:00
2005,Lampe Salle à manger,0.075,243.6,10.6,10.59,2026-07-16 17:00:00,2026-07-16 18:00:00
2006,PC Portable,0.108,244.5,12.0,12.05,2026-07-16 17:00:00,2026-07-16 18:00:00
2007,Lampe Cuisine,0.036,243.7,5.2,1.83,2026-07-16 17:00:00,2026-07-16 18:00:00
2001,TV Salle à manger,0.705,245.2,160.2,160.24,2026-07-16 18:00:00,2026-07-16 19:00:00
2005,Lampe Salle à manger,0.075,244.2,10.8,10.77,2026-07-16 18:00:00,2026-07-16 19:00:00
2006,PC Portable,0.071,245.3,7.3,7.29,2026-07-16 18:00:00,2026-07-16 19:00:00
2007,Lampe Cuisine,0.037,244.5,5.4,4.93,2026-07-16 18:00:00,2026-07-16 19:00:00
2008,Lampe Chambre,0.036,245.7,5.4,0.45,2026-07-16 18:00:00,2026-07-16 19:00:00
2001,TV Salle à manger,0.495,245.7,110.8,5.54,2026-07-16 19:00:00,2026-07-16 20:00:00
2005,Lampe Salle à manger,0.075,244.8,10.8,1.08,2026-07-16 19:00:00,2026-07-16 20:00:00
2006,PC Portable,0.047,245.9,4.2,4.24,2026-07-16 19:00:00,2026-07-16 20:00:00
2008,Lampe Chambre,0.036,246.3,5.4,0.63,2026-07-16 19:00:00,2026-07-16 20:00:00
2006,PC Portable,0.047,246.7,4.2,4.23,2026-07-16 20:00:00,2026-07-16 21:00:00
2006,PC Portable,0.047,246.6,4.2,4.22,2026-07-16 21:00:00,2026-07-16 22:00:00
2001,TV Salle à manger,0.037,245.1,1.1,0.02,2026-07-16 22:00:00,2026-07-16 23:00:00
2006,PC Portable,0.047,244.9,4.2,4.22,2026-07-16 22:00:00,2026-07-16 23:00:00
2006,PC Portable,0.047,244.6,4.2,4.21,2026-07-16 23:00:00,2026-07-17 00:00:00
2007,Lampe Cuisine,0.038,243.8,5.4,1.78,2026-07-16 23:00:00,2026-07-17 00:00:00
2008,Lampe Chambre,0.037,245.0,5.3,1.68,2026-07-16 23:00:00,2026-07-17 00:00:00
2006,PC Portable,0.047,243.9,4.2,4.21,2026-07-17 00:00:00,2026-07-17 01:00:00
2007,Lampe Cuisine,0.038,243.3,5.4,3.39,2026-07-17 00:00:00,2026-07-17 01:00:00
2008,Lampe Chambre,0.037,244.6,5.3,3.28,2026-07-17 00:00:00,2026-07-17 01:00:00
2006,PC Portable,0.047,242.5,4.2,4.22,2026-07-17 01:00:00,2026-07-17 02:00:00
2001,TV Salle à manger,0.036,242.7,1.0,0.02,2026-07-17 02:00:00,2026-07-17 03:00:00
2002,Ecran,0.123,241.8,15.5,0.78,2026-07-17 02:00:00,2026-07-17 03:00:00
2006,PC Portable,0.053,241.8,5.7,5.71,2026-07-17 02:00:00,2026-07-17 03:00:00
2002,Ecran,0.167,241.1,21.7,21.7,2026-07-17 03:00:00,2026-07-17 04:00:00
2006,PC Portable,0.181,241.4,26.6,26.64,2026-07-17 03:00:00,2026-07-17 04:00:00
2001,TV Salle à manger,0.04,245.3,1.1,0.02,2026-07-17 04:00:00,2026-07-17 05:00:00
2002,Ecran,0.166,243.9,21.7,21.67,2026-07-17 04:00:00,2026-07-17 05:00:00
2006,PC Portable,0.188,244.2,31.5,31.51,2026-07-17 04:00:00,2026-07-17 05:00:00
2002,Ecran,0.166,243.9,21.6,21.64,2026-07-17 05:00:00,2026-07-17 06:00:00
2006,PC Portable,0.164,244.2,22.3,22.29,2026-07-17 05:00:00,2026-07-17 06:00:00
2002,Ecran,0.168,242.8,21.6,21.62,2026-07-17 06:00:00,2026-07-17 07:00:00
2004,Cafetiere,4.752,241.2,1068.9,53.44,2026-07-17 06:00:00,2026-07-17 07:00:00
2006,PC Portable,0.174,243.1,26.9,26.9,2026-07-17 06:00:00,2026-07-17 07:00:00
2002,Ecran,0.167,242.8,21.6,21.64,2026-07-17 07:00:00,2026-07-17 08:00:00
2006,PC Portable,0.18,243.0,28.9,28.94,2026-07-17 07:00:00,2026-07-17 08:00:00
2002,Ecran,0.167,241.9,21.6,21.63,2026-07-17 08:00:00,2026-07-17 09:00:00
2006,PC Portable,0.179,242.1,25.0,24.99,2026-07-17 08:00:00,2026-07-17 09:00:00
2002,Ecran,0.167,242.0,21.6,21.64,2026-07-17 09:00:00,2026-07-17 10:00:00
2006,PC Portable,0.178,242.2,23.8,23.77,2026-07-17 09:00:00,2026-07-17 10:00:00
2001,TV Salle à manger,0.037,242.1,1.0,0.02,2026-07-17 10:00:00,2026-07-17 11:00:00
2002,Ecran,0.168,242.6,21.6,21.64,2026-07-17 10:00:00,2026-07-17 11:00:00
2006,PC Portable,0.162,242.9,23.1,23.08,2026-07-17 10:00:00,2026-07-17 11:00:00
2002,Ecran,0.166,242.3,21.6,21.63,2026-07-17 11:00:00,2026-07-17 12:00:00
2003,Telephone / Tablette,0.023,242.8,2.4,0.36,2026-07-17 11:00:00,2026-07-17 12:00:00
2006,PC Portable,0.15,242.6,19.4,19.35,2026-07-17 11:00:00,2026-07-17 12:00:00
2002,Ecran,0.166,242.9,21.7,20.59,2026-07-17 12:00:00,2026-07-17 13:00:00
2003,Telephone / Tablette,0.02,242.6,2.0,1.98,2026-07-17 12:00:00,2026-07-17 13:00:00
2006,PC Portable,0.16,243.2,23.0,22.96,2026-07-17 12:00:00,2026-07-17 13:00:00
2002,Ecran,0.165,243.6,21.7,15.56,2026-07-17 13:00:00,2026-07-17 14:00:00
2003,Telephone / Tablette,0.02,243.1,2.0,1.98,2026-07-17 13:00:00,2026-07-17 14:00:00
2006,PC Portable,0.166,243.7,21.4,21.42,2026-07-17 13:00:00,2026-07-17 14:00:00
2002,Ecran,0.164,244.5,21.7,21.69,2026-07-17 14:00:00,2026-07-17 15:00:00
2003,Telephone / Tablette,0.019,244.2,2.0,2.0,2026-07-17 14:00:00,2026-07-17 15:00:00
2006,PC Portable,0.203,244.8,33.2,33.23,2026-07-17 14:00:00,2026-07-17 15:00:00
2002,Ecran,0.167,243.6,21.7,21.68,2026-07-17 15:00:00,2026-07-17 16:00:00
2003,Telephone / Tablette,0.018,243.4,1.9,1.55,2026-07-17 15:00:00,2026-07-17 16:00:00
2006,PC Portable,0.205,243.9,33.9,33.89,2026-07-17 15:00:00,2026-07-17 16:00:00
2007,Lampe Cuisine,0.037,242.6,5.3,2.31,2026-07-17 15:00:00,2026-07-17 16:00:00
2001,TV Salle à manger,0.035,244.7,1.1,0.02,2026-07-17 16:00:00,2026-07-17 17:00:00
2002,Ecran,0.144,244.0,18.4,3.37,2026-07-17 16:00:00,2026-07-17 17:00:00
2006,PC Portable,0.133,245.0,15.1,15.14,2026-07-17 16:00:00,2026-07-17 17:00:00
2007,Lampe Cuisine,0.037,244.2,5.4,5.36,2026-07-17 16:00:00,2026-07-17 17:00:00
2001,TV Salle à manger,0.48,245.6,106.6,5.33,2026-07-17 17:00:00,2026-07-17 18:00:00
2002,Ecran,0.165,245.3,21.7,21.7,2026-07-17 17:00:00,2026-07-17 18:00:00
2005,Lampe Salle à manger,0.078,244.7,10.9,10.55,2026-07-17 17:00:00,2026-07-17 18:00:00
2006,PC Portable,0.224,245.6,34.5,34.46,2026-07-17 17:00:00,2026-07-17 18:00:00
2007,Lampe Cuisine,0.037,244.8,5.4,4.75,2026-07-17 17:00:00,2026-07-17 18:00:00
2008,Lampe Chambre,0.037,245.9,5.4,0.18,2026-07-17 17:00:00,2026-07-17 18:00:00
2001,TV Salle à manger,0.701,246.3,160.1,160.13,2026-07-17 18:00:00,2026-07-17 19:00:00
2002,Ecran,0.168,246.1,21.7,21.73,2026-07-17 18:00:00,2026-07-17 19:00:00
2005,Lampe Salle à manger,0.076,245.3,10.7,10.66,2026-07-17 18:00:00,2026-07-17 19:00:00
2006,PC Portable,0.187,246.4,25.8,25.81,2026-07-17 18:00:00,2026-07-17 19:00:00
2001,TV Salle à manger,0.656,244.2,148.0,86.31,2026-07-17 19:00:00,2026-07-17 20:00:00
2002,Ecran,0.168,244.0,21.7,21.66,2026-07-17 19:00:00,2026-07-17 20:00:00
2005,Lampe Salle à manger,0.077,243.3,10.7,8.77,2026-07-17 19:00:00,2026-07-17 20:00:00
2006,PC Portable,0.18,244.3,24.3,24.31,2026-07-17 19:00:00,2026-07-17 20:00:00
2008,Lampe Chambre,0.037,244.8,5.3,5.04,2026-07-17 19:00:00,2026-07-17 20:00:00
2001,TV Salle à manger,0.034,245.1,1.1,0.04,2026-07-17 20:00:00,2026-07-17 21:00:00
2002,Ecran,0.167,244.6,21.6,21.62,2026-07-17 20:00:00,2026-07-17 21:00:00
2006,PC Portable,0.153,244.8,21.5,21.49,2026-07-17 20:00:00,2026-07-17 21:00:00
2008,Lampe Chambre,0.037,245.2,5.3,3.89,2026-07-17 20:00:00,2026-07-17 21:00:00
2002,Ecran,0.165,245.3,21.6,13.33,2026-07-17 21:00:00,2026-07-17 22:00:00
2006,PC Portable,0.143,245.6,18.8,18.83,2026-07-17 21:00:00,2026-07-17 22:00:00
2006,PC Portable,0.095,245.1,10.5,10.51,2026-07-17 22:00:00,2026-07-17 23:00:00
2006,PC Portable,0.102,244.4,11.2,11.2,2026-07-17 23:00:00,2026-07-18 00:00:00
2006,PC Portable,0.113,244.0,12.7,12.72,2026-07-18 00:00:00,2026-07-18 01:00:00
2006,PC Portable,0.085,243.9,9.0,9.02,2026-07-18 01:00:00,2026-07-18 02:00:00
2006,PC Portable,0.121,243.1,13.6,13.58,2026-07-18 02:00:00,2026-07-18 03:00:00
2001,TV Salle à manger,0.039,241.8,1.2,0.06,2026-07-18 03:00:00,2026-07-18 04:00:00
2002,Ecran,0.167,241.0,21.8,3.27,2026-07-18 03:00:00,2026-07-18 04:00:00
2004,Cafetiere,6.577,240.1,1579.5,26.32,2026-07-18 03:00:00,2026-07-18 04:00:00
2006,PC Portable,0.098,242.0,10.9,10.91,2026-07-18 03:00:00,2026-07-18 04:00:00
2002,Ecran,0.168,242.5,21.6,21.62,2026-07-18 04:00:00,2026-07-18 05:00:00
2003,Telephone / Tablette,0.017,242.3,1.7,0.92,2026-07-18 04:00:00,2026-07-18 05:00:00
2004,Cafetiere,1.603,241.8,130.0,15.17,2026-07-18 04:00:00,2026-07-18 05:00:00
2006,PC Portable,0.157,242.8,21.9,21.94,2026-07-18 04:00:00,2026-07-18 05:00:00
2002,Ecran,0.169,241.0,21.6,21.62,2026-07-18 05:00:00,2026-07-18 06:00:00
2003,Telephone / Tablette,0.016,240.7,1.5,1.0,2026-07-18 05:00:00,2026-07-18 06:00:00
2006,PC Portable,0.185,241.2,22.5,22.47,2026-07-18 05:00:00,2026-07-18 06:00:00
2001,TV Salle à manger,0.038,240.8,1.0,0.02,2026-07-18 06:00:00,2026-07-18 07:00:00
2002,Ecran,0.168,240.4,21.6,21.59,2026-07-18 06:00:00,2026-07-18 07:00:00
2006,PC Portable,0.162,240.7,22.1,22.09,2026-07-18 06:00:00,2026-07-18 07:00:00
2001,TV Salle à manger,0.041,243.7,1.2,0.02,2026-07-18 07:00:00,2026-07-18 08:00:00
2002,Ecran,0.167,242.3,21.6,21.63,2026-07-18 07:00:00,2026-07-18 08:00:00
2006,PC Portable,0.188,242.5,28.3,28.27,2026-07-18 07:00:00,2026-07-18 08:00:00
2001,TV Salle à manger,0.044,244.0,1.3,0.04,2026-07-18 08:00:00,2026-07-18 09:00:00
2002,Ecran,0.156,242.6,20.3,5.08,2026-07-18 08:00:00,2026-07-18 09:00:00
2006,PC Portable,0.101,243.3,11.2,11.24,2026-07-18 08:00:00,2026-07-18 09:00:00
2002,Ecran,0.165,242.9,21.4,20.72,2026-07-18 09:00:00,2026-07-18 10:00:00
2006,PC Portable,0.162,243.2,22.8,22.79,2026-07-18 09:00:00,2026-07-18 10:00:00
2002,Ecran,0.167,242.3,21.6,21.56,2026-07-18 10:00:00,2026-07-18 11:00:00
2004,Cafetiere,5.125,240.7,1041.7,34.72,2026-07-18 10:00:00,2026-07-18 11:00:00
2006,PC Portable,0.185,242.6,26.0,26.04,2026-07-18 10:00:00,2026-07-18 11:00:00
2002,Ecran,0.165,242.9,21.6,21.19,2026-07-18 11:00:00,2026-07-18 12:00:00
2006,PC Portable,0.189,243.2,29.5,29.5,2026-07-18 11:00:00,2026-07-18 12:00:00
2002,Ecran,0.166,242.4,21.6,0.36,2026-07-18 12:00:00,2026-07-18 13:00:00
2006,PC Portable,0.1,243.3,10.8,10.83,2026-07-18 12:00:00,2026-07-18 13:00:00
2001,TV Salle à manger,0.051,243.7,1.4,0.02,2026-07-18 13:00:00,2026-07-18 14:00:00
2006,PC Portable,0.116,243.8,13.0,13.01,2026-07-18 13:00:00,2026-07-18 14:00:00
2001,TV Salle à manger,0.708,245.0,161.1,2.69,2026-07-18 14:00:00,2026-07-18 15:00:00
2006,PC Portable,0.113,244.5,12.7,12.69,2026-07-18 14:00:00,2026-07-18 15:00:00
2001,TV Salle à manger,0.706,245.2,160.5,160.55,2026-07-18 15:00:00,2026-07-18 16:00:00
2006,PC Portable,0.09,245.3,9.8,9.77,2026-07-18 15:00:00,2026-07-18 16:00:00
2001,TV Salle à manger,0.703,246.3,160.4,160.37,2026-07-18 16:00:00,2026-07-18 17:00:00
2005,Lampe Salle à manger,0.082,245.4,11.5,4.4,2026-07-18 16:00:00,2026-07-18 17:00:00
2006,PC Portable,0.047,246.4,4.2,4.22,2026-07-18 16:00:00,2026-07-18 17:00:00
2007,Lampe Cuisine,0.037,245.6,5.4,1.97,2026-07-18 16:00:00,2026-07-18 17:00:00
2008,Lampe Chambre,0.037,246.9,5.4,1.97,2026-07-18 16:00:00,2026-07-18 17:00:00
2001,TV Salle à manger,0.709,244.1,160.4,160.45,2026-07-18 17:00:00,2026-07-18 18:00:00
2005,Lampe Salle à manger,0.078,243.1,10.8,10.85,2026-07-18 17:00:00,2026-07-18 18:00:00
2006,PC Portable,0.065,244.1,6.5,6.5,2026-07-18 17:00:00,2026-07-18 18:00:00
2007,Lampe Cuisine,0.037,243.3,5.3,4.61,2026-07-18 17:00:00,2026-07-18 18:00:00
2008,Lampe Chambre,0.037,244.3,5.3,1.95,2026-07-18 17:00:00,2026-07-18 18:00:00
2001,TV Salle à manger,0.71,243.8,160.5,29.43,2026-07-18 18:00:00,2026-07-18 19:00:00
2005,Lampe Salle à manger,0.078,242.9,11.0,2.38,2026-07-18 18:00:00,2026-07-18 19:00:00
2006,PC Portable,0.076,244.7,7.9,7.85,2026-07-18 18:00:00,2026-07-18 19:00:00
2006,PC Portable,0.047,245.2,4.2,4.19,2026-07-18 19:00:00,2026-07-18 20:00:00
2001,TV Salle à manger,0.043,245.7,1.3,0.02,2026-07-18 20:00:00,2026-07-18 21:00:00
2006,PC Portable,0.047,245.4,4.2,4.19,2026-07-18 20:00:00,2026-07-18 21:00:00
2006,PC Portable,0.047,245.9,4.2,4.2,2026-07-18 21:00:00,2026-07-18 22:00:00
2006,PC Portable,0.046,246.2,4.2,4.19,2026-07-18 22:00:00,2026-07-18 23:00:00
2006,PC Portable,0.046,246.2,4.2,4.2,2026-07-18 23:00:00,2026-07-19 00:00:00
2006,PC Portable,0.046,246.0,4.2,4.2,2026-07-19 00:00:00,2026-07-19 01:00:00
2001,TV Salle à manger,0.038,246.1,1.2,0.02,2026-07-19 01:00:00,2026-07-19 02:00:00
2006,PC Portable,0.046,245.6,4.2,4.19,2026-07-19 01:00:00,2026-07-19 02:00:00
2006,PC Portable,0.046,245.0,4.2,4.19,2026-07-19 02:00:00,2026-07-19 03:00:00
2006,PC Portable,0.079,243.9,8.4,8.38,2026-07-19 03:00:00,2026-07-19 04:00:00
2002,Ecran,0.031,242.5,1.8,0.03,2026-07-19 04:00:00,2026-07-19 05:00:00
2006,PC Portable,0.15,242.6,17.3,17.32,2026-07-19 04:00:00,2026-07-19 05:00:00
2001,TV Salle à manger,0.701,241.6,157.0,115.13,2026-07-19 05:00:00,2026-07-19 06:00:00
2006,PC Portable,0.047,241.5,4.2,4.2,2026-07-19 05:00:00,2026-07-19 06:00:00
2001,TV Salle à manger,0.719,241.9,161.4,83.41,2026-07-19 06:00:00,2026-07-19 07:00:00
2006,PC Portable,0.116,242.6,13.0,12.98,2026-07-19 06:00:00,2026-07-19 07:00:00
2006,PC Portable,0.047,242.9,4.2,4.2,2026-07-19 07:00:00,2026-07-19 08:00:00
2006,PC Portable,0.047,243.0,4.2,4.19,2026-07-19 08:00:00,2026-07-19 09:00:00
2006,PC Portable,0.047,243.0,4.2,4.21,2026-07-19 09:00:00,2026-07-19 10:00:00
2001,TV Salle à manger,0.043,242.7,1.2,0.04,2026-07-19 10:00:00,2026-07-19 11:00:00
2006,PC Portable,0.047,242.9,4.2,4.19,2026-07-19 10:00:00,2026-07-19 11:00:00
2006,PC Portable,0.047,242.5,4.2,4.19,2026-07-19 11:00:00,2026-07-19 12:00:00
2001,TV Salle à manger,0.034,242.4,1.1,0.02,2026-07-19 12:00:00,2026-07-19 13:00:00
2006,PC Portable,0.047,242.3,4.2,4.19,2026-07-19 12:00:00,2026-07-19 13:00:00
2006,PC Portable,0.047,243.8,4.2,4.19,2026-07-19 13:00:00,2026-07-19 14:00:00
2006,PC Portable,0.047,244.9,4.2,4.2,2026-07-19 14:00:00,2026-07-19 15:00:00
2007,Lampe Cuisine,0.037,244.7,5.3,1.15,2026-07-19 14:00:00,2026-07-19 15:00:00
2006,PC Portable,0.047,246.0,4.2,4.19,2026-07-19 15:00:00,2026-07-19 16:00:00
2007,Lampe Cuisine,0.037,244.5,5.4,1.34,2026-07-19 15:00:00,2026-07-19 16:00:00
2001,TV Salle à manger,0.706,245.4,160.6,82.98,2026-07-19 16:00:00,2026-07-19 17:00:00
2005,Lampe Salle à manger,0.077,244.5,10.9,9.47,2026-07-19 16:00:00,2026-07-19 17:00:00
2006,PC Portable,0.047,245.5,4.2,4.19,2026-07-19 16:00:00,2026-07-19 17:00:00
2007,Lampe Cuisine,0.037,244.6,5.4,4.29,2026-07-19 16:00:00,2026-07-19 17:00:00
2008,Lampe Chambre,0.036,245.9,5.3,3.46,2026-07-19 16:00:00,2026-07-19 17:00:00
2001,TV Salle à manger,0.688,245.2,156.2,93.71,2026-07-19 17:00:00,2026-07-19 18:00:00
2005,Lampe Salle à manger,0.075,244.1,10.6,6.35,2026-07-19 17:00:00,2026-07-19 18:00:00
2006,PC Portable,0.047,245.1,4.2,4.18,2026-07-19 17:00:00,2026-07-19 18:00:00
2008,Lampe Chambre,0.036,245.6,5.3,3.11,2026-07-19 17:00:00,2026-07-19 18:00:00
2001,TV Salle à manger,0.707,245.2,160.9,93.83,2026-07-19 18:00:00,2026-07-19 19:00:00
2006,PC Portable,0.047,245.2,4.2,4.18,2026-07-19 18:00:00,2026-07-19 19:00:00
2006,PC Portable,0.047,245.5,4.2,4.19,2026-07-19 19:00:00,2026-07-19 20:00:00
2001,TV Salle à manger,0.036,245.8,1.0,0.02,2026-07-19 20:00:00,2026-07-19 21:00:00
2006,PC Portable,0.046,245.7,4.2,4.19,2026-07-19 20:00:00,2026-07-19 21:00:00
2006,PC Portable,0.046,245.8,4.2,4.18,2026-07-19 21:00:00,2026-07-19 22:00:00
2001,TV Salle à manger,0.048,245.6,1.4,0.05,2026-07-19 22:00:00,2026-07-19 23:00:00
2005,Lampe Salle à manger,0.083,244.5,11.4,3.42,2026-07-19 22:00:00,2026-07-19 23:00:00
2006,PC Portable,0.046,245.5,4.2,4.19,2026-07-19 22:00:00,2026-07-19 23:00:00
2007,Lampe Cuisine,0.038,244.5,5.4,2.06,2026-07-19 22:00:00,2026-07-19 23:00:00
2005,Lampe Salle à manger,0.079,244.3,10.7,3.21,2026-07-19 23:00:00,2026-07-20 00:00:00
2006,PC Portable,0.046,244.9,4.2,4.19,2026-07-19 23:00:00,2026-07-20 00:00:00
2007,Lampe Cuisine,0.038,244.4,5.4,1.61,2026-07-19 23:00:00,2026-07-20 00:00:00
2001,TV Salle à manger,0.052,244.3,1.5,0.03,2026-07-20 00:00:00,2026-07-20 01:00:00
2002,Ecran,0.03,243.0,1.8,0.03,2026-07-20 00:00:00,2026-07-20 01:00:00
2006,PC Portable,0.051,244.0,4.8,4.83,2026-07-20 00:00:00,2026-07-20 01:00:00
2001,TV Salle à manger,0.035,241.6,1.1,0.02,2026-07-20 01:00:00,2026-07-20 02:00:00
2006,PC Portable,0.104,242.1,11.8,11.76,2026-07-20 01:00:00,2026-07-20 02:00:00
2006,PC Portable,0.046,241.7,4.2,4.19,2026-07-20 02:00:00,2026-07-20 03:00:00
2006,PC Portable,0.047,241.6,4.2,4.18,2026-07-20 03:00:00,2026-07-20 04:00:00
2006,PC Portable,0.047,240.9,4.2,4.21,2026-07-20 04:00:00,2026-07-20 05:00:00
2006,PC Portable,0.047,242.5,4.2,4.19,2026-07-20 05:00:00,2026-07-20 06:00:00
2001,TV Salle à manger,0.046,244.9,1.4,0.04,2026-07-20 06:00:00,2026-07-20 07:00:00
2006,PC Portable,0.047,244.1,4.2,4.19,2026-07-20 06:00:00,2026-07-20 07:00:00
2006,PC Portable,0.047,243.4,4.2,4.18,2026-07-20 07:00:00,2026-07-20 08:00:00
2006,PC Portable,0.047,244.4,4.2,4.18,2026-07-20 08:00:00,2026-07-20 09:00:00
2006,PC Portable,0.047,244.4,4.2,4.17,2026-07-20 09:00:00,2026-07-20 10:00:00
2001,TV Salle à manger,0.045,245.4,1.3,0.02,2026-07-20 10:00:00,2026-07-20 11:00:00
2006,PC Portable,0.047,244.5,4.2,4.19,2026-07-20 10:00:00,2026-07-20 11:00:00
2001,TV Salle à manger,0.715,244.5,162.1,62.15,2026-07-20 11:00:00,2026-07-20 12:00:00
2006,PC Portable,0.104,244.2,11.7,11.69,2026-07-20 11:00:00,2026-07-20 12:00:00
2001,TV Salle à manger,0.708,244.3,160.3,120.24,2026-07-20 12:00:00,2026-07-20 13:00:00
2006,PC Portable,0.081,244.1,8.7,8.69,2026-07-20 12:00:00,2026-07-20 13:00:00
2001,TV Salle à manger,0.051,245.3,1.5,0.03,2026-07-20 13:00:00,2026-07-20 14:00:00
2002,Ecran,0.16,244.7,21.2,8.82,2026-07-20 13:00:00,2026-07-20 14:00:00
2006,PC Portable,0.115,244.8,15.7,15.68,2026-07-20 13:00:00,2026-07-20 14:00:00
2002,Ecran,0.16,244.8,20.8,20.07,2026-07-20 14:00:00,2026-07-20 15:00:00
2005,Lampe Salle à manger,0.096,243.6,13.6,0.23,2026-07-20 14:00:00,2026-07-20 15:00:00
2006,PC Portable,0.152,245.2,18.6,18.63,2026-07-20 14:00:00,2026-07-20 15:00:00
2001,TV Salle à manger,0.708,244.9,160.9,29.5,2026-07-20 15:00:00,2026-07-20 16:00:00
2002,Ecran,0.166,244.0,21.6,21.63,2026-07-20 15:00:00,2026-07-20 16:00:00
2003,Telephone / Tablette,0.026,243.9,2.9,1.88,2026-07-20 15:00:00,2026-07-20 16:00:00
2005,Lampe Salle à manger,0.077,243.3,10.9,10.86,2026-07-20 15:00:00,2026-07-20 16:00:00
2006,PC Portable,0.142,244.2,16.7,16.72,2026-07-20 15:00:00,2026-07-20 16:00:00
2008,Lampe Chambre,0.036,244.9,5.3,0.97,2026-07-20 15:00:00,2026-07-20 16:00:00
2001,TV Salle à manger,0.71,244.7,161.2,42.98,2026-07-20 16:00:00,2026-07-20 17:00:00
2002,Ecran,0.162,244.9,21.1,12.34,2026-07-20 16:00:00,2026-07-20 17:00:00
2003,Telephone / Tablette,0.021,244.5,2.2,2.2,2026-07-20 16:00:00,2026-07-20 17:00:00
2005,Lampe Salle à manger,0.076,244.2,10.7,10.67,2026-07-20 16:00:00,2026-07-20 17:00:00
2006,PC Portable,0.136,245.1,16.9,16.93,2026-07-20 16:00:00,2026-07-20 17:00:00
2007,Lampe Cuisine,0.036,244.1,5.3,0.09,2026-07-20 16:00:00,2026-07-20 17:00:00
2001,TV Salle à manger,0.037,246.2,1.1,0.04,2026-07-20 17:00:00,2026-07-20 18:00:00
2002,Ecran,0.163,245.5,21.2,3.18,2026-07-20 17:00:00,2026-07-20 18:00:00
2003,Telephone / Tablette,0.017,245.3,1.8,1.77,2026-07-20 17:00:00,2026-07-20 18:00:00
2005,Lampe Salle à manger,0.075,245.0,10.7,1.42,2026-07-20 17:00:00,2026-07-20 18:00:00
2006,PC Portable,0.109,245.9,12.0,12.03,2026-07-20 17:00:00,2026-07-20 18:00:00
2003,Telephone / Tablette,0.017,244.7,1.8,1.76,2026-07-20 18:00:00,2026-07-20 19:00:00
2006,PC Portable,0.115,245.2,12.9,12.94,2026-07-20 18:00:00,2026-07-20 19:00:00
2003,Telephone / Tablette,0.017,244.2,1.8,1.77,2026-07-20 19:00:00,2026-07-20 20:00:00
2006,PC Portable,0.084,244.8,9.2,9.16,2026-07-20 19:00:00,2026-07-20 20:00:00
2003,Telephone / Tablette,0.017,244.5,1.8,1.77,2026-07-20 20:00:00,2026-07-20 21:00:00
2006,PC Portable,0.126,245.1,14.5,14.46,2026-07-20 20:00:00,2026-07-20 21:00:00
2003,Telephone / Tablette,0.017,244.8,1.8,1.77,2026-07-20 21:00:00,2026-07-20 22:00:00
2006,PC Portable,0.08,245.4,8.6,8.63,2026-07-20 21:00:00,2026-07-20 22:00:00
2001,TV Salle à manger,0.05,244.8,1.4,0.02,2026-07-20 22:00:00,2026-07-20 23:00:00
2003,Telephone / Tablette,0.017,244.6,1.8,0.27,2026-07-20 22:00:00,2026-07-20 23:00:00
2005,Lampe Salle à manger,0.083,243.9,11.2,5.05,2026-07-20 22:00:00,2026-07-20 23:00:00
2006,PC Portable,0.119,244.8,13.7,13.66,2026-07-20 22:00:00,2026-07-20 23:00:00
2007,Lampe Cuisine,0.038,244.0,5.2,3.32,2026-07-20 22:00:00,2026-07-20 23:00:00
2006,PC Portable,0.098,243.6,10.9,10.91,2026-07-20 23:00:00,2026-07-21 00:00:00
2001,TV Salle à manger,0.048,243.9,1.4,0.02,2026-07-21 00:00:00,2026-07-21 01:00:00
2006,PC Portable,0.097,243.4,10.7,10.73,2026-07-21 00:00:00,2026-07-21 01:00:00
2001,TV Salle à manger,0.05,242.4,1.4,0.02,2026-07-21 01:00:00,2026-07-21 02:00:00
2006,PC Portable,0.117,242.1,13.2,13.16,2026-07-21 01:00:00,2026-07-21 02:00:00
2002,Ecran,0.166,241.9,21.3,21.35,2026-07-21 02:00:00,2026-07-21 03:00:00
2004,Cafetiere,5.293,240.6,1068.2,35.61,2026-07-21 02:00:00,2026-07-21 03:00:00
2006,PC Portable,0.156,242.1,19.2,19.22,2026-07-21 02:00:00,2026-07-21 03:00:00
2002,Ecran,0.169,241.4,21.7,21.65,2026-07-21 03:00:00,2026-07-21 04:00:00
2006,PC Portable,0.163,241.7,21.2,21.18,2026-07-21 03:00:00,2026-07-21 04:00:00
2002,Ecran,0.17,240.3,21.6,21.6,2026-07-21 04:00:00,2026-07-21 05:00:00
2006,PC Portable,0.153,240.6,18.9,18.89,2026-07-21 04:00:00,2026-07-21 05:00:00
2002,Ecran,0.17,240.4,21.6,9.36,2026-07-21 05:00:00,2026-07-21 06:00:00
2006,PC Portable,0.116,240.8,13.3,13.27,2026-07-21 05:00:00,2026-07-21 06:00:00
2002,Ecran,0.169,240.0,21.6,21.65,2026-07-21 06:00:00,2026-07-21 07:00:00
2006,PC Portable,0.172,240.3,24.7,24.69,2026-07-21 06:00:00,2026-07-21 07:00:00
2001,TV Salle à manger,0.044,240.3,1.2,0.04,2026-07-21 07:00:00,2026-07-21 08:00:00
2002,Ecran,0.163,241.8,21.1,11.97,2026-07-21 07:00:00,2026-07-21 08:00:00
2006,PC Portable,0.147,242.7,19.5,19.51,2026-07-21 07:00:00,2026-07-21 08:00:00
2002,Ecran,0.168,243.0,21.6,21.65,2026-07-21 08:00:00,2026-07-21 09:00:00
2006,PC Portable,0.225,243.3,39.9,39.86,2026-07-21 08:00:00,2026-07-21 09:00:00
2002,Ecran,0.167,243.4,21.7,21.67,2026-07-21 09:00:00,2026-07-21 10:00:00
2006,PC Portable,0.211,243.7,35.9,35.94,2026-07-21 09:00:00,2026-07-21 10:00:00
2002,Ecran,0.167,242.8,21.6,21.63,2026-07-21 10:00:00,2026-07-21 11:00:00
2006,PC Portable,0.181,243.1,34.8,34.81,2026-07-21 10:00:00,2026-07-21 11:00:00
2001,TV Salle à manger,0.04,242.4,1.3,0.02,2026-07-21 11:00:00,2026-07-21 12:00:00
2002,Ecran,0.164,242.0,21.4,19.96,2026-07-21 11:00:00,2026-07-21 12:00:00
2006,PC Portable,0.161,242.4,20.0,20.05,2026-07-21 11:00:00,2026-07-21 12:00:00
2002,Ecran,0.165,242.9,21.6,20.2,2026-07-21 12:00:00,2026-07-21 13:00:00
2006,PC Portable,0.154,243.3,21.0,21.0,2026-07-21 12:00:00,2026-07-21 13:00:00
2002,Ecran,0.164,244.3,21.6,21.65,2026-07-21 13:00:00,2026-07-21 14:00:00
2006,PC Portable,0.161,244.6,22.5,22.47,2026-07-21 13:00:00,2026-07-21 14:00:00
2002,Ecran,0.163,245.6,21.7,9.03,2026-07-21 14:00:00,2026-07-21 15:00:00
2006,PC Portable,0.134,244.9,17.2,17.15,2026-07-21 14:00:00,2026-07-21 15:00:00
2001,TV Salle à manger,0.718,243.7,162.6,2.71,2026-07-21 15:00:00,2026-07-21 16:00:00
2005,Lampe Salle à manger,0.083,242.1,11.6,3.47,2026-07-21 15:00:00,2026-07-21 16:00:00
2006,PC Portable,0.098,243.2,10.7,10.69,2026-07-21 15:00:00,2026-07-21 16:00:00
2007,Lampe Cuisine,0.037,242.3,5.3,1.23,2026-07-21 15:00:00,2026-07-21 16:00:00
2008,Lampe Chambre,0.037,243.6,5.3,1.23,2026-07-21 15:00:00,2026-07-21 16:00:00
2001,TV Salle à manger,0.708,244.7,160.6,123.11,2026-07-21 16:00:00,2026-07-21 17:00:00
2005,Lampe Salle à manger,0.078,243.7,10.9,8.52,2026-07-21 16:00:00,2026-07-21 17:00:00
2006,PC Portable,0.101,244.9,11.1,11.07,2026-07-21 16:00:00,2026-07-21 17:00:00
2007,Lampe Cuisine,0.037,243.9,5.3,4.08,2026-07-21 16:00:00,2026-07-21 17:00:00
2008,Lampe Chambre,0.037,245.3,5.3,4.68,2026-07-21 16:00:00,2026-07-21 17:00:00
2006,PC Portable,0.109,245.9,12.3,12.31,2026-07-21 17:00:00,2026-07-21 18:00:00
2006,PC Portable,0.085,246.2,9.2,9.22,2026-07-21 18:00:00,2026-07-21 19:00:00
2001,TV Salle à manger,0.05,246.6,1.4,0.02,2026-07-21 19:00:00,2026-07-21 20:00:00
2006,PC Portable,0.119,246.4,13.6,13.63,2026-07-21 19:00:00,2026-07-21 20:00:00
2001,TV Salle à manger,0.034,245.9,1.1,0.02,2026-07-21 20:00:00,2026-07-21 21:00:00
2006,PC Portable,0.076,245.5,8.0,8.03,2026-07-21 20:00:00,2026-07-21 21:00:00
2006,PC Portable,0.118,245.5,13.6,13.63,2026-07-21 21:00:00,2026-07-21 22:00:00
2007,Lampe Cuisine,0.038,244.7,5.3,0.44,2026-07-21 21:00:00,2026-07-21 22:00:00
2006,PC Portable,0.08,244.5,8.5,8.52,2026-07-21 22:00:00,2026-07-21 23:00:00
2007,Lampe Cuisine,0.038,244.2,5.3,0.89,2026-07-21 22:00:00,2026-07-21 23:00:00
2001,TV Salle à manger,0.038,245.7,1.0,0.02,2026-07-21 23:00:00,2026-07-22 00:00:00
2006,PC Portable,0.118,245.3,13.4,13.39,2026-07-21 23:00:00,2026-07-22 00:00:00
2001,TV Salle à manger,0.031,245.0,1.0,0.02,2026-07-22 00:00:00,2026-07-22 01:00:00
2006,PC Portable,0.094,244.3,10.4,10.42,2026-07-22 00:00:00,2026-07-22 01:00:00
2002,Ecran,0.169,241.3,21.9,4.01,2026-07-22 01:00:00,2026-07-22 02:00:00
2006,PC Portable,0.102,242.1,11.3,11.27,2026-07-22 01:00:00,2026-07-22 02:00:00
2002,Ecran,0.167,242.1,21.7,21.66,2026-07-22 02:00:00,2026-07-22 03:00:00
2006,PC Portable,0.174,242.4,23.3,23.31,2026-07-22 02:00:00,2026-07-22 03:00:00
2001,TV Salle à manger,0.045,241.4,1.3,0.02,2026-07-22 03:00:00,2026-07-22 04:00:00
2002,Ecran,0.167,241.2,21.6,21.61,2026-07-22 03:00:00,2026-07-22 04:00:00
2006,PC Portable,0.154,241.5,20.6,20.59,2026-07-22 03:00:00,2026-07-22 04:00:00
2001,TV Salle à manger,0.04,241.2,1.1,0.02,2026-07-22 04:00:00,2026-07-22 05:00:00
2002,Ecran,0.168,240.3,21.6,21.62,2026-07-22 04:00:00,2026-07-22 05:00:00
2006,PC Portable,0.144,240.6,18.2,18.23,2026-07-22 04:00:00,2026-07-22 05:00:00
2002,Ecran,0.166,240.3,21.3,20.27,2026-07-22 05:00:00,2026-07-22 06:00:00
2006,PC Portable,0.151,240.5,19.3,19.26,2026-07-22 05:00:00,2026-07-22 06:00:00
2001,TV Salle à manger,0.052,240.2,1.4,0.02,2026-07-22 06:00:00,2026-07-22 07:00:00
2006,PC Portable,0.122,240.6,13.5,13.52,2026-07-22 06:00:00,2026-07-22 07:00:00
2001,TV Salle à manger,0.033,241.3,1.3,0.06,2026-07-22 07:00:00,2026-07-22 08:00:00
2002,Ecran,0.17,240.8,21.7,16.99,2026-07-22 07:00:00,2026-07-22 08:00:00
2004,Cafetiere,5.123,239.5,977.7,32.59,2026-07-22 07:00:00,2026-07-22 08:00:00
2006,PC Portable,0.17,241.1,30.8,30.83,2026-07-22 07:00:00,2026-07-22 08:00:00
2002,Ecran,0.169,241.3,21.6,21.64,2026-07-22 08:00:00,2026-07-22 09:00:00
2006,PC Portable,0.202,241.6,37.3,37.26,2026-07-22 08:00:00,2026-07-22 09:00:00
2002,Ecran,0.168,240.9,21.6,21.25,2026-07-22 09:00:00,2026-07-22 10:00:00
2006,PC Portable,0.149,241.2,20.9,20.94,2026-07-22 09:00:00,2026-07-22 10:00:00
2002,Ecran,0.168,240.7,21.6,21.64,2026-07-22 10:00:00,2026-07-22 11:00:00
2006,PC Portable,0.194,241.0,31.6,31.56,2026-07-22 10:00:00,2026-07-22 11:00:00
2001,TV Salle à manger,0.038,242.1,1.0,0.02,2026-07-22 11:00:00,2026-07-22 12:00:00
2002,Ecran,0.159,241.5,20.8,7.62,2026-07-22 11:00:00,2026-07-22 12:00:00
2006,PC Portable,0.193,241.5,23.6,23.57,2026-07-22 11:00:00,2026-07-22 12:00:00
2002,Ecran,0.166,242.4,21.7,21.67,2026-07-22 12:00:00,2026-07-22 13:00:00
2006,PC Portable,0.188,242.7,30.0,29.97,2026-07-22 12:00:00,2026-07-22 13:00:00
2001,TV Salle à manger,0.051,243.8,1.4,0.02,2026-07-22 13:00:00,2026-07-22 14:00:00
2002,Ecran,0.165,243.2,21.6,21.65,2026-07-22 13:00:00,2026-07-22 14:00:00
2006,PC Portable,0.181,243.5,24.4,24.43,2026-07-22 13:00:00,2026-07-22 14:00:00
2002,Ecran,0.168,243.8,21.6,20.91,2026-07-22 14:00:00,2026-07-22 15:00:00
2005,Lampe Salle à manger,0.084,242.8,11.8,3.74,2026-07-22 14:00:00,2026-07-22 15:00:00
2006,PC Portable,0.154,244.1,21.0,20.99,2026-07-22 14:00:00,2026-07-22 15:00:00
2007,Lampe Cuisine,0.037,243.1,5.3,3.01,2026-07-22 14:00:00,2026-07-22 15:00:00
2002,Ecran,0.167,243.0,21.6,16.22,2026-07-22 15:00:00,2026-07-22 16:00:00
2005,Lampe Salle à manger,0.079,242.6,11.0,9.74,2026-07-22 15:00:00,2026-07-22 16:00:00
2006,PC Portable,0.157,243.6,18.6,18.59,2026-07-22 15:00:00,2026-07-22 16:00:00
2007,Lampe Cuisine,0.037,242.7,5.3,4.68,2026-07-22 15:00:00,2026-07-22 16:00:00
2006,PC Portable,0.089,245.2,9.5,9.48,2026-07-22 16:00:00,2026-07-22 17:00:00
2001,TV Salle à manger,0.034,246.6,1.1,0.02,2026-07-22 17:00:00,2026-07-22 18:00:00
2006,PC Portable,0.125,246.1,14.2,14.17,2026-07-22 17:00:00,2026-07-22 18:00:00
2006,PC Portable,0.106,245.7,11.9,11.89,2026-07-22 18:00:00,2026-07-22 19:00:00
2006,PC Portable,0.093,245.7,10.2,10.2,2026-07-22 19:00:00,2026-07-22 20:00:00
2006,PC Portable,0.122,245.8,14.1,14.11,2026-07-22 20:00:00,2026-07-22 21:00:00
2005,Lampe Salle à manger,0.085,244.3,11.5,3.27,2026-07-22 21:00:00,2026-07-22 22:00:00
2006,PC Portable,0.096,245.2,10.7,10.66,2026-07-22 21:00:00,2026-07-22 22:00:00
2007,Lampe Cuisine,0.038,244.4,5.4,1.78,2026-07-22 21:00:00,2026-07-22 22:00:00
2006,PC Portable,0.104,244.7,11.5,11.51,2026-07-22 22:00:00,2026-07-22 23:00:00
2001,TV Salle à manger,0.037,243.8,1.0,0.02,2026-07-22 23:00:00,2026-07-23 00:00:00
2006,PC Portable,0.104,244.3,11.7,11.65,2026-07-22 23:00:00,2026-07-23 00:00:00
2006,PC Portable,0.049,242.2,4.4,4.42,2026-07-23 00:00:00,2026-07-23 01:00:00
2006,PC Portable,0.047,242.5,4.2,4.18,2026-07-23 01:00:00,2026-07-23 02:00:00
2006,PC Portable,0.046,243.9,4.2,4.17,2026-07-23 02:00:00,2026-07-23 03:00:00
2001,TV Salle à manger,0.039,243.9,1.1,0.04,2026-07-23 03:00:00,2026-07-23 04:00:00
2006,PC Portable,0.047,244.1,4.2,4.17,2026-07-23 03:00:00,2026-07-23 04:00:00
2006,PC Portable,0.047,243.8,4.2,4.17,2026-07-23 04:00:00,2026-07-23 05:00:00
2001,TV Salle à manger,0.036,242.8,1.1,0.02,2026-07-23 05:00:00,2026-07-23 06:00:00
2006,PC Portable,0.047,243.3,4.2,4.15,2026-07-23 05:00:00,2026-07-23 06:00:00
2006,PC Portable,0.049,243.2,4.5,4.46,2026-07-23 06:00:00,2026-07-23 07:00:00
2006,PC Portable,0.135,242.9,15.4,15.42,2026-07-23 07:00:00,2026-07-23 08:00:00
2006,PC Portable,0.047,242.9,4.2,4.15,2026-07-23 08:00:00,2026-07-23 09:00:00
2006,PC Portable,0.047,242.9,4.2,4.15,2026-07-23 09:00:00,2026-07-23 10:00:00
2001,TV Salle à manger,0.683,243.9,154.1,59.09,2026-07-23 10:00:00,2026-07-23 11:00:00
2006,PC Portable,0.111,243.6,12.4,12.42,2026-07-23 10:00:00,2026-07-23 11:00:00
2001,TV Salle à manger,0.714,244.7,162.0,162.03,2026-07-23 11:00:00,2026-07-23 12:00:00
2006,PC Portable,0.063,244.8,6.2,6.23,2026-07-23 11:00:00,2026-07-23 12:00:00
2001,TV Salle à manger,0.705,245.4,160.3,160.3,2026-07-23 12:00:00,2026-07-23 13:00:00
2006,PC Portable,0.046,245.4,4.2,4.17,2026-07-23 12:00:00,2026-07-23 13:00:00
2001,TV Salle à manger,0.705,245.4,160.3,160.33,2026-07-23 13:00:00,2026-07-23 14:00:00
2006,PC Portable,0.046,245.5,4.2,4.15,2026-07-23 13:00:00,2026-07-23 14:00:00
2001,TV Salle à manger,0.705,245.7,160.4,106.93,2026-07-23 14:00:00,2026-07-23 15:00:00
2006,PC Portable,0.046,245.9,4.2,4.15,2026-07-23 14:00:00,2026-07-23 15:00:00
2006,PC Portable,0.047,245.6,4.2,4.15,2026-07-23 15:00:00,2026-07-23 16:00:00
2006,PC Portable,0.046,245.3,4.2,4.16,2026-07-23 16:00:00,2026-07-23 17:00:00
2006,PC Portable,0.046,245.0,4.2,4.17,2026-07-23 17:00:00,2026-07-23 18:00:00
2001,TV Salle à manger,0.039,245.0,1.2,0.02,2026-07-23 18:00:00,2026-07-23 19:00:00
2006,PC Portable,0.046,244.8,4.1,4.14,2026-07-23 18:00:00,2026-07-23 19:00:00
2001,TV Salle à manger,0.038,245.0,1.0,0.02,2026-07-23 19:00:00,2026-07-23 20:00:00
2006,PC Portable,0.046,245.2,4.2,4.17,2026-07-23 19:00:00,2026-07-23 20:00:00
2005,Lampe Salle à manger,0.087,243.4,11.6,3.1,2026-07-23 20:00:00,2026-07-23 21:00:00
2006,PC Portable,0.046,244.9,4.2,4.15,2026-07-23 20:00:00,2026-07-23 21:00:00
2007,Lampe Cuisine,0.038,243.5,5.3,1.59,2026-07-23 20:00:00,2026-07-23 21:00:00
2005,Lampe Salle à manger,0.08,243.7,10.8,0.54,2026-07-23 21:00:00,2026-07-23 22:00:00
2006,PC Portable,0.046,244.0,4.2,4.17,2026-07-23 21:00:00,2026-07-23 22:00:00
2007,Lampe Cuisine,0.039,243.6,5.3,0.62,2026-07-23 21:00:00,2026-07-23 22:00:00
2001,TV Salle à manger,0.039,243.7,1.1,0.02,2026-07-23 22:00:00,2026-07-23 23:00:00
2006,PC Portable,0.046,243.4,4.2,4.17,2026-07-23 22:00:00,2026-07-23 23:00:00
2006,PC Portable,0.046,242.5,4.2,4.15,2026-07-23 23:00:00,2026-07-24 00:00:00
2002,Ecran,0.164,241.0,20.9,14.95,2026-07-24 00:00:00,2026-07-24 01:00:00
2006,PC Portable,0.197,241.4,31.1,30.54,2026-07-24 00:00:00,2026-07-24 01:00:00
2002,Ecran,0.17,241.2,21.6,21.64,2026-07-24 01:00:00,2026-07-24 02:00:00
2006,PC Portable,0.241,241.5,37.4,37.4,2026-07-24 01:00:00,2026-07-24 02:00:00
2002,Ecran,0.169,240.3,21.6,21.64,2026-07-24 02:00:00,2026-07-24 03:00:00
2004,Cafetiere,1.851,239.8,241.3,32.18,2026-07-24 02:00:00,2026-07-24 03:00:00
2006,PC Portable,0.192,240.7,26.8,26.84,2026-07-24 02:00:00,2026-07-24 03:00:00
2001,TV Salle à manger,0.044,243.4,1.2,0.04,2026-07-24 03:00:00,2026-07-24 04:00:00
2002,Ecran,0.166,242.9,21.6,21.62,2026-07-24 03:00:00,2026-07-24 04:00:00
2004,Cafetiere,3.885,242.4,547.1,9.12,2026-07-24 03:00:00,2026-07-24 04:00:00
2006,PC Portable,0.157,243.2,21.6,21.55,2026-07-24 03:00:00,2026-07-24 04:00:00
2002,Ecran,0.166,242.0,21.6,21.58,2026-07-24 04:00:00,2026-07-24 05:00:00
2006,PC Portable,0.153,242.3,19.7,19.71,2026-07-24 04:00:00,2026-07-24 05:00:00
2002,Ecran,0.167,242.1,21.6,21.62,2026-07-24 05:00:00,2026-07-24 06:00:00
2006,PC Portable,0.175,242.4,27.8,27.84,2026-07-24 05:00:00,2026-07-24 06:00:00
2001,TV Salle à manger,0.05,242.3,1.4,0.02,2026-07-24 06:00:00,2026-07-24 07:00:00
2002,Ecran,0.166,241.9,21.6,15.48,2026-07-24 06:00:00,2026-07-24 07:00:00
2006,PC Portable,0.171,242.2,24.7,24.66,2026-07-24 06:00:00,2026-07-24 07:00:00
2001,TV Salle à manger,0.039,242.7,1.2,0.02,2026-07-24 07:00:00,2026-07-24 08:00:00
2006,PC Portable,0.091,242.4,9.7,9.66,2026-07-24 07:00:00,2026-07-24 08:00:00
2006,PC Portable,0.123,242.4,13.8,13.75,2026-07-24 08:00:00,2026-07-24 09:00:00
2001,TV Salle à manger,0.707,243.2,159.4,132.82,2026-07-24 09:00:00,2026-07-24 10:00:00
2006,PC Portable,0.095,243.2,10.3,10.28,2026-07-24 09:00:00,2026-07-24 10:00:00
2001,TV Salle à manger,0.708,244.6,160.5,160.52,2026-07-24 10:00:00,2026-07-24 11:00:00
2006,PC Portable,0.104,244.7,11.5,11.49,2026-07-24 10:00:00,2026-07-24 11:00:00
2001,TV Salle à manger,0.707,245.0,160.5,160.47,2026-07-24 11:00:00,2026-07-24 12:00:00
2006,PC Portable,0.109,245.0,12.3,12.27,2026-07-24 11:00:00,2026-07-24 12:00:00
2001,TV Salle à manger,0.709,244.6,160.7,160.69,2026-07-24 12:00:00,2026-07-24 13:00:00
2002,Ecran,0.166,244.8,21.9,0.73,2026-07-24 12:00:00,2026-07-24 13:00:00
2006,PC Portable,0.092,244.7,10.0,9.97,2026-07-24 12:00:00,2026-07-24 13:00:00
2001,TV Salle à manger,0.705,245.9,160.7,160.68,2026-07-24 13:00:00,2026-07-24 14:00:00
2002,Ecran,0.163,245.6,21.7,21.66,2026-07-24 13:00:00,2026-07-24 14:00:00
2005,Lampe Salle à manger,0.079,245.1,11.0,8.08,2026-07-24 13:00:00,2026-07-24 14:00:00
2006,PC Portable,0.165,245.9,21.1,21.15,2026-07-24 13:00:00,2026-07-24 14:00:00
2007,Lampe Cuisine,0.037,245.4,5.4,3.88,2026-07-24 13:00:00,2026-07-24 14:00:00
2001,TV Salle à manger,0.703,246.2,160.4,136.35,2026-07-24 14:00:00,2026-07-24 15:00:00
2002,Ecran,0.162,245.9,21.7,14.1,2026-07-24 14:00:00,2026-07-24 15:00:00
2005,Lampe Salle à manger,0.077,245.3,10.7,9.59,2026-07-24 14:00:00,2026-07-24 15:00:00
2006,PC Portable,0.142,246.4,19.0,19.04,2026-07-24 14:00:00,2026-07-24 15:00:00
2007,Lampe Cuisine,0.038,245.5,5.4,4.69,2026-07-24 14:00:00,2026-07-24 15:00:00
2001,TV Salle à manger,0.041,245.3,1.3,0.02,2026-07-24 15:00:00,2026-07-24 16:00:00
2006,PC Portable,0.105,245.3,11.7,11.67,2026-07-24 15:00:00,2026-07-24 16:00:00
2006,PC Portable,0.096,244.4,10.4,10.39,2026-07-24 16:00:00,2026-07-24 17:00:00
2007,Lampe Cuisine,0.038,243.3,5.3,0.8,2026-07-24 16:00:00,2026-07-24 17:00:00
2006,PC Portable,0.112,244.9,12.5,12.5,2026-07-24 17:00:00,2026-07-24 18:00:00
2001,TV Salle à manger,0.037,245.2,1.0,0.02,2026-07-24 18:00:00,2026-07-24 19:00:00
2006,PC Portable,0.084,245.4,9.1,9.07,2026-07-24 18:00:00,2026-07-24 19:00:00
2006,PC Portable,0.122,245.1,13.7,13.71,2026-07-24 19:00:00,2026-07-24 20:00:00
2006,PC Portable,0.079,245.0,8.4,8.4,2026-07-24 20:00:00,2026-07-24 21:00:00
2001,TV Salle à manger,0.039,244.4,1.2,0.02,2026-07-24 21:00:00,2026-07-24 22:00:00
2006,PC Portable,0.122,244.7,13.7,13.66,2026-07-24 21:00:00,2026-07-24 22:00:00
2006,PC Portable,0.076,244.7,8.0,8.01,2026-07-24 22:00:00,2026-07-24 23:00:00
2001,TV Salle à manger,0.032,243.7,1.1,0.02,2026-07-24 23:00:00,2026-07-25 00:00:00
2006,PC Portable,0.123,244.3,14.0,13.95,2026-07-24 23:00:00,2026-07-25 00:00:00
2006,PC Portable,0.122,243.5,13.9,13.94,2026-07-25 00:00:00,2026-07-25 01:00:00
2001,TV Salle à manger,0.672,242.0,150.5,40.14,2026-07-25 01:00:00,2026-07-25 02:00:00
2006,PC Portable,0.057,242.8,5.5,5.53,2026-07-25 01:00:00,2026-07-25 02:00:00
2001,TV Salle à manger,0.713,242.2,160.2,160.15,2026-07-25 02:00:00,2026-07-25 03:00:00
2003,Telephone / Tablette,0.052,241.7,6.3,4.43,2026-07-25 02:00:00,2026-07-25 03:00:00
2006,PC Portable,0.046,242.3,4.2,4.16,2026-07-25 02:00:00,2026-07-25 03:00:00
2001,TV Salle à manger,0.717,241.2,160.5,160.49,2026-07-25 03:00:00,2026-07-25 04:00:00
2002,Ecran,0.164,240.8,21.3,19.9,2026-07-25 03:00:00,2026-07-25 04:00:00
2003,Telephone / Tablette,0.022,240.6,2.4,2.36,2026-07-25 03:00:00,2026-07-25 04:00:00
2006,PC Portable,0.186,241.2,28.5,28.49,2026-07-25 03:00:00,2026-07-25 04:00:00
2001,TV Salle à manger,0.716,241.7,160.6,160.63,2026-07-25 04:00:00,2026-07-25 05:00:00
2002,Ecran,0.166,241.4,21.6,21.64,2026-07-25 04:00:00,2026-07-25 05:00:00
2003,Telephone / Tablette,0.015,241.1,1.4,1.4,2026-07-25 04:00:00,2026-07-25 05:00:00
2006,PC Portable,0.165,241.7,25.9,25.88,2026-07-25 04:00:00,2026-07-25 05:00:00
2001,TV Salle à manger,0.715,242.0,160.5,160.5,2026-07-25 05:00:00,2026-07-25 06:00:00
2002,Ecran,0.166,241.7,21.6,21.61,2026-07-25 05:00:00,2026-07-25 06:00:00
2003,Telephone / Tablette,0.027,241.3,2.9,1.6,2026-07-25 05:00:00,2026-07-25 06:00:00
2006,PC Portable,0.205,241.9,32.6,32.57,2026-07-25 05:00:00,2026-07-25 06:00:00
2001,TV Salle à manger,0.711,242.3,159.9,159.86,2026-07-25 06:00:00,2026-07-25 07:00:00
2002,Ecran,0.165,242.0,21.6,21.65,2026-07-25 06:00:00,2026-07-25 07:00:00
2006,PC Portable,0.175,242.3,23.6,23.59,2026-07-25 06:00:00,2026-07-25 07:00:00
2001,TV Salle à manger,0.707,243.9,160.0,159.98,2026-07-25 07:00:00,2026-07-25 08:00:00
2002,Ecran,0.164,243.7,21.6,21.62,2026-07-25 07:00:00,2026-07-25 08:00:00
2006,PC Portable,0.162,243.9,22.1,22.14,2026-07-25 07:00:00,2026-07-25 08:00:00
2001,TV Salle à manger,0.696,243.1,156.8,135.89,2026-07-25 08:00:00,2026-07-25 09:00:00
2002,Ecran,0.166,242.9,21.6,21.63,2026-07-25 08:00:00,2026-07-25 09:00:00
2006,PC Portable,0.144,243.2,22.1,22.11,2026-07-25 08:00:00,2026-07-25 09:00:00
2002,Ecran,0.166,242.8,21.6,21.61,2026-07-25 09:00:00,2026-07-25 10:00:00
2006,PC Portable,0.156,243.1,24.0,23.95,2026-07-25 09:00:00,2026-07-25 10:00:00
2002,Ecran,0.165,243.6,21.6,21.62,2026-07-25 10:00:00,2026-07-25 11:00:00
2006,PC Portable,0.194,243.8,36.5,36.49,2026-07-25 10:00:00,2026-07-25 11:00:00
2001,TV Salle à manger,0.038,244.9,1.0,0.02,2026-07-25 11:00:00,2026-07-25 12:00:00
2002,Ecran,0.162,243.4,21.2,17.33,2026-07-25 11:00:00,2026-07-25 12:00:00
2006,PC Portable,0.164,243.7,23.9,23.88,2026-07-25 11:00:00,2026-07-25 12:00:00
2001,TV Salle à manger,0.701,245.0,159.3,151.3,2026-07-25 12:00:00,2026-07-25 13:00:00
2005,Lampe Salle à manger,0.079,244.0,11.0,8.96,2026-07-25 12:00:00,2026-07-25 13:00:00
2006,PC Portable,0.106,245.0,11.6,11.64,2026-07-25 12:00:00,2026-07-25 13:00:00
2007,Lampe Cuisine,0.038,244.2,5.4,4.36,2026-07-25 12:00:00,2026-07-25 13:00:00
2001,TV Salle à manger,0.696,245.3,158.0,157.97,2026-07-25 13:00:00,2026-07-25 14:00:00
2002,Ecran,0.163,245.0,21.8,0.73,2026-07-25 13:00:00,2026-07-25 14:00:00
2005,Lampe Salle à manger,0.077,244.3,10.7,10.72,2026-07-25 13:00:00,2026-07-25 14:00:00
2006,PC Portable,0.136,245.3,15.6,15.63,2026-07-25 13:00:00,2026-07-25 14:00:00
2007,Lampe Cuisine,0.038,244.5,5.4,5.38,2026-07-25 13:00:00,2026-07-25 14:00:00
2001,TV Salle à manger,0.698,245.7,158.7,158.74,2026-07-25 14:00:00,2026-07-25 15:00:00
2002,Ecran,0.162,245.5,21.6,21.64,2026-07-25 14:00:00,2026-07-25 15:00:00
2005,Lampe Salle à manger,0.077,244.7,10.7,10.7,2026-07-25 14:00:00,2026-07-25 15:00:00
2006,PC Portable,0.153,245.7,19.8,19.77,2026-07-25 14:00:00,2026-07-25 15:00:00
2007,Lampe Cuisine,0.038,244.8,5.4,4.55,2026-07-25 14:00:00,2026-07-25 15:00:00
2008,Lampe Chambre,0.037,246.1,5.3,4.26,2026-07-25 14:00:00,2026-07-25 15:00:00
2001,TV Salle à manger,0.709,246.5,161.9,56.66,2026-07-25 15:00:00,2026-07-25 16:00:00
2002,Ecran,0.163,245.6,21.6,21.59,2026-07-25 15:00:00,2026-07-25 16:00:00
2005,Lampe Salle à manger,0.078,244.9,10.8,10.76,2026-07-25 15:00:00,2026-07-25 16:00:00
2006,PC Portable,0.148,245.9,19.4,19.41,2026-07-25 15:00:00,2026-07-25 16:00:00
2002,Ecran,0.166,244.5,21.6,21.59,2026-07-25 16:00:00,2026-07-25 17:00:00
2005,Lampe Salle à manger,0.079,243.9,10.8,10.82,2026-07-25 16:00:00,2026-07-25 17:00:00
2006,PC Portable,0.168,244.7,23.2,23.17,2026-07-25 16:00:00,2026-07-25 17:00:00
2002,Ecran,0.12,244.5,14.8,2.22,2026-07-25 17:00:00,2026-07-25 18:00:00
2005,Lampe Salle à manger,0.08,243.9,10.9,7.08,2026-07-25 17:00:00,2026-07-25 18:00:00
2006,PC Portable,0.124,244.9,13.9,13.94,2026-07-25 17:00:00,2026-07-25 18:00:00
2006,PC Portable,0.122,245.4,13.8,13.77,2026-07-25 18:00:00,2026-07-25 19:00:00
2001,TV Salle à manger,0.039,246.0,1.0,0.02,2026-07-25 19:00:00,2026-07-25 20:00:00
2006,PC Portable,0.08,245.8,8.6,8.59,2026-07-25 19:00:00,2026-07-25 20:00:00
2001,TV Salle à manger,0.039,246.0,1.0,0.02,2026-07-25 20:00:00,2026-07-25 21:00:00
2006,PC Portable,0.124,245.7,14.1,14.1,2026-07-25 20:00:00,2026-07-25 21:00:00
2001,TV Salle à manger,0.039,245.4,1.1,0.04,2026-07-25 21:00:00,2026-07-25 22:00:00
2006,PC Portable,0.11,245.3,12.4,12.36,2026-07-25 21:00:00,2026-07-25 22:00:00
2001,TV Salle à manger,0.045,245.1,1.3,0.02,2026-07-25 22:00:00,2026-07-25 23:00:00
2006,PC Portable,0.092,245.1,10.0,9.99,2026-07-25 22:00:00,2026-07-25 23:00:00
2006,PC Portable,0.121,244.4,13.8,13.85,2026-07-25 23:00:00,2026-07-26 00:00:00
2006,PC Portable,0.098,243.2,10.7,10.68,2026-07-26 00:00:00,2026-07-26 01:00:00
2006,PC Portable,0.121,243.6,13.6,13.58,2026-07-26 01:00:00,2026-07-26 02:00:00
2001,TV Salle à manger,0.712,242.7,160.4,155.04,2026-07-26 02:00:00,2026-07-26 03:00:00
2006,PC Portable,0.181,242.7,21.1,21.1,2026-07-26 02:00:00,2026-07-26 03:00:00
2001,TV Salle à manger,0.711,242.8,160.2,146.86,2026-07-26 03:00:00,2026-07-26 04:00:00
2006,PC Portable,0.1,242.9,10.8,10.84,2026-07-26 03:00:00,2026-07-26 04:00:00
2006,PC Portable,0.047,242.7,4.2,4.15,2026-07-26 04:00:00,2026-07-26 05:00:00
2006,PC Portable,0.046,243.2,4.2,4.15,2026-07-26 05:00:00,2026-07-26 06:00:00
2001,TV Salle à manger,0.71,243.3,160.3,101.5,2026-07-26 06:00:00,2026-07-26 07:00:00
2006,PC Portable,0.046,243.3,4.1,4.14,2026-07-26 06:00:00,2026-07-26 07:00:00
2001,TV Salle à manger,0.712,242.8,160.4,160.36,2026-07-26 07:00:00,2026-07-26 08:00:00
2006,PC Portable,0.047,242.9,4.1,4.13,2026-07-26 07:00:00,2026-07-26 08:00:00
2001,TV Salle à manger,0.712,242.7,160.4,160.37,2026-07-26 08:00:00,2026-07-26 09:00:00
2003,Telephone / Tablette,0.026,242.2,2.8,1.94,2026-07-26 08:00:00,2026-07-26 09:00:00
2006,PC Portable,0.047,242.8,4.2,4.15,2026-07-26 08:00:00,2026-07-26 09:00:00
2001,TV Salle à manger,0.713,242.4,160.4,160.37,2026-07-26 09:00:00,2026-07-26 10:00:00
2003,Telephone / Tablette,0.018,241.8,1.8,0.87,2026-07-26 09:00:00,2026-07-26 10:00:00
2006,PC Portable,0.047,242.5,4.1,4.14,2026-07-26 09:00:00,2026-07-26 10:00:00
2001,TV Salle à manger,0.712,242.8,160.4,160.4,2026-07-26 10:00:00,2026-07-26 11:00:00
2006,PC Portable,0.047,242.9,4.2,4.16,2026-07-26 10:00:00,2026-07-26 11:00:00
2001,TV Salle à manger,0.711,243.1,160.3,160.35,2026-07-26 11:00:00,2026-07-26 12:00:00
2006,PC Portable,0.114,243.2,12.7,12.64,2026-07-26 11:00:00,2026-07-26 12:00:00
2001,TV Salle à manger,0.709,244.1,160.3,45.43,2026-07-26 12:00:00,2026-07-26 13:00:00
2005,Lampe Salle à manger,0.082,243.7,11.4,4.56,2026-07-26 12:00:00,2026-07-26 13:00:00
2006,PC Portable,0.1,244.3,10.8,10.83,2026-07-26 12:00:00,2026-07-26 13:00:00
2007,Lampe Cuisine,0.037,243.6,5.4,3.48,2026-07-26 12:00:00,2026-07-26 13:00:00
2008,Lampe Chambre,0.037,244.8,5.3,3.46,2026-07-26 12:00:00,2026-07-26 13:00:00
2001,TV Salle à manger,0.705,245.1,160.2,48.05,2026-07-26 13:00:00,2026-07-26 14:00:00
2005,Lampe Salle à manger,0.078,244.0,10.9,10.89,2026-07-26 13:00:00,2026-07-26 14:00:00
2006,PC Portable,0.07,244.9,7.1,7.15,2026-07-26 13:00:00,2026-07-26 14:00:00
2007,Lampe Cuisine,0.038,244.0,5.4,3.57,2026-07-26 13:00:00,2026-07-26 14:00:00
2008,Lampe Chambre,0.037,245.4,5.3,5.33,2026-07-26 13:00:00,2026-07-26 14:00:00
2001,TV Salle à manger,0.704,245.6,160.2,104.14,2026-07-26 14:00:00,2026-07-26 15:00:00
2005,Lampe Salle à manger,0.078,244.6,10.8,7.04,2026-07-26 14:00:00,2026-07-26 15:00:00
2006,PC Portable,0.05,245.7,4.6,4.58,2026-07-26 14:00:00,2026-07-26 15:00:00
2008,Lampe Chambre,0.037,246.1,5.4,4.82,2026-07-26 14:00:00,2026-07-26 15:00:00
2006,PC Portable,0.046,245.8,4.1,4.13,2026-07-26 15:00:00,2026-07-26 16:00:00
2006,PC Portable,0.046,246.1,4.2,4.15,2026-07-26 16:00:00,2026-07-26 17:00:00
2006,PC Portable,0.046,245.9,4.1,4.14,2026-07-26 17:00:00,2026-07-26 18:00:00
2001,TV Salle à manger,0.039,246.0,1.0,0.02,2026-07-26 18:00:00,2026-07-26 19:00:00
2006,PC Portable,0.046,245.7,4.1,4.14,2026-07-26 18:00:00,2026-07-26 19:00:00
2001,TV Salle à manger,0.039,245.3,1.1,0.02,2026-07-26 19:00:00,2026-07-26 20:00:00
2005,Lampe Salle à manger,0.084,243.9,11.5,3.65,2026-07-26 19:00:00,2026-07-26 20:00:00
2006,PC Portable,0.046,245.2,4.1,4.14,2026-07-26 19:00:00,2026-07-26 20:00:00
2007,Lampe Cuisine,0.038,244.1,5.3,2.4,2026-07-26 19:00:00,2026-07-26 20:00:00
2006,PC Portable,0.046,245.2,4.1,4.14,2026-07-26 20:00:00,2026-07-26 21:00:00
2006,PC Portable,0.046,244.4,4.1,4.14,2026-07-26 21:00:00,2026-07-26 22:00:00
2001,TV Salle à manger,0.041,242.4,1.2,0.02,2026-07-26 22:00:00,2026-07-26 23:00:00
2006,PC Portable,0.046,242.2,4.2,4.16,2026-07-26 22:00:00,2026-07-26 23:00:00
2001,TV Salle à manger,0.042,241.2,1.2,0.04,2026-07-26 23:00:00,2026-07-27 00:00:00
2006,PC Portable,0.047,241.6,4.2,4.14,2026-07-26 23:00:00,2026-07-27 00:00:00
2002,Ecran,0.168,243.1,21.7,18.43,2026-07-27 00:00:00,2026-07-27 01:00:00
2006,PC Portable,0.26,243.5,55.8,55.84,2026-07-27 00:00:00,2026-07-27 01:00:00
2001,TV Salle à manger,0.048,243.0,1.4,0.02,2026-07-27 01:00:00,2026-07-27 02:00:00
2002,Ecran,0.169,243.2,21.6,21.63,2026-07-27 01:00:00,2026-07-27 02:00:00
2006,PC Portable,0.21,243.4,38.7,38.69,2026-07-27 01:00:00,2026-07-27 02:00:00
2002,Ecran,0.168,243.1,21.6,21.61,2026-07-27 02:00:00,2026-07-27 03:00:00
2006,PC Portable,0.149,243.4,21.3,21.34,2026-07-27 02:00:00,2026-07-27 03:00:00
2002,Ecran,0.169,242.7,21.6,21.64,2026-07-27 03:00:00,2026-07-27 04:00:00
2006,PC Portable,0.164,242.9,21.9,21.9,2026-07-27 03:00:00,2026-07-27 04:00:00
2002,Ecran,0.168,242.7,21.6,21.61,2026-07-27 04:00:00,2026-07-27 05:00:00
2006,PC Portable,0.152,243.0,19.9,19.91,2026-07-27 04:00:00,2026-07-27 05:00:00
2001,TV Salle à manger,0.687,243.8,155.1,56.86,2026-07-27 05:00:00,2026-07-27 06:00:00
2002,Ecran,0.166,243.2,21.3,20.93,2026-07-27 05:00:00,2026-07-27 06:00:00
2006,PC Portable,0.154,243.5,19.5,19.51,2026-07-27 05:00:00,2026-07-27 06:00:00
2001,TV Salle à manger,0.72,242.4,162.0,26.99,2026-07-27 06:00:00,2026-07-27 07:00:00
2002,Ecran,0.169,243.0,21.6,20.9,2026-07-27 06:00:00,2026-07-27 07:00:00
2006,PC Portable,0.152,243.3,21.9,21.86,2026-07-27 06:00:00,2026-07-27 07:00:00
2001,TV Salle à manger,0.03,243.9,1.0,0.02,2026-07-27 07:00:00,2026-07-27 08:00:00
2002,Ecran,0.168,243.8,21.6,21.61,2026-07-27 07:00:00,2026-07-27 08:00:00
2006,PC Portable,0.148,244.0,19.4,19.45,2026-07-27 07:00:00,2026-07-27 08:00:00
2001,TV Salle à manger,0.037,244.6,1.0,0.02,2026-07-27 08:00:00,2026-07-27 09:00:00
2002,Ecran,0.169,243.7,21.6,21.61,2026-07-27 08:00:00,2026-07-27 09:00:00
2006,PC Portable,0.198,244.0,37.0,36.97,2026-07-27 08:00:00,2026-07-27 09:00:00
2002,Ecran,0.17,243.4,21.7,20.22,2026-07-27 09:00:00,2026-07-27 10:00:00
2006,PC Portable,0.177,243.7,33.3,33.33,2026-07-27 09:00:00,2026-07-27 10:00:00
2001,TV Salle à manger,0.0,246.3,1.1,0.02,2026-07-27 10:00:00,2026-07-27 11:00:00
2002,Ecran,0.168,243.8,21.6,21.63,2026-07-27 10:00:00,2026-07-27 11:00:00
2006,PC Portable,0.173,244.0,28.5,28.45,2026-07-27 10:00:00,2026-07-27 11:00:00
2001,TV Salle à manger,0.047,243.9,1.3,0.02,2026-07-27 11:00:00,2026-07-27 12:00:00
2002,Ecran,0.167,243.1,21.7,21.67,2026-07-27 11:00:00,2026-07-27 12:00:00
2006,PC Portable,0.194,243.4,25.3,25.31,2026-07-27 11:00:00,2026-07-27 12:00:00
2002,Ecran,0.168,243.2,21.6,21.65,2026-07-27 12:00:00,2026-07-27 13:00:00
2005,Lampe Salle à manger,0.081,242.6,11.2,6.71,2026-07-27 12:00:00,2026-07-27 13:00:00
2006,PC Portable,0.204,243.4,31.1,31.06,2026-07-27 12:00:00,2026-07-27 13:00:00
2007,Lampe Cuisine,0.037,242.7,5.3,3.18,2026-07-27 12:00:00,2026-07-27 13:00:00
2008,Lampe Chambre,0.037,243.9,5.3,1.41,2026-07-27 12:00:00,2026-07-27 13:00:00
2001,TV Salle à manger,0.709,244.1,160.6,112.39,2026-07-27 13:00:00,2026-07-27 14:00:00
2002,Ecran,0.161,244.1,20.9,8.0,2026-07-27 13:00:00,2026-07-27 14:00:00
2005,Lampe Salle à manger,0.078,243.3,10.8,10.81,2026-07-27 13:00:00,2026-07-27 14:00:00
2006,PC Portable,0.167,244.3,20.4,20.41,2026-07-27 13:00:00,2026-07-27 14:00:00
2007,Lampe Cuisine,0.038,242.8,5.3,0.62,2026-07-27 13:00:00,2026-07-27 14:00:00
2001,TV Salle à manger,0.047,245.7,1.3,0.02,2026-07-27 14:00:00,2026-07-27 15:00:00
2002,Ecran,0.167,245.5,21.6,21.64,2026-07-27 14:00:00,2026-07-27 15:00:00
2005,Lampe Salle à manger,0.077,244.9,10.8,10.83,2026-07-27 14:00:00,2026-07-27 15:00:00
2006,PC Portable,0.176,245.8,28.1,28.09,2026-07-27 14:00:00,2026-07-27 15:00:00
2002,Ecran,0.168,245.1,21.6,21.63,2026-07-27 15:00:00,2026-07-27 16:00:00
2005,Lampe Salle à manger,0.078,244.4,10.8,10.84,2026-07-27 15:00:00,2026-07-27 16:00:00
2006,PC Portable,0.189,245.3,37.1,37.13,2026-07-27 15:00:00,2026-07-27 16:00:00
2002,Ecran,0.167,245.0,21.7,12.27,2026-07-27 16:00:00,2026-07-27 17:00:00
2005,Lampe Salle à manger,0.079,244.4,10.9,6.34,2026-07-27 16:00:00,2026-07-27 17:00:00
2006,PC Portable,0.143,245.5,19.6,19.6,2026-07-27 16:00:00,2026-07-27 17:00:00
2006,PC Portable,0.082,245.5,8.7,8.72,2026-07-27 17:00:00,2026-07-27 18:00:00
2001,TV Salle à manger,0.052,245.4,1.4,0.02,2026-07-27 18:00:00,2026-07-27 19:00:00
2006,PC Portable,0.124,245.4,14.1,14.14,2026-07-27 18:00:00,2026-07-27 19:00:00
2001,TV Salle à manger,0.052,244.5,1.5,0.03,2026-07-27 19:00:00,2026-07-27 20:00:00
2005,Lampe Salle à manger,0.086,243.8,11.9,2.96,2026-07-27 19:00:00,2026-07-27 20:00:00
2006,PC Portable,0.095,244.5,10.4,10.36,2026-07-27 19:00:00,2026-07-27 20:00:00
2007,Lampe Cuisine,0.038,243.8,5.4,2.76,2026-07-27 19:00:00,2026-07-27 20:00:00
2001,TV Salle à manger,0.032,244.5,1.0,0.02,2026-07-27 20:00:00,2026-07-27 21:00:00
2006,PC Portable,0.106,244.3,11.6,11.57,2026-07-27 20:00:00,2026-07-27 21:00:00
2006,PC Portable,0.112,242.9,12.4,12.43,2026-07-27 21:00:00,2026-07-27 22:00:00
2006,PC Portable,0.093,241.5,9.9,9.92,2026-07-27 22:00:00,2026-07-27 23:00:00
2002,Ecran,0.166,242.0,21.3,18.48,2026-07-27 23:00:00,2026-07-28 00:00:00
2006,PC Portable,0.16,242.3,21.5,21.47,2026-07-27 23:00:00,2026-07-28 00:00:00
2002,Ecran,0.168,242.8,21.6,21.63,2026-07-28 00:00:00,2026-07-28 01:00:00
2006,PC Portable,0.162,243.1,20.0,20.01,2026-07-28 00:00:00,2026-07-28 01:00:00
2002,Ecran,0.168,242.0,21.6,21.63,2026-07-28 01:00:00,2026-07-28 02:00:00
2006,PC Portable,0.186,242.3,28.1,28.05,2026-07-28 01:00:00,2026-07-28 02:00:00
2002,Ecran,0.168,241.3,21.6,21.62,2026-07-28 02:00:00,2026-07-28 03:00:00
2006,PC Portable,0.212,241.6,30.7,30.69,2026-07-28 02:00:00,2026-07-28 03:00:00
2002,Ecran,0.168,240.8,21.6,20.18,2026-07-28 03:00:00,2026-07-28 04:00:00
2006,PC Portable,0.192,241.1,25.8,25.8,2026-07-28 03:00:00,2026-07-28 04:00:00
2006,PC Portable,0.104,240.9,11.1,11.13,2026-07-28 04:00:00,2026-07-28 05:00:00
2001,TV Salle à manger,0.682,241.0,152.4,48.25,2026-07-28 05:00:00,2026-07-28 06:00:00
2002,Ecran,0.167,240.6,21.7,12.66,2026-07-28 05:00:00,2026-07-28 06:00:00
2006,PC Portable,0.161,240.9,21.5,21.47,2026-07-28 05:00:00,2026-07-28 06:00:00
2001,TV Salle à manger,0.034,240.8,1.1,0.02,2026-07-28 06:00:00,2026-07-28 07:00:00
2002,Ecran,0.167,242.4,21.7,21.67,2026-07-28 06:00:00,2026-07-28 07:00:00
2006,PC Portable,0.188,242.6,26.0,26.03,2026-07-28 06:00:00,2026-07-28 07:00:00
2002,Ecran,0.166,243.7,21.6,21.62,2026-07-28 07:00:00,2026-07-28 08:00:00
2006,PC Portable,0.172,243.9,23.0,23.01,2026-07-28 07:00:00,2026-07-28 08:00:00
2001,TV Salle à manger,0.051,244.1,1.4,0.02,2026-07-28 08:00:00,2026-07-28 09:00:00
2002,Ecran,0.167,244.1,21.6,21.65,2026-07-28 08:00:00,2026-07-28 09:00:00
2006,PC Portable,0.163,244.4,20.6,20.61,2026-07-28 08:00:00,2026-07-28 09:00:00
2002,Ecran,0.165,243.1,21.6,21.6,2026-07-28 09:00:00,2026-07-28 10:00:00
2006,PC Portable,0.153,243.3,19.6,19.64,2026-07-28 09:00:00,2026-07-28 10:00:00
2002,Ecran,0.166,244.0,21.6,21.62,2026-07-28 10:00:00,2026-07-28 11:00:00
2006,PC Portable,0.162,244.3,24.8,24.82,2026-07-28 10:00:00,2026-07-28 11:00:00
2001,TV Salle à manger,0.047,245.9,1.3,0.02,2026-07-28 11:00:00,2026-07-28 12:00:00
2002,Ecran,0.164,245.7,21.6,21.63,2026-07-28 11:00:00,2026-07-28 12:00:00
2005,Lampe Salle à manger,0.08,245.1,11.3,3.2,2026-07-28 11:00:00,2026-07-28 12:00:00
2006,PC Portable,0.152,245.9,21.8,21.8,2026-07-28 11:00:00,2026-07-28 12:00:00
2008,Lampe Chambre,0.037,246.4,5.3,0.18,2026-07-28 11:00:00,2026-07-28 12:00:00
2001,TV Salle à manger,0.706,245.7,160.9,2.68,2026-07-28 12:00:00,2026-07-28 13:00:00
2002,Ecran,0.162,245.5,21.2,17.36,2026-07-28 12:00:00,2026-07-28 13:00:00
2005,Lampe Salle à manger,0.075,244.9,10.5,10.54,2026-07-28 12:00:00,2026-07-28 13:00:00
2006,PC Portable,0.155,245.7,19.4,19.4,2026-07-28 12:00:00,2026-07-28 13:00:00
2007,Lampe Cuisine,0.037,244.9,5.4,3.67,2026-07-28 12:00:00,2026-07-28 13:00:00
2008,Lampe Chambre,0.037,246.3,5.4,4.2,2026-07-28 12:00:00,2026-07-28 13:00:00
2001,TV Salle à manger,0.698,246.5,159.4,143.48,2026-07-28 13:00:00,2026-07-28 14:00:00
2002,Ecran,0.16,246.2,21.2,15.91,2026-07-28 13:00:00,2026-07-28 14:00:00
2005,Lampe Salle à manger,0.075,245.5,10.5,9.48,2026-07-28 13:00:00,2026-07-28 14:00:00
2006,PC Portable,0.129,246.6,15.5,15.45,2026-07-28 13:00:00,2026-07-28 14:00:00
2006,PC Portable,0.119,245.1,13.4,13.37,2026-07-28 14:00:00,2026-07-28 15:00:00
2006,PC Portable,0.094,244.7,10.2,10.21,2026-07-28 15:00:00,2026-07-28 16:00:00
2006,PC Portable,0.101,244.9,11.2,11.18,2026-07-28 16:00:00,2026-07-28 17:00:00
2001,TV Salle à manger,0.049,245.1,1.4,0.02,2026-07-28 17:00:00,2026-07-28 18:00:00
2006,PC Portable,0.098,245.3,10.9,10.89,2026-07-28 17:00:00,2026-07-28 18:00:00
2001,TV Salle à manger,0.039,245.2,1.1,0.02,2026-07-28 18:00:00,2026-07-28 19:00:00
2005,Lampe Salle à manger,0.083,244.1,11.4,4.16,2026-07-28 18:00:00,2026-07-28 19:00:00
2006,PC Portable,0.095,245.2,10.4,10.38,2026-07-28 18:00:00,2026-07-28 19:00:00
2007,Lampe Cuisine,0.038,244.3,5.4,2.23,2026-07-28 18:00:00,2026-07-28 19:00:00
2002,Ecran,0.166,243.6,21.9,0.36,2026-07-28 19:00:00,2026-07-28 20:00:00
2005,Lampe Salle à manger,0.079,243.6,10.7,1.97,2026-07-28 19:00:00,2026-07-28 20:00:00
2006,PC Portable,0.108,244.1,12.1,12.07,2026-07-28 19:00:00,2026-07-28 20:00:00
2007,Lampe Cuisine,0.038,243.8,5.4,1.07,2026-07-28 19:00:00,2026-07-28 20:00:00
2006,PC Portable,0.09,243.1,9.8,9.77,2026-07-28 20:00:00,2026-07-28 21:00:00
2002,Ecran,0.1,241.2,11.8,0.4,2026-07-28 21:00:00,2026-07-28 22:00:00
2006,PC Portable,0.116,242.0,12.8,12.83,2026-07-28 21:00:00,2026-07-28 22:00:00
2002,Ecran,0.167,241.2,21.3,19.22,2026-07-28 22:00:00,2026-07-28 23:00:00
2006,PC Portable,0.144,241.5,21.0,21.02,2026-07-28 22:00:00,2026-07-28 23:00:00
2001,TV Salle à manger,0.049,241.2,1.4,0.02,2026-07-28 23:00:00,2026-07-29 00:00:00
2002,Ecran,0.168,241.4,21.6,21.62,2026-07-28 23:00:00,2026-07-29 00:00:00
2006,PC Portable,0.201,241.7,33.0,32.98,2026-07-28 23:00:00,2026-07-29 00:00:00
2002,Ecran,0.17,241.7,21.6,21.65,2026-07-29 00:00:00,2026-07-29 01:00:00
2006,PC Portable,0.182,242.0,30.9,30.86,2026-07-29 00:00:00,2026-07-29 01:00:00
2002,Ecran,0.17,241.2,21.6,21.64,2026-07-29 01:00:00,2026-07-29 02:00:00
2006,PC Portable,0.227,241.5,45.0,44.99,2026-07-29 01:00:00,2026-07-29 02:00:00
2002,Ecran,0.159,242.1,20.4,10.55,2026-07-29 02:00:00,2026-07-29 03:00:00
2006,PC Portable,0.128,242.3,15.9,15.89,2026-07-29 02:00:00,2026-07-29 03:00:00
2001,TV Salle à manger,0.041,241.1,1.2,0.02,2026-07-29 03:00:00,2026-07-29 04:00:00
2002,Ecran,0.169,241.1,21.6,21.63,2026-07-29 03:00:00,2026-07-29 04:00:00
2006,PC Portable,0.15,241.4,19.8,19.8,2026-07-29 03:00:00,2026-07-29 04:00:00
2001,TV Salle à manger,0.041,241.2,1.2,0.04,2026-07-29 04:00:00,2026-07-29 05:00:00
2002,Ecran,0.166,241.4,21.3,19.89,2026-07-29 04:00:00,2026-07-29 05:00:00
2006,PC Portable,0.161,241.7,19.7,19.73,2026-07-29 04:00:00,2026-07-29 05:00:00
2002,Ecran,0.169,241.9,21.7,21.68,2026-07-29 05:00:00,2026-07-29 06:00:00
2006,PC Portable,0.152,242.2,19.5,19.47,2026-07-29 05:00:00,2026-07-29 06:00:00
2001,TV Salle à manger,0.379,242.2,81.2,2.71,2026-07-29 06:00:00,2026-07-29 07:00:00
2002,Ecran,0.166,241.6,21.6,10.82,2026-07-29 06:00:00,2026-07-29 07:00:00
2006,PC Portable,0.144,241.9,17.0,17.05,2026-07-29 06:00:00,2026-07-29 07:00:00
2001,TV Salle à manger,0.714,243.4,161.2,161.21,2026-07-29 07:00:00,2026-07-29 08:00:00
2006,PC Portable,0.122,243.4,13.5,13.52,2026-07-29 07:00:00,2026-07-29 08:00:00
2001,TV Salle à manger,0.71,244.7,160.9,160.94,2026-07-29 08:00:00,2026-07-29 09:00:00
2006,PC Portable,0.084,244.7,8.9,8.85,2026-07-29 08:00:00,2026-07-29 09:00:00
2001,TV Salle à manger,0.641,245.6,145.1,24.19,2026-07-29 09:00:00,2026-07-29 10:00:00
2002,Ecran,0.166,244.0,21.7,18.07,2026-07-29 09:00:00,2026-07-29 10:00:00
2006,PC Portable,0.167,244.5,22.9,22.92,2026-07-29 09:00:00,2026-07-29 10:00:00
2002,Ecran,0.169,241.9,21.6,3.96,2026-07-29 10:00:00,2026-07-29 11:00:00
2006,PC Portable,0.125,242.4,15.2,15.24,2026-07-29 10:00:00,2026-07-29 11:00:00
2001,TV Salle à manger,0.689,243.6,155.4,77.68,2026-07-29 11:00:00,2026-07-29 12:00:00
2005,Lampe Salle à manger,0.078,242.6,10.9,5.46,2026-07-29 11:00:00,2026-07-29 12:00:00
2006,PC Portable,0.12,243.5,13.4,13.42,2026-07-29 11:00:00,2026-07-29 12:00:00
2007,Lampe Cuisine,0.037,242.8,5.3,1.42,2026-07-29 11:00:00,2026-07-29 12:00:00
2001,TV Salle à manger,0.71,244.2,160.7,91.08,2026-07-29 12:00:00,2026-07-29 13:00:00
2005,Lampe Salle à manger,0.076,243.2,10.5,5.97,2026-07-29 12:00:00,2026-07-29 13:00:00
2006,PC Portable,0.084,244.5,8.9,8.87,2026-07-29 12:00:00,2026-07-29 13:00:00
2007,Lampe Cuisine,0.037,243.4,5.4,1.34,2026-07-29 12:00:00,2026-07-29 13:00:00
2008,Lampe Chambre,0.037,244.9,5.3,2.57,2026-07-29 12:00:00,2026-07-29 13:00:00
2001,TV Salle à manger,0.045,246.7,1.3,0.04,2026-07-29 13:00:00,2026-07-29 14:00:00
2006,PC Portable,0.122,246.2,13.8,13.78,2026-07-29 13:00:00,2026-07-29 14:00:00
2001,TV Salle à manger,0.045,246.2,1.3,0.04,2026-07-29 14:00:00,2026-07-29 15:00:00
2006,PC Portable,0.107,245.7,11.9,11.9,2026-07-29 14:00:00,2026-07-29 15:00:00
2006,PC Portable,0.089,246.0,9.7,9.71,2026-07-29 15:00:00,2026-07-29 16:00:00
2006,PC Portable,0.123,246.5,14.2,14.18,2026-07-29 16:00:00,2026-07-29 17:00:00
2001,TV Salle à manger,0.039,246.4,1.2,0.02,2026-07-29 17:00:00,2026-07-29 18:00:00
2006,PC Portable,0.091,246.6,10.1,10.09,2026-07-29 17:00:00,2026-07-29 18:00:00
2006,PC Portable,0.108,246.3,12.1,12.13,2026-07-29 18:00:00,2026-07-29 19:00:00
2007,Lampe Cuisine,0.038,244.9,5.4,1.16,2026-07-29 18:00:00,2026-07-29 19:00:00
2006,PC Portable,0.111,245.4,12.6,12.59,2026-07-29 19:00:00,2026-07-29 20:00:00
2006,PC Portable,0.086,245.0,9.3,9.24,2026-07-29 20:00:00,2026-07-29 21:00:00
2006,PC Portable,0.094,243.7,10.3,10.25,2026-07-29 21:00:00,2026-07-29 22:00:00
2006,PC Portable,0.046,243.9,4.1,4.14,2026-07-29 22:00:00,2026-07-29 23:00:00
2001,TV Salle à manger,0.038,245.0,1.0,0.02,2026-07-29 23:00:00,2026-07-30 00:00:00
2006,PC Portable,0.046,244.2,4.2,4.14,2026-07-29 23:00:00,2026-07-30 00:00:00
2006,PC Portable,0.047,243.5,4.2,4.14,2026-07-30 00:00:00,2026-07-30 01:00:00
2006,PC Portable,0.047,243.0,4.1,4.13,2026-07-30 01:00:00,2026-07-30 02:00:00
2006,PC Portable,0.047,241.8,4.1,4.13,2026-07-30 02:00:00,2026-07-30 03:00:00
2006,PC Portable,0.047,241.1,4.1,4.13,2026-07-30 03:00:00,2026-07-30 04:00:00
2006,PC Portable,0.076,241.6,7.9,7.92,2026-07-30 04:00:00,2026-07-30 05:00:00
2006,PC Portable,0.047,241.8,4.2,4.15,2026-07-30 05:00:00,2026-07-30 06:00:00
2006,PC Portable,0.047,243.5,4.1,4.12,2026-07-30 06:00:00,2026-07-30 07:00:00
2006,PC Portable,0.047,243.8,4.1,4.14,2026-07-30 07:00:00,2026-07-30 08:00:00
2006,PC Portable,0.047,244.3,4.1,4.14,2026-07-30 08:00:00,2026-07-30 09:00:00
2007,Lampe Cuisine,0.037,243.6,5.3,0.97,2026-07-30 08:00:00,2026-07-30 09:00:00
2001,TV Salle à manger,0.707,245.0,160.5,74.92,2026-07-30 09:00:00,2026-07-30 10:00:00
2006,PC Portable,0.047,245.1,4.1,4.13,2026-07-30 09:00:00,2026-07-30 10:00:00
2007,Lampe Cuisine,0.037,244.1,5.4,2.76,2026-07-30 09:00:00,2026-07-30 10:00:00
2001,TV Salle à manger,0.704,245.6,160.2,160.17,2026-07-30 10:00:00,2026-07-30 11:00:00
2005,Lampe Salle à manger,0.08,244.7,11.2,6.51,2026-07-30 10:00:00,2026-07-30 11:00:00
2006,PC Portable,0.047,245.7,4.2,4.15,2026-07-30 10:00:00,2026-07-30 11:00:00
2007,Lampe Cuisine,0.037,245.0,5.4,1.52,2026-07-30 10:00:00,2026-07-30 11:00:00
2001,TV Salle à manger,0.704,245.3,160.1,160.08,2026-07-30 11:00:00,2026-07-30 12:00:00
2002,Ecran,0.031,244.9,1.7,0.03,2026-07-30 11:00:00,2026-07-30 12:00:00
2005,Lampe Salle à manger,0.078,244.3,10.9,10.88,2026-07-30 11:00:00,2026-07-30 12:00:00
2006,PC Portable,0.091,245.4,9.8,9.82,2026-07-30 11:00:00,2026-07-30 12:00:00
2007,Lampe Cuisine,0.038,244.2,5.4,0.63,2026-07-30 11:00:00,2026-07-30 12:00:00
2001,TV Salle à manger,0.702,245.8,159.8,50.61,2026-07-30 12:00:00,2026-07-30 13:00:00
2005,Lampe Salle à manger,0.078,244.8,10.9,3.81,2026-07-30 12:00:00,2026-07-30 13:00:00
2006,PC Portable,0.047,246.1,4.2,4.15,2026-07-30 12:00:00,2026-07-30 13:00:00
2006,PC Portable,0.047,244.9,4.2,4.16,2026-07-30 13:00:00,2026-07-30 14:00:00
2006,PC Portable,0.047,244.7,4.1,4.13,2026-07-30 14:00:00,2026-07-30 15:00:00
2006,PC Portable,0.047,244.8,4.2,4.14,2026-07-30 15:00:00,2026-07-30 16:00:00
2006,PC Portable,0.046,245.2,4.1,4.14,2026-07-30 16:00:00,2026-07-30 17:00:00
2001,TV Salle à manger,0.037,245.1,1.0,0.02,2026-07-30 17:00:00,2026-07-30 18:00:00
2006,PC Portable,0.046,245.0,4.1,4.14,2026-07-30 17:00:00,2026-07-30 18:00:00
2001,TV Salle à manger,0.041,244.7,1.1,0.04,2026-07-30 18:00:00,2026-07-30 19:00:00
2005,Lampe Salle à manger,0.083,243.4,11.5,4.59,2026-07-30 18:00:00,2026-07-30 19:00:00
2006,PC Portable,0.046,244.3,4.1,4.13,2026-07-30 18:00:00,2026-07-30 19:00:00
2007,Lampe Cuisine,0.038,243.5,5.3,2.48,2026-07-30 18:00:00,2026-07-30 19:00:00
2006,PC Portable,0.046,243.6,4.1,4.13,2026-07-30 19:00:00,2026-07-30 20:00:00
2006,PC Portable,0.056,242.8,5.4,5.39,2026-07-30 20:00:00,2026-07-30 21:00:00
2002,Ecran,0.169,240.7,21.8,4.0,2026-07-30 21:00:00,2026-07-30 22:00:00
2006,PC Portable,0.12,241.2,13.6,13.64,2026-07-30 21:00:00,2026-07-30 22:00:00
2002,Ecran,0.168,241.4,21.6,21.63,2026-07-30 22:00:00,2026-07-30 23:00:00
2006,PC Portable,0.179,241.7,26.4,26.39,2026-07-30 22:00:00,2026-07-30 23:00:00
2001,TV Salle à manger,0.039,242.1,1.1,0.02,2026-07-30 23:00:00,2026-07-31 00:00:00
2002,Ecran,0.168,242.0,21.6,20.18,2026-07-30 23:00:00,2026-07-31 00:00:00
2006,PC Portable,0.2,242.3,29.2,29.19,2026-07-30 23:00:00,2026-07-31 00:00:00
2002,Ecran,0.166,242.3,21.6,21.58,2026-07-31 00:00:00,2026-07-31 01:00:00
2006,PC Portable,0.202,242.6,27.4,27.41,2026-07-31 00:00:00,2026-07-31 01:00:00
2002,Ecran,0.166,242.1,21.6,21.62,2026-07-31 01:00:00,2026-07-31 02:00:00
2006,PC Portable,0.199,242.4,26.8,26.83,2026-07-31 01:00:00,2026-07-31 02:00:00
2001,TV Salle à manger,0.037,241.8,1.0,0.02,2026-07-31 02:00:00,2026-07-31 03:00:00
2002,Ecran,0.161,242.6,20.8,6.93,2026-07-31 02:00:00,2026-07-31 03:00:00
2006,PC Portable,0.133,243.1,15.8,15.76,2026-07-31 02:00:00,2026-07-31 03:00:00
2001,TV Salle à manger,0.041,242.5,1.2,0.02,2026-07-31 03:00:00,2026-07-31 04:00:00
2002,Ecran,0.167,242.8,21.7,21.72,2026-07-31 03:00:00,2026-07-31 04:00:00
2006,PC Portable,0.158,243.0,20.4,20.38,2026-07-31 03:00:00,2026-07-31 04:00:00
2002,Ecran,0.167,243.1,21.7,21.66,2026-07-31 04:00:00,2026-07-31 05:00:00
2006,PC Portable,0.15,243.4,18.3,18.32,2026-07-31 04:00:00,2026-07-31 05:00:00
2002,Ecran,0.166,243.4,21.7,17.7,2026-07-31 05:00:00,2026-07-31 06:00:00
2006,PC Portable,0.144,243.6,17.9,17.85,2026-07-31 05:00:00,2026-07-31 06:00:00
2006,PC Portable,0.114,243.7,12.8,12.79,2026-07-31 06:00:00,2026-07-31 07:00:00
2002,Ecran,0.164,243.4,21.8,10.54,2026-07-31 07:00:00,2026-07-31 08:00:00
2006,PC Portable,0.128,243.6,15.8,15.85,2026-07-31 07:00:00,2026-07-31 08:00:00
2001,TV Salle à manger,0.712,243.3,160.8,136.68,2026-07-31 08:00:00,2026-07-31 09:00:00
2002,Ecran,0.166,243.1,21.6,21.6,2026-07-31 08:00:00,2026-07-31 09:00:00
2006,PC Portable,0.167,243.4,23.6,23.58,2026-07-31 08:00:00,2026-07-31 09:00:00
2001,TV Salle à manger,0.708,244.6,160.5,160.5,2026-07-31 09:00:00,2026-07-31 10:00:00
2002,Ecran,0.162,243.5,20.9,5.92,2026-07-31 09:00:00,2026-07-31 10:00:00
2006,PC Portable,0.108,244.7,12.2,12.17,2026-07-31 09:00:00,2026-07-31 10:00:00
2001,TV Salle à manger,0.707,245.3,160.6,160.61,2026-07-31 10:00:00,2026-07-31 11:00:00
2005,Lampe Salle à manger,0.081,244.3,11.3,6.2,2026-07-31 10:00:00,2026-07-31 11:00:00
2006,PC Portable,0.121,245.3,13.7,13.66,2026-07-31 10:00:00,2026-07-31 11:00:00
2007,Lampe Cuisine,0.038,244.5,5.4,2.94,2026-07-31 10:00:00,2026-07-31 11:00:00
2001,TV Salle à manger,0.706,245.5,160.5,160.54,2026-07-31 11:00:00,2026-07-31 12:00:00
2005,Lampe Salle à manger,0.078,244.5,10.8,10.82,2026-07-31 11:00:00,2026-07-31 12:00:00
2006,PC Portable,0.08,245.7,8.5,8.47,2026-07-31 11:00:00,2026-07-31 12:00:00
2007,Lampe Cuisine,0.038,244.3,5.4,1.43,2026-07-31 11:00:00,2026-07-31 12:00:00
2001,TV Salle à manger,0.694,246.0,158.0,155.38,2026-07-31 12:00:00,2026-07-31 13:00:00
2005,Lampe Salle à manger,0.078,245.0,10.9,10.88,2026-07-31 12:00:00,2026-07-31 13:00:00
2006,PC Portable,0.118,246.1,13.3,13.31,2026-07-31 12:00:00,2026-07-31 13:00:00
2001,TV Salle à manger,0.043,244.7,1.3,0.02,2026-07-31 13:00:00,2026-07-31 14:00:00
2005,Lampe Salle à manger,0.078,244.0,10.9,0.72,2026-07-31 13:00:00,2026-07-31 14:00:00
2006,PC Portable,0.102,244.5,11.3,11.25,2026-07-31 13:00:00,2026-07-31 14:00:00
2001,TV Salle à manger,0.046,244.5,1.3,0.02,2026-07-31 14:00:00,2026-07-31 15:00:00
2006,PC Portable,0.096,244.4,10.4,10.42,2026-07-31 14:00:00,2026-07-31 15:00:00
2001,TV Salle à manger,0.04,244.0,1.2,0.02,2026-07-31 15:00:00,2026-07-31 16:00:00
2006,PC Portable,0.113,243.9,12.7,12.67,2026-07-31 15:00:00,2026-07-31 16:00:00
2001,TV Salle à manger,0.048,244.1,1.4,0.02,2026-07-31 16:00:00,2026-07-31 17:00:00
2006,PC Portable,0.083,244.0,8.9,8.87,2026-07-31 16:00:00,2026-07-31 17:00:00
2001,TV Salle à manger,0.03,244.1,1.0,0.02,2026-07-31 17:00:00,2026-07-31 18:00:00
2006,PC Portable,0.12,244.2,13.6,13.62,2026-07-31 17:00:00,2026-07-31 18:00:00
2001,TV Salle à manger,0.051,243.0,1.4,0.02,2026-07-31 18:00:00,2026-07-31 19:00:00
2006,PC Portable,0.083,243.6,8.9,8.84,2026-07-31 18:00:00,2026-07-31 19:00:00
2006,PC Portable,0.114,243.6,12.8,12.76,2026-07-31 19:00:00,2026-07-31 20:00:00
2006,PC Portable,0.102,243.4,11.3,11.28,2026-07-31 20:00:00,2026-07-31 21:00:00
2006,PC Portable,0.1,243.2,10.9,10.86,2026-07-31 21:00:00,2026-07-31 22:00:00
2006,PC Portable,0.114,242.0,12.5,12.54,2026-07-31 22:00:00,2026-07-31 23:00:00
2006,PC Portable,0.123,241.2,13.7,13.67,2026-07-31 23:00:00,2026-08-01 00:00:00
2006,PC Portable,0.047,240.5,4.2,4.15,2026-08-01 00:00:00,2026-08-01 01:00:00
2006,PC Portable,0.047,240.3,4.1,4.13,2026-08-01 01:00:00,2026-08-01 02:00:00
2006,PC Portable,0.047,240.9,4.2,4.14,2026-08-01 02:00:00,2026-08-01 03:00:00
2001,TV Salle à manger,0.708,241.2,158.5,31.71,2026-08-01 03:00:00,2026-08-01 04:00:00
2006,PC Portable,0.047,241.1,4.1,4.13,2026-08-01 03:00:00,2026-08-01 04:00:00
2001,TV Salle à manger,0.713,241.2,159.6,159.64,2026-08-01 04:00:00,2026-08-01 05:00:00
2006,PC Portable,0.047,241.3,4.1,4.13,2026-08-01 04:00:00,2026-08-01 05:00:00
2001,TV Salle à manger,0.72,240.9,161.1,161.14,2026-08-01 05:00:00,2026-08-01 06:00:00
2006,PC Portable,0.047,241.0,4.1,4.14,2026-08-01 05:00:00,2026-08-01 06:00:00
2001,TV Salle à manger,0.731,240.4,163.5,29.97,2026-08-01 06:00:00,2026-08-01 07:00:00
2006,PC Portable,0.047,241.2,4.2,4.16,2026-08-01 06:00:00,2026-08-01 07:00:00
2006,PC Portable,0.105,242.5,11.8,11.82,2026-08-01 07:00:00,2026-08-01 08:00:00
2001,TV Salle à manger,0.038,242.8,1.0,0.02,2026-08-01 08:00:00,2026-08-01 09:00:00
2006,PC Portable,0.173,242.9,20.4,20.41,2026-08-01 08:00:00,2026-08-01 09:00:00
2006,PC Portable,0.062,243.0,6.2,6.24,2026-08-01 09:00:00,2026-08-01 10:00:00
2005,Lampe Salle à manger,0.081,241.8,11.2,5.62,2026-08-01 10:00:00,2026-08-01 11:00:00
2006,PC Portable,0.046,242.6,4.1,4.14,2026-08-01 10:00:00,2026-08-01 11:00:00
2007,Lampe Cuisine,0.037,241.9,5.3,2.47,2026-08-01 10:00:00,2026-08-01 11:00:00
2001,TV Salle à manger,0.707,243.8,160.0,53.35,2026-08-01 11:00:00,2026-08-01 12:00:00
2005,Lampe Salle à manger,0.078,242.1,10.9,10.88,2026-08-01 11:00:00,2026-08-01 12:00:00
2006,PC Portable,0.046,243.1,4.1,4.12,2026-08-01 11:00:00,2026-08-01 12:00:00
2007,Lampe Cuisine,0.037,241.8,5.3,3.43,2026-08-01 11:00:00,2026-08-01 12:00:00
2001,TV Salle à manger,0.713,244.2,161.5,161.5,2026-08-01 12:00:00,2026-08-01 13:00:00
2005,Lampe Salle à manger,0.077,243.2,10.8,10.78,2026-08-01 12:00:00,2026-08-01 13:00:00
2006,PC Portable,0.046,244.3,4.1,4.14,2026-08-01 12:00:00,2026-08-01 13:00:00
2001,TV Salle à manger,0.639,244.4,144.1,19.21,2026-08-01 13:00:00,2026-08-01 14:00:00
2005,Lampe Salle à manger,0.077,243.4,10.8,1.44,2026-08-01 13:00:00,2026-08-01 14:00:00
2006,PC Portable,0.047,244.6,4.1,4.14,2026-08-01 13:00:00,2026-08-01 14:00:00
2001,TV Salle à manger,0.031,244.9,1.0,0.02,2026-08-01 14:00:00,2026-08-01 15:00:00
2006,PC Portable,0.046,245.0,4.1,4.14,2026-08-01 14:00:00,2026-08-01 15:00:00
2006,PC Portable,0.046,245.0,4.1,4.13,2026-08-01 15:00:00,2026-08-01 16:00:00
2006,PC Portable,0.046,245.1,4.2,4.15,2026-08-01 16:00:00,2026-08-01 17:00:00
2006,PC Portable,0.046,245.2,4.1,4.14,2026-08-01 17:00:00,2026-08-01 18:00:00
2001,TV Salle à manger,0.039,245.0,1.0,0.02,2026-08-01 18:00:00,2026-08-01 19:00:00
2006,PC Portable,0.046,245.1,4.1,4.13,2026-08-01 18:00:00,2026-08-01 19:00:00
2006,PC Portable,0.046,245.2,4.1,4.14,2026-08-01 19:00:00,2026-08-01 20:00:00
2006,PC Portable,0.046,244.6,4.1,4.13,2026-08-01 20:00:00,2026-08-01 21:00:00
2006,PC Portable,0.047,243.3,4.1,4.14,2026-08-01 21:00:00,2026-08-01 22:00:00
2006,PC Portable,0.047,243.2,4.1,4.13,2026-08-01 22:00:00,2026-08-01 23:00:00
2001,TV Salle à manger,0.671,243.4,151.1,42.8,2026-08-01 23:00:00,2026-08-02 00:00:00
2006,PC Portable,0.047,243.2,4.2,4.15,2026-08-01 23:00:00,2026-08-02 00:00:00
2001,TV Salle à manger,0.712,242.8,160.5,157.84,2026-08-02 00:00:00,2026-08-02 01:00:00
2006,PC Portable,0.047,242.9,4.2,4.15,2026-08-02 00:00:00,2026-08-02 01:00:00
2002,Ecran,0.03,243.3,1.8,0.03,2026-08-02 01:00:00,2026-08-02 02:00:00
2006,PC Portable,0.155,242.7,18.3,18.29,2026-08-02 01:00:00,2026-08-02 02:00:00
2001,TV Salle à manger,0.037,242.5,1.0,0.02,2026-08-02 02:00:00,2026-08-02 03:00:00
2006,PC Portable,0.087,242.5,9.3,9.29,2026-08-02 02:00:00,2026-08-02 03:00:00
2001,TV Salle à manger,0.038,242.3,1.0,0.02,2026-08-02 03:00:00,2026-08-02 04:00:00
2006,PC Portable,0.047,241.7,4.2,4.14,2026-08-02 03:00:00,2026-08-02 04:00:00
2006,PC Portable,0.047,241.4,4.1,4.14,2026-08-02 04:00:00,2026-08-02 05:00:00
2006,PC Portable,0.047,240.9,4.1,4.14,2026-08-02 05:00:00,2026-08-02 06:00:00
2006,PC Portable,0.047,241.1,4.1,4.14,2026-08-02 06:00:00,2026-08-02 07:00:00
2001,TV Salle à manger,0.72,241.7,161.7,45.8,2026-08-02 07:00:00,2026-08-02 08:00:00
2006,PC Portable,0.047,241.7,4.1,4.14,2026-08-02 07:00:00,2026-08-02 08:00:00
2001,TV Salle à manger,0.724,242.8,163.2,163.21,2026-08-02 08:00:00,2026-08-02 09:00:00
2006,PC Portable,0.047,242.9,4.1,4.13,2026-08-02 08:00:00,2026-08-02 09:00:00
2001,TV Salle à manger,0.723,243.7,163.7,163.73,2026-08-02 09:00:00,2026-08-02 10:00:00
2006,PC Portable,0.047,243.8,4.2,4.14,2026-08-02 09:00:00,2026-08-02 10:00:00
2001,TV Salle à manger,0.717,243.9,162.4,62.25,2026-08-02 10:00:00,2026-08-02 11:00:00
2002,Ecran,0.031,242.8,1.8,0.03,2026-08-02 10:00:00,2026-08-02 11:00:00
2005,Lampe Salle à manger,0.08,242.8,11.0,10.47,2026-08-02 10:00:00,2026-08-02 11:00:00
2006,PC Portable,0.066,243.8,6.7,6.68,2026-08-02 10:00:00,2026-08-02 11:00:00
2007,Lampe Cuisine,0.037,243.0,5.3,5.03,2026-08-02 10:00:00,2026-08-02 11:00:00
2008,Lampe Chambre,0.037,244.0,5.3,1.15,2026-08-02 10:00:00,2026-08-02 11:00:00
2005,Lampe Salle à manger,0.077,243.8,10.7,7.85,2026-08-02 11:00:00,2026-08-02 12:00:00
2006,PC Portable,0.047,244.8,4.2,4.15,2026-08-02 11:00:00,2026-08-02 12:00:00
2007,Lampe Cuisine,0.037,243.8,5.3,3.82,2026-08-02 11:00:00,2026-08-02 12:00:00
2006,PC Portable,0.046,245.2,4.2,4.14,2026-08-02 12:00:00,2026-08-02 13:00:00
2006,PC Portable,0.046,245.7,4.2,4.15,2026-08-02 13:00:00,2026-08-02 14:00:00
2006,PC Portable,0.046,245.2,4.1,4.14,2026-08-02 14:00:00,2026-08-02 15:00:00
2001,TV Salle à manger,0.042,245.5,1.2,0.02,2026-08-02 15:00:00,2026-08-02 16:00:00
2006,PC Portable,0.046,245.3,4.1,4.12,2026-08-02 15:00:00,2026-08-02 16:00:00
2005,Lampe Salle à manger,0.081,243.9,11.3,6.03,2026-08-02 16:00:00,2026-08-02 17:00:00
2006,PC Portable,0.046,244.9,4.1,4.12,2026-08-02 16:00:00,2026-08-02 17:00:00
2007,Lampe Cuisine,0.038,244.1,5.4,3.3,2026-08-02 16:00:00,2026-08-02 17:00:00
2006,PC Portable,0.046,243.8,4.1,4.13,2026-08-02 17:00:00,2026-08-02 18:00:00
2001,TV Salle à manger,0.036,243.6,1.0,0.02,2026-08-02 18:00:00,2026-08-02 19:00:00
2006,PC Portable,0.046,243.6,4.1,4.13,2026-08-02 18:00:00,2026-08-02 19:00:00
2006,PC Portable,0.089,242.8,9.7,9.68,2026-08-02 19:00:00,2026-08-02 20:00:00
2006,PC Portable,0.046,242.0,4.1,4.11,2026-08-02 20:00:00,2026-08-02 21:00:00
2006,PC Portable,0.047,242.5,4.1,4.13,2026-08-02 21:00:00,2026-08-02 22:00:00
2006,PC Portable,0.047,242.5,4.1,4.13,2026-08-02 22:00:00,2026-08-02 23:00:00
2006,PC Portable,0.047,241.5,4.1,4.13,2026-08-02 23:00:00,2026-08-03 00:00:00
2006,PC Portable,0.047,241.8,4.1,4.13,2026-08-03 00:00:00,2026-08-03 01:00:00
2001,TV Salle à manger,0.049,242.6,1.4,0.02,2026-08-03 01:00:00,2026-08-03 02:00:00
2006,PC Portable,0.047,242.6,4.2,4.14,2026-08-03 01:00:00,2026-08-03 02:00:00
2001,TV Salle à manger,0.044,242.5,1.3,0.09,2026-08-03 02:00:00,2026-08-03 03:00:00
2006,PC Portable,0.047,242.5,4.2,4.16,2026-08-03 02:00:00,2026-08-03 03:00:00
2006,PC Portable,0.047,242.7,4.2,4.14,2026-08-03 03:00:00,2026-08-03 04:00:00
2002,Ecran,0.166,243.1,21.7,19.9,2026-08-03 04:00:00,2026-08-03 05:00:00
2006,PC Portable,0.182,243.3,23.8,23.81,2026-08-03 04:00:00,2026-08-03 05:00:00
2002,Ecran,0.165,244.2,21.6,17.67,2026-08-03 05:00:00,2026-08-03 06:00:00
2006,PC Portable,0.147,244.7,18.0,17.97,2026-08-03 05:00:00,2026-08-03 06:00:00
2006,PC Portable,0.107,244.8,11.8,11.79,2026-08-03 06:00:00,2026-08-03 07:00:00
2001,TV Salle à manger,0.709,244.8,161.0,56.36,2026-08-03 07:00:00,2026-08-03 08:00:00
2006,PC Portable,0.1,244.4,10.8,10.81,2026-08-03 07:00:00,2026-08-03 08:00:00
2007,Lampe Cuisine,0.037,244.1,5.4,0.9,2026-08-03 07:00:00,2026-08-03 08:00:00
2001,TV Salle à manger,0.709,244.4,160.8,160.8,2026-08-03 08:00:00,2026-08-03 09:00:00
2005,Lampe Salle à manger,0.091,244.2,12.9,1.29,2026-08-03 08:00:00,2026-08-03 09:00:00
2006,PC Portable,0.123,244.5,14.1,14.11,2026-08-03 08:00:00,2026-08-03 09:00:00
2007,Lampe Cuisine,0.037,243.0,5.3,0.36,2026-08-03 08:00:00,2026-08-03 09:00:00
2001,TV Salle à manger,0.707,245.0,160.5,160.51,2026-08-03 09:00:00,2026-08-03 10:00:00
2005,Lampe Salle à manger,0.077,244.0,10.8,10.83,2026-08-03 09:00:00,2026-08-03 10:00:00
2006,PC Portable,0.102,245.1,11.2,11.24,2026-08-03 09:00:00,2026-08-03 10:00:00
2001,TV Salle à manger,0.704,245.7,160.3,160.27,2026-08-03 10:00:00,2026-08-03 11:00:00
2005,Lampe Salle à manger,0.077,244.7,10.7,10.72,2026-08-03 10:00:00,2026-08-03 11:00:00
2006,PC Portable,0.097,245.8,10.6,10.57,2026-08-03 10:00:00,2026-08-03 11:00:00
2001,TV Salle à manger,0.26,247.0,54.2,2.71,2026-08-03 11:00:00,2026-08-03 12:00:00
2005,Lampe Salle à manger,0.076,245.8,10.7,0.71,2026-08-03 11:00:00,2026-08-03 12:00:00
2006,PC Portable,0.051,246.9,4.8,4.81,2026-08-03 11:00:00,2026-08-03 12:00:00
2006,PC Portable,0.046,246.8,4.1,4.13,2026-08-03 12:00:00,2026-08-03 13:00:00
2006,PC Portable,0.046,246.7,4.1,4.12,2026-08-03 13:00:00,2026-08-03 14:00:00
2006,PC Portable,0.046,246.8,4.1,4.14,2026-08-03 14:00:00,2026-08-03 15:00:00
2005,Lampe Salle à manger,0.089,245.8,12.6,1.68,2026-08-03 15:00:00,2026-08-03 16:00:00
2006,PC Portable,0.046,246.8,4.1,4.12,2026-08-03 15:00:00,2026-08-03 16:00:00
2007,Lampe Cuisine,0.037,245.9,5.4,1.98,2026-08-03 15:00:00,2026-08-03 16:00:00
2005,Lampe Salle à manger,0.078,245.4,10.8,2.51,2026-08-03 16:00:00,2026-08-03 17:00:00
2006,PC Portable,0.046,245.9,4.1,4.12,2026-08-03 16:00:00,2026-08-03 17:00:00
2007,Lampe Cuisine,0.038,245.4,5.4,1.88,2026-08-03 16:00:00,2026-08-03 17:00:00
2001,TV Salle à manger,0.038,245.3,1.0,0.02,2026-08-03 17:00:00,2026-08-03 18:00:00
2006,PC Portable,0.046,245.2,4.1,4.12,2026-08-03 17:00:00,2026-08-03 18:00:00
2001,TV Salle à manger,0.038,244.0,1.0,0.02,2026-08-03 18:00:00,2026-08-03 19:00:00
2002,Ecran,0.128,243.6,16.3,1.91,2026-08-03 18:00:00,2026-08-03 19:00:00
2006,PC Portable,0.095,244.5,16.1,16.06,2026-08-03 18:00:00,2026-08-03 19:00:00
2001,TV Salle à manger,0.052,242.9,1.4,0.02,2026-08-03 19:00:00,2026-08-03 20:00:00
2002,Ecran,0.167,243.2,21.6,21.65,2026-08-03 19:00:00,2026-08-03 20:00:00
2006,PC Portable,0.246,243.5,50.8,50.84,2026-08-03 19:00:00,2026-08-03 20:00:00
2002,Ecran,0.167,242.2,21.6,21.61,2026-08-03 20:00:00,2026-08-03 21:00:00
2006,PC Portable,0.157,242.5,19.2,19.23,2026-08-03 20:00:00,2026-08-03 21:00:00
2001,TV Salle à manger,0.039,242.6,1.0,0.02,2026-08-03 21:00:00,2026-08-03 22:00:00
2002,Ecran,0.168,242.7,21.6,21.62,2026-08-03 21:00:00,2026-08-03 22:00:00
2006,PC Portable,0.185,243.0,26.1,26.11,2026-08-03 21:00:00,2026-08-03 22:00:00
2002,Ecran,0.17,242.5,21.6,21.6,2026-08-03 22:00:00,2026-08-03 23:00:00
2006,PC Portable,0.184,242.7,30.1,30.12,2026-08-03 22:00:00,2026-08-03 23:00:00
2002,Ecran,0.167,241.8,21.6,21.62,2026-08-03 23:00:00,2026-08-04 00:00:00
2006,PC Portable,0.167,242.2,22.0,21.97,2026-08-03 23:00:00,2026-08-04 00:00:00
2001,TV Salle à manger,0.719,240.7,160.7,107.15,2026-08-04 00:00:00,2026-08-04 01:00:00
2002,Ecran,0.168,240.8,21.6,1.44,2026-08-04 00:00:00,2026-08-04 01:00:00
2006,PC Portable,0.102,240.9,11.0,10.98,2026-08-04 00:00:00,2026-08-04 01:00:00
2001,TV Salle à manger,0.61,241.4,135.4,13.54,2026-08-04 01:00:00,2026-08-04 02:00:00
2002,Ecran,0.133,242.9,21.5,1.08,2026-08-04 01:00:00,2026-08-04 02:00:00
2006,PC Portable,0.12,243.3,13.5,13.47,2026-08-04 01:00:00,2026-08-04 02:00:00
2001,TV Salle à manger,0.051,245.1,1.5,0.03,2026-08-04 02:00:00,2026-08-04 03:00:00
2006,PC Portable,0.095,243.8,10.2,10.22,2026-08-04 02:00:00,2026-08-04 03:00:00
2006,PC Portable,0.107,244.3,11.6,11.59,2026-08-04 03:00:00,2026-08-04 04:00:00
2002,Ecran,0.162,244.8,21.8,4.0,2026-08-04 04:00:00,2026-08-04 05:00:00
2006,PC Portable,0.125,244.7,14.6,14.63,2026-08-04 04:00:00,2026-08-04 05:00:00
2002,Ecran,0.164,244.8,21.6,21.64,2026-08-04 05:00:00,2026-08-04 06:00:00
2006,PC Portable,0.177,245.1,23.6,23.58,2026-08-04 05:00:00,2026-08-04 06:00:00
2002,Ecran,0.162,243.4,20.9,9.05,2026-08-04 06:00:00,2026-08-04 07:00:00
2006,PC Portable,0.126,243.8,14.4,14.36,2026-08-04 06:00:00,2026-08-04 07:00:00
2006,PC Portable,0.081,244.6,8.6,8.57,2026-08-04 07:00:00,2026-08-04 08:00:00
2002,Ecran,0.132,245.0,17.0,1.13,2026-08-04 08:00:00,2026-08-04 09:00:00
2006,PC Portable,0.158,245.4,18.5,18.54,2026-08-04 08:00:00,2026-08-04 09:00:00
2008,Lampe Chambre,0.037,246.3,5.4,0.27,2026-08-04 08:00:00,2026-08-04 09:00:00
2005,Lampe Salle à manger,0.078,245.1,11.0,10.77,2026-08-04 09:00:00,2026-08-04 10:00:00
2006,PC Portable,0.066,246.0,6.7,6.73,2026-08-04 09:00:00,2026-08-04 10:00:00
2008,Lampe Chambre,0.037,246.1,5.4,0.71,2026-08-04 09:00:00,2026-08-04 10:00:00
2001,TV Salle à manger,0.037,245.5,1.0,0.02,2026-08-04 10:00:00,2026-08-04 11:00:00
2005,Lampe Salle à manger,0.076,245.3,10.7,5.19,2026-08-04 10:00:00,2026-08-04 11:00:00
2006,PC Portable,0.053,245.9,5.0,5.0,2026-08-04 10:00:00,2026-08-04 11:00:00
2006,PC Portable,0.05,245.9,4.6,4.62,2026-08-04 11:00:00,2026-08-04 12:00:00
2001,TV Salle à manger,0.031,246.2,1.1,0.02,2026-08-04 12:00:00,2026-08-04 13:00:00
2006,PC Portable,0.05,246.6,4.6,4.63,2026-08-04 12:00:00,2026-08-04 13:00:00
2006,PC Portable,0.05,247.0,4.6,4.62,2026-08-04 13:00:00,2026-08-04 14:00:00
2001,TV Salle à manger,0.044,247.0,1.3,0.02,2026-08-04 14:00:00,2026-08-04 15:00:00
2004,Cafetiere,3.826,244.4,822.2,27.41,2026-08-04 14:00:00,2026-08-04 15:00:00
2005,Lampe Salle à manger,0.08,245.9,11.3,5.28,2026-08-04 14:00:00,2026-08-04 15:00:00
2006,PC Portable,0.059,247.0,5.9,5.87,2026-08-04 14:00:00,2026-08-04 15:00:00
2004,Cafetiere,1.207,246.0,57.9,4.82,2026-08-04 15:00:00,2026-08-04 16:00:00
2005,Lampe Salle à manger,0.078,244.6,10.8,10.22,2026-08-04 15:00:00,2026-08-04 16:00:00
2006,PC Portable,0.051,245.5,4.8,4.79,2026-08-04 15:00:00,2026-08-04 16:00:00
2006,PC Portable,0.046,243.6,4.1,4.12,2026-08-04 16:00:00,2026-08-04 17:00:00
2006,PC Portable,0.046,242.6,4.1,4.11,2026-08-04 17:00:00,2026-08-04 18:00:00
2006,PC Portable,0.047,241.4,4.1,4.12,2026-08-04 18:00:00,2026-08-04 19:00:00
2001,TV Salle à manger,0.037,242.1,1.2,0.02,2026-08-04 19:00:00,2026-08-04 20:00:00
2006,PC Portable,0.047,242.8,4.1,4.11,2026-08-04 19:00:00,2026-08-04 20:00:00
2006,PC Portable,0.047,242.0,4.1,4.12,2026-08-04 20:00:00,2026-08-04 21:00:00
2001,TV Salle à manger,0.038,242.5,1.0,0.02,2026-08-04 21:00:00,2026-08-04 22:00:00
2006,PC Portable,0.047,242.2,4.1,4.11,2026-08-04 21:00:00,2026-08-04 22:00:00
2006,PC Portable,0.047,242.1,4.1,4.11,2026-08-04 22:00:00,2026-08-04 23:00:00
2006,PC Portable,0.047,242.1,4.1,4.11,2026-08-04 23:00:00,2026-08-05 00:00:00
2006,PC Portable,0.047,242.3,4.1,4.12,2026-08-05 00:00:00,2026-08-05 01:00:00
2006,PC Portable,0.047,242.4,4.1,4.11,2026-08-05 01:00:00,2026-08-05 02:00:00
2006,PC Portable,0.047,242.6,4.1,4.11,2026-08-05 02:00:00,2026-08-05 03:00:00
2006,PC Portable,0.047,242.5,4.1,4.1,2026-08-05 03:00:00,2026-08-05 04:00:00
2006,PC Portable,0.047,242.7,4.1,4.11,2026-08-05 04:00:00,2026-08-05 05:00:00
2006,PC Portable,0.046,242.8,4.1,4.11,2026-08-05 05:00:00,2026-08-05 06:00:00
2006,PC Portable,0.046,244.2,4.1,4.11,2026-08-05 06:00:00,2026-08-05 07:00:00
2007,Lampe Cuisine,0.038,243.6,5.3,2.31,2026-08-05 06:00:00,2026-08-05 07:00:00
2001,TV Salle à manger,0.036,245.3,1.1,0.02,2026-08-05 07:00:00,2026-08-05 08:00:00
2005,Lampe Salle à manger,0.092,244.5,12.8,1.28,2026-08-05 07:00:00,2026-08-05 08:00:00
2006,PC Portable,0.046,245.1,4.1,4.12,2026-08-05 07:00:00,2026-08-05 08:00:00
2007,Lampe Cuisine,0.038,244.4,5.4,0.63,2026-08-05 07:00:00,2026-08-05 08:00:00
2005,Lampe Salle à manger,0.078,245.2,10.8,10.83,2026-08-05 08:00:00,2026-08-05 09:00:00
2006,PC Portable,0.046,246.1,4.1,4.11,2026-08-05 08:00:00,2026-08-05 09:00:00
2007,Lampe Cuisine,0.038,245.3,5.4,3.78,2026-08-05 08:00:00,2026-08-05 09:00:00
2005,Lampe Salle à manger,0.078,245.1,10.8,8.32,2026-08-05 09:00:00,2026-08-05 10:00:00
2006,PC Portable,0.046,245.8,4.1,4.1,2026-08-05 09:00:00,2026-08-05 10:00:00
2006,PC Portable,0.128,244.0,14.7,14.68,2026-08-05 10:00:00,2026-08-05 11:00:00
2006,PC Portable,0.116,244.5,13.1,13.15,2026-08-05 11:00:00,2026-08-05 12:00:00
2001,TV Salle à manger,0.048,244.8,1.4,0.07,2026-08-05 12:00:00,2026-08-05 13:00:00
2006,PC Portable,0.071,245.0,7.4,7.39,2026-08-05 12:00:00,2026-08-05 13:00:00
2006,PC Portable,0.068,245.4,7.0,6.99,2026-08-05 13:00:00,2026-08-05 14:00:00
2006,PC Portable,0.054,245.2,5.1,5.14,2026-08-05 14:00:00,2026-08-05 15:00:00
2007,Lampe Cuisine,0.038,244.4,5.4,3.49,2026-08-05 14:00:00,2026-08-05 15:00:00
2005,Lampe Salle à manger,0.084,243.4,11.5,3.85,2026-08-05 15:00:00,2026-08-05 16:00:00
2006,PC Portable,0.046,244.2,4.1,4.12,2026-08-05 15:00:00,2026-08-05 16:00:00
2007,Lampe Cuisine,0.038,243.7,5.4,2.32,2026-08-05 15:00:00,2026-08-05 16:00:00
2006,PC Portable,0.046,243.2,4.1,4.09,2026-08-05 16:00:00,2026-08-05 17:00:00
2006,PC Portable,0.046,242.4,4.1,4.1,2026-08-05 17:00:00,2026-08-05 18:00:00
2001,TV Salle à manger,0.038,242.3,1.1,0.02,2026-08-05 18:00:00,2026-08-05 19:00:00
2006,PC Portable,0.046,241.7,4.1,4.11,2026-08-05 18:00:00,2026-08-05 19:00:00
2006,PC Portable,0.047,241.4,4.1,4.1,2026-08-05 19:00:00,2026-08-05 20:00:00
2006,PC Portable,0.047,242.2,4.1,4.1,2026-08-05 20:00:00,2026-08-05 21:00:00
2006,PC Portable,0.047,242.7,4.1,4.1,2026-08-05 21:00:00,2026-08-05 22:00:00
2001,TV Salle à manger,0.034,243.5,1.1,0.02,2026-08-05 22:00:00,2026-08-05 23:00:00
2006,PC Portable,0.047,242.8,4.1,4.11,2026-08-05 22:00:00,2026-08-05 23:00:00
2001,TV Salle à manger,0.039,241.8,1.1,0.02,2026-08-05 23:00:00,2026-08-06 00:00:00
2006,PC Portable,0.047,242.3,4.1,4.11,2026-08-05 23:00:00,2026-08-06 00:00:00
2001,TV Salle à manger,0.72,242.2,162.1,27.02,2026-08-06 00:00:00,2026-08-06 01:00:00
2006,PC Portable,0.047,242.2,4.1,4.09,2026-08-06 00:00:00,2026-08-06 01:00:00
2001,TV Salle à manger,0.718,242.5,161.5,161.55,2026-08-06 01:00:00,2026-08-06 02:00:00
2006,PC Portable,0.047,242.6,4.1,4.11,2026-08-06 01:00:00,2026-08-06 02:00:00
2001,TV Salle à manger,0.712,243.4,160.7,160.68,2026-08-06 02:00:00,2026-08-06 03:00:00
2006,PC Portable,0.047,243.5,4.1,4.11,2026-08-06 02:00:00,2026-08-06 03:00:00
2001,TV Salle à manger,0.713,243.2,160.7,160.71,2026-08-06 03:00:00,2026-08-06 04:00:00
2006,PC Portable,0.047,243.3,4.1,4.1,2026-08-06 03:00:00,2026-08-06 04:00:00
2001,TV Salle à manger,0.71,243.0,159.9,159.94,2026-08-06 04:00:00,2026-08-06 05:00:00
2006,PC Portable,0.046,243.1,4.1,4.11,2026-08-06 04:00:00,2026-08-06 05:00:00
2001,TV Salle à manger,0.709,244.3,160.4,160.43,2026-08-06 05:00:00,2026-08-06 06:00:00
2006,PC Portable,0.046,244.4,4.1,4.1,2026-08-06 05:00:00,2026-08-06 06:00:00
2001,TV Salle à manger,0.709,245.5,161.2,161.21,2026-08-06 06:00:00,2026-08-06 07:00:00
2006,PC Portable,0.046,245.6,4.1,4.12,2026-08-06 06:00:00,2026-08-06 07:00:00
2001,TV Salle à manger,0.71,245.6,161.6,161.55,2026-08-06 07:00:00,2026-08-06 08:00:00
2005,Lampe Salle à manger,0.081,244.5,11.3,4.32,2026-08-06 07:00:00,2026-08-06 08:00:00
2006,PC Portable,0.046,245.8,4.1,4.11,2026-08-06 07:00:00,2026-08-06 08:00:00
2007,Lampe Cuisine,0.038,244.8,5.4,2.06,2026-08-06 07:00:00,2026-08-06 08:00:00
2001,TV Salle à manger,0.712,246.1,162.3,162.32,2026-08-06 08:00:00,2026-08-06 09:00:00
2005,Lampe Salle à manger,0.077,245.1,10.7,10.72,2026-08-06 08:00:00,2026-08-06 09:00:00
2006,PC Portable,0.129,246.3,15.1,15.05,2026-08-06 08:00:00,2026-08-06 09:00:00
2007,Lampe Cuisine,0.038,245.5,5.4,0.72,2026-08-06 08:00:00,2026-08-06 09:00:00
2001,TV Salle à manger,0.049,245.3,1.4,0.02,2026-08-06 09:00:00,2026-08-06 10:00:00
2006,PC Portable,0.046,245.9,4.1,4.12,2026-08-06 09:00:00,2026-08-06 10:00:00
2006,PC Portable,0.046,244.8,4.1,4.1,2026-08-06 10:00:00,2026-08-06 11:00:00
2006,PC Portable,0.046,245.5,4.1,4.1,2026-08-06 11:00:00,2026-08-06 12:00:00
2006,PC Portable,0.046,245.8,4.1,4.09,2026-08-06 12:00:00,2026-08-06 13:00:00
2006,PC Portable,0.046,245.8,4.1,4.08,2026-08-06 13:00:00,2026-08-06 14:00:00
2005,Lampe Salle à manger,0.085,244.8,11.6,4.25,2026-08-06 14:00:00,2026-08-06 15:00:00
2006,PC Portable,0.046,245.9,4.1,4.09,2026-08-06 14:00:00,2026-08-06 15:00:00
2007,Lampe Cuisine,0.038,245.0,5.4,1.96,2026-08-06 14:00:00,2026-08-06 15:00:00
2005,Lampe Salle à manger,0.08,244.4,10.9,3.1,2026-08-06 15:00:00,2026-08-06 16:00:00
2006,PC Portable,0.046,245.1,4.1,4.08,2026-08-06 15:00:00,2026-08-06 16:00:00
2007,Lampe Cuisine,0.039,244.5,5.4,1.61,2026-08-06 15:00:00,2026-08-06 16:00:00
2001,TV Salle à manger,0.043,244.9,1.2,0.04,2026-08-06 16:00:00,2026-08-06 17:00:00
2006,PC Portable,0.046,244.6,4.1,4.09,2026-08-06 16:00:00,2026-08-06 17:00:00
2006,PC Portable,0.046,243.3,4.1,4.09,2026-08-06 17:00:00,2026-08-06 18:00:00
2006,PC Portable,0.046,242.8,4.1,4.1,2026-08-06 18:00:00,2026-08-06 19:00:00
2006,PC Portable,0.046,242.3,4.1,4.11,2026-08-06 19:00:00,2026-08-06 20:00:00
2006,PC Portable,0.046,243.2,4.1,4.11,2026-08-06 20:00:00,2026-08-06 21:00:00
2001,TV Salle à manger,0.03,242.1,1.0,0.02,2026-08-06 21:00:00,2026-08-06 22:00:00
2006,PC Portable,0.047,242.7,4.1,4.12,2026-08-06 21:00:00,2026-08-06 22:00:00
2006,PC Portable,0.047,242.1,4.1,4.1,2026-08-06 22:00:00,2026-08-06 23:00:00
2006,PC Portable,0.047,242.6,4.1,4.11,2026-08-06 23:00:00,2026-08-07 00:00:00
2006,PC Portable,0.047,242.8,4.1,4.1,2026-08-07 00:00:00,2026-08-07 01:00:00
2006,PC Portable,0.047,242.9,4.1,4.11,2026-08-07 01:00:00,2026-08-07 02:00:00
2006,PC Portable,0.047,242.7,4.1,4.1,2026-08-07 02:00:00,2026-08-07 03:00:00
2006,PC Portable,0.047,243.0,4.1,4.1,2026-08-07 03:00:00,2026-08-07 04:00:00
2006,PC Portable,0.047,242.6,4.1,4.1,2026-08-07 04:00:00,2026-08-07 05:00:00
2006,PC Portable,0.046,244.0,4.1,4.09,2026-08-07 05:00:00,2026-08-07 06:00:00
2006,PC Portable,0.046,245.3,4.1,4.09,2026-08-07 06:00:00,2026-08-07 07:00:00
2006,PC Portable,0.046,245.8,4.1,4.1,2026-08-07 07:00:00,2026-08-07 08:00:00
2001,TV Salle à manger,0.698,246.4,159.3,151.37,2026-08-07 08:00:00,2026-08-07 09:00:00
2005,Lampe Salle à manger,0.079,245.3,11.0,11.03,2026-08-07 08:00:00,2026-08-07 09:00:00
2006,PC Portable,0.046,246.4,4.1,4.1,2026-08-07 08:00:00,2026-08-07 09:00:00
2007,Lampe Cuisine,0.038,245.6,5.4,1.97,2026-08-07 08:00:00,2026-08-07 09:00:00
2008,Lampe Chambre,0.037,246.8,5.3,0.18,2026-08-07 08:00:00,2026-08-07 09:00:00
2001,TV Salle à manger,0.705,245.6,160.3,160.3,2026-08-07 09:00:00,2026-08-07 10:00:00
2005,Lampe Salle à manger,0.078,244.6,10.8,10.83,2026-08-07 09:00:00,2026-08-07 10:00:00
2006,PC Portable,0.046,245.7,4.1,4.1,2026-08-07 09:00:00,2026-08-07 10:00:00
2001,TV Salle à manger,0.709,245.3,161.1,161.08,2026-08-07 10:00:00,2026-08-07 11:00:00
2005,Lampe Salle à manger,0.078,244.3,10.8,10.82,2026-08-07 10:00:00,2026-08-07 11:00:00
2006,PC Portable,0.046,245.4,4.1,4.1,2026-08-07 10:00:00,2026-08-07 11:00:00
2001,TV Salle à manger,0.715,245.4,162.5,2.71,2026-08-07 11:00:00,2026-08-07 12:00:00
2005,Lampe Salle à manger,0.078,244.5,10.8,2.7,2026-08-07 11:00:00,2026-08-07 12:00:00
2006,PC Portable,0.046,245.7,4.1,4.1,2026-08-07 11:00:00,2026-08-07 12:00:00
2001,TV Salle à manger,0.034,245.9,1.1,0.02,2026-08-07 12:00:00,2026-08-07 13:00:00
2006,PC Portable,0.046,246.0,4.1,4.09,2026-08-07 12:00:00,2026-08-07 13:00:00
2006,PC Portable,0.046,246.0,4.1,4.1,2026-08-07 13:00:00,2026-08-07 14:00:00
2006,PC Portable,0.046,245.9,4.1,4.09,2026-08-07 14:00:00,2026-08-07 15:00:00
2006,PC Portable,0.046,245.5,4.1,4.1,2026-08-07 15:00:00,2026-08-07 16:00:00
2006,PC Portable,0.046,245.1,4.1,4.1,2026-08-07 16:00:00,2026-08-07 17:00:00
2006,PC Portable,0.046,244.7,4.1,4.08,2026-08-07 17:00:00,2026-08-07 18:00:00
2001,TV Salle à manger,0.046,243.5,1.3,0.02,2026-08-07 18:00:00,2026-08-07 19:00:00
2006,PC Portable,0.047,243.4,4.2,4.22,2026-08-07 18:00:00,2026-08-07 19:00:00
2006,PC Portable,0.159,243.6,18.6,18.57,2026-08-07 19:00:00,2026-08-07 20:00:00
2001,TV Salle à manger,0.04,244.4,1.1,0.02,2026-08-07 20:00:00,2026-08-07 21:00:00
2006,PC Portable,0.099,243.5,10.8,10.75,2026-08-07 20:00:00,2026-08-07 21:00:00
2006,PC Portable,0.05,242.4,4.6,4.55,2026-08-07 21:00:00,2026-08-07 22:00:00
2001,TV Salle à manger,0.039,242.7,1.0,0.02,2026-08-07 22:00:00,2026-08-07 23:00:00
2006,PC Portable,0.046,242.6,4.1,4.1,2026-08-07 22:00:00,2026-08-07 23:00:00
2006,PC Portable,0.046,242.3,4.1,4.09,2026-08-07 23:00:00,2026-08-08 00:00:00
2001,TV Salle à manger,0.048,240.7,1.4,0.02,2026-08-08 00:00:00,2026-08-08 01:00:00
2006,PC Portable,0.046,241.9,4.1,4.1,2026-08-08 00:00:00,2026-08-08 01:00:00
2006,PC Portable,0.046,241.8,4.1,4.1,2026-08-08 01:00:00,2026-08-08 02:00:00
2006,PC Portable,0.046,242.8,4.1,4.1,2026-08-08 02:00:00,2026-08-08 03:00:00
2001,TV Salle à manger,0.045,243.4,1.3,0.02,2026-08-08 03:00:00,2026-08-08 04:00:00
2006,PC Portable,0.046,243.3,4.1,4.11,2026-08-08 03:00:00,2026-08-08 04:00:00
2006,PC Portable,0.046,243.7,4.1,4.1,2026-08-08 04:00:00,2026-08-08 05:00:00
2006,PC Portable,0.046,244.6,4.1,4.1,2026-08-08 05:00:00,2026-08-08 06:00:00
2006,PC Portable,0.046,245.7,4.1,4.11,2026-08-08 06:00:00,2026-08-08 07:00:00
2001,TV Salle à manger,0.679,246.1,154.4,72.06,2026-08-08 07:00:00,2026-08-08 08:00:00
2002,Ecran,0.03,246.1,1.8,0.03,2026-08-08 07:00:00,2026-08-08 08:00:00
2005,Lampe Salle à manger,0.08,245.1,11.2,5.4,2026-08-08 07:00:00,2026-08-08 08:00:00
2006,PC Portable,0.15,246.2,18.0,18.04,2026-08-08 07:00:00,2026-08-08 08:00:00
2007,Lampe Cuisine,0.038,245.4,5.4,1.7,2026-08-08 07:00:00,2026-08-08 08:00:00
2008,Lampe Chambre,0.037,246.7,5.3,0.44,2026-08-08 07:00:00,2026-08-08 08:00:00
2001,TV Salle à manger,0.701,246.6,160.1,160.06,2026-08-08 08:00:00,2026-08-08 09:00:00
2005,Lampe Salle à manger,0.077,245.6,10.7,10.67,2026-08-08 08:00:00,2026-08-08 09:00:00
2006,PC Portable,0.083,246.7,9.0,8.97,2026-08-08 08:00:00,2026-08-08 09:00:00
2008,Lampe Chambre,0.037,247.0,5.4,3.04,2026-08-08 08:00:00,2026-08-08 09:00:00
2001,TV Salle à manger,0.7,246.7,159.9,159.87,2026-08-08 09:00:00,2026-08-08 10:00:00
2005,Lampe Salle à manger,0.077,245.7,10.7,10.69,2026-08-08 09:00:00,2026-08-08 10:00:00
2006,PC Portable,0.046,246.8,4.1,4.1,2026-08-08 09:00:00,2026-08-08 10:00:00
2001,TV Salle à manger,0.704,245.3,160.0,159.99,2026-08-08 10:00:00,2026-08-08 11:00:00
2005,Lampe Salle à manger,0.078,244.3,10.8,10.75,2026-08-08 10:00:00,2026-08-08 11:00:00
2006,PC Portable,0.046,245.5,4.1,4.1,2026-08-08 10:00:00,2026-08-08 11:00:00
2001,TV Salle à manger,0.703,245.6,160.0,122.67,2026-08-08 11:00:00,2026-08-08 12:00:00
2005,Lampe Salle à manger,0.079,244.7,10.8,10.78,2026-08-08 11:00:00,2026-08-08 12:00:00
2006,PC Portable,0.046,245.8,4.1,4.09,2026-08-08 11:00:00,2026-08-08 12:00:00
2005,Lampe Salle à manger,0.079,245.1,10.8,4.87,2026-08-08 12:00:00,2026-08-08 13:00:00
2006,PC Portable,0.046,246.3,4.1,4.1,2026-08-08 12:00:00,2026-08-08 13:00:00
2006,PC Portable,0.046,246.7,4.1,4.1,2026-08-08 13:00:00,2026-08-08 14:00:00
2001,TV Salle à manger,0.04,246.3,1.1,0.02,2026-08-08 14:00:00,2026-08-08 15:00:00
2006,PC Portable,0.046,246.4,4.1,4.09,2026-08-08 14:00:00,2026-08-08 15:00:00
2001,TV Salle à manger,0.051,246.3,1.5,0.03,2026-08-08 15:00:00,2026-08-08 16:00:00
2006,PC Portable,0.046,246.0,4.1,4.09,2026-08-08 15:00:00,2026-08-08 16:00:00
2006,PC Portable,0.046,246.0,4.1,4.09,2026-08-08 16:00:00,2026-08-08 17:00:00
2006,PC Portable,0.046,245.7,4.1,4.09,2026-08-08 17:00:00,2026-08-08 18:00:00
2006,PC Portable,0.046,244.8,4.1,4.09,2026-08-08 18:00:00,2026-08-08 19:00:00
2006,PC Portable,0.046,243.5,4.1,4.09,2026-08-08 19:00:00,2026-08-08 20:00:00
2001,TV Salle à manger,0.684,243.5,154.1,92.49,2026-08-08 20:00:00,2026-08-08 21:00:00
2006,PC Portable,0.046,243.7,4.1,4.09,2026-08-08 20:00:00,2026-08-08 21:00:00
2001,TV Salle à manger,0.712,243.7,160.8,160.78,2026-08-08 21:00:00,2026-08-08 22:00:00
2006,PC Portable,0.046,243.8,4.1,4.09,2026-08-08 21:00:00,2026-08-08 22:00:00
2001,TV Salle à manger,0.711,243.2,160.4,160.37,2026-08-08 22:00:00,2026-08-08 23:00:00
2006,PC Portable,0.046,243.3,4.1,4.1,2026-08-08 22:00:00,2026-08-08 23:00:00
2001,TV Salle à manger,0.714,242.9,160.8,160.78,2026-08-08 23:00:00,2026-08-09 00:00:00
2006,PC Portable,0.046,243.0,4.1,4.09,2026-08-08 23:00:00,2026-08-09 00:00:00
2001,TV Salle à manger,0.714,241.5,160.0,160.03,2026-08-09 00:00:00,2026-08-09 01:00:00
2006,PC Portable,0.059,241.6,5.7,5.72,2026-08-09 00:00:00,2026-08-09 01:00:00
2001,TV Salle à manger,0.709,243.4,159.9,159.95,2026-08-09 01:00:00,2026-08-09 02:00:00
2006,PC Portable,0.129,243.5,14.7,14.66,2026-08-09 01:00:00,2026-08-09 02:00:00
2001,TV Salle à manger,0.694,243.8,156.5,156.5,2026-08-09 02:00:00,2026-08-09 03:00:00
2006,PC Portable,0.075,243.8,7.7,7.74,2026-08-09 02:00:00,2026-08-09 03:00:00
2001,TV Salle à manger,0.7,243.2,157.6,157.65,2026-08-09 03:00:00,2026-08-09 04:00:00
2004,Cafetiere,5.199,242.8,1074.7,35.82,2026-08-09 03:00:00,2026-08-09 04:00:00
2006,PC Portable,0.049,243.3,4.4,4.4,2026-08-09 03:00:00,2026-08-09 04:00:00
2001,TV Salle à manger,0.711,243.8,160.6,160.61,2026-08-09 04:00:00,2026-08-09 05:00:00
2006,PC Portable,0.046,243.9,4.1,4.11,2026-08-09 04:00:00,2026-08-09 05:00:00
2001,TV Salle à manger,0.708,244.5,160.4,160.43,2026-08-09 05:00:00,2026-08-09 06:00:00
2006,PC Portable,0.046,244.6,4.1,4.11,2026-08-09 05:00:00,2026-08-09 06:00:00
2001,TV Salle à manger,0.711,245.0,161.6,161.57,2026-08-09 06:00:00,2026-08-09 07:00:00
2005,Lampe Salle à manger,0.079,244.1,10.8,8.3,2026-08-09 06:00:00,2026-08-09 07:00:00
2006,PC Portable,0.046,245.1,4.1,4.1,2026-08-09 06:00:00,2026-08-09 07:00:00
2001,TV Salle à manger,0.71,245.3,161.4,161.41,2026-08-09 07:00:00,2026-08-09 08:00:00
2005,Lampe Salle à manger,0.076,244.4,10.6,10.58,2026-08-09 07:00:00,2026-08-09 08:00:00
2006,PC Portable,0.046,245.5,4.1,4.1,2026-08-09 07:00:00,2026-08-09 08:00:00
2007,Lampe Cuisine,0.038,244.4,5.4,2.16,2026-08-09 07:00:00,2026-08-09 08:00:00
2001,TV Salle à manger,0.707,245.6,161.0,118.04,2026-08-09 08:00:00,2026-08-09 09:00:00
2005,Lampe Salle à manger,0.076,244.6,10.6,7.92,2026-08-09 08:00:00,2026-08-09 09:00:00
2006,PC Portable,0.046,245.8,4.1,4.11,2026-08-09 08:00:00,2026-08-09 09:00:00
2007,Lampe Cuisine,0.038,244.5,5.4,1.52,2026-08-09 08:00:00,2026-08-09 09:00:00
2008,Lampe Chambre,0.037,246.3,5.4,2.5,2026-08-09 08:00:00,2026-08-09 09:00:00
2006,PC Portable,0.046,246.8,4.1,4.1,2026-08-09 09:00:00,2026-08-09 10:00:00
2006,PC Portable,0.046,247.0,4.1,4.09,2026-08-09 10:00:00,2026-08-09 11:00:00
2006,PC Portable,0.046,245.0,4.1,4.1,2026-08-09 11:00:00,2026-08-09 12:00:00
2006,PC Portable,0.046,245.4,4.1,4.09,2026-08-09 12:00:00,2026-08-09 13:00:00
2001,TV Salle à manger,0.033,245.0,1.1,0.02,2026-08-09 13:00:00,2026-08-09 14:00:00
2006,PC Portable,0.046,245.2,4.1,4.11,2026-08-09 13:00:00,2026-08-09 14:00:00
2005,Lampe Salle à manger,0.087,242.7,11.8,2.95,2026-08-09 14:00:00,2026-08-09 15:00:00
2006,PC Portable,0.046,243.9,4.1,4.1,2026-08-09 14:00:00,2026-08-09 15:00:00
2007,Lampe Cuisine,0.038,243.0,5.3,2.3,2026-08-09 14:00:00,2026-08-09 15:00:00
2006,PC Portable,0.046,243.6,4.1,4.1,2026-08-09 15:00:00,2026-08-09 16:00:00
2001,TV Salle à manger,0.039,243.3,1.0,0.02,2026-08-09 16:00:00,2026-08-09 17:00:00
2006,PC Portable,0.046,243.3,4.1,4.09,2026-08-09 16:00:00,2026-08-09 17:00:00
2006,PC Portable,0.046,242.9,4.1,4.09,2026-08-09 17:00:00,2026-08-09 18:00:00
2006,PC Portable,0.047,241.8,4.1,4.1,2026-08-09 18:00:00,2026-08-09 19:00:00
2006,PC Portable,0.047,242.5,4.1,4.1,2026-08-09 19:00:00,2026-08-09 20:00:00
2006,PC Portable,0.047,242.9,4.1,4.1,2026-08-09 20:00:00,2026-08-09 21:00:00
2001,TV Salle à manger,0.039,242.8,1.0,0.02,2026-08-09 21:00:00,2026-08-09 22:00:00
2006,PC Portable,0.047,242.9,4.1,4.11,2026-08-09 21:00:00,2026-08-09 22:00:00
2006,PC Portable,0.047,241.5,4.1,4.11,2026-08-09 22:00:00,2026-08-09 23:00:00
2006,PC Portable,0.047,241.2,4.1,4.1,2026-08-09 23:00:00,2026-08-10 00:00:00
2006,PC Portable,0.047,241.2,4.1,4.1,2026-08-10 00:00:00,2026-08-10 01:00:00
2006,PC Portable,0.126,241.4,14.1,14.12,2026-08-10 01:00:00,2026-08-10 02:00:00
2006,PC Portable,0.09,240.8,9.6,9.55,2026-08-10 02:00:00,2026-08-10 03:00:00
2006,PC Portable,0.047,241.0,4.1,4.11,2026-08-10 03:00:00,2026-08-10 04:00:00
2006,PC Portable,0.047,242.6,4.1,4.1,2026-08-10 04:00:00,2026-08-10 05:00:00
2001,TV Salle à manger,0.709,245.3,161.3,75.28,2026-08-10 05:00:00,2026-08-10 06:00:00
2004,Cafetiere,6.485,241.2,1564.6,26.08,2026-08-10 05:00:00,2026-08-10 06:00:00
2006,PC Portable,0.047,244.8,4.1,4.1,2026-08-10 05:00:00,2026-08-10 06:00:00
2007,Lampe Cuisine,0.037,244.7,5.4,0.89,2026-08-10 05:00:00,2026-08-10 06:00:00
2001,TV Salle à manger,0.711,245.7,161.9,161.93,2026-08-10 06:00:00,2026-08-10 07:00:00
2005,Lampe Salle à manger,0.078,244.7,10.9,8.56,2026-08-10 06:00:00,2026-08-10 07:00:00
2006,PC Portable,0.047,245.7,4.1,4.11,2026-08-10 06:00:00,2026-08-10 07:00:00
2007,Lampe Cuisine,0.037,244.7,5.4,1.16,2026-08-10 06:00:00,2026-08-10 07:00:00
2001,TV Salle à manger,0.699,246.2,159.2,34.5,2026-08-10 07:00:00,2026-08-10 08:00:00
2005,Lampe Salle à manger,0.077,244.4,10.6,4.42,2026-08-10 07:00:00,2026-08-10 08:00:00
2006,PC Portable,0.047,244.6,4.1,4.1,2026-08-10 07:00:00,2026-08-10 08:00:00
2008,Lampe Chambre,0.037,244.4,5.3,2.92,2026-08-10 07:00:00,2026-08-10 08:00:00
2006,PC Portable,0.047,244.6,4.1,4.11,2026-08-10 08:00:00,2026-08-10 09:00:00
2006,PC Portable,0.046,244.8,4.1,4.11,2026-08-10 09:00:00,2026-08-10 10:00:00
2006,PC Portable,0.047,245.4,4.1,4.1,2026-08-10 10:00:00,2026-08-10 11:00:00
2006,PC Portable,0.047,245.2,4.1,4.1,2026-08-10 11:00:00,2026-08-10 12:00:00
2001,TV Salle à manger,0.038,245.5,1.0,0.02,2026-08-10 12:00:00,2026-08-10 13:00:00
2006,PC Portable,0.047,245.1,4.1,4.1,2026-08-10 12:00:00,2026-08-10 13:00:00
2001,TV Salle à manger,0.038,245.0,1.0,0.02,2026-08-10 13:00:00,2026-08-10 14:00:00
2006,PC Portable,0.047,244.9,4.1,4.1,2026-08-10 13:00:00,2026-08-10 14:00:00
2007,Lampe Cuisine,0.037,243.9,5.4,3.13,2026-08-10 13:00:00,2026-08-10 14:00:00
2001,TV Salle à manger,0.038,244.8,1.0,0.02,2026-08-10 14:00:00,2026-08-10 15:00:00
2006,PC Portable,0.046,244.6,4.1,4.09,2026-08-10 14:00:00,2026-08-10 15:00:00
2007,Lampe Cuisine,0.038,243.8,5.4,1.07,2026-08-10 14:00:00,2026-08-10 15:00:00
2001,TV Salle à manger,0.039,244.5,1.1,0.02,2026-08-10 15:00:00,2026-08-10 16:00:00
2006,PC Portable,0.046,244.1,4.1,4.09,2026-08-10 15:00:00,2026-08-10 16:00:00
2006,PC Portable,0.047,243.2,4.1,4.1,2026-08-10 16:00:00,2026-08-10 17:00:00
2006,PC Portable,0.047,242.7,4.1,4.1,2026-08-10 17:00:00,2026-08-10 18:00:00
2006,PC Portable,0.047,242.8,4.1,4.09,2026-08-10 18:00:00,2026-08-10 19:00:00
2006,PC Portable,0.047,242.5,4.1,4.1,2026-08-10 19:00:00,2026-08-10 20:00:00
2001,TV Salle à manger,0.038,242.4,1.0,0.02,2026-08-10 20:00:00,2026-08-10 21:00:00
2006,PC Portable,0.047,242.1,4.1,4.1,2026-08-10 20:00:00,2026-08-10 21:00:00
2006,PC Portable,0.047,241.7,4.1,4.11,2026-08-10 21:00:00,2026-08-10 22:00:00
2006,PC Portable,0.047,241.4,4.1,4.1,2026-08-10 22:00:00,2026-08-10 23:00:00
2006,PC Portable,0.047,241.4,4.1,4.1,2026-08-10 23:00:00,2026-08-11 00:00:00
2006,PC Portable,0.047,242.0,4.1,4.11,2026-08-11 00:00:00,2026-08-11 01:00:00
2006,PC Portable,0.047,242.3,4.1,4.11,2026-08-11 01:00:00,2026-08-11 02:00:00
2006,PC Portable,0.047,244.3,4.1,4.11,2026-08-11 02:00:00,2026-08-11 03:00:00
2006,PC Portable,0.047,245.4,4.1,4.1,2026-08-11 03:00:00,2026-08-11 04:00:00
2001,TV Salle à manger,0.654,243.6,147.2,29.44,2026-08-11 04:00:00,2026-08-11 05:00:00
2006,PC Portable,0.047,245.1,4.1,4.08,2026-08-11 04:00:00,2026-08-11 05:00:00
2007,Lampe Cuisine,0.037,242.6,5.3,0.53,2026-08-11 04:00:00,2026-08-11 05:00:00
2001,TV Salle à manger,0.712,244.3,161.4,129.11,2026-08-11 05:00:00,2026-08-11 06:00:00
2006,PC Portable,0.047,244.6,4.1,4.11,2026-08-11 05:00:00,2026-08-11 06:00:00
2006,PC Portable,0.047,245.5,4.1,4.09,2026-08-11 06:00:00,2026-08-11 07:00:00
2008,Lampe Chambre,0.037,245.9,5.4,4.64,2026-08-11 06:00:00,2026-08-11 07:00:00
2006,PC Portable,0.046,245.5,4.1,4.09,2026-08-11 07:00:00,2026-08-11 08:00:00
2007,Lampe Cuisine,0.037,243.9,5.3,0.09,2026-08-11 07:00:00,2026-08-11 08:00:00
2008,Lampe Chambre,0.037,246.0,5.4,5.35,2026-08-11 07:00:00,2026-08-11 08:00:00
2006,PC Portable,0.046,246.1,4.1,4.1,2026-08-11 08:00:00,2026-08-11 09:00:00
2008,Lampe Chambre,0.037,246.5,5.4,1.07,2026-08-11 08:00:00,2026-08-11 09:00:00
2001,TV Salle à manger,0.039,247.4,1.1,0.02,2026-08-11 09:00:00,2026-08-11 10:00:00
2006,PC Portable,0.046,246.5,4.1,4.1,2026-08-11 09:00:00,2026-08-11 10:00:00
2006,PC Portable,0.046,245.3,4.1,4.09,2026-08-11 10:00:00,2026-08-11 11:00:00
2001,TV Salle à manger,0.047,246.0,1.3,0.02,2026-08-11 11:00:00,2026-08-11 12:00:00
2006,PC Portable,0.046,245.4,4.1,4.1,2026-08-11 11:00:00,2026-08-11 12:00:00
2006,PC Portable,0.046,245.5,4.1,4.1,2026-08-11 12:00:00,2026-08-11 13:00:00
2006,PC Portable,0.073,245.7,7.6,7.63,2026-08-11 13:00:00,2026-08-11 14:00:00
2007,Lampe Cuisine,0.038,244.8,5.4,3.85,2026-08-11 13:00:00,2026-08-11 14:00:00
2006,PC Portable,0.046,245.0,4.1,4.09,2026-08-11 14:00:00,2026-08-11 15:00:00
2006,PC Portable,0.046,243.9,4.1,4.1,2026-08-11 15:00:00,2026-08-11 16:00:00
2006,PC Portable,0.046,242.8,4.1,4.12,2026-08-11 16:00:00,2026-08-11 17:00:00
2006,PC Portable,0.047,242.4,4.1,4.1,2026-08-11 17:00:00,2026-08-11 18:00:00
2006,PC Portable,0.047,243.1,4.1,4.1,2026-08-11 18:00:00,2026-08-11 19:00:00
2006,PC Portable,0.047,242.6,4.1,4.09,2026-08-11 19:00:00,2026-08-11 20:00:00
2006,PC Portable,0.047,242.0,4.1,4.11,2026-08-11 20:00:00,2026-08-11 21:00:00
2001,TV Salle à manger,0.051,243.4,1.4,0.02,2026-08-11 21:00:00,2026-08-11 22:00:00
2006,PC Portable,0.047,242.5,4.1,4.1,2026-08-11 21:00:00,2026-08-11 22:00:00
2006,PC Portable,0.047,242.1,4.1,4.1,2026-08-11 22:00:00,2026-08-11 23:00:00
2001,TV Salle à manger,0.031,242.0,1.1,0.02,2026-08-11 23:00:00,2026-08-12 00:00:00
2006,PC Portable,0.047,241.6,4.1,4.1,2026-08-11 23:00:00,2026-08-12 00:00:00
2001,TV Salle à manger,0.719,241.4,161.0,110.02,2026-08-12 00:00:00,2026-08-12 01:00:00
2006,PC Portable,0.047,241.5,4.1,4.1,2026-08-12 00:00:00,2026-08-12 01:00:00
2001,TV Salle à manger,0.722,241.5,161.8,161.75,2026-08-12 01:00:00,2026-08-12 02:00:00
2006,PC Portable,0.047,241.6,4.1,4.12,2026-08-12 01:00:00,2026-08-12 02:00:00
2001,TV Salle à manger,0.722,240.8,161.4,161.35,2026-08-12 02:00:00,2026-08-12 03:00:00
2006,PC Portable,0.047,240.9,4.1,4.11,2026-08-12 02:00:00,2026-08-12 03:00:00
2001,TV Salle à manger,0.719,241.9,161.5,161.5,2026-08-12 03:00:00,2026-08-12 04:00:00
2006,PC Portable,0.047,242.0,4.1,4.12,2026-08-12 03:00:00,2026-08-12 04:00:00
2001,TV Salle à manger,0.71,243.5,160.4,160.37,2026-08-12 04:00:00,2026-08-12 05:00:00
2005,Lampe Salle à manger,0.086,243.6,12.1,1.81,2026-08-12 04:00:00,2026-08-12 05:00:00
2006,PC Portable,0.047,243.6,4.1,4.1,2026-08-12 04:00:00,2026-08-12 05:00:00
2001,TV Salle à manger,0.707,245.2,160.7,160.7,2026-08-12 05:00:00,2026-08-12 06:00:00
2005,Lampe Salle à manger,0.076,244.2,10.4,10.43,2026-08-12 05:00:00,2026-08-12 06:00:00
2006,PC Portable,0.046,245.3,4.1,4.12,2026-08-12 05:00:00,2026-08-12 06:00:00
2001,TV Salle à manger,0.69,245.6,156.7,101.88,2026-08-12 06:00:00,2026-08-12 07:00:00
2005,Lampe Salle à manger,0.076,244.9,10.6,10.6,2026-08-12 06:00:00,2026-08-12 07:00:00
2006,PC Portable,0.046,245.9,4.1,4.1,2026-08-12 06:00:00,2026-08-12 07:00:00
2007,Lampe Cuisine,0.037,245.0,5.4,1.78,2026-08-12 06:00:00,2026-08-12 07:00:00
2005,Lampe Salle à manger,0.075,245.4,10.5,10.51,2026-08-12 07:00:00,2026-08-12 08:00:00
2006,PC Portable,0.046,246.3,4.1,4.12,2026-08-12 07:00:00,2026-08-12 08:00:00
2007,Lampe Cuisine,0.037,244.8,5.4,1.79,2026-08-12 07:00:00,2026-08-12 08:00:00
2005,Lampe Salle à manger,0.077,243.0,10.6,9.15,2026-08-12 08:00:00,2026-08-12 09:00:00
2006,PC Portable,0.046,243.9,4.1,4.1,2026-08-12 08:00:00,2026-08-12 09:00:00
2001,TV Salle à manger,0.039,244.4,1.1,0.02,2026-08-12 09:00:00,2026-08-12 10:00:00
2006,PC Portable,0.046,244.3,4.1,4.11,2026-08-12 09:00:00,2026-08-12 10:00:00
2001,TV Salle à manger,0.038,244.4,1.1,0.02,2026-08-12 10:00:00,2026-08-12 11:00:00
2006,PC Portable,0.046,244.4,4.1,4.1,2026-08-12 10:00:00,2026-08-12 11:00:00
2001,TV Salle à manger,0.037,245.2,1.0,0.02,2026-08-12 11:00:00,2026-08-12 12:00:00
2006,PC Portable,0.047,244.8,4.1,4.11,2026-08-12 11:00:00,2026-08-12 12:00:00
2006,PC Portable,0.046,244.7,4.1,4.09,2026-08-12 12:00:00,2026-08-12 13:00:00
2006,PC Portable,0.063,244.3,6.3,6.28,2026-08-12 13:00:00,2026-08-12 14:00:00
2007,Lampe Cuisine,0.038,242.8,5.3,1.33,2026-08-12 13:00:00,2026-08-12 14:00:00
2006,PC Portable,0.047,243.4,4.1,4.1,2026-08-12 14:00:00,2026-08-12 15:00:00
2006,PC Portable,0.046,243.3,4.1,4.11,2026-08-12 15:00:00,2026-08-12 16:00:00
2001,TV Salle à manger,0.041,242.4,1.2,0.02,2026-08-12 16:00:00,2026-08-12 17:00:00
2006,PC Portable,0.047,242.0,4.1,4.1,2026-08-12 16:00:00,2026-08-12 17:00:00
2001,TV Salle à manger,0.037,242.1,1.0,0.03,2026-08-12 17:00:00,2026-08-12 18:00:00
2006,PC Portable,0.047,241.7,4.1,4.1,2026-08-12 17:00:00,2026-08-12 18:00:00
2006,PC Portable,0.047,242.5,4.1,4.11,2026-08-12 18:00:00,2026-08-12 19:00:00
2006,PC Portable,0.047,242.7,4.1,4.1,2026-08-12 19:00:00,2026-08-12 20:00:00
2006,PC Portable,0.047,241.3,4.1,4.1,2026-08-12 20:00:00,2026-08-12 21:00:00
2006,PC Portable,0.047,241.8,4.1,4.1,2026-08-12 21:00:00,2026-08-12 22:00:00
2001,TV Salle à manger,0.039,242.2,1.2,0.02,2026-08-12 22:00:00,2026-08-12 23:00:00
2006,PC Portable,0.047,241.7,4.1,4.11,2026-08-12 22:00:00,2026-08-12 23:00:00
2006,PC Portable,0.047,241.5,4.1,4.11,2026-08-12 23:00:00,2026-08-13 00:00:00
2001,TV Salle à manger,0.039,241.8,1.1,0.02,2026-08-13 00:00:00,2026-08-13 01:00:00
2006,PC Portable,0.047,241.6,4.1,4.12,2026-08-13 00:00:00,2026-08-13 01:00:00
2006,PC Portable,0.047,242.0,4.1,4.12,2026-08-13 01:00:00,2026-08-13 02:00:00
2006,PC Portable,0.047,242.6,4.1,4.12,2026-08-13 02:00:00,2026-08-13 03:00:00
2001,TV Salle à manger,0.035,243.3,1.1,0.02,2026-08-13 03:00:00,2026-08-13 04:00:00
2006,PC Portable,0.046,243.3,4.1,4.12,2026-08-13 03:00:00,2026-08-13 04:00:00
2001,TV Salle à manger,0.037,245.2,1.0,0.02,2026-08-13 04:00:00,2026-08-13 05:00:00
2006,PC Portable,0.046,244.8,4.1,4.11,2026-08-13 04:00:00,2026-08-13 05:00:00
2001,TV Salle à manger,0.053,246.2,1.5,0.03,2026-08-13 05:00:00,2026-08-13 06:00:00
2006,PC Portable,0.046,244.6,4.1,4.12,2026-08-13 05:00:00,2026-08-13 06:00:00
2008,Lampe Chambre,0.037,245.0,5.3,4.96,2026-08-13 05:00:00,2026-08-13 06:00:00
2001,TV Salle à manger,0.643,245.0,145.0,24.17,2026-08-13 06:00:00,2026-08-13 07:00:00
2004,Cafetiere,6.869,242.6,1666.7,27.78,2026-08-13 06:00:00,2026-08-13 07:00:00
2005,Lampe Salle à manger,0.076,244.3,10.7,7.67,2026-08-13 06:00:00,2026-08-13 07:00:00
2006,PC Portable,0.047,245.1,4.1,4.11,2026-08-13 06:00:00,2026-08-13 07:00:00
2007,Lampe Cuisine,0.037,244.5,5.4,2.95,2026-08-13 06:00:00,2026-08-13 07:00:00
2008,Lampe Chambre,0.037,245.7,5.3,4.0,2026-08-13 06:00:00,2026-08-13 07:00:00
2001,TV Salle à manger,0.705,245.0,160.2,50.74,2026-08-13 07:00:00,2026-08-13 08:00:00
2005,Lampe Salle à manger,0.074,244.0,10.3,3.27,2026-08-13 07:00:00,2026-08-13 08:00:00
2006,PC Portable,0.047,245.7,4.1,4.12,2026-08-13 07:00:00,2026-08-13 08:00:00
2001,TV Salle à manger,0.04,246.7,1.1,0.02,2026-08-13 08:00:00,2026-08-13 09:00:00
2006,PC Portable,0.047,246.5,4.1,4.11,2026-08-13 08:00:00,2026-08-13 09:00:00
2006,PC Portable,0.047,246.1,4.1,4.11,2026-08-13 09:00:00,2026-08-13 10:00:00
2006,PC Portable,0.047,244.1,4.1,4.1,2026-08-13 10:00:00,2026-08-13 11:00:00
2006,PC Portable,0.047,244.5,4.1,4.09,2026-08-13 11:00:00,2026-08-13 12:00:00
2001,TV Salle à manger,0.038,244.5,1.0,0.02,2026-08-13 12:00:00,2026-08-13 13:00:00
2006,PC Portable,0.046,244.6,4.1,4.1,2026-08-13 12:00:00,2026-08-13 13:00:00
2005,Lampe Salle à manger,0.08,242.9,11.1,5.35,2026-08-13 13:00:00,2026-08-13 14:00:00
2006,PC Portable,0.124,243.8,14.3,14.27,2026-08-13 13:00:00,2026-08-13 14:00:00
2007,Lampe Cuisine,0.038,243.1,5.3,3.27,2026-08-13 13:00:00,2026-08-13 14:00:00
2001,TV Salle à manger,0.05,242.2,1.4,0.02,2026-08-13 14:00:00,2026-08-13 15:00:00
2006,PC Portable,0.046,242.7,4.1,4.1,2026-08-13 14:00:00,2026-08-13 15:00:00
2001,TV Salle à manger,0.035,241.7,1.2,0.02,2026-08-13 15:00:00,2026-08-13 16:00:00
2006,PC Portable,0.046,241.4,4.1,4.1,2026-08-13 15:00:00,2026-08-13 16:00:00
2001,TV Salle à manger,0.048,242.6,1.4,0.05,2026-08-13 16:00:00,2026-08-13 17:00:00
2006,PC Portable,0.046,242.7,4.1,4.1,2026-08-13 16:00:00,2026-08-13 17:00:00
2006,PC Portable,0.047,242.2,4.1,4.1,2026-08-13 17:00:00,2026-08-13 18:00:00
2006,PC Portable,0.047,242.0,4.1,4.12,2026-08-13 18:00:00,2026-08-13 19:00:00
2001,TV Salle à manger,0.04,243.6,1.2,0.04,2026-08-13 19:00:00,2026-08-13 20:00:00
2006,PC Portable,0.047,243.2,4.1,4.1,2026-08-13 19:00:00,2026-08-13 20:00:00
2001,TV Salle à manger,0.051,243.0,1.4,0.02,2026-08-13 20:00:00,2026-08-13 21:00:00
2006,PC Portable,0.047,242.5,4.1,4.11,2026-08-13 20:00:00,2026-08-13 21:00:00
2006,PC Portable,0.047,242.5,4.1,4.11,2026-08-13 21:00:00,2026-08-13 22:00:00
2002,Ecran,0.03,242.1,1.7,0.03,2026-08-13 22:00:00,2026-08-13 23:00:00
2006,PC Portable,0.055,242.8,5.2,5.14,2026-08-13 22:00:00,2026-08-13 23:00:00
2001,TV Salle à manger,0.678,243.9,153.0,61.19,2026-08-13 23:00:00,2026-08-14 00:00:00
2006,PC Portable,0.047,244.0,4.1,4.11,2026-08-13 23:00:00,2026-08-14 00:00:00
2001,TV Salle à manger,0.707,244.0,159.9,58.63,2026-08-14 00:00:00,2026-08-14 01:00:00
2006,PC Portable,0.047,243.9,4.1,4.12,2026-08-14 00:00:00,2026-08-14 01:00:00
2001,TV Salle à manger,0.045,243.4,1.3,0.02,2026-08-14 01:00:00,2026-08-14 02:00:00
2006,PC Portable,0.047,243.9,4.1,4.13,2026-08-14 01:00:00,2026-08-14 02:00:00
2006,PC Portable,0.046,245.4,4.1,4.12,2026-08-14 02:00:00,2026-08-14 03:00:00
2006,PC Portable,0.047,244.2,4.1,4.11,2026-08-14 03:00:00,2026-08-14 04:00:00
2001,TV Salle à manger,0.712,243.1,160.6,141.87,2026-08-14 04:00:00,2026-08-14 05:00:00
2002,Ecran,0.03,244.1,1.7,0.03,2026-08-14 04:00:00,2026-08-14 05:00:00
2005,Lampe Salle à manger,0.076,242.2,10.6,10.04,2026-08-14 04:00:00,2026-08-14 05:00:00
2006,PC Portable,0.097,243.4,10.6,10.56,2026-08-14 04:00:00,2026-08-14 05:00:00
2001,TV Salle à manger,0.71,243.4,160.3,160.32,2026-08-14 05:00:00,2026-08-14 06:00:00
2005,Lampe Salle à manger,0.075,242.4,10.3,10.32,2026-08-14 05:00:00,2026-08-14 06:00:00
2006,PC Portable,0.058,243.5,5.6,5.62,2026-08-14 05:00:00,2026-08-14 06:00:00
2001,TV Salle à manger,0.711,244.1,161.0,160.99,2026-08-14 06:00:00,2026-08-14 07:00:00
2005,Lampe Salle à manger,0.074,243.1,10.2,10.21,2026-08-14 06:00:00,2026-08-14 07:00:00
2006,PC Portable,0.047,244.2,4.1,4.11,2026-08-14 06:00:00,2026-08-14 07:00:00
2007,Lampe Cuisine,0.037,243.2,5.3,1.32,2026-08-14 06:00:00,2026-08-14 07:00:00
2001,TV Salle à manger,0.712,244.8,161.8,62.01,2026-08-14 07:00:00,2026-08-14 08:00:00
2005,Lampe Salle à manger,0.074,244.2,10.3,10.3,2026-08-14 07:00:00,2026-08-14 08:00:00
2006,PC Portable,0.047,245.2,4.1,4.13,2026-08-14 07:00:00,2026-08-14 08:00:00
2005,Lampe Salle à manger,0.074,244.6,10.3,0.34,2026-08-14 08:00:00,2026-08-14 09:00:00
2006,PC Portable,0.047,245.8,4.1,4.13,2026-08-14 08:00:00,2026-08-14 09:00:00
2006,PC Portable,0.046,246.4,4.1,4.13,2026-08-14 09:00:00,2026-08-14 10:00:00
2006,PC Portable,0.046,245.9,4.1,4.13,2026-08-14 10:00:00,2026-08-14 11:00:00
2001,TV Salle à manger,0.019,245.8,1.0,0.03,2026-08-14 11:00:00,2026-08-14 12:00:00
2006,PC Portable,0.046,245.6,4.1,4.1,2026-08-14 11:00:00,2026-08-14 12:00:00
2001,TV Salle à manger,0.037,244.7,1.0,0.02,2026-08-14 12:00:00,2026-08-14 13:00:00
2006,PC Portable,0.046,244.6,4.1,4.11,2026-08-14 12:00:00,2026-08-14 13:00:00
2006,PC Portable,0.046,244.4,4.1,4.11,2026-08-14 13:00:00,2026-08-14 14:00:00
2006,PC Portable,0.046,246.2,4.1,4.1,2026-08-14 14:00:00,2026-08-14 15:00:00
2001,TV Salle à manger,0.038,247.1,1.0,0.02,2026-08-14 15:00:00,2026-08-14 16:00:00
2006,PC Portable,0.046,246.2,4.1,4.09,2026-08-14 15:00:00,2026-08-14 16:00:00
2001,TV Salle à manger,0.036,246.0,1.0,0.02,2026-08-14 16:00:00,2026-08-14 17:00:00
2006,PC Portable,0.046,244.4,4.1,4.1,2026-08-14 16:00:00,2026-08-14 17:00:00
2006,PC Portable,0.046,244.0,4.1,4.1,2026-08-14 17:00:00,2026-08-14 18:00:00
2002,Ecran,0.031,243.7,1.8,0.03,2026-08-14 18:00:00,2026-08-14 19:00:00
2006,PC Portable,0.119,244.4,13.6,13.63,2026-08-14 18:00:00,2026-08-14 19:00:00
2006,PC Portable,0.113,244.1,12.7,12.7,2026-08-14 19:00:00,2026-08-14 20:00:00
2001,TV Salle à manger,0.044,243.9,1.2,0.02,2026-08-14 20:00:00,2026-08-14 21:00:00
2006,PC Portable,0.047,243.8,4.1,4.13,2026-08-14 20:00:00,2026-08-14 21:00:00
2001,TV Salle à manger,0.041,243.9,1.1,0.02,2026-08-14 21:00:00,2026-08-14 22:00:00
2006,PC Portable,0.047,243.7,4.1,4.12,2026-08-14 21:00:00,2026-08-14 22:00:00
2007,Lampe Cuisine,0.036,243.8,5.3,0.09,2026-08-14 21:00:00,2026-08-14 22:00:00
2001,TV Salle à manger,0.047,244.2,1.3,0.02,2026-08-14 22:00:00,2026-08-14 23:00:00
2006,PC Portable,0.047,243.8,4.1,4.11,2026-08-14 22:00:00,2026-08-14 23:00:00
2007,Lampe Cuisine,0.037,242.7,5.3,0.26,2026-08-14 22:00:00,2026-08-14 23:00:00
2006,PC Portable,0.047,244.4,4.1,4.1,2026-08-14 23:00:00,2026-08-15 00:00:00
2006,PC Portable,0.047,244.3,4.1,4.11,2026-08-15 00:00:00,2026-08-15 01:00:00
2006,PC Portable,0.047,243.7,4.1,4.11,2026-08-15 01:00:00,2026-08-15 02:00:00
2006,PC Portable,0.047,244.5,4.1,4.12,2026-08-15 02:00:00,2026-08-15 03:00:00
2001,TV Salle à manger,0.045,245.1,1.3,0.02,2026-08-15 03:00:00,2026-08-15 04:00:00
2006,PC Portable,0.047,245.1,4.1,4.11,2026-08-15 03:00:00,2026-08-15 04:00:00
2005,Lampe Salle à manger,0.089,243.7,12.3,1.64,2026-08-15 04:00:00,2026-08-15 05:00:00
2006,PC Portable,0.046,245.0,4.1,4.13,2026-08-15 04:00:00,2026-08-15 05:00:00
2007,Lampe Cuisine,0.037,243.8,5.3,0.62,2026-08-15 04:00:00,2026-08-15 05:00:00
2005,Lampe Salle à manger,0.076,244.3,10.5,10.53,2026-08-15 05:00:00,2026-08-15 06:00:00
2006,PC Portable,0.046,245.2,4.1,4.11,2026-08-15 05:00:00,2026-08-15 06:00:00
2007,Lampe Cuisine,0.038,244.2,5.4,1.61,2026-08-15 05:00:00,2026-08-15 06:00:00
2005,Lampe Salle à manger,0.076,244.7,10.6,10.57,2026-08-15 06:00:00,2026-08-15 07:00:00
2006,PC Portable,0.046,245.6,4.1,4.12,2026-08-15 06:00:00,2026-08-15 07:00:00
2005,Lampe Salle à manger,0.076,244.9,10.6,4.06,2026-08-15 07:00:00,2026-08-15 08:00:00
2006,PC Portable,0.046,246.1,4.1,4.12,2026-08-15 07:00:00,2026-08-15 08:00:00
2006,PC Portable,0.046,246.2,4.1,4.11,2026-08-15 08:00:00,2026-08-15 09:00:00
2006,PC Portable,0.046,246.1,4.1,4.1,2026-08-15 09:00:00,2026-08-15 10:00:00
2001,TV Salle à manger,0.039,246.6,1.0,0.02,2026-08-15 10:00:00,2026-08-15 11:00:00
2006,PC Portable,0.046,246.6,4.1,4.11,2026-08-15 10:00:00,2026-08-15 11:00:00
2001,TV Salle à manger,0.048,246.7,1.3,0.02,2026-08-15 11:00:00,2026-08-15 12:00:00
2006,PC Portable,0.046,247.0,4.1,4.1,2026-08-15 11:00:00,2026-08-15 12:00:00
2006,PC Portable,0.046,247.0,4.1,4.1,2026-08-15 12:00:00,2026-08-15 13:00:00
2001,TV Salle à manger,0.039,246.7,1.1,0.02,2026-08-15 13:00:00,2026-08-15 14:00:00
2006,PC Portable,0.046,246.6,4.1,4.1,2026-08-15 13:00:00,2026-08-15 14:00:00
2006,PC Portable,0.046,246.4,4.1,4.1,2026-08-15 14:00:00,2026-08-15 15:00:00
2006,PC Portable,0.118,243.8,13.4,13.44,2026-08-15 15:00:00,2026-08-15 16:00:00
2001,TV Salle à manger,0.712,242.1,160.0,37.34,2026-08-15 16:00:00,2026-08-15 17:00:00
2006,PC Portable,0.119,242.2,13.4,13.4,2026-08-15 16:00:00,2026-08-15 17:00:00
2001,TV Salle à manger,0.709,240.8,158.6,158.59,2026-08-15 17:00:00,2026-08-15 18:00:00
2006,PC Portable,0.047,241.0,4.1,4.11,2026-08-15 17:00:00,2026-08-15 18:00:00
2001,TV Salle à manger,0.715,241.8,160.4,160.44,2026-08-15 18:00:00,2026-08-15 19:00:00
2006,PC Portable,0.047,242.0,4.1,4.1,2026-08-15 18:00:00,2026-08-15 19:00:00
2001,TV Salle à manger,0.71,243.6,160.5,160.5,2026-08-15 19:00:00,2026-08-15 20:00:00
2006,PC Portable,0.047,243.7,4.1,4.11,2026-08-15 19:00:00,2026-08-15 20:00:00
2001,TV Salle à manger,0.712,243.4,160.7,93.71,2026-08-15 20:00:00,2026-08-15 21:00:00
2006,PC Portable,0.047,243.5,4.1,4.1,2026-08-15 20:00:00,2026-08-15 21:00:00
2006,PC Portable,0.047,242.6,4.1,4.12,2026-08-15 21:00:00,2026-08-15 22:00:00
2001,TV Salle à manger,0.716,242.5,161.3,107.53,2026-08-15 22:00:00,2026-08-15 23:00:00
2006,PC Portable,0.047,242.6,4.1,4.1,2026-08-15 22:00:00,2026-08-15 23:00:00
2001,TV Salle à manger,0.721,242.9,162.6,162.63,2026-08-15 23:00:00,2026-08-16 00:00:00
2004,Cafetiere,3.848,242.1,540.9,18.03,2026-08-15 23:00:00,2026-08-16 00:00:00
2006,PC Portable,0.047,243.0,4.1,4.1,2026-08-15 23:00:00,2026-08-16 00:00:00
2001,TV Salle à manger,0.717,243.9,162.3,162.3,2026-08-16 00:00:00,2026-08-16 01:00:00
2006,PC Portable,0.047,244.0,4.1,4.11,2026-08-16 00:00:00,2026-08-16 01:00:00
2001,TV Salle à manger,0.714,244.0,161.5,161.55,2026-08-16 01:00:00,2026-08-16 02:00:00
2006,PC Portable,0.047,244.1,4.1,4.11,2026-08-16 01:00:00,2026-08-16 02:00:00
2001,TV Salle à manger,0.71,244.7,161.1,161.09,2026-08-16 02:00:00,2026-08-16 03:00:00
2006,PC Portable,0.047,244.8,4.1,4.12,2026-08-16 02:00:00,2026-08-16 03:00:00
2001,TV Salle à manger,0.709,245.3,161.2,75.21,2026-08-16 03:00:00,2026-08-16 04:00:00
2006,PC Portable,0.047,245.5,4.1,4.1,2026-08-16 03:00:00,2026-08-16 04:00:00
2008,Lampe Chambre,0.038,245.4,5.3,0.79,2026-08-16 03:00:00,2026-08-16 04:00:00
2001,TV Salle à manger,0.678,245.5,154.2,56.54,2026-08-16 04:00:00,2026-08-16 05:00:00
2005,Lampe Salle à manger,0.077,244.7,10.8,10.58,2026-08-16 04:00:00,2026-08-16 05:00:00
2006,PC Portable,0.047,245.7,4.1,4.1,2026-08-16 04:00:00,2026-08-16 05:00:00
2007,Lampe Cuisine,0.037,244.9,5.4,3.31,2026-08-16 04:00:00,2026-08-16 05:00:00
2001,TV Salle à manger,0.631,245.9,143.2,21.48,2026-08-16 05:00:00,2026-08-16 06:00:00
2005,Lampe Salle à manger,0.076,244.8,10.6,3.87,2026-08-16 05:00:00,2026-08-16 06:00:00
2006,PC Portable,0.047,245.8,4.1,4.1,2026-08-16 05:00:00,2026-08-16 06:00:00
2007,Lampe Cuisine,0.037,244.7,5.4,0.98,2026-08-16 05:00:00,2026-08-16 06:00:00
2006,PC Portable,0.046,246.6,4.1,4.11,2026-08-16 06:00:00,2026-08-16 07:00:00
2001,TV Salle à manger,0.04,244.7,1.2,0.02,2026-08-16 07:00:00,2026-08-16 08:00:00
2006,PC Portable,0.046,245.4,4.1,4.1,2026-08-16 07:00:00,2026-08-16 08:00:00
2006,PC Portable,0.046,244.6,4.1,4.1,2026-08-16 08:00:00,2026-08-16 09:00:00
2001,TV Salle à manger,0.046,244.4,1.3,0.02,2026-08-16 09:00:00,2026-08-16 10:00:00
2006,PC Portable,0.046,244.4,4.1,4.09,2026-08-16 09:00:00,2026-08-16 10:00:00
2007,Lampe Cuisine,0.037,243.3,5.3,0.62,2026-08-16 09:00:00,2026-08-16 10:00:00
2006,PC Portable,0.046,244.2,4.1,4.09,2026-08-16 10:00:00,2026-08-16 11:00:00
2005,Lampe Salle à manger,0.083,242.5,11.4,4.17,2026-08-16 11:00:00,2026-08-16 12:00:00
2006,PC Portable,0.108,243.9,12.4,12.35,2026-08-16 11:00:00,2026-08-16 12:00:00
2007,Lampe Cuisine,0.038,242.8,5.3,3.27,2026-08-16 11:00:00,2026-08-16 12:00:00
2006,PC Portable,0.046,242.8,4.1,4.09,2026-08-16 12:00:00,2026-08-16 13:00:00
2001,TV Salle à manger,0.033,241.4,1.1,0.02,2026-08-16 13:00:00,2026-08-16 14:00:00
2006,PC Portable,0.046,242.3,4.1,4.08,2026-08-16 13:00:00,2026-08-16 14:00:00
2006,PC Portable,0.046,242.5,4.1,4.08,2026-08-16 14:00:00,2026-08-16 15:00:00
2006,PC Portable,0.046,243.4,4.1,4.09,2026-08-16 15:00:00,2026-08-16 16:00:00
2006,PC Portable,0.047,242.0,4.1,4.09,2026-08-16 16:00:00,2026-08-16 17:00:00
2006,PC Portable,0.047,243.1,4.1,4.08,2026-08-16 17:00:00,2026-08-16 18:00:00
2006,PC Portable,0.046,242.7,4.1,4.09,2026-08-16 18:00:00,2026-08-16 19:00:00
2006,PC Portable,0.046,242.0,4.1,4.1,2026-08-16 19:00:00,2026-08-16 20:00:00
2006,PC Portable,0.046,242.0,4.1,4.09,2026-08-16 20:00:00,2026-08-16 21:00:00
2001,TV Salle à manger,0.716,241.6,160.6,109.78,2026-08-16 21:00:00,2026-08-16 22:00:00
2006,PC Portable,0.047,241.8,4.1,4.1,2026-08-16 21:00:00,2026-08-16 22:00:00
2001,TV Salle à manger,0.04,243.1,1.1,0.02,2026-08-16 22:00:00,2026-08-16 23:00:00
2006,PC Portable,0.047,242.8,4.1,4.1,2026-08-16 22:00:00,2026-08-16 23:00:00
2001,TV Salle à manger,0.038,243.0,1.0,0.02,2026-08-16 23:00:00,2026-08-17 00:00:00
2006,PC Portable,0.047,243.2,4.1,4.1,2026-08-16 23:00:00,2026-08-17 00:00:00
2006,PC Portable,0.047,243.3,4.1,4.1,2026-08-17 00:00:00,2026-08-17 01:00:00
2006,PC Portable,0.047,243.8,4.1,4.09,2026-08-17 01:00:00,2026-08-17 02:00:00
2001,TV Salle à manger,0.052,243.6,1.4,0.02,2026-08-17 02:00:00,2026-08-17 03:00:00
2006,PC Portable,0.046,243.7,4.1,4.08,2026-08-17 02:00:00,2026-08-17 03:00:00
2001,TV Salle à manger,0.05,244.0,1.4,0.02,2026-08-17 03:00:00,2026-08-17 04:00:00
2006,PC Portable,0.047,243.6,4.1,4.09,2026-08-17 03:00:00,2026-08-17 04:00:00
2007,Lampe Cuisine,0.037,243.1,5.3,1.86,2026-08-17 03:00:00,2026-08-17 04:00:00
2008,Lampe Chambre,0.037,244.1,5.3,3.61,2026-08-17 03:00:00,2026-08-17 04:00:00
2006,PC Portable,0.047,244.5,4.1,4.09,2026-08-17 04:00:00,2026-08-17 05:00:00
2007,Lampe Cuisine,0.038,243.7,5.3,5.33,2026-08-17 04:00:00,2026-08-17 05:00:00
2008,Lampe Chambre,0.037,244.9,5.3,5.29,2026-08-17 04:00:00,2026-08-17 05:00:00
2001,TV Salle à manger,0.654,245.8,148.5,64.35,2026-08-17 05:00:00,2026-08-17 06:00:00
2005,Lampe Salle à manger,0.079,244.4,11.0,8.95,2026-08-17 05:00:00,2026-08-17 06:00:00
2006,PC Portable,0.046,245.6,4.1,4.09,2026-08-17 05:00:00,2026-08-17 06:00:00
2007,Lampe Cuisine,0.038,244.2,5.3,2.13,2026-08-17 05:00:00,2026-08-17 06:00:00
2008,Lampe Chambre,0.037,244.9,5.3,0.53,2026-08-17 05:00:00,2026-08-17 06:00:00
2006,PC Portable,0.159,246.5,19.4,19.39,2026-08-17 06:00:00,2026-08-17 07:00:00
2001,TV Salle à manger,0.04,246.8,1.1,0.02,2026-08-17 07:00:00,2026-08-17 08:00:00
2006,PC Portable,0.101,246.8,11.4,11.42,2026-08-17 07:00:00,2026-08-17 08:00:00
2001,TV Salle à manger,0.044,246.4,1.3,0.04,2026-08-17 08:00:00,2026-08-17 09:00:00
2006,PC Portable,0.069,246.5,7.3,7.26,2026-08-17 08:00:00,2026-08-17 09:00:00
2006,PC Portable,0.068,245.9,7.0,7.0,2026-08-17 09:00:00,2026-08-17 10:00:00
2001,TV Salle à manger,0.03,245.7,1.0,0.02,2026-08-17 10:00:00,2026-08-17 11:00:00
2006,PC Portable,0.049,245.7,4.5,4.52,2026-08-17 10:00:00,2026-08-17 11:00:00
2006,PC Portable,0.046,244.1,4.1,4.1,2026-08-17 11:00:00,2026-08-17 12:00:00
2007,Lampe Cuisine,0.038,243.5,5.3,0.97,2026-08-17 11:00:00,2026-08-17 12:00:00
2006,PC Portable,0.046,243.0,4.1,4.09,2026-08-17 12:00:00,2026-08-17 13:00:00
2006,PC Portable,0.046,244.6,4.1,4.09,2026-08-17 13:00:00,2026-08-17 14:00:00
2001,TV Salle à manger,0.045,243.5,1.3,0.02,2026-08-17 14:00:00,2026-08-17 15:00:00
2006,PC Portable,0.046,244.0,4.1,4.09,2026-08-17 14:00:00,2026-08-17 15:00:00
2006,PC Portable,0.046,242.8,4.1,4.09,2026-08-17 15:00:00,2026-08-17 16:00:00
2001,TV Salle à manger,0.05,242.4,1.4,0.02,2026-08-17 16:00:00,2026-08-17 17:00:00
2006,PC Portable,0.046,242.6,4.1,4.08,2026-08-17 16:00:00,2026-08-17 17:00:00
2001,TV Salle à manger,0.037,242.5,1.1,0.06,2026-08-17 17:00:00,2026-08-17 18:00:00
2006,PC Portable,0.046,242.7,4.1,4.09,2026-08-17 17:00:00,2026-08-17 18:00:00
2001,TV Salle à manger,0.045,242.2,1.3,0.02,2026-08-17 18:00:00,2026-08-17 19:00:00
2006,PC Portable,0.047,242.5,4.1,4.1,2026-08-17 18:00:00,2026-08-17 19:00:00
2006,PC Portable,0.047,242.6,4.1,4.09,2026-08-17 19:00:00,2026-08-17 20:00:00
2001,TV Salle à manger,0.711,242.7,160.1,82.74,2026-08-17 20:00:00,2026-08-17 21:00:00
2006,PC Portable,0.047,242.8,4.1,4.1,2026-08-17 20:00:00,2026-08-17 21:00:00
2001,TV Salle à manger,0.711,242.8,159.9,18.65,2026-08-17 21:00:00,2026-08-17 22:00:00
2006,PC Portable,0.047,242.8,4.1,4.1,2026-08-17 21:00:00,2026-08-17 22:00:00
2001,TV Salle à manger,0.039,242.0,1.1,0.02,2026-08-17 22:00:00,2026-08-17 23:00:00
2006,PC Portable,0.046,242.2,4.1,4.09,2026-08-17 22:00:00,2026-08-17 23:00:00
2001,TV Salle à manger,0.04,243.3,1.2,0.02,2026-08-17 23:00:00,2026-08-18 00:00:00
2006,PC Portable,0.046,244.1,4.1,4.1,2026-08-17 23:00:00,2026-08-18 00:00:00
2006,PC Portable,0.046,244.9,4.1,4.09,2026-08-18 00:00:00,2026-08-18 01:00:00
2007,Lampe Cuisine,0.037,244.7,5.3,0.18,2026-08-18 00:00:00,2026-08-18 01:00:00
2005,Lampe Salle à manger,0.097,245.4,13.5,0.9,2026-08-18 01:00:00,2026-08-18 02:00:00
2006,PC Portable,0.046,245.8,4.1,4.1,2026-08-18 01:00:00,2026-08-18 02:00:00
2001,TV Salle à manger,0.038,246.6,1.0,0.03,2026-08-18 02:00:00,2026-08-18 03:00:00
2005,Lampe Salle à manger,0.078,244.9,10.8,10.75,2026-08-18 02:00:00,2026-08-18 03:00:00
2006,PC Portable,0.046,245.9,4.1,4.09,2026-08-18 02:00:00,2026-08-18 03:00:00
2001,TV Salle à manger,0.038,245.0,1.0,0.02,2026-08-18 03:00:00,2026-08-18 04:00:00
2005,Lampe Salle à manger,0.078,244.4,10.7,10.7,2026-08-18 03:00:00,2026-08-18 04:00:00
2006,PC Portable,0.046,245.3,4.1,4.1,2026-08-18 03:00:00,2026-08-18 04:00:00
2001,TV Salle à manger,0.037,243.4,1.0,0.02,2026-08-18 04:00:00,2026-08-18 05:00:00
2005,Lampe Salle à manger,0.079,242.6,10.8,10.79,2026-08-18 04:00:00,2026-08-18 05:00:00
2006,PC Portable,0.046,243.5,4.1,4.09,2026-08-18 04:00:00,2026-08-18 05:00:00
2007,Lampe Cuisine,0.037,242.8,5.3,3.34,2026-08-18 04:00:00,2026-08-18 05:00:00
2001,TV Salle à manger,0.715,244.0,162.1,78.36,2026-08-18 05:00:00,2026-08-18 06:00:00
2005,Lampe Salle à manger,0.078,243.0,10.8,8.78,2026-08-18 05:00:00,2026-08-18 06:00:00
2006,PC Portable,0.046,244.1,4.1,4.09,2026-08-18 05:00:00,2026-08-18 06:00:00
2008,Lampe Chambre,0.037,244.3,5.3,1.32,2026-08-18 05:00:00,2026-08-18 06:00:00
2006,PC Portable,0.046,244.3,4.1,4.09,2026-08-18 06:00:00,2026-08-18 07:00:00
2001,TV Salle à manger,0.046,244.0,1.3,0.02,2026-08-18 07:00:00,2026-08-18 08:00:00
2006,PC Portable,0.046,244.3,4.1,4.09,2026-08-18 07:00:00,2026-08-18 08:00:00
2001,TV Salle à manger,0.041,243.4,1.2,0.04,2026-08-18 08:00:00,2026-08-18 09:00:00
2006,PC Portable,0.046,243.5,4.1,4.09,2026-08-18 08:00:00,2026-08-18 09:00:00
2001,TV Salle à manger,0.051,243.7,1.4,0.02,2026-08-18 09:00:00,2026-08-18 10:00:00
2006,PC Portable,0.046,243.4,4.1,4.09,2026-08-18 09:00:00,2026-08-18 10:00:00
2005,Lampe Salle à manger,0.083,241.9,11.4,5.3,2026-08-18 10:00:00,2026-08-18 11:00:00
2006,PC Portable,0.046,242.8,4.1,4.1,2026-08-18 10:00:00,2026-08-18 11:00:00
2007,Lampe Cuisine,0.038,242.2,5.3,3.17,2026-08-18 10:00:00,2026-08-18 11:00:00
2006,PC Portable,0.046,242.2,4.1,4.09,2026-08-18 11:00:00,2026-08-18 12:00:00
2006,PC Portable,0.046,241.7,4.1,4.1,2026-08-18 12:00:00,2026-08-18 13:00:00
2006,PC Portable,0.046,241.1,4.1,4.1,2026-08-18 13:00:00,2026-08-18 14:00:00
2006,PC Portable,0.046,242.3,4.1,4.1,2026-08-18 14:00:00,2026-08-18 15:00:00
2001,TV Salle à manger,0.042,241.8,1.1,0.04,2026-08-18 15:00:00,2026-08-18 16:00:00
2006,PC Portable,0.047,241.7,4.1,4.09,2026-08-18 15:00:00,2026-08-18 16:00:00
2006,PC Portable,0.047,242.1,4.1,4.11,2026-08-18 16:00:00,2026-08-18 17:00:00
2001,TV Salle à manger,0.037,244.5,1.0,0.02,2026-08-18 17:00:00,2026-08-18 18:00:00
2006,PC Portable,0.046,242.8,4.1,4.11,2026-08-18 17:00:00,2026-08-18 18:00:00
2006,PC Portable,0.046,245.0,4.1,4.1,2026-08-18 18:00:00,2026-08-18 19:00:00
2006,PC Portable,0.046,245.3,4.1,4.11,2026-08-18 19:00:00,2026-08-18 20:00:00
2001,TV Salle à manger,0.04,242.9,1.1,0.02,2026-08-18 20:00:00,2026-08-18 21:00:00
2006,PC Portable,0.046,243.8,4.1,4.09,2026-08-18 20:00:00,2026-08-18 21:00:00
2007,Lampe Cuisine,0.037,242.9,5.3,0.09,2026-08-18 20:00:00,2026-08-18 21:00:00
2006,PC Portable,0.046,243.7,4.1,4.11,2026-08-18 21:00:00,2026-08-18 22:00:00
2006,PC Portable,0.047,243.7,4.1,4.1,2026-08-18 22:00:00,2026-08-18 23:00:00
2006,PC Portable,0.047,244.7,4.1,4.09,2026-08-18 23:00:00,2026-08-19 00:00:00
2001,TV Salle à manger,0.045,246.5,1.4,0.02,2026-08-19 00:00:00,2026-08-19 01:00:00
2005,Lampe Salle à manger,0.08,244.9,11.2,5.59,2026-08-19 00:00:00,2026-08-19 01:00:00
2006,PC Portable,0.046,245.6,4.1,4.08,2026-08-19 00:00:00,2026-08-19 01:00:00
2005,Lampe Salle à manger,0.079,244.6,11.0,3.65,2026-08-19 01:00:00,2026-08-19 02:00:00
2006,PC Portable,0.046,245.6,4.1,4.09,2026-08-19 01:00:00,2026-08-19 02:00:00
2007,Lampe Cuisine,0.037,245.3,5.3,0.18,2026-08-19 01:00:00,2026-08-19 02:00:00
2001,TV Salle à manger,0.044,244.2,1.1,0.02,2026-08-19 02:00:00,2026-08-19 03:00:00
2005,Lampe Salle à manger,0.08,243.7,11.0,10.96,2026-08-19 02:00:00,2026-08-19 03:00:00
2006,PC Portable,0.046,244.6,4.1,4.09,2026-08-19 02:00:00,2026-08-19 03:00:00
2007,Lampe Cuisine,0.038,243.8,5.3,5.31,2026-08-19 02:00:00,2026-08-19 03:00:00
2005,Lampe Salle à manger,0.08,243.1,10.9,10.9,2026-08-19 03:00:00,2026-08-19 04:00:00
2006,PC Portable,0.046,244.0,4.1,4.08,2026-08-19 03:00:00,2026-08-19 04:00:00
2007,Lampe Cuisine,0.038,243.2,5.3,3.9,2026-08-19 03:00:00,2026-08-19 04:00:00
2002,Ecran,0.03,245.1,1.7,0.03,2026-08-19 04:00:00,2026-08-19 05:00:00
2005,Lampe Salle à manger,0.08,243.4,10.9,2.19,2026-08-19 04:00:00,2026-08-19 05:00:00
2006,PC Portable,0.074,245.1,7.8,7.79,2026-08-19 04:00:00,2026-08-19 05:00:00
2008,Lampe Chambre,0.037,245.7,5.3,3.02,2026-08-19 04:00:00,2026-08-19 05:00:00
2001,TV Salle à manger,0.035,246.2,1.1,0.02,2026-08-19 05:00:00,2026-08-19 06:00:00
2006,PC Portable,0.16,245.8,19.1,19.06,2026-08-19 05:00:00,2026-08-19 06:00:00
2006,PC Portable,0.089,245.8,9.7,9.66,2026-08-19 06:00:00,2026-08-19 07:00:00
2006,PC Portable,0.053,245.9,5.1,5.1,2026-08-19 07:00:00,2026-08-19 08:00:00
2001,TV Salle à manger,0.044,245.7,1.3,0.02,2026-08-19 08:00:00,2026-08-19 09:00:00
2006,PC Portable,0.046,245.9,4.1,4.1,2026-08-19 08:00:00,2026-08-19 09:00:00
2001,TV Salle à manger,0.051,246.0,1.4,0.02,2026-08-19 09:00:00,2026-08-19 10:00:00
2005,Lampe Salle à manger,0.097,244.1,13.4,0.45,2026-08-19 09:00:00,2026-08-19 10:00:00
2006,PC Portable,0.046,245.7,4.1,4.09,2026-08-19 09:00:00,2026-08-19 10:00:00
2007,Lampe Cuisine,0.038,244.4,5.3,1.5,2026-08-19 09:00:00,2026-08-19 10:00:00
2008,Lampe Chambre,0.037,245.6,5.3,0.88,2026-08-19 09:00:00,2026-08-19 10:00:00
2006,PC Portable,0.046,244.6,4.1,4.08,2026-08-19 10:00:00,2026-08-19 11:00:00
2007,Lampe Cuisine,0.038,244.0,5.3,0.62,2026-08-19 10:00:00,2026-08-19 11:00:00
2006,PC Portable,0.046,244.0,4.1,4.09,2026-08-19 11:00:00,2026-08-19 12:00:00
2006,PC Portable,0.046,243.1,4.1,4.09,2026-08-19 12:00:00,2026-08-19 13:00:00
2006,PC Portable,0.046,242.2,4.1,4.1,2026-08-19 13:00:00,2026-08-19 14:00:00
2001,TV Salle à manger,0.031,242.6,1.0,0.02,2026-08-19 14:00:00,2026-08-19 15:00:00
2006,PC Portable,0.046,241.7,4.1,4.09,2026-08-19 14:00:00,2026-08-19 15:00:00
2006,PC Portable,0.047,242.0,4.1,4.1,2026-08-19 15:00:00,2026-08-19 16:00:00
2001,TV Salle à manger,0.05,243.7,1.4,0.02,2026-08-19 16:00:00,2026-08-19 17:00:00
2006,PC Portable,0.046,243.2,4.1,4.09,2026-08-19 16:00:00,2026-08-19 17:00:00
2006,PC Portable,0.046,242.8,4.1,4.1,2026-08-19 17:00:00,2026-08-19 18:00:00
2006,PC Portable,0.047,243.3,4.1,4.11,2026-08-19 18:00:00,2026-08-19 19:00:00
2006,PC Portable,0.046,243.6,4.1,4.1,2026-08-19 19:00:00,2026-08-19 20:00:00
2006,PC Portable,0.046,244.5,4.1,4.09,2026-08-19 20:00:00,2026-08-19 21:00:00
2006,PC Portable,0.046,244.2,4.1,4.09,2026-08-19 21:00:00,2026-08-19 22:00:00
2006,PC Portable,0.046,244.3,4.1,4.09,2026-08-19 22:00:00,2026-08-19 23:00:00
2006,PC Portable,0.046,244.5,4.1,4.08,2026-08-19 23:00:00,2026-08-20 00:00:00
2001,TV Salle à manger,0.689,244.2,155.8,90.89,2026-08-20 00:00:00,2026-08-20 01:00:00
2006,PC Portable,0.046,244.7,4.1,4.09,2026-08-20 00:00:00,2026-08-20 01:00:00
2007,Lampe Cuisine,0.038,243.4,5.3,3.01,2026-08-20 00:00:00,2026-08-20 01:00:00
2001,TV Salle à manger,0.71,243.2,160.2,160.17,2026-08-20 01:00:00,2026-08-20 02:00:00
2006,PC Portable,0.046,243.4,4.1,4.09,2026-08-20 01:00:00,2026-08-20 02:00:00
2007,Lampe Cuisine,0.038,242.5,5.3,5.31,2026-08-20 01:00:00,2026-08-20 02:00:00
2001,TV Salle à manger,0.709,243.5,160.1,160.12,2026-08-20 02:00:00,2026-08-20 03:00:00
2005,Lampe Salle à manger,0.082,242.8,11.3,6.0,2026-08-20 02:00:00,2026-08-20 03:00:00
2006,PC Portable,0.046,243.6,4.1,4.08,2026-08-20 02:00:00,2026-08-20 03:00:00
2007,Lampe Cuisine,0.038,242.7,5.3,5.04,2026-08-20 02:00:00,2026-08-20 03:00:00
2001,TV Salle à manger,0.708,243.9,160.2,37.37,2026-08-20 03:00:00,2026-08-20 04:00:00
2005,Lampe Salle à manger,0.079,243.1,10.8,4.33,2026-08-20 03:00:00,2026-08-20 04:00:00
2006,PC Portable,0.046,244.5,4.1,4.09,2026-08-20 03:00:00,2026-08-20 04:00:00
2006,PC Portable,0.046,245.6,4.1,4.08,2026-08-20 04:00:00,2026-08-20 05:00:00
2006,PC Portable,0.046,245.7,4.1,4.09,2026-08-20 05:00:00,2026-08-20 06:00:00
2006,PC Portable,0.046,246.1,4.1,4.09,2026-08-20 06:00:00,2026-08-20 07:00:00
2006,PC Portable,0.046,246.0,4.1,4.07,2026-08-20 07:00:00,2026-08-20 08:00:00
2001,TV Salle à manger,0.04,246.0,1.1,0.02,2026-08-20 08:00:00,2026-08-20 09:00:00
2004,Cafetiere,6.693,243.1,1624.9,54.17,2026-08-20 08:00:00,2026-08-20 09:00:00
2005,Lampe Salle à manger,0.084,244.8,11.5,5.19,2026-08-20 08:00:00,2026-08-20 09:00:00
2006,PC Portable,0.046,245.8,4.1,4.08,2026-08-20 08:00:00,2026-08-20 09:00:00
2007,Lampe Cuisine,0.038,244.9,5.4,2.5,2026-08-20 08:00:00,2026-08-20 09:00:00
2004,Cafetiere,1.207,244.9,57.0,0.95,2026-08-20 09:00:00,2026-08-20 10:00:00
2005,Lampe Salle à manger,0.081,244.4,11.0,4.03,2026-08-20 09:00:00,2026-08-20 10:00:00
2006,PC Portable,0.046,245.1,4.1,4.08,2026-08-20 09:00:00,2026-08-20 10:00:00
2007,Lampe Cuisine,0.038,244.4,5.3,2.66,2026-08-20 09:00:00,2026-08-20 10:00:00
2006,PC Portable,0.046,243.9,4.1,4.09,2026-08-20 10:00:00,2026-08-20 11:00:00
2001,TV Salle à manger,0.0,243.0,1.4,0.02,2026-08-20 11:00:00,2026-08-20 12:00:00
2006,PC Portable,0.046,243.0,4.1,4.08,2026-08-20 11:00:00,2026-08-20 12:00:00
2001,TV Salle à manger,0.038,243.0,1.0,0.03,2026-08-20 12:00:00,2026-08-20 13:00:00
2006,PC Portable,0.046,242.8,4.1,4.08,2026-08-20 12:00:00,2026-08-20 13:00:00
2006,PC Portable,0.046,242.2,4.1,4.08,2026-08-20 13:00:00,2026-08-20 14:00:00
2006,PC Portable,0.047,241.1,4.1,4.09,2026-08-20 14:00:00,2026-08-20 15:00:00
2006,PC Portable,0.047,241.6,4.1,4.09,2026-08-20 15:00:00,2026-08-20 16:00:00
2006,PC Portable,0.047,241.5,4.1,4.09,2026-08-20 16:00:00,2026-08-20 17:00:00
2006,PC Portable,0.047,241.8,4.1,4.08,2026-08-20 17:00:00,2026-08-20 18:00:00
2001,TV Salle à manger,0.037,242.2,1.0,0.02,2026-08-20 18:00:00,2026-08-20 19:00:00
2006,PC Portable,0.047,242.5,4.1,4.09,2026-08-20 18:00:00,2026-08-20 19:00:00
2006,PC Portable,0.047,241.6,4.1,4.09,2026-08-20 19:00:00,2026-08-20 20:00:00
2006,PC Portable,0.047,242.2,4.1,4.09,2026-08-20 20:00:00,2026-08-20 21:00:00
2006,PC Portable,0.047,242.9,4.1,4.08,2026-08-20 21:00:00,2026-08-20 22:00:00
2001,TV Salle à manger,0.038,242.9,1.1,0.04,2026-08-20 22:00:00,2026-08-20 23:00:00
2006,PC Portable,0.046,243.1,4.1,4.09,2026-08-20 22:00:00,2026-08-20 23:00:00
2001,TV Salle à manger,0.034,245.0,1.1,0.02,2026-08-20 23:00:00,2026-08-21 00:00:00
2006,PC Portable,0.046,244.2,4.1,4.08,2026-08-20 23:00:00,2026-08-21 00:00:00
2006,PC Portable,0.046,244.4,4.1,4.08,2026-08-21 00:00:00,2026-08-21 01:00:00
2006,PC Portable,0.046,244.3,4.1,4.08,2026-08-21 01:00:00,2026-08-21 02:00:00
2006,PC Portable,0.046,245.1,4.1,4.07,2026-08-21 02:00:00,2026-08-21 03:00:00
2001,TV Salle à manger,0.708,244.9,160.9,42.91,2026-08-21 03:00:00,2026-08-21 04:00:00
2005,Lampe Salle à manger,0.087,243.9,11.7,3.33,2026-08-21 03:00:00,2026-08-21 04:00:00
2006,PC Portable,0.046,245.7,4.1,4.06,2026-08-21 03:00:00,2026-08-21 04:00:00
2007,Lampe Cuisine,0.038,245.2,5.4,1.53,2026-08-21 03:00:00,2026-08-21 04:00:00
2001,TV Salle à manger,0.703,245.3,159.9,18.66,2026-08-21 04:00:00,2026-08-21 05:00:00
2005,Lampe Salle à manger,0.08,244.3,11.0,1.29,2026-08-21 04:00:00,2026-08-21 05:00:00
2006,PC Portable,0.046,245.0,4.1,4.07,2026-08-21 04:00:00,2026-08-21 05:00:00
2008,Lampe Chambre,0.038,245.3,5.3,4.41,2026-08-21 04:00:00,2026-08-21 05:00:00
2001,TV Salle à manger,0.031,245.0,1.0,0.02,2026-08-21 05:00:00,2026-08-21 06:00:00
2006,PC Portable,0.046,245.0,4.1,4.08,2026-08-21 05:00:00,2026-08-21 06:00:00
2008,Lampe Chambre,0.038,245.4,5.3,5.29,2026-08-21 05:00:00,2026-08-21 06:00:00
2002,Ecran,0.03,244.7,1.7,0.03,2026-08-21 06:00:00,2026-08-21 07:00:00
2006,PC Portable,0.12,245.1,14.0,13.95,2026-08-21 06:00:00,2026-08-21 07:00:00
2008,Lampe Chambre,0.038,245.8,5.3,2.04,2026-08-21 06:00:00,2026-08-21 07:00:00
2006,PC Portable,0.122,245.2,14.2,14.17,2026-08-21 07:00:00,2026-08-21 08:00:00
2001,TV Salle à manger,0.0,245.2,1.0,0.02,2026-08-21 08:00:00,2026-08-21 09:00:00
2005,Lampe Salle à manger,0.087,244.4,11.6,3.68,2026-08-21 08:00:00,2026-08-21 09:00:00
2006,PC Portable,0.045,245.3,4.1,4.08,2026-08-21 08:00:00,2026-08-21 09:00:00
2007,Lampe Cuisine,0.039,244.5,5.3,2.31,2026-08-21 08:00:00,2026-08-21 09:00:00
2001,TV Salle à manger,0.045,244.4,1.4,0.02,2026-08-21 09:00:00,2026-08-21 10:00:00
2006,PC Portable,0.045,244.9,4.1,4.09,2026-08-21 09:00:00,2026-08-21 10:00:00
2006,PC Portable,0.045,244.5,4.1,4.09,2026-08-21 10:00:00,2026-08-21 11:00:00
2001,TV Salle à manger,0.039,243.8,1.1,0.02,2026-08-21 11:00:00,2026-08-21 12:00:00
2006,PC Portable,0.045,243.7,4.1,4.08,2026-08-21 11:00:00,2026-08-21 12:00:00
2006,PC Portable,0.046,243.9,4.1,4.09,2026-08-21 12:00:00,2026-08-21 13:00:00
2006,PC Portable,0.046,243.3,4.1,4.08,2026-08-21 13:00:00,2026-08-21 14:00:00
2001,TV Salle à manger,0.04,243.8,1.1,0.02,2026-08-21 14:00:00,2026-08-21 15:00:00
2006,PC Portable,0.046,243.1,4.1,4.09,2026-08-21 14:00:00,2026-08-21 15:00:00
2001,TV Salle à manger,0.045,242.4,1.3,0.04,2026-08-21 15:00:00,2026-08-21 16:00:00
2006,PC Portable,0.046,242.5,4.1,4.09,2026-08-21 15:00:00,2026-08-21 16:00:00
2006,PC Portable,0.046,242.7,4.1,4.09,2026-08-21 16:00:00,2026-08-21 17:00:00
2006,PC Portable,0.046,242.6,4.1,4.09,2026-08-21 17:00:00,2026-08-21 18:00:00
2001,TV Salle à manger,0.047,243.1,1.4,0.04,2026-08-21 18:00:00,2026-08-21 19:00:00
2006,PC Portable,0.046,242.8,4.1,4.08,2026-08-21 18:00:00,2026-08-21 19:00:00
2006,PC Portable,0.046,242.7,4.1,4.08,2026-08-21 19:00:00,2026-08-21 20:00:00
2006,PC Portable,0.047,242.1,4.1,4.08,2026-08-21 20:00:00,2026-08-21 21:00:00
2006,PC Portable,0.046,243.0,4.1,4.09,2026-08-21 21:00:00,2026-08-21 22:00:00
2001,TV Salle à manger,0.044,244.9,1.3,0.02,2026-08-21 22:00:00,2026-08-21 23:00:00
2006,PC Portable,0.046,243.9,4.1,4.07,2026-08-21 22:00:00,2026-08-21 23:00:00
2006,PC Portable,0.046,243.8,4.1,4.08,2026-08-21 23:00:00,2026-08-22 00:00:00
2001,TV Salle à manger,0.038,245.4,1.0,0.02,2026-08-22 00:00:00,2026-08-22 01:00:00
2006,PC Portable,0.046,245.1,4.1,4.08,2026-08-22 00:00:00,2026-08-22 01:00:00
2001,TV Salle à manger,0.675,244.0,152.4,50.8,2026-08-22 01:00:00,2026-08-22 02:00:00
2006,PC Portable,0.046,244.2,4.1,4.07,2026-08-22 01:00:00,2026-08-22 02:00:00
2001,TV Salle à manger,0.709,244.3,160.8,48.22,2026-08-22 02:00:00,2026-08-22 03:00:00
2006,PC Portable,0.046,244.7,4.1,4.07,2026-08-22 02:00:00,2026-08-22 03:00:00
2007,Lampe Cuisine,0.038,244.2,5.3,2.04,2026-08-22 02:00:00,2026-08-22 03:00:00
2008,Lampe Chambre,0.038,245.1,5.3,2.47,2026-08-22 02:00:00,2026-08-22 03:00:00
2001,TV Salle à manger,0.038,245.8,1.0,0.02,2026-08-22 03:00:00,2026-08-22 04:00:00
2006,PC Portable,0.046,245.3,4.1,4.09,2026-08-22 03:00:00,2026-08-22 04:00:00
2007,Lampe Cuisine,0.038,244.8,5.3,1.42,2026-08-22 03:00:00,2026-08-22 04:00:00
2008,Lampe Chambre,0.038,245.5,5.3,3.19,2026-08-22 03:00:00,2026-08-22 04:00:00
2001,TV Salle à manger,0.039,245.4,1.1,0.04,2026-08-22 04:00:00,2026-08-22 05:00:00
2006,PC Portable,0.135,245.3,15.7,15.75,2026-08-22 04:00:00,2026-08-22 05:00:00
2008,Lampe Chambre,0.038,245.5,5.4,1.6,2026-08-22 04:00:00,2026-08-22 05:00:00
2006,PC Portable,0.117,245.6,13.4,13.44,2026-08-22 05:00:00,2026-08-22 06:00:00
2006,PC Portable,0.072,245.8,7.6,7.56,2026-08-22 06:00:00,2026-08-22 07:00:00
2001,TV Salle à manger,0.0,245.8,1.1,0.02,2026-08-22 07:00:00,2026-08-22 08:00:00
2006,PC Portable,0.067,245.7,6.9,6.92,2026-08-22 07:00:00,2026-08-22 08:00:00
2006,PC Portable,0.067,245.3,6.9,6.89,2026-08-22 08:00:00,2026-08-22 09:00:00
2001,TV Salle à manger,0.05,245.1,1.4,0.02,2026-08-22 09:00:00,2026-08-22 10:00:00
2006,PC Portable,0.067,245.3,6.9,6.9,2026-08-22 09:00:00,2026-08-22 10:00:00
2006,PC Portable,0.068,245.0,7.1,7.07,2026-08-22 10:00:00,2026-08-22 11:00:00
2001,TV Salle à manger,0.041,243.6,1.2,0.04,2026-08-22 11:00:00,2026-08-22 12:00:00
2006,PC Portable,0.068,244.4,7.0,6.96,2026-08-22 11:00:00,2026-08-22 12:00:00
2006,PC Portable,0.068,242.7,7.0,6.96,2026-08-22 12:00:00,2026-08-22 13:00:00
2006,PC Portable,0.069,243.1,7.0,6.97,2026-08-22 13:00:00,2026-08-22 14:00:00
2006,PC Portable,0.053,242.9,4.9,4.92,2026-08-22 14:00:00,2026-08-22 15:00:00
2006,PC Portable,0.046,243.4,4.1,4.08,2026-08-22 15:00:00,2026-08-22 16:00:00
2001,TV Salle à manger,0.048,243.5,1.4,0.02,2026-08-22 16:00:00,2026-08-22 17:00:00
2006,PC Portable,0.046,243.4,4.1,4.08,2026-08-22 16:00:00,2026-08-22 17:00:00
2001,TV Salle à manger,0.034,242.8,1.1,0.02,2026-08-22 17:00:00,2026-08-22 18:00:00
2006,PC Portable,0.046,242.9,4.1,4.07,2026-08-22 17:00:00,2026-08-22 18:00:00
2006,PC Portable,0.046,242.3,4.1,4.08,2026-08-22 18:00:00,2026-08-22 19:00:00
2006,PC Portable,0.046,242.1,4.1,4.08,2026-08-22 19:00:00,2026-08-22 20:00:00
2006,PC Portable,0.046,242.4,4.1,4.07,2026-08-22 20:00:00,2026-08-22 21:00:00
2006,PC Portable,0.046,242.9,4.1,4.08,2026-08-22 21:00:00,2026-08-22 22:00:00
2006,PC Portable,0.046,243.1,4.1,4.08,2026-08-22 22:00:00,2026-08-22 23:00:00
2006,PC Portable,0.046,242.5,4.1,4.07,2026-08-22 23:00:00,2026-08-23 00:00:00
2006,PC Portable,0.046,243.2,4.1,4.07,2026-08-23 00:00:00,2026-08-23 01:00:00
2007,Lampe Cuisine,0.038,242.7,5.3,2.3,2026-08-23 00:00:00,2026-08-23 01:00:00
2001,TV Salle à manger,0.04,244.2,1.1,0.02,2026-08-23 01:00:00,2026-08-23 02:00:00
2006,PC Portable,0.046,243.9,4.1,4.07,2026-08-23 01:00:00,2026-08-23 02:00:00
2007,Lampe Cuisine,0.038,242.7,5.3,0.97,2026-08-23 01:00:00,2026-08-23 02:00:00
2008,Lampe Chambre,0.038,244.4,5.3,3.26,2026-08-23 01:00:00,2026-08-23 02:00:00
2006,PC Portable,0.046,244.5,4.1,4.08,2026-08-23 02:00:00,2026-08-23 03:00:00
2008,Lampe Chambre,0.038,244.9,5.3,3.45,2026-08-23 02:00:00,2026-08-23 03:00:00
2001,TV Salle à manger,0.034,245.1,1.1,0.02,2026-08-23 03:00:00,2026-08-23 04:00:00
2006,PC Portable,0.046,244.8,4.1,4.08,2026-08-23 03:00:00,2026-08-23 04:00:00
2006,PC Portable,0.046,244.7,4.1,4.08,2026-08-23 04:00:00,2026-08-23 05:00:00
2006,PC Portable,0.046,244.7,4.1,4.08,2026-08-23 05:00:00,2026-08-23 06:00:00
2006,PC Portable,0.046,244.6,4.1,4.08,2026-08-23 06:00:00,2026-08-23 07:00:00
2001,TV Salle à manger,0.049,244.3,1.4,0.05,2026-08-23 07:00:00,2026-08-23 08:00:00
2005,Lampe Salle à manger,0.099,243.1,13.7,0.46,2026-08-23 07:00:00,2026-08-23 08:00:00
2006,PC Portable,0.046,244.4,4.1,4.08,2026-08-23 07:00:00,2026-08-23 08:00:00
2008,Lampe Chambre,0.038,244.6,5.3,0.44,2026-08-23 07:00:00,2026-08-23 08:00:00
2006,PC Portable,0.046,243.1,4.1,4.08,2026-08-23 08:00:00,2026-08-23 09:00:00
2001,TV Salle à manger,0.044,243.6,1.2,0.04,2026-08-23 09:00:00,2026-08-23 10:00:00
2006,PC Portable,0.046,243.7,4.1,4.07,2026-08-23 09:00:00,2026-08-23 10:00:00
2006,PC Portable,0.046,242.1,4.1,4.09,2026-08-23 10:00:00,2026-08-23 11:00:00
2006,PC Portable,0.046,242.8,4.1,4.09,2026-08-23 11:00:00,2026-08-23 12:00:00
2001,TV Salle à manger,0.039,243.7,1.1,0.02,2026-08-23 12:00:00,2026-08-23 13:00:00
2006,PC Portable,0.046,243.8,4.1,4.07,2026-08-23 12:00:00,2026-08-23 13:00:00
2001,TV Salle à manger,0.035,244.1,1.0,0.02,2026-08-23 13:00:00,2026-08-23 14:00:00
2006,PC Portable,0.046,243.7,4.1,4.08,2026-08-23 13:00:00,2026-08-23 14:00:00
2006,PC Portable,0.047,243.4,4.1,4.09,2026-08-23 14:00:00,2026-08-23 15:00:00
2006,PC Portable,0.046,243.3,4.1,4.1,2026-08-23 15:00:00,2026-08-23 16:00:00
2006,PC Portable,0.046,243.2,4.1,4.09,2026-08-23 16:00:00,2026-08-23 17:00:00
2006,PC Portable,0.046,243.7,4.1,4.08,2026-08-23 17:00:00,2026-08-23 18:00:00
2006,PC Portable,0.046,244.2,4.1,4.07,2026-08-23 18:00:00,2026-08-23 19:00:00
2001,TV Salle à manger,0.036,242.9,1.2,0.02,2026-08-23 19:00:00,2026-08-23 20:00:00
2006,PC Portable,0.046,243.9,4.1,4.07,2026-08-23 19:00:00,2026-08-23 20:00:00
2001,TV Salle à manger,0.036,244.0,1.1,0.02,2026-08-23 20:00:00,2026-08-23 21:00:00
2006,PC Portable,0.046,244.1,4.1,4.07,2026-08-23 20:00:00,2026-08-23 21:00:00
2001,TV Salle à manger,0.0,246.1,1.0,0.02,2026-08-23 21:00:00,2026-08-23 22:00:00
2006,PC Portable,0.046,245.3,4.1,4.08,2026-08-23 21:00:00,2026-08-23 22:00:00
2006,PC Portable,0.046,245.0,4.1,4.08,2026-08-23 22:00:00,2026-08-23 23:00:00
2005,Lampe Salle à manger,0.084,243.6,11.6,4.05,2026-08-23 23:00:00,2026-08-24 00:00:00
2006,PC Portable,0.046,244.3,4.1,4.07,2026-08-23 23:00:00,2026-08-24 00:00:00
2007,Lampe Cuisine,0.038,243.4,5.3,4.51,2026-08-23 23:00:00,2026-08-24 00:00:00
2008,Lampe Chambre,0.037,245.0,5.3,1.94,2026-08-23 23:00:00,2026-08-24 00:00:00
2005,Lampe Salle à manger,0.08,243.4,10.9,10.9,2026-08-24 00:00:00,2026-08-24 01:00:00
2006,PC Portable,0.046,244.3,4.1,4.07,2026-08-24 00:00:00,2026-08-24 01:00:00
2005,Lampe Salle à manger,0.08,243.9,10.9,2.0,2026-08-24 01:00:00,2026-08-24 02:00:00
2006,PC Portable,0.046,245.0,4.1,4.07,2026-08-24 01:00:00,2026-08-24 02:00:00
2006,PC Portable,0.046,245.6,4.1,4.08,2026-08-24 02:00:00,2026-08-24 03:00:00
2001,TV Salle à manger,0.05,247.0,1.4,0.02,2026-08-24 03:00:00,2026-08-24 04:00:00
2006,PC Portable,0.06,246.2,5.9,5.87,2026-08-24 03:00:00,2026-08-24 04:00:00
2008,Lampe Chambre,0.037,247.0,5.4,1.78,2026-08-24 03:00:00,2026-08-24 04:00:00
2006,PC Portable,0.046,246.6,4.1,4.09,2026-08-24 04:00:00,2026-08-24 05:00:00
2006,PC Portable,0.046,246.2,4.1,4.09,2026-08-24 05:00:00,2026-08-24 06:00:00
2001,TV Salle à manger,0.037,246.0,1.0,0.02,2026-08-24 06:00:00,2026-08-24 07:00:00
2006,PC Portable,0.046,246.0,4.1,4.08,2026-08-24 06:00:00,2026-08-24 07:00:00
2006,PC Portable,0.046,245.3,4.1,4.09,2026-08-24 07:00:00,2026-08-24 08:00:00
2006,PC Portable,0.046,243.9,4.1,4.08,2026-08-24 08:00:00,2026-08-24 09:00:00
2001,TV Salle à manger,0.039,244.1,1.0,0.02,2026-08-24 09:00:00,2026-08-24 10:00:00
2006,PC Portable,0.046,243.8,4.1,4.09,2026-08-24 09:00:00,2026-08-24 10:00:00
2006,PC Portable,0.046,243.0,4.1,4.08,2026-08-24 10:00:00,2026-08-24 11:00:00
2006,PC Portable,0.046,242.1,4.1,4.08,2026-08-24 11:00:00,2026-08-24 12:00:00
2001,TV Salle à manger,0.034,242.3,1.1,0.02,2026-08-24 12:00:00,2026-08-24 13:00:00
2006,PC Portable,0.047,241.9,4.1,4.09,2026-08-24 12:00:00,2026-08-24 13:00:00
2001,TV Salle à manger,0.041,241.7,1.2,0.04,2026-08-24 13:00:00,2026-08-24 14:00:00
2006,PC Portable,0.046,242.2,4.1,4.08,2026-08-24 13:00:00,2026-08-24 14:00:00
2001,TV Salle à manger,0.04,243.5,1.1,0.04,2026-08-24 14:00:00,2026-08-24 15:00:00
2006,PC Portable,0.046,242.9,4.1,4.09,2026-08-24 14:00:00,2026-08-24 15:00:00
2006,PC Portable,0.046,242.6,4.1,4.09,2026-08-24 15:00:00,2026-08-24 16:00:00
2001,TV Salle à manger,0.039,241.8,1.1,0.04,2026-08-24 16:00:00,2026-08-24 17:00:00
2006,PC Portable,0.046,242.0,4.1,4.08,2026-08-24 16:00:00,2026-08-24 17:00:00
2006,PC Portable,0.047,241.4,4.1,4.09,2026-08-24 17:00:00,2026-08-24 18:00:00
2001,TV Salle à manger,0.049,241.5,1.4,0.02,2026-08-24 18:00:00,2026-08-24 19:00:00
2006,PC Portable,0.047,242.0,4.1,4.08,2026-08-24 18:00:00,2026-08-24 19:00:00
2006,PC Portable,0.046,242.1,4.1,4.08,2026-08-24 19:00:00,2026-08-24 20:00:00
2006,PC Portable,0.046,244.8,4.1,4.1,2026-08-24 20:00:00,2026-08-24 21:00:00
2006,PC Portable,0.046,245.5,4.1,4.08,2026-08-24 21:00:00,2026-08-24 22:00:00
2001,TV Salle à manger,0.042,243.5,1.3,0.02,2026-08-24 22:00:00,2026-08-24 23:00:00
2006,PC Portable,0.046,244.0,4.1,4.1,2026-08-24 22:00:00,2026-08-24 23:00:00
2005,Lampe Salle à manger,0.083,243.2,11.6,3.08,2026-08-24 23:00:00,2026-08-25 00:00:00
2006,PC Portable,0.046,244.1,4.1,4.08,2026-08-24 23:00:00,2026-08-25 00:00:00
2007,Lampe Cuisine,0.037,243.3,5.3,4.59,2026-08-24 23:00:00,2026-08-25 00:00:00
2008,Lampe Chambre,0.037,244.5,5.3,4.5,2026-08-24 23:00:00,2026-08-25 00:00:00
2005,Lampe Salle à manger,0.076,243.8,10.7,6.77,2026-08-25 00:00:00,2026-08-25 01:00:00
2006,PC Portable,0.071,244.5,7.3,7.29,2026-08-25 00:00:00,2026-08-25 01:00:00
2007,Lampe Cuisine,0.037,243.8,5.3,3.37,2026-08-25 00:00:00,2026-08-25 01:00:00
2008,Lampe Chambre,0.037,244.9,5.3,5.29,2026-08-25 00:00:00,2026-08-25 01:00:00
2001,TV Salle à manger,0.038,245.1,1.1,0.02,2026-08-25 01:00:00,2026-08-25 02:00:00
2006,PC Portable,0.075,244.8,7.7,7.73,2026-08-25 01:00:00,2026-08-25 02:00:00
2008,Lampe Chambre,0.037,245.2,5.3,5.13,2026-08-25 01:00:00,2026-08-25 02:00:00
2006,PC Portable,0.046,245.9,4.1,4.09,2026-08-25 02:00:00,2026-08-25 03:00:00
2006,PC Portable,0.046,246.3,4.1,4.08,2026-08-25 03:00:00,2026-08-25 04:00:00
2006,PC Portable,0.045,245.9,4.1,4.09,2026-08-25 04:00:00,2026-08-25 05:00:00
2006,PC Portable,0.046,245.9,4.1,4.08,2026-08-25 05:00:00,2026-08-25 06:00:00
2006,PC Portable,0.045,246.0,4.1,4.08,2026-08-25 06:00:00,2026-08-25 07:00:00
2007,Lampe Cuisine,0.039,244.8,5.2,0.7,2026-08-25 06:00:00,2026-08-25 07:00:00
2006,PC Portable,0.046,244.9,4.1,4.07,2026-08-25 07:00:00,2026-08-25 08:00:00
2007,Lampe Cuisine,0.038,244.4,5.4,2.68,2026-08-25 07:00:00,2026-08-25 08:00:00
2006,PC Portable,0.046,243.7,4.1,4.08,2026-08-25 08:00:00,2026-08-25 09:00:00
2006,PC Portable,0.046,242.2,4.1,4.08,2026-08-25 09:00:00,2026-08-25 10:00:00
2001,TV Salle à manger,0.04,244.5,1.1,0.02,2026-08-25 10:00:00,2026-08-25 11:00:00
2006,PC Portable,0.046,243.1,4.1,4.09,2026-08-25 10:00:00,2026-08-25 11:00:00
2006,PC Portable,0.046,243.3,4.1,4.08,2026-08-25 11:00:00,2026-08-25 12:00:00
2001,TV Salle à manger,0.051,242.9,1.4,0.02,2026-08-25 12:00:00,2026-08-25 13:00:00
2006,PC Portable,0.046,243.2,4.1,4.08,2026-08-25 12:00:00,2026-08-25 13:00:00
2006,PC Portable,0.047,242.7,4.1,4.08,2026-08-25 13:00:00,2026-08-25 14:00:00
2001,TV Salle à manger,0.034,242.0,1.0,0.02,2026-08-25 14:00:00,2026-08-25 15:00:00
2006,PC Portable,0.047,242.6,4.1,4.08,2026-08-25 14:00:00,2026-08-25 15:00:00
2006,PC Portable,0.046,242.5,4.1,4.09,2026-08-25 15:00:00,2026-08-25 16:00:00
2006,PC Portable,0.046,242.1,4.1,4.09,2026-08-25 16:00:00,2026-08-25 17:00:00
2001,TV Salle à manger,0.714,242.8,161.0,99.31,2026-08-25 17:00:00,2026-08-25 18:00:00
2002,Ecran,0.031,242.8,1.9,0.03,2026-08-25 17:00:00,2026-08-25 18:00:00
2006,PC Portable,0.105,242.8,11.5,11.49,2026-08-25 17:00:00,2026-08-25 18:00:00
2001,TV Salle à manger,0.715,242.7,160.9,136.78,2026-08-25 18:00:00,2026-08-25 19:00:00
2006,PC Portable,0.046,242.7,4.1,4.1,2026-08-25 18:00:00,2026-08-25 19:00:00
2001,TV Salle à manger,0.033,245.5,1.1,0.02,2026-08-25 19:00:00,2026-08-25 20:00:00
2006,PC Portable,0.046,243.1,4.1,4.09,2026-08-25 19:00:00,2026-08-25 20:00:00
2006,PC Portable,0.047,241.6,4.1,4.1,2026-08-25 20:00:00,2026-08-25 21:00:00
2006,PC Portable,0.046,242.5,4.1,4.09,2026-08-25 21:00:00,2026-08-25 22:00:00
2005,Lampe Salle à manger,0.084,243.8,11.5,3.26,2026-08-25 22:00:00,2026-08-25 23:00:00
2006,PC Portable,0.046,244.3,4.1,4.1,2026-08-25 22:00:00,2026-08-25 23:00:00
2001,TV Salle à manger,0.701,246.9,160.5,21.4,2026-08-25 23:00:00,2026-08-26 00:00:00
2005,Lampe Salle à manger,0.078,244.9,10.7,10.73,2026-08-25 23:00:00,2026-08-26 00:00:00
2006,PC Portable,0.046,245.8,4.1,4.1,2026-08-25 23:00:00,2026-08-26 00:00:00
2007,Lampe Cuisine,0.038,245.7,5.4,0.54,2026-08-25 23:00:00,2026-08-26 00:00:00
2001,TV Salle à manger,0.704,244.2,159.5,95.72,2026-08-26 00:00:00,2026-08-26 01:00:00
2005,Lampe Salle à manger,0.078,243.2,10.8,8.09,2026-08-26 00:00:00,2026-08-26 01:00:00
2006,PC Portable,0.046,244.0,4.1,4.09,2026-08-26 00:00:00,2026-08-26 01:00:00
2001,TV Salle à manger,0.043,244.8,1.3,0.02,2026-08-26 01:00:00,2026-08-26 02:00:00
2006,PC Portable,0.046,244.2,4.1,4.09,2026-08-26 01:00:00,2026-08-26 02:00:00
2006,PC Portable,0.046,244.9,4.1,4.08,2026-08-26 02:00:00,2026-08-26 03:00:00
2006,PC Portable,0.046,245.7,4.1,4.08,2026-08-26 03:00:00,2026-08-26 04:00:00
2001,TV Salle à manger,0.036,245.8,1.0,0.02,2026-08-26 04:00:00,2026-08-26 05:00:00
2006,PC Portable,0.046,245.6,4.1,4.08,2026-08-26 04:00:00,2026-08-26 05:00:00
2006,PC Portable,0.046,245.4,4.1,4.08,2026-08-26 05:00:00,2026-08-26 06:00:00
2005,Lampe Salle à manger,0.082,244.4,11.3,4.7,2026-08-26 06:00:00,2026-08-26 07:00:00
2006,PC Portable,0.046,245.3,4.1,4.08,2026-08-26 06:00:00,2026-08-26 07:00:00
2007,Lampe Cuisine,0.038,244.5,5.3,3.72,2026-08-26 06:00:00,2026-08-26 07:00:00
2008,Lampe Chambre,0.038,245.8,5.3,1.68,2026-08-26 06:00:00,2026-08-26 07:00:00
2006,PC Portable,0.046,244.2,4.1,4.09,2026-08-26 07:00:00,2026-08-26 08:00:00
2007,Lampe Cuisine,0.038,243.9,5.3,0.44,2026-08-26 07:00:00,2026-08-26 08:00:00
2006,PC Portable,0.046,242.9,4.1,4.08,2026-08-26 08:00:00,2026-08-26 09:00:00
2001,TV Salle à manger,0.047,242.8,1.4,0.02,2026-08-26 09:00:00,2026-08-26 10:00:00
2006,PC Portable,0.046,242.3,4.1,4.09,2026-08-26 09:00:00,2026-08-26 10:00:00
2006,PC Portable,0.046,242.3,4.1,4.08,2026-08-26 10:00:00,2026-08-26 11:00:00
2001,TV Salle à manger,0.043,244.6,1.3,0.02,2026-08-26 11:00:00,2026-08-26 12:00:00
2006,PC Portable,0.046,244.2,4.1,4.1,2026-08-26 11:00:00,2026-08-26 12:00:00
2006,PC Portable,0.046,243.7,4.1,4.09,2026-08-26 12:00:00,2026-08-26 13:00:00
2006,PC Portable,0.046,243.4,4.1,4.09,2026-08-26 13:00:00,2026-08-26 14:00:00
2001,TV Salle à manger,0.032,243.6,1.1,0.02,2026-08-26 14:00:00,2026-08-26 15:00:00
2006,PC Portable,0.047,243.2,4.1,4.09,2026-08-26 14:00:00,2026-08-26 15:00:00
2006,PC Portable,0.046,243.5,4.1,4.1,2026-08-26 15:00:00,2026-08-26 16:00:00
2006,PC Portable,0.065,243.4,6.4,6.42,2026-08-26 16:00:00,2026-08-26 17:00:00
2006,PC Portable,0.047,243.7,4.1,4.08,2026-08-26 17:00:00,2026-08-26 18:00:00
2006,PC Portable,0.046,242.8,4.1,4.09,2026-08-26 18:00:00,2026-08-26 19:00:00
2001,TV Salle à manger,0.037,243.5,1.1,0.04,2026-08-26 19:00:00,2026-08-26 20:00:00
2006,PC Portable,0.046,243.4,4.1,4.09,2026-08-26 19:00:00,2026-08-26 20:00:00
